"Населено място","Търговски обект","Наименование на продукта","Код на продукта","Категория","Цена на дребно","Цена в промоция"
"68134","0164 - Мосю Бриколаж - София - Бул. Цариградско шосе 115","LINDT ШОКОЛАДОВО МЕЧЕ 100ГР","000000000000958129","69","5.11",""
"68134","0164 - Мосю Бриколаж - София - Бул. Цариградско шосе 115","ВИНО INCANTO СИРА СИНГЪЛ ВИНЯРД 075Л","000000000001020077","76","10.22",""
"68134","0164 - Мосю Бриколаж - София - Бул. Цариградско шосе 115","ВИНО INCANTO МЕРЛО СИНГЪЛ ВИНЯРД 075Л","000000000001020078","76","10.22",""
"68134","0164 - Мосю Бриколаж - София - Бул. Цариградско шосе 115","ВИНО GREAT BULGARIA 075Л","000000000001020079","76","10.22",""
"68134","0164 - Мосю Бриколаж - София - Бул. Цариградско шосе 115","ВИНО EXCENTRIC ВИОНИЕ 075Л","000000000001020080","75","7.15",""
"68134","0164 - Мосю Бриколаж - София - Бул. Цариградско шосе 115","ВИНО EXCENTRIC VIPER 075Л","000000000001020101","75","7.15",""
"68134","0164 - Мосю Бриколаж - София - Бул. Цариградско шосе 115","ВИНО EXCENTRIC МАВРУД 075Л","000000000001020102","76","7.15",""
"68134","0164 - Мосю Бриколаж - София - Бул. Цариградско шосе 115","ВИНО EXCENTRIC РУБИН 075Л","000000000001020103","76","7.15",""
"68134","0164 - Мосю Бриколаж - София - Бул. Цариградско шосе 115","ВИНО A GOOD YEAR ШАРДОНЕ UNOAKED 075Л","000000000001020104","75","5.62",""
"68134","0164 - Мосю Бриколаж - София - Бул. Цариградско шосе 115","ВИНО A GOOD YEAR СОВИНЬОН БЛАН 075Л","000000000001020105","75","5.62",""
"68134","0164 - Мосю Бриколаж - София - Бул. Цариградско шосе 115","ВИНО A GOOD YEAR КАБЕРНЕ 075Л","000000000001020106","76","5.62",""
"68134","0164 - Мосю Бриколаж - София - Бул. Цариградско шосе 115","ВИНО A GOOD YEAR СИРА 075Л","000000000001020107","76","5.62",""
"68134","0164 - Мосю Бриколаж - София - Бул. Цариградско шосе 115","IQ КРОАСАН С ЛЕШНИКОВ КРЕМ И КАКАО 110Г","000000000001021882","67","1.02",""
"68134","0164 - Мосю Бриколаж - София - Бул. Цариградско шосе 115","IQ КРОАСАН С БОРОВИНКИ И НАР 110Г","000000000001021883","67","1.02",""
"68134","0164 - Мосю Бриколаж - София - Бул. Цариградско шосе 115","IQ КРОАСАН С КАКАО-ВАФЛЕН КРЕМ 110Г","000000000001021884","67","1.02",""
"68134","0164 - Мосю Бриколаж - София - Бул. Цариградско шосе 115","LINDT CLASSIC МЛЕЧЕН 100Г","000000000001023263","69","3.57",""
"68134","0164 - Мосю Бриколаж - София - Бул. Цариградско шосе 115","LINDT LINDOR МЛЕЧЕН 100Г","000000000001023264","69","3.57",""
"68134","0164 - Мосю Бриколаж - София - Бул. Цариградско шосе 115","ВИНО EXCENTRIC СОВИНЬОН БЛАН 075Л","000000000001024568","75","7.15",""
"68134","0164 - Мосю Бриколаж - София - Бул. Цариградско шосе 115","ВИНО A GOOD YEAR ТРАМИНЕР ПИНК 075Л","000000000001024619","75","5.62",""
"68134","0164 - Мосю Бриколаж - София - Бул. Цариградско шосе 115","ВИНО A GOOD YEAR МЕРЛО 075Л","000000000001028851","76","5.62",""
"68134","0164 - Мосю Бриколаж - София - Бул. Цариградско шосе 115","ВИНО A GOOD YEAR КЮВЕ 075Л","000000000001028852","76","5.62",""
"68134","0164 - Мосю Бриколаж - София - Бул. Цариградско шосе 115","FERRERO ROCHER МЛЕЧЕН 90Г","000000000001030579","69","3.06",""
"68134","0164 - Мосю Бриколаж - София - Бул. Цариградско шосе 115","ROSHEN АЕРО МЛЕЧЕН  ШОКОЛАД 80Г","000000000001034018","69","1.78",""
"68134","0164 - Мосю Бриколаж - София - Бул. Цариградско шосе 115","КИНДЕР СЮРПРИЗ XMAS МАКСИ 100Г","000000000001035533","69","6.13",""
"68134","0164 - Мосю Бриколаж - София - Бул. Цариградско шосе 115","КИНДЕР СЮРПРИЗ XMAS МАКСИ ЛЕЙДИ 100Г","000000000001035534","69","6.13",""
"68134","0164 - Мосю Бриколаж - София - Бул. Цариградско шосе 115","МОКРИ КЪРПИ BEBELAN АЛОЕ И ЛАЙКА","000000000001038692","84","1.84",""
"68134","0164 - Мосю Бриколаж - София - Бул. Цариградско шосе 115","МОКРИ КЪРПИ BEBELAN СМРАДЛИКА И ЛАЙКА","000000000001038693","84","1.84",""
"68134","0164 - Мосю Бриколаж - София - Бул. Цариградско шосе 115","PAFILYA ДЖОБНИ МОКРИ КЪРПИЧКИ 15БР","000000000001053963","84","0.51",""
"68134","0164 - Мосю Бриколаж - София - Бул. Цариградско шосе 115","PAFILYA МОКРИ КЪРПИ 120БР ЗЕХТИН","000000000001053972","84","1.53",""
"68134","0164 - Мосю Бриколаж - София - Бул. Цариградско шосе 115","PAFILYA МОКРИ КЪРПИ 120БР ЛАВАНДУЛА","000000000001053973","84","1.53",""
"68134","0164 - Мосю Бриколаж - София - Бул. Цариградско шосе 115","PAFILYA МОКРИ КЪРПИ 120БР ЛАЙКА","000000000001053974","84","1.53",""
"68134","0164 - Мосю Бриколаж - София - Бул. Цариградско шосе 115","ПРЕПАРАТ ЗА СЪДОВЕ ЛИМОН 0.400МЛ","000000000001055203","79","0.64",""
"68134","0164 - Мосю Бриколаж - София - Бул. Цариградско шосе 115","ПРЕПАРАТ ЗА СЪДОВЕ МЕД И МЛЯКО 0.400МЛ","000000000001055206","79","0.64",""
"68134","0164 - Мосю Бриколаж - София - Бул. Цариградско шосе 115","ПРЕПАРАТ ЗА СЪДОВЕ ЯБЪЛКА 0.400МЛ","000000000001055208","79","0.64",""
"68134","0164 - Мосю Бриколаж - София - Бул. Цариградско шосе 115","FIZZY КОЛЕДНО ШОКОЛАДОВО МЕЧЕ 100ГР","000000000001055503","69","2.81",""
"56784","0295 - Мосю Бриколаж - Пловдив - бул. 6 септември 223А","LINDT ШОКОЛАДОВО МЕЧЕ 100ГР","000000000000958129","69","5.11",""
"56784","0295 - Мосю Бриколаж - Пловдив - бул. 6 септември 223А","ВИНО INCANTO СИРА СИНГЪЛ ВИНЯРД 075Л","000000000001020077","76","10.22",""
"56784","0295 - Мосю Бриколаж - Пловдив - бул. 6 септември 223А","ВИНО INCANTO МЕРЛО СИНГЪЛ ВИНЯРД 075Л","000000000001020078","76","10.22",""
"56784","0295 - Мосю Бриколаж - Пловдив - бул. 6 септември 223А","ВИНО GREAT BULGARIA 075Л","000000000001020079","76","10.22",""
"56784","0295 - Мосю Бриколаж - Пловдив - бул. 6 септември 223А","ВИНО EXCENTRIC ВИОНИЕ 075Л","000000000001020080","75","7.15",""
"56784","0295 - Мосю Бриколаж - Пловдив - бул. 6 септември 223А","ВИНО EXCENTRIC VIPER 075Л","000000000001020101","75","7.15",""
"56784","0295 - Мосю Бриколаж - Пловдив - бул. 6 септември 223А","ВИНО EXCENTRIC МАВРУД 075Л","000000000001020102","76","7.15",""
"56784","0295 - Мосю Бриколаж - Пловдив - бул. 6 септември 223А","ВИНО EXCENTRIC РУБИН 075Л","000000000001020103","76","7.15",""
"56784","0295 - Мосю Бриколаж - Пловдив - бул. 6 септември 223А","ВИНО A GOOD YEAR ШАРДОНЕ UNOAKED 075Л","000000000001020104","75","5.62",""
"56784","0295 - Мосю Бриколаж - Пловдив - бул. 6 септември 223А","ВИНО A GOOD YEAR СОВИНЬОН БЛАН 075Л","000000000001020105","75","5.62",""
"56784","0295 - Мосю Бриколаж - Пловдив - бул. 6 септември 223А","ВИНО A GOOD YEAR КАБЕРНЕ 075Л","000000000001020106","76","5.62",""
"56784","0295 - Мосю Бриколаж - Пловдив - бул. 6 септември 223А","ВИНО A GOOD YEAR СИРА 075Л","000000000001020107","76","5.62",""
"56784","0295 - Мосю Бриколаж - Пловдив - бул. 6 септември 223А","IQ КРОАСАН С ЛЕШНИКОВ КРЕМ И КАКАО 110Г","000000000001021882","67","1.02",""
"56784","0295 - Мосю Бриколаж - Пловдив - бул. 6 септември 223А","IQ КРОАСАН С БОРОВИНКИ И НАР 110Г","000000000001021883","67","1.02",""
"56784","0295 - Мосю Бриколаж - Пловдив - бул. 6 септември 223А","IQ КРОАСАН С КАКАО-ВАФЛЕН КРЕМ 110Г","000000000001021884","67","1.02",""
"56784","0295 - Мосю Бриколаж - Пловдив - бул. 6 септември 223А","LINDT CLASSIC МЛЕЧЕН 100Г","000000000001023263","69","3.57",""
"56784","0295 - Мосю Бриколаж - Пловдив - бул. 6 септември 223А","LINDT LINDOR МЛЕЧЕН 100Г","000000000001023264","69","3.57",""
"56784","0295 - Мосю Бриколаж - Пловдив - бул. 6 септември 223А","ВИНО EXCENTRIC СОВИНЬОН БЛАН 075Л","000000000001024568","75","7.15",""
"56784","0295 - Мосю Бриколаж - Пловдив - бул. 6 септември 223А","ВИНО A GOOD YEAR ТРАМИНЕР ПИНК 075Л","000000000001024619","75","5.62",""
"56784","0295 - Мосю Бриколаж - Пловдив - бул. 6 септември 223А","ВИНО A GOOD YEAR МЕРЛО 075Л","000000000001028851","76","5.62",""
"56784","0295 - Мосю Бриколаж - Пловдив - бул. 6 септември 223А","ВИНО A GOOD YEAR КЮВЕ 075Л","000000000001028852","76","5.62",""
"56784","0295 - Мосю Бриколаж - Пловдив - бул. 6 септември 223А","FERRERO ROCHER МЛЕЧЕН 90Г","000000000001030579","69","3.06",""
"56784","0295 - Мосю Бриколаж - Пловдив - бул. 6 септември 223А","ROSHEN АЕРО МЛЕЧЕН  ШОКОЛАД 80Г","000000000001034018","69","1.78",""
"56784","0295 - Мосю Бриколаж - Пловдив - бул. 6 септември 223А","КИНДЕР СЮРПРИЗ XMAS МАКСИ 100Г","000000000001035533","69","6.13",""
"56784","0295 - Мосю Бриколаж - Пловдив - бул. 6 септември 223А","КИНДЕР СЮРПРИЗ XMAS МАКСИ ЛЕЙДИ 100Г","000000000001035534","69","6.13",""
"56784","0295 - Мосю Бриколаж - Пловдив - бул. 6 септември 223А","МОКРИ КЪРПИ BEBELAN АЛОЕ И ЛАЙКА","000000000001038692","84","1.84",""
"56784","0295 - Мосю Бриколаж - Пловдив - бул. 6 септември 223А","МОКРИ КЪРПИ BEBELAN СМРАДЛИКА И ЛАЙКА","000000000001038693","84","1.84",""
"56784","0295 - Мосю Бриколаж - Пловдив - бул. 6 септември 223А","PAFILYA ДЖОБНИ МОКРИ КЪРПИЧКИ 15БР","000000000001053963","84","0.51",""
"56784","0295 - Мосю Бриколаж - Пловдив - бул. 6 септември 223А","PAFILYA МОКРИ КЪРПИ 120БР ЗЕХТИН","000000000001053972","84","1.53",""
"56784","0295 - Мосю Бриколаж - Пловдив - бул. 6 септември 223А","PAFILYA МОКРИ КЪРПИ 120БР ЛАВАНДУЛА","000000000001053973","84","1.53",""
"56784","0295 - Мосю Бриколаж - Пловдив - бул. 6 септември 223А","PAFILYA МОКРИ КЪРПИ 120БР ЛАЙКА","000000000001053974","84","1.53",""
"56784","0295 - Мосю Бриколаж - Пловдив - бул. 6 септември 223А","ПРЕПАРАТ ЗА СЪДОВЕ ЛИМОН 0.400МЛ","000000000001055203","79","0.64",""
"56784","0295 - Мосю Бриколаж - Пловдив - бул. 6 септември 223А","ПРЕПАРАТ ЗА СЪДОВЕ МЕД И МЛЯКО 0.400МЛ","000000000001055206","79","0.64",""
"56784","0295 - Мосю Бриколаж - Пловдив - бул. 6 септември 223А","ПРЕПАРАТ ЗА СЪДОВЕ ЯБЪЛКА 0.400МЛ","000000000001055208","79","0.64",""
"56784","0295 - Мосю Бриколаж - Пловдив - бул. 6 септември 223А","FIZZY КОЛЕДНО ШОКОЛАДОВО МЕЧЕ 100ГР","000000000001055503","69","2.81",""
"55871","0330 - Мосю Бриколаж - Перник - ул.Юрий Гагарин №2А Ритейл парк Перник Плаза маг.15","LINDT ШОКОЛАДОВО МЕЧЕ 100ГР","000000000000958129","69","5.11",""
"55871","0330 - Мосю Бриколаж - Перник - ул.Юрий Гагарин №2А Ритейл парк Перник Плаза маг.15","ВИНО INCANTO СИРА СИНГЪЛ ВИНЯРД 075Л","000000000001020077","76","10.22",""
"55871","0330 - Мосю Бриколаж - Перник - ул.Юрий Гагарин №2А Ритейл парк Перник Плаза маг.15","ВИНО INCANTO МЕРЛО СИНГЪЛ ВИНЯРД 075Л","000000000001020078","76","10.22",""
"55871","0330 - Мосю Бриколаж - Перник - ул.Юрий Гагарин №2А Ритейл парк Перник Плаза маг.15","ВИНО GREAT BULGARIA 075Л","000000000001020079","76","10.22",""
"55871","0330 - Мосю Бриколаж - Перник - ул.Юрий Гагарин №2А Ритейл парк Перник Плаза маг.15","ВИНО EXCENTRIC ВИОНИЕ 075Л","000000000001020080","75","7.15",""
"55871","0330 - Мосю Бриколаж - Перник - ул.Юрий Гагарин №2А Ритейл парк Перник Плаза маг.15","ВИНО EXCENTRIC VIPER 075Л","000000000001020101","75","7.15",""
"55871","0330 - Мосю Бриколаж - Перник - ул.Юрий Гагарин №2А Ритейл парк Перник Плаза маг.15","ВИНО EXCENTRIC МАВРУД 075Л","000000000001020102","76","7.15",""
"55871","0330 - Мосю Бриколаж - Перник - ул.Юрий Гагарин №2А Ритейл парк Перник Плаза маг.15","ВИНО EXCENTRIC РУБИН 075Л","000000000001020103","76","7.15",""
"55871","0330 - Мосю Бриколаж - Перник - ул.Юрий Гагарин №2А Ритейл парк Перник Плаза маг.15","ВИНО A GOOD YEAR ШАРДОНЕ UNOAKED 075Л","000000000001020104","75","5.62",""
"55871","0330 - Мосю Бриколаж - Перник - ул.Юрий Гагарин №2А Ритейл парк Перник Плаза маг.15","ВИНО A GOOD YEAR СОВИНЬОН БЛАН 075Л","000000000001020105","75","5.62",""
"55871","0330 - Мосю Бриколаж - Перник - ул.Юрий Гагарин №2А Ритейл парк Перник Плаза маг.15","ВИНО A GOOD YEAR КАБЕРНЕ 075Л","000000000001020106","76","5.62",""
"55871","0330 - Мосю Бриколаж - Перник - ул.Юрий Гагарин №2А Ритейл парк Перник Плаза маг.15","ВИНО A GOOD YEAR СИРА 075Л","000000000001020107","76","5.62",""
"55871","0330 - Мосю Бриколаж - Перник - ул.Юрий Гагарин №2А Ритейл парк Перник Плаза маг.15","IQ КРОАСАН С ЛЕШНИКОВ КРЕМ И КАКАО 110Г","000000000001021882","67","1.02",""
"55871","0330 - Мосю Бриколаж - Перник - ул.Юрий Гагарин №2А Ритейл парк Перник Плаза маг.15","IQ КРОАСАН С БОРОВИНКИ И НАР 110Г","000000000001021883","67","1.02",""
"55871","0330 - Мосю Бриколаж - Перник - ул.Юрий Гагарин №2А Ритейл парк Перник Плаза маг.15","IQ КРОАСАН С КАКАО-ВАФЛЕН КРЕМ 110Г","000000000001021884","67","1.02",""
"55871","0330 - Мосю Бриколаж - Перник - ул.Юрий Гагарин №2А Ритейл парк Перник Плаза маг.15","LINDT CLASSIC МЛЕЧЕН 100Г","000000000001023263","69","3.57",""
"55871","0330 - Мосю Бриколаж - Перник - ул.Юрий Гагарин №2А Ритейл парк Перник Плаза маг.15","LINDT LINDOR МЛЕЧЕН 100Г","000000000001023264","69","3.57",""
"55871","0330 - Мосю Бриколаж - Перник - ул.Юрий Гагарин №2А Ритейл парк Перник Плаза маг.15","ВИНО EXCENTRIC СОВИНЬОН БЛАН 075Л","000000000001024568","75","7.15",""
"55871","0330 - Мосю Бриколаж - Перник - ул.Юрий Гагарин №2А Ритейл парк Перник Плаза маг.15","ВИНО A GOOD YEAR ТРАМИНЕР ПИНК 075Л","000000000001024619","75","5.62",""
"55871","0330 - Мосю Бриколаж - Перник - ул.Юрий Гагарин №2А Ритейл парк Перник Плаза маг.15","ВИНО A GOOD YEAR МЕРЛО 075Л","000000000001028851","76","5.62",""
"55871","0330 - Мосю Бриколаж - Перник - ул.Юрий Гагарин №2А Ритейл парк Перник Плаза маг.15","ВИНО A GOOD YEAR КЮВЕ 075Л","000000000001028852","76","5.62",""
"55871","0330 - Мосю Бриколаж - Перник - ул.Юрий Гагарин №2А Ритейл парк Перник Плаза маг.15","FERRERO ROCHER МЛЕЧЕН 90Г","000000000001030579","69","3.06",""
"55871","0330 - Мосю Бриколаж - Перник - ул.Юрий Гагарин №2А Ритейл парк Перник Плаза маг.15","ROSHEN АЕРО МЛЕЧЕН  ШОКОЛАД 80Г","000000000001034018","69","1.78",""
"55871","0330 - Мосю Бриколаж - Перник - ул.Юрий Гагарин №2А Ритейл парк Перник Плаза маг.15","КИНДЕР СЮРПРИЗ XMAS МАКСИ 100Г","000000000001035533","69","6.13",""
"55871","0330 - Мосю Бриколаж - Перник - ул.Юрий Гагарин №2А Ритейл парк Перник Плаза маг.15","КИНДЕР СЮРПРИЗ XMAS МАКСИ ЛЕЙДИ 100Г","000000000001035534","69","6.13",""
"55871","0330 - Мосю Бриколаж - Перник - ул.Юрий Гагарин №2А Ритейл парк Перник Плаза маг.15","МОКРИ КЪРПИ BEBELAN АЛОЕ И ЛАЙКА","000000000001038692","84","1.84",""
"55871","0330 - Мосю Бриколаж - Перник - ул.Юрий Гагарин №2А Ритейл парк Перник Плаза маг.15","МОКРИ КЪРПИ BEBELAN СМРАДЛИКА И ЛАЙКА","000000000001038693","84","1.84",""
"55871","0330 - Мосю Бриколаж - Перник - ул.Юрий Гагарин №2А Ритейл парк Перник Плаза маг.15","PAFILYA ДЖОБНИ МОКРИ КЪРПИЧКИ 15БР","000000000001053963","84","0.51",""
"55871","0330 - Мосю Бриколаж - Перник - ул.Юрий Гагарин №2А Ритейл парк Перник Плаза маг.15","PAFILYA МОКРИ КЪРПИ 120БР ЗЕХТИН","000000000001053972","84","1.53",""
"55871","0330 - Мосю Бриколаж - Перник - ул.Юрий Гагарин №2А Ритейл парк Перник Плаза маг.15","PAFILYA МОКРИ КЪРПИ 120БР ЛАВАНДУЛА","000000000001053973","84","1.53",""
"55871","0330 - Мосю Бриколаж - Перник - ул.Юрий Гагарин №2А Ритейл парк Перник Плаза маг.15","PAFILYA МОКРИ КЪРПИ 120БР ЛАЙКА","000000000001053974","84","1.53",""
"55871","0330 - Мосю Бриколаж - Перник - ул.Юрий Гагарин №2А Ритейл парк Перник Плаза маг.15","ПРЕПАРАТ ЗА СЪДОВЕ ЛИМОН 0.400МЛ","000000000001055203","79","0.64",""
"55871","0330 - Мосю Бриколаж - Перник - ул.Юрий Гагарин №2А Ритейл парк Перник Плаза маг.15","ПРЕПАРАТ ЗА СЪДОВЕ МЕД И МЛЯКО 0.400МЛ","000000000001055206","79","0.64",""
"55871","0330 - Мосю Бриколаж - Перник - ул.Юрий Гагарин №2А Ритейл парк Перник Плаза маг.15","ПРЕПАРАТ ЗА СЪДОВЕ ЯБЪЛКА 0.400МЛ","000000000001055208","79","0.64",""
"55871","0330 - Мосю Бриколаж - Перник - ул.Юрий Гагарин №2А Ритейл парк Перник Плаза маг.15","FIZZY КОЛЕДНО ШОКОЛАДОВО МЕЧЕ 100ГР","000000000001055503","69","2.81",""
"56722","0418 - Мосю Бриколаж - Плевен - ул. Асен Халачев №2","LINDT ШОКОЛАДОВО МЕЧЕ 100ГР","000000000000958129","69","5.11",""
"56722","0418 - Мосю Бриколаж - Плевен - ул. Асен Халачев №2","ВИНО INCANTO СИРА СИНГЪЛ ВИНЯРД 075Л","000000000001020077","76","10.22",""
"56722","0418 - Мосю Бриколаж - Плевен - ул. Асен Халачев №2","ВИНО INCANTO МЕРЛО СИНГЪЛ ВИНЯРД 075Л","000000000001020078","76","10.22",""
"56722","0418 - Мосю Бриколаж - Плевен - ул. Асен Халачев №2","ВИНО GREAT BULGARIA 075Л","000000000001020079","76","10.22",""
"56722","0418 - Мосю Бриколаж - Плевен - ул. Асен Халачев №2","ВИНО EXCENTRIC ВИОНИЕ 075Л","000000000001020080","75","7.15",""
"56722","0418 - Мосю Бриколаж - Плевен - ул. Асен Халачев №2","ВИНО EXCENTRIC VIPER 075Л","000000000001020101","75","7.15",""
"56722","0418 - Мосю Бриколаж - Плевен - ул. Асен Халачев №2","ВИНО EXCENTRIC МАВРУД 075Л","000000000001020102","76","7.15",""
"56722","0418 - Мосю Бриколаж - Плевен - ул. Асен Халачев №2","ВИНО EXCENTRIC РУБИН 075Л","000000000001020103","76","7.15",""
"56722","0418 - Мосю Бриколаж - Плевен - ул. Асен Халачев №2","ВИНО A GOOD YEAR ШАРДОНЕ UNOAKED 075Л","000000000001020104","75","5.62",""
"56722","0418 - Мосю Бриколаж - Плевен - ул. Асен Халачев №2","ВИНО A GOOD YEAR СОВИНЬОН БЛАН 075Л","000000000001020105","75","5.62",""
"56722","0418 - Мосю Бриколаж - Плевен - ул. Асен Халачев №2","ВИНО A GOOD YEAR КАБЕРНЕ 075Л","000000000001020106","76","5.62",""
"56722","0418 - Мосю Бриколаж - Плевен - ул. Асен Халачев №2","ВИНО A GOOD YEAR СИРА 075Л","000000000001020107","76","5.62",""
"56722","0418 - Мосю Бриколаж - Плевен - ул. Асен Халачев №2","IQ КРОАСАН С ЛЕШНИКОВ КРЕМ И КАКАО 110Г","000000000001021882","67","1.02",""
"56722","0418 - Мосю Бриколаж - Плевен - ул. Асен Халачев №2","IQ КРОАСАН С БОРОВИНКИ И НАР 110Г","000000000001021883","67","1.02",""
"56722","0418 - Мосю Бриколаж - Плевен - ул. Асен Халачев №2","IQ КРОАСАН С КАКАО-ВАФЛЕН КРЕМ 110Г","000000000001021884","67","1.02",""
"56722","0418 - Мосю Бриколаж - Плевен - ул. Асен Халачев №2","LINDT CLASSIC МЛЕЧЕН 100Г","000000000001023263","69","3.57",""
"56722","0418 - Мосю Бриколаж - Плевен - ул. Асен Халачев №2","LINDT LINDOR МЛЕЧЕН 100Г","000000000001023264","69","3.57",""
"56722","0418 - Мосю Бриколаж - Плевен - ул. Асен Халачев №2","ВИНО EXCENTRIC СОВИНЬОН БЛАН 075Л","000000000001024568","75","7.15",""
"56722","0418 - Мосю Бриколаж - Плевен - ул. Асен Халачев №2","ВИНО A GOOD YEAR ТРАМИНЕР ПИНК 075Л","000000000001024619","75","5.62",""
"56722","0418 - Мосю Бриколаж - Плевен - ул. Асен Халачев №2","ВИНО A GOOD YEAR МЕРЛО 075Л","000000000001028851","76","5.62",""
"56722","0418 - Мосю Бриколаж - Плевен - ул. Асен Халачев №2","ВИНО A GOOD YEAR КЮВЕ 075Л","000000000001028852","76","5.62",""
"56722","0418 - Мосю Бриколаж - Плевен - ул. Асен Халачев №2","FERRERO ROCHER МЛЕЧЕН 90Г","000000000001030579","69","3.06",""
"56722","0418 - Мосю Бриколаж - Плевен - ул. Асен Халачев №2","ROSHEN АЕРО МЛЕЧЕН  ШОКОЛАД 80Г","000000000001034018","69","1.78",""
"56722","0418 - Мосю Бриколаж - Плевен - ул. Асен Халачев №2","КИНДЕР СЮРПРИЗ XMAS МАКСИ 100Г","000000000001035533","69","6.13",""
"56722","0418 - Мосю Бриколаж - Плевен - ул. Асен Халачев №2","КИНДЕР СЮРПРИЗ XMAS МАКСИ ЛЕЙДИ 100Г","000000000001035534","69","6.13",""
"56722","0418 - Мосю Бриколаж - Плевен - ул. Асен Халачев №2","МОКРИ КЪРПИ BEBELAN АЛОЕ И ЛАЙКА","000000000001038692","84","1.84",""
"56722","0418 - Мосю Бриколаж - Плевен - ул. Асен Халачев №2","МОКРИ КЪРПИ BEBELAN СМРАДЛИКА И ЛАЙКА","000000000001038693","84","1.84",""
"56722","0418 - Мосю Бриколаж - Плевен - ул. Асен Халачев №2","PAFILYA ДЖОБНИ МОКРИ КЪРПИЧКИ 15БР","000000000001053963","84","0.51",""
"56722","0418 - Мосю Бриколаж - Плевен - ул. Асен Халачев №2","PAFILYA МОКРИ КЪРПИ 120БР ЗЕХТИН","000000000001053972","84","1.53",""
"56722","0418 - Мосю Бриколаж - Плевен - ул. Асен Халачев №2","PAFILYA МОКРИ КЪРПИ 120БР ЛАВАНДУЛА","000000000001053973","84","1.53",""
"56722","0418 - Мосю Бриколаж - Плевен - ул. Асен Халачев №2","PAFILYA МОКРИ КЪРПИ 120БР ЛАЙКА","000000000001053974","84","1.53",""
"56722","0418 - Мосю Бриколаж - Плевен - ул. Асен Халачев №2","ПРЕПАРАТ ЗА СЪДОВЕ ЛИМОН 0.400МЛ","000000000001055203","79","0.64",""
"56722","0418 - Мосю Бриколаж - Плевен - ул. Асен Халачев №2","ПРЕПАРАТ ЗА СЪДОВЕ МЕД И МЛЯКО 0.400МЛ","000000000001055206","79","0.64",""
"56722","0418 - Мосю Бриколаж - Плевен - ул. Асен Халачев №2","ПРЕПАРАТ ЗА СЪДОВЕ ЯБЪЛКА 0.400МЛ","000000000001055208","79","0.64",""
"56722","0418 - Мосю Бриколаж - Плевен - ул. Асен Халачев №2","FIZZY КОЛЕДНО ШОКОЛАДОВО МЕЧЕ 100ГР","000000000001055503","69","2.81",""
"68134","0473 - Мосю Бриколаж - София - бул. Европа №171","LINDT ШОКОЛАДОВО МЕЧЕ 100ГР","000000000000958129","69","5.11",""
"68134","0473 - Мосю Бриколаж - София - бул. Европа №171","ВИНО INCANTO СИРА СИНГЪЛ ВИНЯРД 075Л","000000000001020077","76","10.22",""
"68134","0473 - Мосю Бриколаж - София - бул. Европа №171","ВИНО INCANTO МЕРЛО СИНГЪЛ ВИНЯРД 075Л","000000000001020078","76","10.22",""
"68134","0473 - Мосю Бриколаж - София - бул. Европа №171","ВИНО GREAT BULGARIA 075Л","000000000001020079","76","10.22",""
"68134","0473 - Мосю Бриколаж - София - бул. Европа №171","ВИНО EXCENTRIC ВИОНИЕ 075Л","000000000001020080","75","7.15",""
"68134","0473 - Мосю Бриколаж - София - бул. Европа №171","ВИНО EXCENTRIC VIPER 075Л","000000000001020101","75","7.15",""
"68134","0473 - Мосю Бриколаж - София - бул. Европа №171","ВИНО EXCENTRIC МАВРУД 075Л","000000000001020102","76","7.15",""
"68134","0473 - Мосю Бриколаж - София - бул. Европа №171","ВИНО EXCENTRIC РУБИН 075Л","000000000001020103","76","7.15",""
"68134","0473 - Мосю Бриколаж - София - бул. Европа №171","ВИНО A GOOD YEAR ШАРДОНЕ UNOAKED 075Л","000000000001020104","75","5.62",""
"68134","0473 - Мосю Бриколаж - София - бул. Европа №171","ВИНО A GOOD YEAR СОВИНЬОН БЛАН 075Л","000000000001020105","75","5.62",""
"68134","0473 - Мосю Бриколаж - София - бул. Европа №171","ВИНО A GOOD YEAR КАБЕРНЕ 075Л","000000000001020106","76","5.62",""
"68134","0473 - Мосю Бриколаж - София - бул. Европа №171","ВИНО A GOOD YEAR СИРА 075Л","000000000001020107","76","5.62",""
"68134","0473 - Мосю Бриколаж - София - бул. Европа №171","IQ КРОАСАН С ЛЕШНИКОВ КРЕМ И КАКАО 110Г","000000000001021882","67","1.02",""
"68134","0473 - Мосю Бриколаж - София - бул. Европа №171","IQ КРОАСАН С БОРОВИНКИ И НАР 110Г","000000000001021883","67","1.02",""
"68134","0473 - Мосю Бриколаж - София - бул. Европа №171","IQ КРОАСАН С КАКАО-ВАФЛЕН КРЕМ 110Г","000000000001021884","67","1.02",""
"68134","0473 - Мосю Бриколаж - София - бул. Европа №171","LINDT CLASSIC МЛЕЧЕН 100Г","000000000001023263","69","3.57",""
"68134","0473 - Мосю Бриколаж - София - бул. Европа №171","LINDT LINDOR МЛЕЧЕН 100Г","000000000001023264","69","3.57",""
"68134","0473 - Мосю Бриколаж - София - бул. Европа №171","ВИНО EXCENTRIC СОВИНЬОН БЛАН 075Л","000000000001024568","75","7.15",""
"68134","0473 - Мосю Бриколаж - София - бул. Европа №171","ВИНО A GOOD YEAR ТРАМИНЕР ПИНК 075Л","000000000001024619","75","5.62",""
"68134","0473 - Мосю Бриколаж - София - бул. Европа №171","ВИНО A GOOD YEAR МЕРЛО 075Л","000000000001028851","76","5.62",""
"68134","0473 - Мосю Бриколаж - София - бул. Европа №171","ВИНО A GOOD YEAR КЮВЕ 075Л","000000000001028852","76","5.62",""
"68134","0473 - Мосю Бриколаж - София - бул. Европа №171","FERRERO ROCHER МЛЕЧЕН 90Г","000000000001030579","69","3.06",""
"68134","0473 - Мосю Бриколаж - София - бул. Европа №171","ROSHEN АЕРО МЛЕЧЕН  ШОКОЛАД 80Г","000000000001034018","69","1.78",""
"68134","0473 - Мосю Бриколаж - София - бул. Европа №171","КИНДЕР СЮРПРИЗ XMAS МАКСИ 100Г","000000000001035533","69","6.13",""
"68134","0473 - Мосю Бриколаж - София - бул. Европа №171","КИНДЕР СЮРПРИЗ XMAS МАКСИ ЛЕЙДИ 100Г","000000000001035534","69","6.13",""
"68134","0473 - Мосю Бриколаж - София - бул. Европа №171","МОКРИ КЪРПИ BEBELAN АЛОЕ И ЛАЙКА","000000000001038692","84","1.84",""
"68134","0473 - Мосю Бриколаж - София - бул. Европа №171","МОКРИ КЪРПИ BEBELAN СМРАДЛИКА И ЛАЙКА","000000000001038693","84","1.84",""
"68134","0473 - Мосю Бриколаж - София - бул. Европа №171","PAFILYA ДЖОБНИ МОКРИ КЪРПИЧКИ 15БР","000000000001053963","84","0.51",""
"68134","0473 - Мосю Бриколаж - София - бул. Европа №171","PAFILYA МОКРИ КЪРПИ 120БР ЗЕХТИН","000000000001053972","84","1.53",""
"68134","0473 - Мосю Бриколаж - София - бул. Европа №171","PAFILYA МОКРИ КЪРПИ 120БР ЛАВАНДУЛА","000000000001053973","84","1.53",""
"68134","0473 - Мосю Бриколаж - София - бул. Европа №171","PAFILYA МОКРИ КЪРПИ 120БР ЛАЙКА","000000000001053974","84","1.53",""
"68134","0473 - Мосю Бриколаж - София - бул. Европа №171","ПРЕПАРАТ ЗА СЪДОВЕ ЛИМОН 0.400МЛ","000000000001055203","79","0.64",""
"68134","0473 - Мосю Бриколаж - София - бул. Европа №171","ПРЕПАРАТ ЗА СЪДОВЕ МЕД И МЛЯКО 0.400МЛ","000000000001055206","79","0.64",""
"68134","0473 - Мосю Бриколаж - София - бул. Европа №171","ПРЕПАРАТ ЗА СЪДОВЕ ЯБЪЛКА 0.400МЛ","000000000001055208","79","0.64",""
"68134","0473 - Мосю Бриколаж - София - бул. Европа №171","FIZZY КОЛЕДНО ШОКОЛАДОВО МЕЧЕ 100ГР","000000000001055503","69","2.81",""
"77195","0500 - Мосю Бриколаж - Хасково - ул. Дунав 19А","LINDT ШОКОЛАДОВО МЕЧЕ 100ГР","000000000000958129","69","5.11",""
"77195","0500 - Мосю Бриколаж - Хасково - ул. Дунав 19А","ВИНО INCANTO СИРА СИНГЪЛ ВИНЯРД 075Л","000000000001020077","76","10.22",""
"77195","0500 - Мосю Бриколаж - Хасково - ул. Дунав 19А","ВИНО INCANTO МЕРЛО СИНГЪЛ ВИНЯРД 075Л","000000000001020078","76","10.22",""
"77195","0500 - Мосю Бриколаж - Хасково - ул. Дунав 19А","ВИНО GREAT BULGARIA 075Л","000000000001020079","76","10.22",""
"77195","0500 - Мосю Бриколаж - Хасково - ул. Дунав 19А","ВИНО EXCENTRIC ВИОНИЕ 075Л","000000000001020080","75","7.15",""
"77195","0500 - Мосю Бриколаж - Хасково - ул. Дунав 19А","ВИНО EXCENTRIC VIPER 075Л","000000000001020101","75","7.15",""
"77195","0500 - Мосю Бриколаж - Хасково - ул. Дунав 19А","ВИНО EXCENTRIC МАВРУД 075Л","000000000001020102","76","7.15",""
"77195","0500 - Мосю Бриколаж - Хасково - ул. Дунав 19А","ВИНО EXCENTRIC РУБИН 075Л","000000000001020103","76","7.15",""
"77195","0500 - Мосю Бриколаж - Хасково - ул. Дунав 19А","ВИНО A GOOD YEAR ШАРДОНЕ UNOAKED 075Л","000000000001020104","75","5.62",""
"77195","0500 - Мосю Бриколаж - Хасково - ул. Дунав 19А","ВИНО A GOOD YEAR СОВИНЬОН БЛАН 075Л","000000000001020105","75","5.62",""
"77195","0500 - Мосю Бриколаж - Хасково - ул. Дунав 19А","ВИНО A GOOD YEAR КАБЕРНЕ 075Л","000000000001020106","76","5.62",""
"77195","0500 - Мосю Бриколаж - Хасково - ул. Дунав 19А","ВИНО A GOOD YEAR СИРА 075Л","000000000001020107","76","5.62",""
"77195","0500 - Мосю Бриколаж - Хасково - ул. Дунав 19А","IQ КРОАСАН С ЛЕШНИКОВ КРЕМ И КАКАО 110Г","000000000001021882","67","1.02",""
"77195","0500 - Мосю Бриколаж - Хасково - ул. Дунав 19А","IQ КРОАСАН С БОРОВИНКИ И НАР 110Г","000000000001021883","67","1.02",""
"77195","0500 - Мосю Бриколаж - Хасково - ул. Дунав 19А","IQ КРОАСАН С КАКАО-ВАФЛЕН КРЕМ 110Г","000000000001021884","67","1.02",""
"77195","0500 - Мосю Бриколаж - Хасково - ул. Дунав 19А","LINDT CLASSIC МЛЕЧЕН 100Г","000000000001023263","69","3.57",""
"77195","0500 - Мосю Бриколаж - Хасково - ул. Дунав 19А","LINDT LINDOR МЛЕЧЕН 100Г","000000000001023264","69","3.57",""
"77195","0500 - Мосю Бриколаж - Хасково - ул. Дунав 19А","ВИНО EXCENTRIC СОВИНЬОН БЛАН 075Л","000000000001024568","75","7.15",""
"77195","0500 - Мосю Бриколаж - Хасково - ул. Дунав 19А","ВИНО A GOOD YEAR ТРАМИНЕР ПИНК 075Л","000000000001024619","75","5.62",""
"77195","0500 - Мосю Бриколаж - Хасково - ул. Дунав 19А","ВИНО A GOOD YEAR МЕРЛО 075Л","000000000001028851","76","5.62",""
"77195","0500 - Мосю Бриколаж - Хасково - ул. Дунав 19А","ВИНО A GOOD YEAR КЮВЕ 075Л","000000000001028852","76","5.62",""
"77195","0500 - Мосю Бриколаж - Хасково - ул. Дунав 19А","FERRERO ROCHER МЛЕЧЕН 90Г","000000000001030579","69","3.06",""
"77195","0500 - Мосю Бриколаж - Хасково - ул. Дунав 19А","ROSHEN АЕРО МЛЕЧЕН  ШОКОЛАД 80Г","000000000001034018","69","1.78",""
"77195","0500 - Мосю Бриколаж - Хасково - ул. Дунав 19А","КИНДЕР СЮРПРИЗ XMAS МАКСИ 100Г","000000000001035533","69","6.13",""
"77195","0500 - Мосю Бриколаж - Хасково - ул. Дунав 19А","КИНДЕР СЮРПРИЗ XMAS МАКСИ ЛЕЙДИ 100Г","000000000001035534","69","6.13",""
"77195","0500 - Мосю Бриколаж - Хасково - ул. Дунав 19А","МОКРИ КЪРПИ BEBELAN АЛОЕ И ЛАЙКА","000000000001038692","84","1.84",""
"77195","0500 - Мосю Бриколаж - Хасково - ул. Дунав 19А","МОКРИ КЪРПИ BEBELAN СМРАДЛИКА И ЛАЙКА","000000000001038693","84","1.84",""
"77195","0500 - Мосю Бриколаж - Хасково - ул. Дунав 19А","PAFILYA ДЖОБНИ МОКРИ КЪРПИЧКИ 15БР","000000000001053963","84","0.51",""
"77195","0500 - Мосю Бриколаж - Хасково - ул. Дунав 19А","PAFILYA МОКРИ КЪРПИ 120БР ЗЕХТИН","000000000001053972","84","1.53",""
"77195","0500 - Мосю Бриколаж - Хасково - ул. Дунав 19А","PAFILYA МОКРИ КЪРПИ 120БР ЛАВАНДУЛА","000000000001053973","84","1.53",""
"77195","0500 - Мосю Бриколаж - Хасково - ул. Дунав 19А","PAFILYA МОКРИ КЪРПИ 120БР ЛАЙКА","000000000001053974","84","1.53",""
"77195","0500 - Мосю Бриколаж - Хасково - ул. Дунав 19А","ПРЕПАРАТ ЗА СЪДОВЕ ЛИМОН 0.400МЛ","000000000001055203","79","0.64",""
"77195","0500 - Мосю Бриколаж - Хасково - ул. Дунав 19А","ПРЕПАРАТ ЗА СЪДОВЕ МЕД И МЛЯКО 0.400МЛ","000000000001055206","79","0.64",""
"77195","0500 - Мосю Бриколаж - Хасково - ул. Дунав 19А","ПРЕПАРАТ ЗА СЪДОВЕ ЯБЪЛКА 0.400МЛ","000000000001055208","79","0.64",""
"77195","0500 - Мосю Бриколаж - Хасково - ул. Дунав 19А","FIZZY КОЛЕДНО ШОКОЛАДОВО МЕЧЕ 100ГР","000000000001055503","69","2.81",""
"10135","0804 - Мосю Бриколаж - Варна - жк. Младост ул. Вяра №3","LINDT ШОКОЛАДОВО МЕЧЕ 100ГР","000000000000958129","69","5.11",""
"10135","0804 - Мосю Бриколаж - Варна - жк. Младост ул. Вяра №3","ВИНО INCANTO СИРА СИНГЪЛ ВИНЯРД 075Л","000000000001020077","76","10.22",""
"10135","0804 - Мосю Бриколаж - Варна - жк. Младост ул. Вяра №3","ВИНО INCANTO МЕРЛО СИНГЪЛ ВИНЯРД 075Л","000000000001020078","76","10.22",""
"10135","0804 - Мосю Бриколаж - Варна - жк. Младост ул. Вяра №3","ВИНО GREAT BULGARIA 075Л","000000000001020079","76","10.22",""
"10135","0804 - Мосю Бриколаж - Варна - жк. Младост ул. Вяра №3","ВИНО EXCENTRIC ВИОНИЕ 075Л","000000000001020080","75","7.15",""
"10135","0804 - Мосю Бриколаж - Варна - жк. Младост ул. Вяра №3","ВИНО EXCENTRIC VIPER 075Л","000000000001020101","75","7.15",""
"10135","0804 - Мосю Бриколаж - Варна - жк. Младост ул. Вяра №3","ВИНО EXCENTRIC МАВРУД 075Л","000000000001020102","76","7.15",""
"10135","0804 - Мосю Бриколаж - Варна - жк. Младост ул. Вяра №3","ВИНО EXCENTRIC РУБИН 075Л","000000000001020103","76","7.15",""
"10135","0804 - Мосю Бриколаж - Варна - жк. Младост ул. Вяра №3","ВИНО A GOOD YEAR ШАРДОНЕ UNOAKED 075Л","000000000001020104","75","5.62",""
"10135","0804 - Мосю Бриколаж - Варна - жк. Младост ул. Вяра №3","ВИНО A GOOD YEAR СОВИНЬОН БЛАН 075Л","000000000001020105","75","5.62",""
"10135","0804 - Мосю Бриколаж - Варна - жк. Младост ул. Вяра №3","ВИНО A GOOD YEAR КАБЕРНЕ 075Л","000000000001020106","76","5.62",""
"10135","0804 - Мосю Бриколаж - Варна - жк. Младост ул. Вяра №3","ВИНО A GOOD YEAR СИРА 075Л","000000000001020107","76","5.62",""
"10135","0804 - Мосю Бриколаж - Варна - жк. Младост ул. Вяра №3","IQ КРОАСАН С ЛЕШНИКОВ КРЕМ И КАКАО 110Г","000000000001021882","67","1.02",""
"10135","0804 - Мосю Бриколаж - Варна - жк. Младост ул. Вяра №3","IQ КРОАСАН С БОРОВИНКИ И НАР 110Г","000000000001021883","67","1.02",""
"10135","0804 - Мосю Бриколаж - Варна - жк. Младост ул. Вяра №3","IQ КРОАСАН С КАКАО-ВАФЛЕН КРЕМ 110Г","000000000001021884","67","1.02",""
"10135","0804 - Мосю Бриколаж - Варна - жк. Младост ул. Вяра №3","LINDT CLASSIC МЛЕЧЕН 100Г","000000000001023263","69","3.57",""
"10135","0804 - Мосю Бриколаж - Варна - жк. Младост ул. Вяра №3","LINDT LINDOR МЛЕЧЕН 100Г","000000000001023264","69","3.57",""
"10135","0804 - Мосю Бриколаж - Варна - жк. Младост ул. Вяра №3","ВИНО EXCENTRIC СОВИНЬОН БЛАН 075Л","000000000001024568","75","7.15",""
"10135","0804 - Мосю Бриколаж - Варна - жк. Младост ул. Вяра №3","ВИНО A GOOD YEAR ТРАМИНЕР ПИНК 075Л","000000000001024619","75","5.62",""
"10135","0804 - Мосю Бриколаж - Варна - жк. Младост ул. Вяра №3","ВИНО A GOOD YEAR МЕРЛО 075Л","000000000001028851","76","5.62",""
"10135","0804 - Мосю Бриколаж - Варна - жк. Младост ул. Вяра №3","ВИНО A GOOD YEAR КЮВЕ 075Л","000000000001028852","76","5.62",""
"10135","0804 - Мосю Бриколаж - Варна - жк. Младост ул. Вяра №3","FERRERO ROCHER МЛЕЧЕН 90Г","000000000001030579","69","3.06",""
"10135","0804 - Мосю Бриколаж - Варна - жк. Младост ул. Вяра №3","ROSHEN АЕРО МЛЕЧЕН  ШОКОЛАД 80Г","000000000001034018","69","1.78",""
"10135","0804 - Мосю Бриколаж - Варна - жк. Младост ул. Вяра №3","КИНДЕР СЮРПРИЗ XMAS МАКСИ 100Г","000000000001035533","69","6.13",""
"10135","0804 - Мосю Бриколаж - Варна - жк. Младост ул. Вяра №3","КИНДЕР СЮРПРИЗ XMAS МАКСИ ЛЕЙДИ 100Г","000000000001035534","69","6.13",""
"10135","0804 - Мосю Бриколаж - Варна - жк. Младост ул. Вяра №3","МОКРИ КЪРПИ BEBELAN АЛОЕ И ЛАЙКА","000000000001038692","84","1.84",""
"10135","0804 - Мосю Бриколаж - Варна - жк. Младост ул. Вяра №3","МОКРИ КЪРПИ BEBELAN СМРАДЛИКА И ЛАЙКА","000000000001038693","84","1.84",""
"10135","0804 - Мосю Бриколаж - Варна - жк. Младост ул. Вяра №3","PAFILYA ДЖОБНИ МОКРИ КЪРПИЧКИ 15БР","000000000001053963","84","0.51",""
"10135","0804 - Мосю Бриколаж - Варна - жк. Младост ул. Вяра №3","PAFILYA МОКРИ КЪРПИ 120БР ЗЕХТИН","000000000001053972","84","1.53",""
"10135","0804 - Мосю Бриколаж - Варна - жк. Младост ул. Вяра №3","PAFILYA МОКРИ КЪРПИ 120БР ЛАВАНДУЛА","000000000001053973","84","1.53",""
"10135","0804 - Мосю Бриколаж - Варна - жк. Младост ул. Вяра №3","PAFILYA МОКРИ КЪРПИ 120БР ЛАЙКА","000000000001053974","84","1.53",""
"10135","0804 - Мосю Бриколаж - Варна - жк. Младост ул. Вяра №3","ПРЕПАРАТ ЗА СЪДОВЕ ЛИМОН 0.400МЛ","000000000001055203","79","0.64",""
"10135","0804 - Мосю Бриколаж - Варна - жк. Младост ул. Вяра №3","ПРЕПАРАТ ЗА СЪДОВЕ МЕД И МЛЯКО 0.400МЛ","000000000001055206","79","0.64",""
"10135","0804 - Мосю Бриколаж - Варна - жк. Младост ул. Вяра №3","ПРЕПАРАТ ЗА СЪДОВЕ ЯБЪЛКА 0.400МЛ","000000000001055208","79","0.64",""
"10135","0804 - Мосю Бриколаж - Варна - жк. Младост ул. Вяра №3","FIZZY КОЛЕДНО ШОКОЛАДОВО МЕЧЕ 100ГР","000000000001055503","69","2.81",""
"68134","0811 - Мосю Бриколаж - София - ул. Околовръстен път №214","LINDT ШОКОЛАДОВО МЕЧЕ 100ГР","000000000000958129","69","5.11",""
"68134","0811 - Мосю Бриколаж - София - ул. Околовръстен път №214","ВИНО INCANTO СИРА СИНГЪЛ ВИНЯРД 075Л","000000000001020077","76","10.22",""
"68134","0811 - Мосю Бриколаж - София - ул. Околовръстен път №214","ВИНО INCANTO МЕРЛО СИНГЪЛ ВИНЯРД 075Л","000000000001020078","76","10.22",""
"68134","0811 - Мосю Бриколаж - София - ул. Околовръстен път №214","ВИНО GREAT BULGARIA 075Л","000000000001020079","76","10.22",""
"68134","0811 - Мосю Бриколаж - София - ул. Околовръстен път №214","ВИНО EXCENTRIC ВИОНИЕ 075Л","000000000001020080","75","7.15",""
"68134","0811 - Мосю Бриколаж - София - ул. Околовръстен път №214","ВИНО EXCENTRIC VIPER 075Л","000000000001020101","75","7.15",""
"68134","0811 - Мосю Бриколаж - София - ул. Околовръстен път №214","ВИНО EXCENTRIC МАВРУД 075Л","000000000001020102","76","7.15",""
"68134","0811 - Мосю Бриколаж - София - ул. Околовръстен път №214","ВИНО EXCENTRIC РУБИН 075Л","000000000001020103","76","7.15",""
"68134","0811 - Мосю Бриколаж - София - ул. Околовръстен път №214","ВИНО A GOOD YEAR ШАРДОНЕ UNOAKED 075Л","000000000001020104","75","5.62",""
"68134","0811 - Мосю Бриколаж - София - ул. Околовръстен път №214","ВИНО A GOOD YEAR СОВИНЬОН БЛАН 075Л","000000000001020105","75","5.62",""
"68134","0811 - Мосю Бриколаж - София - ул. Околовръстен път №214","ВИНО A GOOD YEAR КАБЕРНЕ 075Л","000000000001020106","76","5.62",""
"68134","0811 - Мосю Бриколаж - София - ул. Околовръстен път №214","ВИНО A GOOD YEAR СИРА 075Л","000000000001020107","76","5.62",""
"68134","0811 - Мосю Бриколаж - София - ул. Околовръстен път №214","IQ КРОАСАН С ЛЕШНИКОВ КРЕМ И КАКАО 110Г","000000000001021882","67","1.02",""
"68134","0811 - Мосю Бриколаж - София - ул. Околовръстен път №214","IQ КРОАСАН С БОРОВИНКИ И НАР 110Г","000000000001021883","67","1.02",""
"68134","0811 - Мосю Бриколаж - София - ул. Околовръстен път №214","IQ КРОАСАН С КАКАО-ВАФЛЕН КРЕМ 110Г","000000000001021884","67","1.02",""
"68134","0811 - Мосю Бриколаж - София - ул. Околовръстен път №214","LINDT CLASSIC МЛЕЧЕН 100Г","000000000001023263","69","3.57",""
"68134","0811 - Мосю Бриколаж - София - ул. Околовръстен път №214","LINDT LINDOR МЛЕЧЕН 100Г","000000000001023264","69","3.57",""
"68134","0811 - Мосю Бриколаж - София - ул. Околовръстен път №214","ВИНО EXCENTRIC СОВИНЬОН БЛАН 075Л","000000000001024568","75","7.15",""
"68134","0811 - Мосю Бриколаж - София - ул. Околовръстен път №214","ВИНО A GOOD YEAR ТРАМИНЕР ПИНК 075Л","000000000001024619","75","5.62",""
"68134","0811 - Мосю Бриколаж - София - ул. Околовръстен път №214","ВИНО A GOOD YEAR МЕРЛО 075Л","000000000001028851","76","5.62",""
"68134","0811 - Мосю Бриколаж - София - ул. Околовръстен път №214","ВИНО A GOOD YEAR КЮВЕ 075Л","000000000001028852","76","5.62",""
"68134","0811 - Мосю Бриколаж - София - ул. Околовръстен път №214","FERRERO ROCHER МЛЕЧЕН 90Г","000000000001030579","69","3.06",""
"68134","0811 - Мосю Бриколаж - София - ул. Околовръстен път №214","ROSHEN АЕРО МЛЕЧЕН  ШОКОЛАД 80Г","000000000001034018","69","1.78",""
"68134","0811 - Мосю Бриколаж - София - ул. Околовръстен път №214","КИНДЕР СЮРПРИЗ XMAS МАКСИ 100Г","000000000001035533","69","6.13",""
"68134","0811 - Мосю Бриколаж - София - ул. Околовръстен път №214","КИНДЕР СЮРПРИЗ XMAS МАКСИ ЛЕЙДИ 100Г","000000000001035534","69","6.13",""
"68134","0811 - Мосю Бриколаж - София - ул. Околовръстен път №214","МОКРИ КЪРПИ BEBELAN АЛОЕ И ЛАЙКА","000000000001038692","84","1.84",""
"68134","0811 - Мосю Бриколаж - София - ул. Околовръстен път №214","МОКРИ КЪРПИ BEBELAN СМРАДЛИКА И ЛАЙКА","000000000001038693","84","1.84",""
"68134","0811 - Мосю Бриколаж - София - ул. Околовръстен път №214","PAFILYA ДЖОБНИ МОКРИ КЪРПИЧКИ 15БР","000000000001053963","84","0.51",""
"68134","0811 - Мосю Бриколаж - София - ул. Околовръстен път №214","PAFILYA МОКРИ КЪРПИ 120БР ЗЕХТИН","000000000001053972","84","1.53",""
"68134","0811 - Мосю Бриколаж - София - ул. Околовръстен път №214","PAFILYA МОКРИ КЪРПИ 120БР ЛАВАНДУЛА","000000000001053973","84","1.53",""
"68134","0811 - Мосю Бриколаж - София - ул. Околовръстен път №214","PAFILYA МОКРИ КЪРПИ 120БР ЛАЙКА","000000000001053974","84","1.53",""
"68134","0811 - Мосю Бриколаж - София - ул. Околовръстен път №214","ПРЕПАРАТ ЗА СЪДОВЕ ЛИМОН 0.400МЛ","000000000001055203","79","0.64",""
"68134","0811 - Мосю Бриколаж - София - ул. Околовръстен път №214","ПРЕПАРАТ ЗА СЪДОВЕ МЕД И МЛЯКО 0.400МЛ","000000000001055206","79","0.64",""
"68134","0811 - Мосю Бриколаж - София - ул. Околовръстен път №214","ПРЕПАРАТ ЗА СЪДОВЕ ЯБЪЛКА 0.400МЛ","000000000001055208","79","0.64",""
"68134","0811 - Мосю Бриколаж - София - ул. Околовръстен път №214","FIZZY КОЛЕДНО ШОКОЛАДОВО МЕЧЕ 100ГР","000000000001055503","69","2.81",""
"04279","0843 - Мосю Бриколаж - Благоевград - жк. Струмско ул. Яне Сандански 1","LINDT ШОКОЛАДОВО МЕЧЕ 100ГР","000000000000958129","69","5.11",""
"04279","0843 - Мосю Бриколаж - Благоевград - жк. Струмско ул. Яне Сандански 1","ВИНО INCANTO СИРА СИНГЪЛ ВИНЯРД 075Л","000000000001020077","76","10.22",""
"04279","0843 - Мосю Бриколаж - Благоевград - жк. Струмско ул. Яне Сандански 1","ВИНО INCANTO МЕРЛО СИНГЪЛ ВИНЯРД 075Л","000000000001020078","76","10.22",""
"04279","0843 - Мосю Бриколаж - Благоевград - жк. Струмско ул. Яне Сандански 1","ВИНО GREAT BULGARIA 075Л","000000000001020079","76","10.22",""
"04279","0843 - Мосю Бриколаж - Благоевград - жк. Струмско ул. Яне Сандански 1","ВИНО EXCENTRIC ВИОНИЕ 075Л","000000000001020080","75","7.15",""
"04279","0843 - Мосю Бриколаж - Благоевград - жк. Струмско ул. Яне Сандански 1","ВИНО EXCENTRIC VIPER 075Л","000000000001020101","75","7.15",""
"04279","0843 - Мосю Бриколаж - Благоевград - жк. Струмско ул. Яне Сандански 1","ВИНО EXCENTRIC МАВРУД 075Л","000000000001020102","76","7.15",""
"04279","0843 - Мосю Бриколаж - Благоевград - жк. Струмско ул. Яне Сандански 1","ВИНО EXCENTRIC РУБИН 075Л","000000000001020103","76","7.15",""
"04279","0843 - Мосю Бриколаж - Благоевград - жк. Струмско ул. Яне Сандански 1","ВИНО A GOOD YEAR ШАРДОНЕ UNOAKED 075Л","000000000001020104","75","5.62",""
"04279","0843 - Мосю Бриколаж - Благоевград - жк. Струмско ул. Яне Сандански 1","ВИНО A GOOD YEAR СОВИНЬОН БЛАН 075Л","000000000001020105","75","5.62",""
"04279","0843 - Мосю Бриколаж - Благоевград - жк. Струмско ул. Яне Сандански 1","ВИНО A GOOD YEAR КАБЕРНЕ 075Л","000000000001020106","76","5.62",""
"04279","0843 - Мосю Бриколаж - Благоевград - жк. Струмско ул. Яне Сандански 1","ВИНО A GOOD YEAR СИРА 075Л","000000000001020107","76","5.62",""
"04279","0843 - Мосю Бриколаж - Благоевград - жк. Струмско ул. Яне Сандански 1","IQ КРОАСАН С ЛЕШНИКОВ КРЕМ И КАКАО 110Г","000000000001021882","67","1.02",""
"04279","0843 - Мосю Бриколаж - Благоевград - жк. Струмско ул. Яне Сандански 1","IQ КРОАСАН С БОРОВИНКИ И НАР 110Г","000000000001021883","67","1.02",""
"04279","0843 - Мосю Бриколаж - Благоевград - жк. Струмско ул. Яне Сандански 1","IQ КРОАСАН С КАКАО-ВАФЛЕН КРЕМ 110Г","000000000001021884","67","1.02",""
"04279","0843 - Мосю Бриколаж - Благоевград - жк. Струмско ул. Яне Сандански 1","LINDT CLASSIC МЛЕЧЕН 100Г","000000000001023263","69","3.57",""
"04279","0843 - Мосю Бриколаж - Благоевград - жк. Струмско ул. Яне Сандански 1","LINDT LINDOR МЛЕЧЕН 100Г","000000000001023264","69","3.57",""
"04279","0843 - Мосю Бриколаж - Благоевград - жк. Струмско ул. Яне Сандански 1","ВИНО EXCENTRIC СОВИНЬОН БЛАН 075Л","000000000001024568","75","7.15",""
"04279","0843 - Мосю Бриколаж - Благоевград - жк. Струмско ул. Яне Сандански 1","ВИНО A GOOD YEAR ТРАМИНЕР ПИНК 075Л","000000000001024619","75","5.62",""
"04279","0843 - Мосю Бриколаж - Благоевград - жк. Струмско ул. Яне Сандански 1","ВИНО A GOOD YEAR МЕРЛО 075Л","000000000001028851","76","5.62",""
"04279","0843 - Мосю Бриколаж - Благоевград - жк. Струмско ул. Яне Сандански 1","ВИНО A GOOD YEAR КЮВЕ 075Л","000000000001028852","76","5.62",""
"04279","0843 - Мосю Бриколаж - Благоевград - жк. Струмско ул. Яне Сандански 1","FERRERO ROCHER МЛЕЧЕН 90Г","000000000001030579","69","3.06",""
"04279","0843 - Мосю Бриколаж - Благоевград - жк. Струмско ул. Яне Сандански 1","ROSHEN АЕРО МЛЕЧЕН  ШОКОЛАД 80Г","000000000001034018","69","1.78",""
"04279","0843 - Мосю Бриколаж - Благоевград - жк. Струмско ул. Яне Сандански 1","КИНДЕР СЮРПРИЗ XMAS МАКСИ 100Г","000000000001035533","69","6.13",""
"04279","0843 - Мосю Бриколаж - Благоевград - жк. Струмско ул. Яне Сандански 1","КИНДЕР СЮРПРИЗ XMAS МАКСИ ЛЕЙДИ 100Г","000000000001035534","69","6.13",""
"04279","0843 - Мосю Бриколаж - Благоевград - жк. Струмско ул. Яне Сандански 1","МОКРИ КЪРПИ BEBELAN АЛОЕ И ЛАЙКА","000000000001038692","84","1.84",""
"04279","0843 - Мосю Бриколаж - Благоевград - жк. Струмско ул. Яне Сандански 1","МОКРИ КЪРПИ BEBELAN СМРАДЛИКА И ЛАЙКА","000000000001038693","84","1.84",""
"04279","0843 - Мосю Бриколаж - Благоевград - жк. Струмско ул. Яне Сандански 1","PAFILYA ДЖОБНИ МОКРИ КЪРПИЧКИ 15БР","000000000001053963","84","0.51",""
"04279","0843 - Мосю Бриколаж - Благоевград - жк. Струмско ул. Яне Сандански 1","PAFILYA МОКРИ КЪРПИ 120БР ЗЕХТИН","000000000001053972","84","1.53",""
"04279","0843 - Мосю Бриколаж - Благоевград - жк. Струмско ул. Яне Сандански 1","PAFILYA МОКРИ КЪРПИ 120БР ЛАВАНДУЛА","000000000001053973","84","1.53",""
"04279","0843 - Мосю Бриколаж - Благоевград - жк. Струмско ул. Яне Сандански 1","PAFILYA МОКРИ КЪРПИ 120БР ЛАЙКА","000000000001053974","84","1.53",""
"04279","0843 - Мосю Бриколаж - Благоевград - жк. Струмско ул. Яне Сандански 1","ПРЕПАРАТ ЗА СЪДОВЕ ЛИМОН 0.400МЛ","000000000001055203","79","0.64",""
"04279","0843 - Мосю Бриколаж - Благоевград - жк. Струмско ул. Яне Сандански 1","ПРЕПАРАТ ЗА СЪДОВЕ МЕД И МЛЯКО 0.400МЛ","000000000001055206","79","0.64",""
"04279","0843 - Мосю Бриколаж - Благоевград - жк. Струмско ул. Яне Сандански 1","ПРЕПАРАТ ЗА СЪДОВЕ ЯБЪЛКА 0.400МЛ","000000000001055208","79","0.64",""
"04279","0843 - Мосю Бриколаж - Благоевград - жк. Струмско ул. Яне Сандански 1","FIZZY КОЛЕДНО ШОКОЛАДОВО МЕЧЕ 100ГР","000000000001055503","69","2.81",""
"63427","0846 - Мосю Бриколаж - Русе - бул. Липник №2","LINDT ШОКОЛАДОВО МЕЧЕ 100ГР","000000000000958129","69","5.11",""
"63427","0846 - Мосю Бриколаж - Русе - бул. Липник №2","ВИНО INCANTO СИРА СИНГЪЛ ВИНЯРД 075Л","000000000001020077","76","10.22",""
"63427","0846 - Мосю Бриколаж - Русе - бул. Липник №2","ВИНО INCANTO МЕРЛО СИНГЪЛ ВИНЯРД 075Л","000000000001020078","76","10.22",""
"63427","0846 - Мосю Бриколаж - Русе - бул. Липник №2","ВИНО GREAT BULGARIA 075Л","000000000001020079","76","10.22",""
"63427","0846 - Мосю Бриколаж - Русе - бул. Липник №2","ВИНО EXCENTRIC ВИОНИЕ 075Л","000000000001020080","75","7.15",""
"63427","0846 - Мосю Бриколаж - Русе - бул. Липник №2","ВИНО EXCENTRIC VIPER 075Л","000000000001020101","75","7.15",""
"63427","0846 - Мосю Бриколаж - Русе - бул. Липник №2","ВИНО EXCENTRIC МАВРУД 075Л","000000000001020102","76","7.15",""
"63427","0846 - Мосю Бриколаж - Русе - бул. Липник №2","ВИНО EXCENTRIC РУБИН 075Л","000000000001020103","76","7.15",""
"63427","0846 - Мосю Бриколаж - Русе - бул. Липник №2","ВИНО A GOOD YEAR ШАРДОНЕ UNOAKED 075Л","000000000001020104","75","5.62",""
"63427","0846 - Мосю Бриколаж - Русе - бул. Липник №2","ВИНО A GOOD YEAR СОВИНЬОН БЛАН 075Л","000000000001020105","75","5.62",""
"63427","0846 - Мосю Бриколаж - Русе - бул. Липник №2","ВИНО A GOOD YEAR КАБЕРНЕ 075Л","000000000001020106","76","5.62",""
"63427","0846 - Мосю Бриколаж - Русе - бул. Липник №2","ВИНО A GOOD YEAR СИРА 075Л","000000000001020107","76","5.62",""
"63427","0846 - Мосю Бриколаж - Русе - бул. Липник №2","IQ КРОАСАН С ЛЕШНИКОВ КРЕМ И КАКАО 110Г","000000000001021882","67","1.02",""
"63427","0846 - Мосю Бриколаж - Русе - бул. Липник №2","IQ КРОАСАН С БОРОВИНКИ И НАР 110Г","000000000001021883","67","1.02",""
"63427","0846 - Мосю Бриколаж - Русе - бул. Липник №2","IQ КРОАСАН С КАКАО-ВАФЛЕН КРЕМ 110Г","000000000001021884","67","1.02",""
"63427","0846 - Мосю Бриколаж - Русе - бул. Липник №2","LINDT CLASSIC МЛЕЧЕН 100Г","000000000001023263","69","3.57",""
"63427","0846 - Мосю Бриколаж - Русе - бул. Липник №2","LINDT LINDOR МЛЕЧЕН 100Г","000000000001023264","69","3.57",""
"63427","0846 - Мосю Бриколаж - Русе - бул. Липник №2","ВИНО EXCENTRIC СОВИНЬОН БЛАН 075Л","000000000001024568","75","7.15",""
"63427","0846 - Мосю Бриколаж - Русе - бул. Липник №2","ВИНО A GOOD YEAR ТРАМИНЕР ПИНК 075Л","000000000001024619","75","5.62",""
"63427","0846 - Мосю Бриколаж - Русе - бул. Липник №2","ВИНО A GOOD YEAR МЕРЛО 075Л","000000000001028851","76","5.62",""
"63427","0846 - Мосю Бриколаж - Русе - бул. Липник №2","ВИНО A GOOD YEAR КЮВЕ 075Л","000000000001028852","76","5.62",""
"63427","0846 - Мосю Бриколаж - Русе - бул. Липник №2","FERRERO ROCHER МЛЕЧЕН 90Г","000000000001030579","69","3.06",""
"63427","0846 - Мосю Бриколаж - Русе - бул. Липник №2","ROSHEN АЕРО МЛЕЧЕН  ШОКОЛАД 80Г","000000000001034018","69","1.78",""
"63427","0846 - Мосю Бриколаж - Русе - бул. Липник №2","КИНДЕР СЮРПРИЗ XMAS МАКСИ 100Г","000000000001035533","69","6.13",""
"63427","0846 - Мосю Бриколаж - Русе - бул. Липник №2","КИНДЕР СЮРПРИЗ XMAS МАКСИ ЛЕЙДИ 100Г","000000000001035534","69","6.13",""
"63427","0846 - Мосю Бриколаж - Русе - бул. Липник №2","МОКРИ КЪРПИ BEBELAN АЛОЕ И ЛАЙКА","000000000001038692","84","1.84",""
"63427","0846 - Мосю Бриколаж - Русе - бул. Липник №2","МОКРИ КЪРПИ BEBELAN СМРАДЛИКА И ЛАЙКА","000000000001038693","84","1.84",""
"63427","0846 - Мосю Бриколаж - Русе - бул. Липник №2","PAFILYA ДЖОБНИ МОКРИ КЪРПИЧКИ 15БР","000000000001053963","84","0.51",""
"63427","0846 - Мосю Бриколаж - Русе - бул. Липник №2","PAFILYA МОКРИ КЪРПИ 120БР ЗЕХТИН","000000000001053972","84","1.53",""
"63427","0846 - Мосю Бриколаж - Русе - бул. Липник №2","PAFILYA МОКРИ КЪРПИ 120БР ЛАВАНДУЛА","000000000001053973","84","1.53",""
"63427","0846 - Мосю Бриколаж - Русе - бул. Липник №2","PAFILYA МОКРИ КЪРПИ 120БР ЛАЙКА","000000000001053974","84","1.53",""
"63427","0846 - Мосю Бриколаж - Русе - бул. Липник №2","ПРЕПАРАТ ЗА СЪДОВЕ ЛИМОН 0.400МЛ","000000000001055203","79","0.64",""
"63427","0846 - Мосю Бриколаж - Русе - бул. Липник №2","ПРЕПАРАТ ЗА СЪДОВЕ МЕД И МЛЯКО 0.400МЛ","000000000001055206","79","0.64",""
"63427","0846 - Мосю Бриколаж - Русе - бул. Липник №2","ПРЕПАРАТ ЗА СЪДОВЕ ЯБЪЛКА 0.400МЛ","000000000001055208","79","0.64",""
"63427","0846 - Мосю Бриколаж - Русе - бул. Липник №2","FIZZY КОЛЕДНО ШОКОЛАДОВО МЕЧЕ 100ГР","000000000001055503","69","2.81",""
"07079","0870 - Мосю Бриколаж - Бургас - ул. Търговска №2","LINDT ШОКОЛАДОВО МЕЧЕ 100ГР","000000000000958129","69","5.11",""
"07079","0870 - Мосю Бриколаж - Бургас - ул. Търговска №2","ВИНО INCANTO СИРА СИНГЪЛ ВИНЯРД 075Л","000000000001020077","76","10.22",""
"07079","0870 - Мосю Бриколаж - Бургас - ул. Търговска №2","ВИНО INCANTO МЕРЛО СИНГЪЛ ВИНЯРД 075Л","000000000001020078","76","10.22",""
"07079","0870 - Мосю Бриколаж - Бургас - ул. Търговска №2","ВИНО GREAT BULGARIA 075Л","000000000001020079","76","10.22",""
"07079","0870 - Мосю Бриколаж - Бургас - ул. Търговска №2","ВИНО EXCENTRIC ВИОНИЕ 075Л","000000000001020080","75","7.15",""
"07079","0870 - Мосю Бриколаж - Бургас - ул. Търговска №2","ВИНО EXCENTRIC VIPER 075Л","000000000001020101","75","7.15",""
"07079","0870 - Мосю Бриколаж - Бургас - ул. Търговска №2","ВИНО EXCENTRIC МАВРУД 075Л","000000000001020102","76","7.15",""
"07079","0870 - Мосю Бриколаж - Бургас - ул. Търговска №2","ВИНО EXCENTRIC РУБИН 075Л","000000000001020103","76","7.15",""
"07079","0870 - Мосю Бриколаж - Бургас - ул. Търговска №2","ВИНО A GOOD YEAR ШАРДОНЕ UNOAKED 075Л","000000000001020104","75","5.62",""
"07079","0870 - Мосю Бриколаж - Бургас - ул. Търговска №2","ВИНО A GOOD YEAR СОВИНЬОН БЛАН 075Л","000000000001020105","75","5.62",""
"07079","0870 - Мосю Бриколаж - Бургас - ул. Търговска №2","ВИНО A GOOD YEAR КАБЕРНЕ 075Л","000000000001020106","76","5.62",""
"07079","0870 - Мосю Бриколаж - Бургас - ул. Търговска №2","ВИНО A GOOD YEAR СИРА 075Л","000000000001020107","76","5.62",""
"07079","0870 - Мосю Бриколаж - Бургас - ул. Търговска №2","IQ КРОАСАН С ЛЕШНИКОВ КРЕМ И КАКАО 110Г","000000000001021882","67","1.02",""
"07079","0870 - Мосю Бриколаж - Бургас - ул. Търговска №2","IQ КРОАСАН С БОРОВИНКИ И НАР 110Г","000000000001021883","67","1.02",""
"07079","0870 - Мосю Бриколаж - Бургас - ул. Търговска №2","IQ КРОАСАН С КАКАО-ВАФЛЕН КРЕМ 110Г","000000000001021884","67","1.02",""
"07079","0870 - Мосю Бриколаж - Бургас - ул. Търговска №2","LINDT CLASSIC МЛЕЧЕН 100Г","000000000001023263","69","3.57",""
"07079","0870 - Мосю Бриколаж - Бургас - ул. Търговска №2","LINDT LINDOR МЛЕЧЕН 100Г","000000000001023264","69","3.57",""
"07079","0870 - Мосю Бриколаж - Бургас - ул. Търговска №2","ВИНО EXCENTRIC СОВИНЬОН БЛАН 075Л","000000000001024568","75","7.15",""
"07079","0870 - Мосю Бриколаж - Бургас - ул. Търговска №2","ВИНО A GOOD YEAR ТРАМИНЕР ПИНК 075Л","000000000001024619","75","5.62",""
"07079","0870 - Мосю Бриколаж - Бургас - ул. Търговска №2","ВИНО A GOOD YEAR МЕРЛО 075Л","000000000001028851","76","5.62",""
"07079","0870 - Мосю Бриколаж - Бургас - ул. Търговска №2","ВИНО A GOOD YEAR КЮВЕ 075Л","000000000001028852","76","5.62",""
"07079","0870 - Мосю Бриколаж - Бургас - ул. Търговска №2","FERRERO ROCHER МЛЕЧЕН 90Г","000000000001030579","69","3.06",""
"07079","0870 - Мосю Бриколаж - Бургас - ул. Търговска №2","ROSHEN АЕРО МЛЕЧЕН  ШОКОЛАД 80Г","000000000001034018","69","1.78",""
"07079","0870 - Мосю Бриколаж - Бургас - ул. Търговска №2","КИНДЕР СЮРПРИЗ XMAS МАКСИ 100Г","000000000001035533","69","6.13",""
"07079","0870 - Мосю Бриколаж - Бургас - ул. Търговска №2","КИНДЕР СЮРПРИЗ XMAS МАКСИ ЛЕЙДИ 100Г","000000000001035534","69","6.13",""
"07079","0870 - Мосю Бриколаж - Бургас - ул. Търговска №2","МОКРИ КЪРПИ BEBELAN АЛОЕ И ЛАЙКА","000000000001038692","84","1.84",""
"07079","0870 - Мосю Бриколаж - Бургас - ул. Търговска №2","МОКРИ КЪРПИ BEBELAN СМРАДЛИКА И ЛАЙКА","000000000001038693","84","1.84",""
"07079","0870 - Мосю Бриколаж - Бургас - ул. Търговска №2","PAFILYA ДЖОБНИ МОКРИ КЪРПИЧКИ 15БР","000000000001053963","84","0.51",""
"07079","0870 - Мосю Бриколаж - Бургас - ул. Търговска №2","PAFILYA МОКРИ КЪРПИ 120БР ЗЕХТИН","000000000001053972","84","1.53",""
"07079","0870 - Мосю Бриколаж - Бургас - ул. Търговска №2","PAFILYA МОКРИ КЪРПИ 120БР ЛАВАНДУЛА","000000000001053973","84","1.53",""
"07079","0870 - Мосю Бриколаж - Бургас - ул. Търговска №2","PAFILYA МОКРИ КЪРПИ 120БР ЛАЙКА","000000000001053974","84","1.53",""
"07079","0870 - Мосю Бриколаж - Бургас - ул. Търговска №2","ПРЕПАРАТ ЗА СЪДОВЕ ЛИМОН 0.400МЛ","000000000001055203","79","0.64",""
"07079","0870 - Мосю Бриколаж - Бургас - ул. Търговска №2","ПРЕПАРАТ ЗА СЪДОВЕ МЕД И МЛЯКО 0.400МЛ","000000000001055206","79","0.64",""
"07079","0870 - Мосю Бриколаж - Бургас - ул. Търговска №2","ПРЕПАРАТ ЗА СЪДОВЕ ЯБЪЛКА 0.400МЛ","000000000001055208","79","0.64",""
"07079","0870 - Мосю Бриколаж - Бургас - ул. Търговска №2","FIZZY КОЛЕДНО ШОКОЛАДОВО МЕЧЕ 100ГР","000000000001055503","69","2.81",""
"21542","0919 - Мосю Бриколаж - Добрич - Околовръстен път №56","LINDT ШОКОЛАДОВО МЕЧЕ 100ГР","000000000000958129","69","5.11",""
"21542","0919 - Мосю Бриколаж - Добрич - Околовръстен път №56","ВИНО INCANTO СИРА СИНГЪЛ ВИНЯРД 075Л","000000000001020077","76","10.22",""
"21542","0919 - Мосю Бриколаж - Добрич - Околовръстен път №56","ВИНО INCANTO МЕРЛО СИНГЪЛ ВИНЯРД 075Л","000000000001020078","76","10.22",""
"21542","0919 - Мосю Бриколаж - Добрич - Околовръстен път №56","ВИНО GREAT BULGARIA 075Л","000000000001020079","76","10.22",""
"21542","0919 - Мосю Бриколаж - Добрич - Околовръстен път №56","ВИНО EXCENTRIC ВИОНИЕ 075Л","000000000001020080","75","7.15",""
"21542","0919 - Мосю Бриколаж - Добрич - Околовръстен път №56","ВИНО EXCENTRIC VIPER 075Л","000000000001020101","75","7.15",""
"21542","0919 - Мосю Бриколаж - Добрич - Околовръстен път №56","ВИНО EXCENTRIC МАВРУД 075Л","000000000001020102","76","7.15",""
"21542","0919 - Мосю Бриколаж - Добрич - Околовръстен път №56","ВИНО EXCENTRIC РУБИН 075Л","000000000001020103","76","7.15",""
"21542","0919 - Мосю Бриколаж - Добрич - Околовръстен път №56","ВИНО A GOOD YEAR ШАРДОНЕ UNOAKED 075Л","000000000001020104","75","5.62",""
"21542","0919 - Мосю Бриколаж - Добрич - Околовръстен път №56","ВИНО A GOOD YEAR СОВИНЬОН БЛАН 075Л","000000000001020105","75","5.62",""
"21542","0919 - Мосю Бриколаж - Добрич - Околовръстен път №56","ВИНО A GOOD YEAR КАБЕРНЕ 075Л","000000000001020106","76","5.62",""
"21542","0919 - Мосю Бриколаж - Добрич - Околовръстен път №56","ВИНО A GOOD YEAR СИРА 075Л","000000000001020107","76","5.62",""
"21542","0919 - Мосю Бриколаж - Добрич - Околовръстен път №56","IQ КРОАСАН С ЛЕШНИКОВ КРЕМ И КАКАО 110Г","000000000001021882","67","1.02",""
"21542","0919 - Мосю Бриколаж - Добрич - Околовръстен път №56","IQ КРОАСАН С БОРОВИНКИ И НАР 110Г","000000000001021883","67","1.02",""
"21542","0919 - Мосю Бриколаж - Добрич - Околовръстен път №56","IQ КРОАСАН С КАКАО-ВАФЛЕН КРЕМ 110Г","000000000001021884","67","1.02",""
"21542","0919 - Мосю Бриколаж - Добрич - Околовръстен път №56","LINDT CLASSIC МЛЕЧЕН 100Г","000000000001023263","69","3.57",""
"21542","0919 - Мосю Бриколаж - Добрич - Околовръстен път №56","LINDT LINDOR МЛЕЧЕН 100Г","000000000001023264","69","3.57",""
"21542","0919 - Мосю Бриколаж - Добрич - Околовръстен път №56","ВИНО EXCENTRIC СОВИНЬОН БЛАН 075Л","000000000001024568","75","7.15",""
"21542","0919 - Мосю Бриколаж - Добрич - Околовръстен път №56","ВИНО A GOOD YEAR ТРАМИНЕР ПИНК 075Л","000000000001024619","75","5.62",""
"21542","0919 - Мосю Бриколаж - Добрич - Околовръстен път №56","ВИНО A GOOD YEAR МЕРЛО 075Л","000000000001028851","76","5.62",""
"21542","0919 - Мосю Бриколаж - Добрич - Околовръстен път №56","ВИНО A GOOD YEAR КЮВЕ 075Л","000000000001028852","76","5.62",""
"21542","0919 - Мосю Бриколаж - Добрич - Околовръстен път №56","FERRERO ROCHER МЛЕЧЕН 90Г","000000000001030579","69","3.06",""
"21542","0919 - Мосю Бриколаж - Добрич - Околовръстен път №56","ROSHEN АЕРО МЛЕЧЕН  ШОКОЛАД 80Г","000000000001034018","69","1.78",""
"21542","0919 - Мосю Бриколаж - Добрич - Околовръстен път №56","КИНДЕР СЮРПРИЗ XMAS МАКСИ 100Г","000000000001035533","69","6.13",""
"21542","0919 - Мосю Бриколаж - Добрич - Околовръстен път №56","КИНДЕР СЮРПРИЗ XMAS МАКСИ ЛЕЙДИ 100Г","000000000001035534","69","6.13",""
"21542","0919 - Мосю Бриколаж - Добрич - Околовръстен път №56","МОКРИ КЪРПИ BEBELAN АЛОЕ И ЛАЙКА","000000000001038692","84","1.84",""
"21542","0919 - Мосю Бриколаж - Добрич - Околовръстен път №56","МОКРИ КЪРПИ BEBELAN СМРАДЛИКА И ЛАЙКА","000000000001038693","84","1.84",""
"21542","0919 - Мосю Бриколаж - Добрич - Околовръстен път №56","PAFILYA ДЖОБНИ МОКРИ КЪРПИЧКИ 15БР","000000000001053963","84","0.51",""
"21542","0919 - Мосю Бриколаж - Добрич - Околовръстен път №56","PAFILYA МОКРИ КЪРПИ 120БР ЗЕХТИН","000000000001053972","84","1.53",""
"21542","0919 - Мосю Бриколаж - Добрич - Околовръстен път №56","PAFILYA МОКРИ КЪРПИ 120БР ЛАВАНДУЛА","000000000001053973","84","1.53",""
"21542","0919 - Мосю Бриколаж - Добрич - Околовръстен път №56","PAFILYA МОКРИ КЪРПИ 120БР ЛАЙКА","000000000001053974","84","1.53",""
"21542","0919 - Мосю Бриколаж - Добрич - Околовръстен път №56","ПРЕПАРАТ ЗА СЪДОВЕ ЛИМОН 0.400МЛ","000000000001055203","79","0.64",""
"21542","0919 - Мосю Бриколаж - Добрич - Околовръстен път №56","ПРЕПАРАТ ЗА СЪДОВЕ МЕД И МЛЯКО 0.400МЛ","000000000001055206","79","0.64",""
"21542","0919 - Мосю Бриколаж - Добрич - Околовръстен път №56","ПРЕПАРАТ ЗА СЪДОВЕ ЯБЪЛКА 0.400МЛ","000000000001055208","79","0.64",""
"21542","0919 - Мосю Бриколаж - Добрич - Околовръстен път №56","FIZZY КОЛЕДНО ШОКОЛАДОВО МЕЧЕ 100ГР","000000000001055503","69","2.81",""
