"Населено място","Търговски обект","Наименование на продукта","Код на продукта","Категория","Цена на дребно","Цена в промоция"
"68134","Вира","СЕПТОЛЕТЕ TOTAL ЛИМОН паст. 3мг/1мг. х 16бр.","50608","98","5.47","5.47"
"68134","Вира","НИЗОРАЛ шампоан 2% 100мл.","51313","90","14.47","14.47"
"68134","Вира","АВАМИС наз.спрей 120 дози","28035","97","14.42","14.42"
"68134","Вира","ЗИРТЕК табл. 10мг. х 20бр.","3327","100","9.56","9.56"
"68134","Вира","ДЕКСОФЕН табл. 25мг. х 10бр.","18270","94","3.27","3.27"
"68134","Вира","БРОНХОСТОП пастили х 20бр.","35862","99","7.06","7.06"
"68134","Вира","МУКОСОЛВАН табл. 30мг. х 20бр.","1957","99","5.32","5.32"
"68134","Вира","ДУЛКОЛАКС табл. 5мг. х 30бр.","941","88","6.08","6.08"
"68134","Вира","ЕКЗОДЕРИЛ крем 1% 30гр.","42816","90","10.02","10.02"
"68134","Вира","МИКОДЕФЕН 8% лак за нокти 6,6мл.","49561","90","15.59","15.59"
"68134","Вира","АНГАЛ ЛИМОН табл. х 24бр.","45482","98","6.6","6.6"
"68134","Вира","ГАРДАЗИЛ 9 шпр.амп.0.5мл.+ 2игли","53172","93","138.46","138.46"
"68134","Вира","ОРОФАР МЕНТА табл. х24бр.","54117","98","5.73","5.73"
"68134","Вира","ДИКЛАК табл. 150мг. х 50бр.","34390","94","9.77","9.77"
"68134","Вира","ЛАВАНДУЛОВ СПИРТ 1000мл.","4367","92","7.15","7.15"
"68134","Вира","КСИЛОРИН спрей 0.05% 18мл.","17546","97","5.22","5.22"
"68134","Вира","ОТОФИКС капки за уши 15мл.","55259","101","3.83","3.83"
"68134","Вира","ДЕСИБЕЛ сир. 2.5/5мл. 150мл.","38946","100","3.99","3.99"
"68134","Вира","ЕКСПЕКТОРАНС №5 сир. 90мл.","20452","99","5.06","5.06"
"68134","Вира","БИОПРАЗОЛ капс. 20мг. х 14бр.","371","86","3.99","3.99"
"68134","Вира","КСИЗАЛ сол. 5мг./мл. 20мл.","25433","100","5.78","5.78"
"68134","Вира","КОСТАРОКС табл. 90мг. х 14бр.","46833","94","11.76","11.76"
"68134","Вира","БРОМХЕКСИН амп. 2мг./мл. 2мл. х 10бр.","26164","99","8.37","8.37"
"68134","Вира","ДУФАЛАК сир. 200мл.","948","88","6.14","6.14"
"68134","Вира","ДОЛОКСИБ табл. 120мг. х 7бр.","44955","94","5.11","5.11"
"68134","Вира","АСПИРИН+C табл. х 20бр.","243","96","6.95","6.95"
"68134","Вира","ДИКЛОФЕНАК ЧАЙКАФАРМА табл. 50мг. х 30бр.","20521","94","1.6400000000000001","1.6400000000000001"
"68134","Вира","ТРАКТУС сашети 600мг. х10бр.","53704","99","6.29","6.29"
"68134","Вира","ЕКЗОТЕРБИН лак за нокти 3.3мл.","54098","90","18.15","18.15"
"68134","Вира","АРОЛАКСЕН капс. х 30бр.","47861","88","6.65","6.65"
"68134","Вира","ЕФЕСТАД табл. 5мг. х 10бр.","36332","100","1.48","1.48"
"68134","Вира","АЦЦ 200 саш. 200мг. х 20бр.","15","99","6.9","6.9"
"68134","Вира","ФЛЕКСИСТАД табл. 400мг. х 20бр.","27432","94","4.4","4.4"
"68134","Вира","АЛЕРГОЗАН крем 1% 18гр.","98","91","4.6","4.6"
"68134","Вира","ДИКЛОФЛЕКС гел 5% 50г.","48184","95","4.86","4.86"
"68134","Вира","КИСЛОРОДНА ВОДА 3% 100мл.","20065","92","0.77","0.77"
"68134","Вира","АНАЛГИН сол. 500мг/мл. х 20мл.","36935","96","3.43","3.43"
"68134","Вира","ЛАНСОПРОЛ капс. 15мг. х 28бр.","22292","86","5.11","5.11"
"68134","Вира","АСПИРИН ПРОТЕКТ табл. 100мг. х 40бр.","16886","96","3.2","3.2"
"68134","Вира","СТРЕПСИЛС ПЛЮС табл. x 16бр.","13201","98","5.73","5.73"
"68134","Вира","КИСЛОРОДНА ВОДА 30% 100мл.","25478","92","1.94","1.94"
"68134","Вира","СПАЗМОМЕН табл. х 30бр.","27636","87","10.99","10.99"
"68134","Вира","ДЕКСИНАЛ табл. 25мг. х 10бр.","50012","94","3.22","3.22"
"68134","Вира","ДИКЛОФЛЕКС амп.25мг/мл.3мл. х10бр.","54091","94","4.35","4.35"
"68134","Вира","ЖИВАСЕПТ S ТЕЧНОСТ за ръце дезинф.с помпа 85мл./СИН/","55150","92","1.33","1.33"
"68134","Вира","ПАНАКТИВ BABY супоз. 125мг. х 5бр.","50760","96","2.86","2.86"
"68134","Вира","НУРОФЕН ЕКСПРЕС ФОРТЕ КОМПАКТ 400мг.х 20бр.","55233","94","11.15","11.15"
"68134","Вира","БРОНХИКУМ сир. 130гр.","13638","99","6.85","6.85"
"68134","Вира","АНЕСТЕЗОЛ 100мл.","20072","91","1.53","1.53"
"68134","Вира","АТРОПИН амп. 1мг./мл. 1мл. х 10бр.","24545","87","5.64","5.64"
"68134","Вира","ОКЛИС 400 мг. сашета х 10 бр.","51591","94","6.03","6.03"
"68134","Вира","НУРОФЕН сир. ЯГОДА 100мг./5мл. 100мл.","17095","94","4.76","4.76"
"68134","Вира","БУСКОЛИЗИН табл. 10мг. х 30бр.","54414","87","4.24","4.24"
"68134","Вира","ПАРАЦЕТАМОЛ ЕКОФАРМ табл. 500мг. х 20бр.","38889","96","1.12","1.12"
"68134","Вира","ИМОДИУМ ИНСТАНТ табл. 2мг. х 6бр.","38692","89","4.04","4.04"
"68134","Вира","БРАУНОЛ сол. 7.5гр/100мл. 100мл. х 20бр.","50304","92","68.92","68.92"
"68134","Вира","ЕРИУС табл. 5мг. х 30бр.","33046","100","5.55","5.55"
"68134","Вира","НОЛПАЗА табл. 40мг. х 30бр.","40539","86","3.63","3.63"
"68134","Вира","ПРОБИТОР капс. 20мг. x 30бр.","33483","86","8.64","8.64"
"68134","Вира","КАМФОРОВ СПИРТ 10% 100мл.","24894","92","1.38","1.38"
"68134","Вира","РОТИКОКС табл. 60мг. х 14бр.","44587","94","6.24","6.24"
"68134","Вира","НАЗИК спрей 0.05% деца 10мл.","31525","97","5.01","5.01"
"68134","Вира","ФЛАВАМЕД сир. 15мг./5мл. 100мл.","25725","99","3.96","3.96"
"68134","Вира","ПАНАКТИВ ФОРТЕ сусп.200мг./5мл. 40мл.","52714","94","2.9699999999999997","2.9699999999999997"
"68134","Вира","НУРОФЕН табл. 200мг. х 12бр.","17807","94","3.63","3.63"
"68134","Вира","КСИЛОМЕТАЗОЛИН сол. 0.05% 10мл.","3258","97","2.3","2.3"
"68134","Вира","САЛИЦИЛОВ СПИРТ 1% 100мл.","24635","92","0.92","0.92"
"68134","Вира","ВОЛТАРЕН ЕМУЛГЕЛ гел 1% 100гр.","27655","95","9.92","9.92"
"68134","Вира","ФЕРВЕКС суп. 300мг. х 10бр.","54801","96","3.86","3.86"
"68134","Вира","ОЛИНТ DUO назален спрей х 10мл.","54447","97","6.34","6.34"
"68134","Вира","ДИМЕКС сир. 125мл.","872","100","5.11","5.11"
"68134","Вира","СТРЕПСИЛС ИНТЕНЗИВ МЕД и ЕВКАЛИПТ без захар тбл.х16бр.","54998","98","5.83","5.83"
"68134","Вира","АЦЦ АКУТ 600 саш. 600мг. х 10бр.","18230","99","8.59","8.59"
"68134","Вира","ЛОРАТАДИН УНИФАРМ табл. 10мг. х 30бр.","14505","100","8.08","8.08"
"68134","Вира","БУСКОЛИЗИН амп. 20мг./мл. 1мл. х 10бр.","26114","87","7.66","7.66"
"68134","Вира","МУКОСОЛВАН РЕТАРД капс. 75мг. х 10бр.","36961","99","7.36","7.36"
"68134","Вира","ПАРАТРАМОЛ табл. 37,5мг / 325мг. х 10бр.","36650","96","2.15","2.15"
"68134","Вира","КСИЗАЛ табл. 5мг. х 7бр. БЕСТА МЕД","53360","100","4.29","4.29"
"68134","Вира","ХЮМЕКСГРИП 12табл. + 4капс.","23260","96","5.37","5.37"
"68134","Вира","ВИБРОЦИЛ спрей 15мл.","3182","97","7.16","7.16"
"68134","Вира","НИСТАТИН табл. 500мг. х 20бр.","2123","89","9.46","9.46"
"68134","Вира","КОСТАРОКС табл. 120мг. х 7бр.","45328","94","7.87","7.87"
"68134","Вира","ОКЛИС 400 мг. сашета х 20 бр.","49293","94","10.48","10.48"
"68134","Вира","СПАЗМАЛГОН амп. 2мл. х 5бр.","24839","87","3.4699999999999997","3.4699999999999997"
"68134","Вира","КИСЛОРОДНА ВОДА 3% 1000мл.","28918","92","3.17","3.17"
"68134","Вира","БАТРАФЕН лак 5мл.","9388","90","19.22","19.22"
"68134","Вира","ЕКСТРА-ЛАКС бонбони без захар х 10бр.","40356","88","2.9699999999999997","2.9699999999999997"
"68134","Вира","НУРОФЕН ФЕМИНА ФОРТЕ табл. 512мг. х 12бр.","37139","94","5.62","5.62"
"68134","Вира","БРОМХЕКСИН АКТАВИС табл. 8мг. х 20бр.","411","99","2.66","2.66"
"68134","Вира","БРОНХОТОН НЕО сироп х 120мл.","46242","99","4.6","4.6"
"68134","Вира","МИГ за деца сир. 20мг/мл 100мл.","35064","94","3.94","3.94"
"68134","Вира","ВОЛТАРЕН ЕМУЛГЕЛ ФОРТЕ гел 2.32% 150гр.","44675","95","19.68","19.68"
"68134","Вира","КСИЛОГЕЛ гел 0.05% 10мл.","25613","97","5.01","5.01"
"68134","Вира","ЕЛАКСА капс. х 20бр.","44364","88","6.14","6.14"
"68134","Вира","ЕРДОМЕД саш. 225мг. х 20бр.","29578","99","10.94","10.94"
"68134","Вира","БУЛЗИН сироп 0.33мг/мл. 150мл.","48766","100","6.14","6.14"
"68134","Вира","КОМБОГЕСИК табл. 500мг/150мг. х 10бр.","55591","94","4.45","4.45"
"68134","Вира","КАНЕСТЕН крем 1% 20гр.","449","90","6.14","6.14"
"68134","Вира","ВОМАКУР суп. 40мг. х 10бр.","41282","87","7.26","7.26"
"68134","Вира","НАЗОПАС сол.0.5мг/мл. х 10мл.","49440","97","5.73","5.73"
"68134","Вира","НУРОФЕН ЗА ЮНОШИ ПОРТОКАЛ капс. 100мг. х 12бр.","46420","94","5.93","5.93"
"68134","Вира","КАФЕТИН МЕНСТРУАЛ табл. х 10бр.","34380","94","3.58","3.58"
"68134","Вира","АНГАЛ ЛИМОН спрей 2мг/мл.+0.5мг/мл.30мл.","51755","98","10.38","10.38"
"68134","Вира","ЕКЗОДЕРИЛ сол. 1% 10мл.","1083","90","7.62","7.62"
"68134","Вира","КОЛДРЕКС табл. 24бр.","39601","99","7.36","7.36"
"68134","Вира","АУЛИН табл. 100мг. х 9бр.","26031","94","2.66","2.66"
"68134","Вира","ОТИПАКС сол. 15мл.","2225","101","3.83","3.83"
"68134","Вира","ГРИПЕКС МАКС саш. х 10бр.","38979","96","7.16","7.16"
"68134","Вира","АНАЛГИН табл. 500мг. х 30бр.","54039","96","2.4","2.4"
"68134","Вира","ДИКЛАК табл. 75мг. х 50бр.","34392","94","5.83","5.83"
"68134","Вира","ЗАЛАИН крем 2% 20гр.","18724","90","5.2","5.2"
"68134","Вира","АРКОКСИЯ табл. 90мг. х 14бр.","31983","94","12.01","12.01"
"68134","Вира","ТАЙЛОЛ ХОТ саш. за деца х 12бр.","23083","96","4.86","4.86"
"68134","Вира","СПИРТ ЕТИЛОВ 70% 100мл.","20063","92","0.72","0.72"
"68134","Вира","ОРОФАР INTENSE спрей 15мл.","54445","98","7.7","7.7"
"68134","Вира","ЛАНЗУЛ капс. 30мг. х  28бр.","34290","86","5.55","5.55"
"68134","Вира","КОЛДРЕКС МАКС ПЛЮС КАШЛИЦА капс. 500/100/6,1мг. х 16бр.","52650","96","5.73","5.73"
"68134","Вира","ФЕРВЕКС ЗА ВЪЗРАСТНИ саш. х12бр.","53906","96","7.11","7.11"
"68134","Вира","АЛЕРГОЗАН унгв. 1% 18гр.","100","91","4.6","4.6"
"68134","Вира","БРУФЕН РЕТАРД табл. 800мг. х 30бр.","35287","94","6.98","6.98"
"68134","Вира","СИНЕКОД сол. 20мл.","2695","99","5.98","5.98"
"68134","Вира","ЕТОРИКОКСИБ ТЕВА табл. 60мг. х 14бр.","44941","94","7.19","7.19"
"68134","Вира","ГЕЛОРИВОЙС КАСИС табл.х 20бр.","54001","99","7.72","7.72"
"68134","Вира","НУРОФЕН ФОРТЕ табл. 400мг. х 24бр.","52123","94","8.44","8.44"
"68134","Вира","ПАНРАЗОЛ табл. 20мг. х 30бр.","32620","86","4.86","4.86"
"68134","Вира","ДИАЛГИН КИДС сол.500мг/мл. 20мл.","49497","96","4.7","4.7"
"68134","Вира","АНАЛГИН сол. за деца 500мг/1мл.20мл.","46280","96","3.68","3.68"
"68134","Вира","НУРОФЕН ЕКСПРЕС капс. 200мг. х 10бр.","34437","94","4.8100000000000005","4.8100000000000005"
"68134","Вира","ЖИВАСЕПТ дезинф.гел без отм. син 500мл.","38008","92","3.83","3.83"
"68134","Вира","ГРИПЕКС MAX табл. х 20бр.","43737","96","7.06","7.06"
"68134","Вира","ТАНТУМ ВЕРДЕ МЕНТА табл. х 40бр.","37894","98","13.7","13.7"
"68134","Вира","ПРОСПАН пастили х 20бр.","42875","99","10.12","10.12"
"68134","Вира","АЛЕЗОДАК табл. 10мг. х 10бр.","20051","100","5.11","5.11"
"68134","Вира","АСПИРИН КОМПЛЕКС сашет. х 10бр.","32996","96","6.8","6.8"
"68134","Вира","ГРИП СТОП капки за нос 15мл.","37312","97","8.85","8.85"
"68134","Вира","АЛМИРАЛ амп. 75мг/3мл. х 5бр.","40529","94","2.35","2.35"
"68134","Вира","ОМЕПРАЗОЛ ГЕНЕРИКОН 20мг. капс. х 28бр.","33119","86","6.9","6.9"
"68134","Вира","АКАРОЛ 12,5% ТЕЧНОСТ ЗА КОЖА 100МЛ","51239","91","7.16","7.16"
"68134","Вира","АЦИЛЕСОЛ табл. 20мг. x 14бр.","37198","86","4.24","4.24"
"68134","Вира","ФЛУДИТЕК сироп 5% 125мл.","20468","99","5.37","5.37"
"68134","Вира","АЛЕРГОЗАН крем 1% 60гр.","50377","91","8.49","8.49"
"68134","Вира","ФЕРВЕКС сашети за деца х 8бр.","1135","96","4.29","4.29"
"68134","Вира","БЕНАЛГИН табл. х 20бр.","316","96","3.02","3.02"
"68134","Вира","АЛИФЛУЗИН ефф. табл. х 10бр.","53834","96","4.04","4.04"
"68134","Вира","НО-ШПА КОМФОРТ табл. 40мг. x 24бр.","36659","87","5.01","5.01"
"68134","Вира","НЕКСИУМ табл. 40мг. х 14бр.","25932","86","9.97","9.97"
"68134","Вира","ЕКЗОДЕРИЛ сол. 1% 20мл.","41486","90","12.53","12.53"
"68134","Вира","ЕЛАКСА ФИБРИ сашета х 12бр.","42939","89","7.06","7.06"
"68134","Вира","ИНДОМЕТАЦИН СОФАРМА табл. 25мг. х 30бр.","10404","94","0.77","0.77"
"68134","Вира","ДИАЛГИН сол. 500мг/мл. 20мл.","39691","96","4.7","4.7"
"68134","Вира","НУРОФЕН СТОПКОЛД табл. 200мг./30мг. х 24бр.","37262","94","8.49","8.49"
"68134","Вира","КВАМАТЕЛ табл. 40мг. х 14бр.","2512","86","2.1","2.1"
"68134","Вира","СТРЕПСИЛС МЕД И ЛИМОН табл. x 36бр.","36951","98","7.26","7.26"
"68134","Вира","ГАСТРОЦИД табл. 20мг. х 14бр.","32508","86","3.58","3.58"
"68134","Вира","ДОРЕТА табл. 37.5мг/325мг. х 30бр.","38715","96","3.32","3.32"
"68134","Вира","АЛМАГЕЛ сусп. 170мл.","10359","86","2.66","2.66"
"68134","Вира","ТЕРАФЛУ МАКС ГРИП 1000мг/10мг/70мг саше х 10бр.","53504","96","7.67","7.67"
"68134","Вира","ЕЛАКСА ПИКО табл. 5мг. х 20 бр.","47858","88","4.5","4.5"
"68134","Вира","ДУЛКОСОФТ сироп х 250мл.","46925","88","10.94","10.94"
"68134","Вира","ТАЙЛОЛ ХОТ саш. х 12бр.","23082","96","7.93","7.93"
"68134","Вира","СПИРТ ЕТИЛОВ 70% 1000мл.","20062","92","4.24","4.24"
"68134","Вира","АРЕСТОН истант 12,5мг. табл. х 20бр.","52851","94","5.73","5.73"
"68134","Вира","ЖИВАСЕПТ дезинфектиращ гел за ръце 85мл. син","25868","92","1.33","1.33"
"68134","Вира","КСАЛЕРГАН сол.5мг/мл. 20мл.","53485","100","5.3","5.3"
"68134","Вира","НО-ШПА табл. 40мг. x 24бр.","38188","87","4.86","4.86"
"68134","Вира","МУКОСОФТ КОМПЛЕКС саш. 500мг/200мг. х 10бр.","46780","99","6.7","6.7"
"68134","Вира","ОТОРИГ КАПКИ ЗА УШИ 10МЛ","54627","101","12.42","12.42"
"68134","Вира","ПАРАЦЕТАМАКС табл. 500мг. х 20бр.","13977","96","1.33","1.33"
"68134","Вира","НУРОФЕН табл. 200мг. х 24бр.","38200","94","6.14","6.14"
"68134","Вира","ПУЛСЕТ табл. 20мг. х 14бр.","38594","86","2.05","2.05"
"68134","Вира","ТАЗЕКТАН саш. 250мг. х 20бр.","37775","89","9.2","9.2"
"68134","Вира","ИБУПРОМ СИНУС табл. х 24бр.","40795","94","8.18","8.18"
"68134","Вира","ИБУПРОМ ЗА ДЕЦА 6+ 200мг. табл. х10бр.","53466","94","3.37","3.37"
"68134","Вира","ДИКЛОПРАМ капс. 75мг/20мг. х 30бр.","39976","94","12.48","12.48"
"68134","Вира","ФЛАВАМЕД ФОРТЕ сир. 30мг./5мл. 100мл.","33271","99","5.22","5.22"
"68134","Вира","ЕРДОМЕД капс. 300мг. х 20бр.","13718","99","9.2","9.2"
"68134","Вира","ВАРИВАКС фл.+ шпр.амп.0.5мл.","49159","93","41.62","41.62"
"68134","Вира","БРОНХОСТОП ДУО пастили х 20бр.","50923","99","7.26","7.26"
"68134","Вира","АНТИМИКО-АЦИД 50мл.","24548","90","1.12","1.12"
"68134","Вира","БРОНХОСТОП НАЙТ сол.120мл.","52533","99","8.49","8.49"
"68134","Вира","ПАНАДОЛ БЕЙБИ сир. 120мг./5мл. 100мл.","2258","96","4.86","4.86"
"68134","Вира","КОСТИ табл. 10мг. х 30бр.","691","87","4.5","4.5"
"68134","Вира","ГЕЛОРИВОЙС бъз табл. х 10бр.","52896","99","4.55","4.55"
"68134","Вира","ОЛИНТ спрей 0.1% 10мл.","2144","97","4.86","4.86"
"68134","Вира","ТАНТУМ ЛИМОН табл. 3мг. х 40бр.","37248","98","12.53","12.53"
"68134","Вира","УПСАРИН х 10бр.","54900","96","2.05","2.05"
"68134","Вира","ОТИРЕЛАКС сол. 15мл.","36272","101","4.09","4.09"
"68134","Вира","АФРИН спрей 20мл.","69","97","5.27","5.27"
"68134","Вира","ОТРИВИН спрей 0.1% 10мл.","2227","97","6.03","6.03"
"68134","Вира","ДИКЛОНЕВРОВИТ капс. х 30бр.","39843","94","8.13","8.13"
"68134","Вира","ЕЛАКСА ЛАКТУЛОЗА саше х 12бр.","46431","88","7.31","7.31"
"68134","Вира","НАЛГЕЗИН ФОРТЕ 550мг. х 10бр.","44159","94","3.23","3.23"
"68134","Вира","ПАПАВЕРИН АКТАВИС табл. 50мг. х 40бр.","2270","87","6.72","6.72"
"68134","Вира","ОРМУС табл. 40мг. х 14бр.","34394","86","5.04","5.04"
"68134","Вира","КЕТОНАЛ капс. 50мг. х 20бр","46006","94","6.6","6.6"
"68134","Вира","НИСТАТИН АБР крем 15г.","47927","90","3.73","3.73"
"68134","Вира","ФЛАВАМЕД табл. 30мг. х 20бр.","25728","99","3.37","3.37"
"68134","Вира","ТУСИРОЛ сир. 140мл.","3058","99","5.52","5.52"
"68134","Вира","ЕСПУМИЗАН ИЗИ саш. 125мг. х 14бр.","32349","87","4.7","4.7"
"68134","Вира","КЕТОФЛЕКС 50МГ/МЛ ИНЖ.Р-Р АМП. 2МЛ Х 10","51778","94","10.48","10.48"
"68134","Вира","ИБУЛЕК саш. 400мг. х 10бр.","41505","94","5.78","5.78"
"68134","Вира","ТАНТУМ МЕД И ПОРТОКАЛ х 40бр.","40446","98","12.53","12.53"
"68134","Вира","БИЗАКОДИЛ СОФАРМА суп. 5мг. х 6бр.","13837","88","2.51","2.51"
"68134","Вира","ЗЕНАРО табл. 5мг. х 28бр.","4620","100","10.38","10.38"
"68134","Вира","ТАЙЛОЛ ХОТ D саш. х 12бр.","24310","96","8.59","8.59"
"68134","Вира","КЕТОФЛЕКС гел 5% 50г.","51707","95","5.27","5.27"
"68134","Вира","АЛЕРГОЗАН амп. 10мг./мл.  2мл. х 10бр.","26117","100","11.22","11.22"
"68134","Вира","ТАНТУМ ВЕРДЕ Р табл. 3мг. х 20бр.","11762","98","6.44","6.44"
"68134","Вира","ДИКЛАК 12 ЧАСА гел 23,2мг/г.100г.","54302","95","11.4","11.4"
"68134","Вира","ОТРИВИН PLUS спрей за нос 10мл.","48065","97","7.31","7.31"
"68134","Вира","АНЕСТЕЗИН 50гр.","38183","95","9.77","9.77"
"68134","Вира","ЗЕНАРО табл. 5мг. х 7бр.","47400","100","3.94","3.94"
"68134","Вира","НИСТАТИН крем 15гр.","2120","90","3.63","3.63"
"68134","Вира","КЕТОЗАЛ шампоан 2% 60мл.","26283","90","7.36","7.36"
"68134","Вира","МОБИЛАТ емулгел 2.32% 50гр.","54385","95","8.69","8.69"
"68134","Вира","КАФЕТИН КОЛД табл. х 10бр.","29657","97","2.9699999999999997","2.9699999999999997"
"68134","Вира","САЛИЦИЛОВ СПИРТ 2% 100мл.","24519","92","0.92","0.92"
"68134","Вира","ДИЙП РИЛИЙФ гел 50гр.","15302","95","5.62","5.62"
"68134","Вира","ВИШНЕВСКИ унгв. 75гр.","17389","92","4.4","4.4"
"68134","Вира","ИБУПРОМ СИНУС МАКС 400МГ/60МГ табл. х10бр.","54791","94","8.08","8.08"
"68134","Вира","НЕКСИУМ табл. 20мг. х 14бр.","26492","86","6.08","6.08"
"68134","Вира","АФРИН ND спрей 0,5/15мл","39026","97","6.14","6.14"
"68134","Вира","ПАРАЦЕТАМОЛ ДАНСОН табл. 500мг. х 20бр.","53224","96","1.18","1.18"
"68134","Вира","ДИКЛАК гел 5% 50гр.","13887","95","6.39","6.39"
"68134","Вира","РЕПАРИЛ гел 40гр.","2552","95","6.19","6.19"
"68134","Вира","КЛАРИНАЗЕ табл. 5мг/120мг. х 10бр.","591","97","6.14","6.14"
"68134","Вира","ЕНТЕРОЛ ФОРТЕ 500мг. саше х10бр.","55228","89","8.79","8.79"
"68134","Вира","ИБУРАПИД табл.х 10бр.","44995","94","3.48","3.48"
"68134","Вира","ДИАЛГИН ЕКСПРЕС саш. 500мг/50мг. х 6бр.","46251","96","2.66","2.66"
"68134","Вира","ФЕРВЕКС сир. 30мг/мл. 90мл.","54803","96","3.32","3.32"
"68134","Вира","МУКОНАЗАЛ ПЛЮС спрей 10мл.","19939","97","6.85","6.85"
"68134","Вира","ДИКЛОФЕНАК ДУО капс. 75мг. х 30бр.","10140","94","5.83","5.83"
"68134","Вира","БРОНХОСТОП СИНЕ сир. 120мл.","39598","99","8.33","8.33"
"68134","Вира","ДУСПАТАЛИН табл. 135мг. х 30бр.","966","87","6.34","6.34"
"68134","Вира","НЕО-АНГИН N табл. х 24бр.","2025","98","5.11","5.11"
"68134","Вира","ГРИПЕКС ХОТ ЗА ДЕЦА ПРАХ Х 12БР.","52386","96","7.36","7.36"
"68134","Вира","КАФЕТИН ФОРТЕ табл. х 12бр.","35759","96","4.5","4.5"
"68134","Вира","ЛОМЕКСИН крем 2% 30гр.","19991","90","4.96","4.96"
"68134","Вира","СТРЕПСИЛС МЕНТОЛ И ЕВКАЛИПТ табл. x 24бр.","2773","98","5.32","5.32"
"68134","Вира","ЛАНСОПРАЗОЛ ЕКОФАРМ 30мг. х 28капс.","46232","86","7.06","7.06"
"68134","Вира","ПАРАБОЛ МАКС капс 400МГ.х 20бр.","55292","94","8.69","8.69"
"68134","Вира","ИБУПРОМ СПРИНТ капс. 200мг. х 10бр.","46823","94","4.14","4.14"
"68134","Вира","БУДЕНОФАЛК капс. 3мг. х 100бр.","15347","89","72.6","72.6"
"68134","Вира","ЕТОРИСТАД табл. 60мг. х 14бр.","47260","94","6.44","6.44"
"68134","Вира","МЕНТОЛОВ СПИРТ 100мл.","20060","92","0.92","0.92"
"68134","Вира","АНАЛГИН табл. 500мг. х 20бр.","13709","96","1.8399999999999998","1.8399999999999998"
"68134","Вира","НУРУЛИН ДУО табл. 500мг/200мг. х 20бр.","43461","94","4.45","4.45"
"68134","Вира","НОЛПАЗА фл. 40мг. х 1бр.","43658","86","3.5","3.5"
"68134","Вира","ТЕМПАЛГИН табл. х 20бр.","13989","96","2.71","2.71"
"68134","Вира","ЕФЕРАЛГАН + вит. С ефер.табл. 330мг. х 20бр.","5831","96","3.27","3.27"
"68134","Вира","АНАЛГИН МАКС саш. 1000мг. х 20бр.","46918","96","8.39","8.39"
"68134","Вира","ДОЛОКСИБ табл. 90мг. х 14бр.","44957","94","7.06","7.06"
"68134","Вира","НО-ШПА МАКС табл. 80мг. х 24бр.","48174","87","7.11","7.11"
"68134","Вира","БИЛЕРГИЯ 20МГ ТАБЛ. Х 20","51745","100","6.49","6.49"
"68134","Вира","ФЛЕКСИСТАД табл. 800мг. х 20бр.","43119","94","6.6","6.6"
"68134","Вира","ЕРИУС сир. 0.5мг./мл. 120мл.","17840","100","3.7800000000000002","3.7800000000000002"
"68134","Вира","АНЗИБЕЛ МЕНТОЛ табл.х20","39394","98","5.62","5.62"
"68134","Вира","БРОНХОМАКС сироп 30мг/5мл.120мл.","48611","99","4.04","4.04"
"68134","Вира","АФЛАМИЛ крем 15мг./гр. 60гр.","35315","95","5.73","5.73"
"68134","Вира","ФУНГИТЕР крем 15гр.","51320","90","5.73","5.73"
"68134","Вира","АНГАЛ ЯГОДА тбл.за смучене 5/1мг. x 24бр.","51714","98","7.57","7.57"
"68134","Вира","ФЛУДРЕКС сашети х 12бр.","35835","96","6.14","6.14"
"68134","Вира","БРОНЛЕС капс. 375 мг. х 20бр.","46505","99","4.04","4.04"
"68134","Вира","ОЛИНТ НА спрей 0.1% 10мл.","34268","97","6.08","6.08"
"68134","Вира","АТРОПИН ВИЖЪН колир 10 мг/мл","42072","101","10.18","10.18"
"68134","Вира","ГАВИСКОН табл. ЯГОДА х 16бр.","41013","86","4.29","4.29"
"68134","Вира","КАФЕТИН КОЛД МАКС саш. х 10бр.","41253","96","7.31","7.31"
"68134","Вира","ДИАЛГИН саш. 1000мг. х 20бр.","24740","96","7.36","7.36"
"68134","Вира","ЕФИЗОЛ ИНТЕНЗ табл.х 24бр.","55411","98","7.41","7.41"
"68134","Вира","ЗИРТЕК табл. 10мг. х 10бр.","3326","100","5.06","5.06"
"68134","Вира","ИБУФЛЕКС 5% гел 50гр.","54238","95","4.6","4.6"
"68134","Вира","АЛГЕЗАЛ крем 40гр.","11453","95","5.11","5.11"
"68134","Вира","ИБУДОЛОР ДУО гел 60гр.","38596","95","5.42","5.42"
"68134","Вира","БУДЕНОФАЛК ректална пяна 2мг. х 14 дози","51270","89","73.7","73.7"
"68134","Вира","ДРО СПАЗ тбл.80мг.х10","52329","87","2.81","2.81"
"68134","Вира","ИМОДИУМ капс. 2мг. х 6бр.","1460","89","3.32","3.32"
"68134","Вира","ЕСПУМИЗАН капс. 40мг. х 50бр.","37466","87","4.4","4.4"
"68134","Вира","БЕТАЗОНТРИО маз 15гр.","36998","90","5.22","5.22"
"68134","Вира","БРОНХОМАКС сироп 15мг/5мл.120мл.","48610","99","3.07","3.07"
"68134","Вира","ВИМОВО табл. 500мг/20мг. x 30бр.","34061","94","15.75","15.75"
"68134","Вира","ВИКС СИНЕКС спрей 15мл.","44771","97","6.65","6.65"
"68134","Вира","АМБРЕКС сироп възрастни 30мг./5мл. 150мл.","24710","99","4.76","4.76"
"68134","Вира","ПЕРСКИНДОЛ КУУЛ гел 100мл.","36656","95","9.56","9.56"
"68134","Вира","ФАМОТИДИН АЛКАЛОИД табл. 40мг. х 10бр.","33636","86","0.84","0.84"
"68134","Вира","АНГАЛ МЕД тбл.за смучене 5/1мг.x24","51756","98","6.49","6.49"
"68134","Вира","МЕЛОКС амп.10мг/1мл.1.5мл. х 5бр.","53520","94","3.27","3.27"
"68134","Вира","АМБРОЛЕКС Р 75 мг. х 10 капс.","42188","99","3.69","3.69"
"68134","Вира","ДИКЛОРАПИД капс. 75мг. х 50бр.","38971","94","9.92","9.92"
"68134","Вира","КЛАРИТИН табл. 10мг. х 10бр.","593","100","6.14","6.14"
"68134","Вира","ФИНАЛГОН унгв. 20гр.","1144","95","6.49","6.49"
"68134","Вира","АКАРОЛ 25% 100мл.","17934","91","7.67","7.67"
"68134","Вира","БИФОНАЗОЛ крем 1% 15гр.","365","90","3.94","3.94"
"68134","Вира","АНТИМИКО-БЕТА 50мл.","25624","90","1.02","1.02"
"68134","Вира","КСИЛОДЕКС спрей за нос","51414","97","4.86","4.86"
"68134","Вира","СТРЕПСИЛС ИНТЕНЗИВ ПОРТОКАЛ БЕЗ ЗАХАР табл. х 16бр.","48788","98","5.78","5.78"
"68134","Вира","РИНОЛЕКС унгв. 18гр.","2566","97","4.7","4.7"
"68134","Вира","АНЗИБЕЛ МЕД и ЛИМОН табл.  х 20бр.","39180","98","5.88","5.88"
"68134","Вира","ЕТАЦИД спр. 50мкг/впръскване 140 дози","52162","97","6.49","6.49"
"68134","Вира","ХЕКСОРАЛЕТЕН N табл. х 16бр.","53064","98","5.88","5.88"
"68134","Вира","ЛАКТУЛОЗА СИРОП 600мл. НИКСЕН","55151","88","10.58","10.58"
"68134","Вира","ПАНАКТИВ BABY супоз. 60мг. х 5бр.","50761","96","2.56","2.56"
"68134","Вира","ЕМАНЕРА табл. 20мг. х 28бр.","37779","86","3.94","3.94"
"68134","Вира","АРКОКСИЯ табл. 120мг. x 7бр.","28993","94","7.91","7.91"
"68134","Вира","АЛКА - ЗЕЛЦЕР тaбл. х 10бр.","92","96","3.07","3.07"
"68134","Вира","КЕТОТИФЕН сир. 1мг/5мл. 100мл.","10408","100","1.8399999999999998","1.8399999999999998"
"68134","Вира","ДИКЛАК МАКС гел 5% 100гр.","18606","95","9","9"
"68134","Вира","СПИРТ ЕТИЛОВ 90% 100мл.","20059","92","0.77","0.77"
"68134","Вира","ЛАКТУЛОЗА MIP сироп 200мл.","26887","88","6.54","6.54"
"68134","Вира","ОКЛИС ЕКСПРЕС 400мг. сашета х20бр. БЕСТА","55246","94","10.74","10.74"
"68134","Вира","ДИМИСТА спрей назален 137мкг./50мкг.","37480","97","19.74","19.74"
"68134","Вира","ДУЛКОЛАКС 10мг. супозитории х 6бр.","54541","88","6.03","6.03"
"68134","Вира","АЛМИРАЛ гел 1.16% 50гр.","36972","95","5.83","5.83"
"68134","Вира","НЕО-АНГИН ЧЕРЕША табл. х 24бр.","37366","98","5.32","5.32"
"68134","Вира","РЕПАРИЛ табл. 20мг. х 40бр.","32976","95","14.98","14.98"
"68134","Вира","СЕПТОЛЕТЕ ТОТАЛ паст. х 16бр.","43095","98","4.6","4.6"
"68134","Вира","ЕТОРИКОКСИБ ТЕВА табл. 90мг. х 14бр.","44942","94","7.93","7.93"
"68134","Вира","АЛЕГРА табл. 120мг. х 10бр.","16132","100","6.6","6.6"
"68134","Вира","КСИЗАЛ сироп 0.5мг/мл.200мл.","52124","100","5.73","5.73"
"68134","Вира","ИБУЛЕК 200мг. саш. х 10бр.","54085","94","4.5","4.5"
"68134","Вира","ИБУЛЕК за деца 100мг./5мл. сир. 120мл.","52518","94","4.09","4.09"
"68134","Вира","АСПИРИН УЛТРА табл. 500мг. х 20бр.","43698","96","5.11","5.11"
"68134","Вира","НОАЦИД табл. 40мг. х 28бр.","33382","89","6.03","6.03"
"68134","Вира","ГРИП СТОП спрей за нос 20мл.","37150","97","9.66","9.66"
"68134","Вира","АФЛАК тбл. 100мг. х 10бр.","51388","94","2.45","2.45"
"68134","Вира","ФАМОТИДИН СОФАРМА табл. 20мг. х 30бр.","1087","86","2.25","2.25"
"68134","Вира","КСЕФО РАПИД табл. 8мг. х 10бр.","3245","94","3.58","3.58"
"68134","Вира","НАЗИК спрей 0.1% 10мл.","31524","97","6.6","6.6"
"68134","Вира","СИНТУС КАПКИ 0,5% 20МЛ","52841","99","4.04","4.04"
"68134","Вира","ФЕРВЕКС + вит. C табл.еферв. 330мг. х 20бр.","54802","96","3.99","3.99"
"68134","Вира","БРОНХОСТОП сир. 150мл.","35863","99","7.31","7.31"
"68134","Вира","БЕНГЕЙ маз. 50гр.","33902","95","5.57","5.57"
"68134","Вира","ГАСТРОПРОТЕКТ табл.х 24бр.","42454","86","6.8","6.8"
"68134","Вира","АРКОКСИЯ табл. 60мг. x 14бр.","29843","94","11.56","11.56"
"68134","Вира","ФАМОТИДИН СОФАРМА табл. 40мг. х 20бр.","48223","86","1.99","1.99"
"68134","Вира","БУСТРИКС 0,5мл ИНЖ.СУСП.PFS х1бр.","54263","93","17.07","17.07"
"68134","Вира","НУРОФЕН сир. ПОРТОКАЛ 100мг./5мл. 100мл.","17806","94","4.86","4.86"
"68134","Вира","ФЕЛОРАН ФОРТЕ СОФАРМА гел 5% 40гр.","37245","95","5.93","5.93"
"68134","Вира","ЕКЗОДЕРИЛ крем 1% 15гр.","1082","90","6.39","6.39"
"68134","Вира","ГРИПЕКС МАКС за деца х 12сашета.","41718","96","7.36","7.36"
"68134","Вира","ФАСТУМ гел 2.5% 100гр.","24380","95","8.08","8.08"
"68134","Вира","КОСТАРОКС табл. 60мг. х 14бр","45329","94","11.2","11.2"
"68134","Вира","МЕЛБЕК ФОРТЕ табл. 15мг. х 30бр.","24463","94","8.85","8.85"
"68134","Вира","КСИЛОГЕЛ гел 0.1% 10мл.","23093","97","5.01","5.01"
"68134","Вира","МУКОСОЛВАН сир. 30мг./5мл. 100мл.","1956","99","5.57","5.57"
"68134","Вира","МОМАНОС спр. 50мкг/впръскване 60 дози","47259","97","8.69","8.69"
"68134","Вира","АЦЕТИЗАЛ табл. 500мг. х 20бр.","12903","94","1.43","1.43"
"68134","Вира","ПАРАЦЕТАМОЛ СОФАРМА табл. 500мг. х 20бр.","37537","96","1.53","1.53"
"68134","Вира","ТАВИПЕК ФОРТЕ 300 мг. капсули х 20 бр.","49460","99","9.2","9.2"
"68134","Вира","АНАЛГИН амп. 500мг./мл. 2мл. х 10бр.","26125","96","7.31","7.31"
"68134","Вира","ЕКЗОДЕРИЛ NAILNER лак 2в1 5мл.","43660","90","16.31","16.31"
"68134","Вира","ДОЛОКСИБ табл. 60мг. х 14бр.","44956","94","7.16","7.16"
"68134","Вира","ФУНГОФИН крем 1% 15гр.","28195","90","5.06","5.06"
"68134","Вира","ДЕКСОФЕН саш. 25мг. х 20бр.","40609","94","10.02","10.02"
"68134","Вира","ЖИВАХЕКС 200мл.","48653","92","2.65","2.65"
"68134","Вира","ПРОСПАН сол. 7мг/мл. 5мл. х 21бр.","43204","99","6.95","6.95"
"68134","Вира","ТЕРАФЛУ МАКС саш. 1000мг/12.2мг/200мг. х 10бр.","44814","96","7.93","7.93"
"68134","Вира","ТРИКЛОБАКТЕР лосион 200мл.","4826","92","11.71","11.71"
"68134","Вира","КСИЛОМЕТАЗОЛИН сол. 0.1% 10мл.","3259","97","2.3","2.3"
"68134","Вира","КЕТОПРОФЕН АБР сашети 50мг. х15бр.","55407","94","5.93","5.93"
"68134","Вира","АФЛАМИЛ табл. 100мг. х 20бр.","24833","94","5.01","5.01"
"68134","Вира","РОТИКОКС табл. 120мг. х 7бр.","44586","94","5.17","5.17"
"68134","Вира","ЙОДАСЕПТ унгв. 10% 90гр.","1578","92","4.7","4.7"
"68134","Вира","ЕМАНЕРА капс. 40мг. х 14бр.","33251","86","3.45","3.45"
"68134","Вира","СПИРТ ЕТИЛОВ 95% 100мл.","24522","92","0.77","0.77"
"68134","Вира","НУРОФЕН пластир. 200мг. х 2бр.","47409","95","7.46","7.46"
"68134","Вира","КЕТОНАЛ INTENSIVE сашети 50мг. x 12бр.","48551","94","7.57","7.57"
"68134","Вира","РИНОСТАД наз.спрей 137/50мкг.25мл.","54591","97","12.53","12.53"
"68134","Вира","АРНИКАМЕД ДОЛОР гел 100гр.","45023","95","10.33","10.33"
"68134","Вира","СТРЕПСИЛС ИНТЕНЗИВ табл. х 24бр.","43610","98","8.33","8.33"
"68134","Вира","ЗАЛАИН песар. 300мг. х 1бр.","18725","90","3.54","3.54"
"68134","Вира","НУРОФЕН сир. ЯГОДА 200мг./5мл. 100мл.","35141","94","6.44","6.44"
"68134","Вира","ХЕКСАЛГИН сол.за деца 500мг/1мл.20мл.","46279","96","5.83","5.83"
"68134","Вира","ЕТОДИН ФОРТ табл. 400мг. х 14бр.","27865","94","7.31","7.31"
"68134","Вира","ЛАКТУЛОЗА МИП сироп 500мл.","27003","88","15.24","15.24"
"68134","Вира","ЕФЕРАЛГАН суп. 300мг. х 10бр.","982","96","3.37","3.37"
"68134","Вира","ДЕКСИНАЛ амп.50мг/2мл.х6 КУТИЯ","52091","94","3.66","3.66"
"68134","Вира","ПОЛИНЕЙЛ лак 80мг./гр. 3.3мл.","33346","90","21.42","21.42"
"68134","Вира","КОЛДРЕКС ПЛЮС КАШЛИЦА саш. х 10бр.","46642","96","8.59","8.59"
"68134","Вира","ИБУЛЕК 600мг. саше х 10бр.","41504","94","7.62","7.62"
"68134","Вира","ФЕРВЕКС суп. 80мг. х 10бр.","54800","96","3.07","3.07"
"68134","Вира","ХЕКСАЛГИН сол. 500мг./мл. 20мл.","23070","96","5.34","5.34"
"68134","Вира","ИХТАМОЛОВ балсам 20% 20гр.","39740","92","2.71","2.71"
"68134","Вира","ЖИВАХЕКС спрей 750мл.","40882","92","5.01","5.01"
"68134","Вира","АКЛЕКСА табл. 200мг. х 30бр.","38693","94","10.53","10.53"
"68134","Вира","ФЛАМЕКСИН табл. 20мг. х 10бр.","35673","94","3.94","3.94"
"68134","Вира","ФУНГИТЕР 5% лечебен лак за нокти 2,5 мл.","50733","90","16.36","16.36"
"68134","Вира","ЖИВАСЕПТ дезинф. пяна с измиване 500мл.","35870","92","2.66","2.66"
"68134","Вира","ЛАНЗАЦИД капс. 30мг. х 30бр.","42304","86","10.52","10.52"
"68134","Вира","СТРЕПСИЛС ИНТЕНЗИВ МЕД И ЛИМОН спрей 15мл.","49560","98","8.13","8.13"
"68134","Вира","АНГАЛ МЕНТОЛ табл. х 24","45481","98","7.62","7.62"
"68134","Вира","МУКОСОЛВАН сир. 15мг./5мл. 100мл.","26419","99","5.34","5.34"
"68134","Вира","АУЛИН саш. 100мг. x 9бр.","37012","94","3.83","3.83"
"68134","Вира","АУЛИН гел 3% 50гр.","50111","94","8.85","8.85"
"68134","Вира","ТРАХИЗАН табл. х 20бр.","2967","98","7.11","7.11"
"68134","Вира","ЖИВАСЕПТ ГЛЮКОНАТ спрей 200мл.","35839","92","2.56","2.56"
"68134","Вира","ТАНТУМ ВЕРДЕ спрей 0.15% 30мл.","2853","98","8.85","8.85"
"68134","Вира","БЕТАЗОНТРИО крем 15гр.","35642","90","5.22","5.22"
"68134","Вира","КСАЛЕРГАН табл. 5мг. х20бр.","55061","100","8.33","8.33"
"68134","Вира","АЦЦ ДИРЕКТ сашета 600мг. x 10бр.","45690","99","8.9","8.9"
"68134","Вира","ФЛЕКСИСТАД табл. 600мг. х 20бр.","27433","94","6.34","6.34"
"68134","Вира","АЛЕРГОЗАН табл. 25мг. х 20бр.","99","100","3.99","3.99"
"68134","Вира","САБ СИМПЛЕКС сусп. 30мл.","2611","87","7.26","7.26"
"68134","Вира","НЕКСОПРАЛ табл. 20мг. х 14бр.","37304","86","3.71","3.71"
"68134","Вира","ОЛИНТ спрей 0.05% 10мл.","2143","97","4.35","4.35"
"68134","Вира","КСИЗАЛ тбл. 5мг. х 20бр. БЕСТА МЕД","50092","100","10.12","10.12"
"68134","Вира","АЦЦ табл.ефер. 600мг. х 10бр.","41777","99","8.69","8.69"
"68134","Вира","ФЕРВЕКС ЗА ВЪЗРАСТНИ МАЛИНА саш.х12бр.","54014","96","7.11","7.11"
"68134","Вира","ВИШНЕВСКИ унгв. 40гр.","35820","92","3.63","3.63"
"68134","Вира","ТАНТУМ ВЕРДЕ ФОРТЕ спрей 0.3% 15мл.","28150","98","8.08","8.08"
"68134","Вира","СТРЕПСИЛС ИНТЕНЗИВ табл. x 16бр.","22975","98","5.83","5.83"
"68134","Вира","ТРАМАДОЛ капс. 50мг. х 30бр.*","2974","96","3.53","3.5300000000000002"
"68134","Вира","НАЗОПАС сол.0.25мг/мл. х 10мл.","49439","97","5.27","5.27"
"68134","Вира","ИБУТОП гел 50гр.","1450","95","5.57","5.57"
"68134","Вира","СПИРТ ЕТИЛОВ 90% 1000мл.","20064","92","4.91","4.91"
"68134","Вира","ОМЕПРАЗИД капс. 20мг. х 14бр.","22576","86","3.5300000000000002","3.5300000000000002"
"68134","Вира","ОРОФАР спрей 30мл.","2181","98","8.6","8.6"
"68134","Вира","БРОНХОЛИТИН сир. 125мл.","417","99","4.86","4.86"
"68134","Вира","ГАВИСКОН сусп. 200мл.","42266","86","7.11","7.11"
"68134","Вира","ДУСПАТАЛИН капс. 200мг. х 30бр.","11949","87","9.35","9.35"
"68134","Вира","ДЕСАЛЕРГАН сол. 0,5/мл. 120мл.","52231","100","3.48","3.48"
"68134","Вира","АЛМАГЕЛ A сусп. 170мл.","106","86","4.04","4.04"
"68134","Вира","ЗИРТЕК-D 5/120мг. табл.х 6бр.","45486","97","3.86","3.86"
"68134","Вира","ОКЛИС ФОРТЕ 600 мг. сашета х 10 бр.","49294","94","7.41","7.41"
"68134","Вира","ТАНТУМ ВЕРДЕ сол. 0.15% 240мл.","34785","98","7.36","7.36"
"68134","Вира","НАЗОСТАД назал спрей 50мкг. 18гр.","43337","97","7.95","7.95"
"68134","Вира","БЕНАЛГИН РАПИД сашети х 10бр.","48361","96","4.04","4.04"
"68134","Вира","ДЕСИБЕЛ табл. 5мг. х 20бр.","38947","100","3.5300000000000002","3.5300000000000002"
"68134","Вира","ВОЛТАРЕН ЕМУЛГЕЛ гел 1% 50гр.","3221","95","6.8","6.8"
"68134","Вира","ТАНТУМ ВЕРДЕ евкалипт табл. х 20бр.","36093","98","7.41","7.41"
"68134","Вира","НАКЛОФЕН амп. 75мг. 3мл. х 5бр.","26154","94","2.05","2.05"
"68134","Вира","АЛМИРАЛ табл. 50мг. х 20бр.","113","94","2.2","2.2"
"68134","Вира","НАЛГЕЗИН ФОРТЕ 550МГ ТАБЛ. Х 20бр.","54336","94","6.26","6.26"
"68134","Вира","ЕСПУМИЗАН L сол. 40мг./мл. 30мл.","13292","87","4.45","4.45"
"68134","Вира","УПСАРИН + вит. C табл.еферв. 330мг. х 20бр.","3102","96","3.83","3.83"
"68134","Вира","ПАНТУЛ табл. 40мг. х 14бр.","35129","86","3.5300000000000002","3.5300000000000002"
"68134","Вира","ФЛУДРЕКС ТИМИ сашета х 10бр.","43918","96","4.96","4.96"
"68134","Вира","КЕТОТИФЕН сир. 100 мл","1618","100","1.81","1.81"
"68134","Вира","ФУНГОСТАТИН сусп. 100000UI/мл. 50мл.","23977","89","4.24","4.24"
"68134","Вира","ОРМУС табл. 20мг. х 28бр.","34393","86","6.07","6.07"
"68134","Вира","АЛЕРГОДИЛ спрей 0.14мг. х 10мл.","94","97","7.06","7.06"
"68134","Вира","ЕНДОФАЛК саш. х 6бр.","28844","88","14.16","14.16"
"68134","Вира","КЕТОТИФЕН СОФАРМА табл. 1мг. х 30бр.","10410","100","1.79","1.79"
"68134","Вира","ЕТОРИСТАД табл. 90мг. х 14бр.","47261","94","6.93","6.93"
"68134","Вира","РИВАНОЛ сол. 0.1% 100мл.","20061","92","1.05","1.05"
"68134","Вира","КЕТАЛГО табл. 25мг. х 10бр.","54754","94","5.22","5.22"
"68134","Вира","ТАЗЕКТАН капс. 500мг. х 15бр.","37776","89","10.12","10.12"
"68134","Вира","НЕО-АНГИН N без захар табл. х 24бр.","21146","98","5.83","5.83"
"68134","Вира","АНИСОЛ капс. х 30бр.","20284","99","8.08","8.08"
"68134","Вира","ВОЛТАРЕН ЕМУЛГЕЛ ФОРТЕ гел 2.32% 50мл.","28248","95","9.97","9.97"
"68134","Вира","ЕСПУМИЗАН КОМФОРТ сол. 100мг./мл. 30мл.","37465","87","7.31","7.31"
"68134","Вира","ИБУПРОМ СПРИНТ МАКС 400мг. капс. х20бр.","53467","94","8.85","8.85"
"68134","Вира","МЕЛБЕК амп. 15мг/1.5мл. х 5бр.","40528","94","3.07","3.07"
"68134","Вира","ЕТОРИСТАД табл. 120мг. х 7бр","49317","94","5.01","5.01"
"68134","Вира","БИЗАЛАКС табл. 5мг. х 30бр.","34965","88","2.51","2.51"
"68134","Вира","БРОНХОСТОП спрей 15мл.","41005","99","8.39","8.39"
"68134","Вира","АЦЕФЕИН табл. х 10бр.","18","96","2.71","2.71"
"68134","Вира","ЕФИЗОЛ табл. 0.25мг./30мг. х 40бр.","33201","98","4.86","4.86"
"68134","Вира","БРОНХЕТАМИН сир. 7.5мг/5мл. 200мл.","35910","99","4.8100000000000005","4.8100000000000005"
"68134","Вира","РОТИКОКС табл. 90мг. х 28бр.","44585","94","13.45","13.45"
"68134","Вира","СИНЕКОД сир. 200мл.","2696","99","7.16","7.16"
"68134","Вира","ТЕРАФЛУ ФОРТЕ капс. х 16бр.","51487","96","5.73","5.73"
"68134","Вира","ЕКЗОДЕРИЛ МАКСИ ЛАК 50мг/мл.2.5мл.","48550","90","21.12","21.12"
"68134","Вира","ПАРАТРАМОЛ табл. 37,5мг / 325мг. х 30бр.","36627","96","5.73","5.73"
"68134","Вира","АРНИКАМЕД ДОЛОР гел 50гр.","45022","95","7.67","7.67"
"68134","Вира","БЕНАЛГИН табл. х 10бр.","32137","96","1.94","1.94"
"68134","Вира","КЛОТРИМАЗОЛ АБР крем 1% 20гр.","46475","90","2.9699999999999997","2.9699999999999997"
"68134","Вира","КАЛИЕВ ПЕРМАНГАНАТ 20гр.","24530","92","1.23","1.23"
"68134","Вира","АНТИМИКО-АЦИД оп 50 мл","26648","90","0.97","0.97"
"68134","Вира","АФРИН ND MENTOL спрей 0,5/15мл","39025","97","6.14","6.14"
"68134","Вира","НОЛПАЗА табл. 20мг. х 28бр.","35891","86","2.66","2.66"
"68134","Вира","ГЕЛОМИРТОЛ ФОРТЕ капс. 300мг. х 20бр.","11751","99","7.41","7.41"
"68134","Вира","ФЕРВЕКС суп. 150мг. х 10бр.","54799","96","3.43","3.43"
"68134","Вира","ГЕЛОРИВОЙС табл. х 20бр.","40561","99","7.67","7.67"
"68134","Вира","ЙОД-БЕНЗИН сол 0.600кг","16224","92","12.07","12.07"
"68134","Вира","КВАМАТЕЛ тбл. 20мг. х 28бр.","51582","86","2.1","2.1"
"68134","Вира","БРОНХОТОН сир. 125мл.","419","99","3.83","3.83"
"68134","Вира","ФАМОТИДИН АЛКАЛОИД табл. 20мг. х 20бр.","20854","86","1.07","1.07"
"68134","Вира","СПИРТ ЕТИЛОВ 95% 1000мл.","24542","92","5.01","5.01"
"68134","Вира","ДИАЛГИН саш. 500мг. х 20бр.","24739","96","7","7"
"68134","Вира","ОТРИВИН сол. 0.05% 10мл.","2226","97","5.62","5.62"
"68134","Вира","АМБРЕКС сироп деца 15мг./5мл. 100мл.","24708","99","4.09","4.09"
"68134","Вира","ДИКЛАК 12 ЧАСА гел 23,2мг/г.50г.","54303","95","8.23","8.23"
"68134","Вира","АЛИФЛУЗИН саш. х 10бр.","53835","96","4.6","4.6"
"68134","Вира","СТРЕПСИЛС МЕД И ЛИМОН табл. x 24бр.","2772","98","5.32","5.32"
"68134","Вира","ИБУТОП крем 50мг/гр. 50гр.","39723","95","5.37","5.37"
"68134","Вира","ГАВИСКОН табл. х 16бр.","35841","86","4.29","4.29"
"68134","Вира","ФЛУДИТЕК сироп 2% 125мл.","20467","99","5.06","5.06"
"68134","Вира","МИГ 400 табл. х 10бр.","32343","94","2.76","2.76"
"68134","Вира","ДЕМЕФАН сир. 125мл.","780","99","5.37","5.37"
"68134","Вира","КОЛДРЕКС МАКСГРИП ГОРСКИ ПЛОДОВЕ саш. х 10бр.","35884","96","7","7"
"68134","Вира","НАКЛОФЕН ДУО капс. 75мг. х 20бр.","11293","94","2.51","2.51"
"68134","Вира","ЕКСТРА-ЛАКС бонбони х 10бр.","40357","88","3.07","3.07"
"68134","Вира","ДУЛКОЛАКС ПИКО сол. 7.5мг. 15мл.","26553","88","6.03","6.03"
"68134","Вира","ФЕРВЕКС РАПИД табл. еферв. 500мг. х 16бр.","54804","96","3.37","3.37"
"68134","Вира","ОТРИВИН спрей 0.1% ментол 10мл.","2228","97","6.65","6.65"
"68134","Вира","СТРЕПСИЛС спрей ИНТЕНЗИВ 15мл.","40689","98","8.13","8.13"
"68134","Вира","ИНФЛУНАЗАЛ спрей 20мл.","42142","97","9.46","9.46"
"68134","Вира","ТАВИПЕК капс. х 30бр.","2862","99","7.41","7.41"
"68134","Вира","ФАСТУМ гел 2.5% 50гр.","1098","95","4.86","4.86"
"68134","Вира","ДЕКСОФЕН амп. 50мг./2мл. 2мл. х 5бр.","25769","94","4.45","4.45"
"68134","Вира","ИМОМЕД табл. 2мг. х 10бр.","28789","89","2.81","2.81"
"68134","Вира","РЕПАРИЛ АЙС спрей 200мл.","16989","95","8.39","8.39"
"68134","Вира","ТАЛЦИД табл. 500мг. х 20бр.","2831","86","4.45","4.45"
"68134","Вира","НАЛГЕЗИН табл.275мг.х10бр.","44158","94","4.6","4.6"
"68134","Вира","КСИВОЗАН тбл. 5мг. х 10бр.","48237","100","5.25","5.25"
"68134","Вира","ПУЛСЕТ табл. 40мг. х 28бр.","16761","86","7.77","7.77"
"68134","Вира","АСПИРИН+C ФОРТЕ табл. х 10бр.","49690","96","6.49","6.49"
"68134","Вира","ВОЛТАРЕН 140мг ЛЕЧЕБЕН ПЛАСТИР х5бр.","54828","95","18.41","18.41"
"68134","Вира","ЛАНСОПРОЛ капс. 30мг. х 28бр.","22293","86","6.14","6.14"
"68134","Вира","ПАПАВЕРИН амп. 20мг./мл. 1мл. х 10бр.","26161","87","5.88","5.88"
"68134","Вира","ИБУМЕНТОЛ ГЕЛ 40гр","38595","95","3.32","3.32"
"68134","Вира","АНАЛГИН МАКС саше.х 1000мг.х 6 бр.","47501","96","3.37","3.37"
"68134","Вира","ВИБРОЦИЛ сол. 15мл.","3180","97","5.37","5.37"
"68134","Вира","ГРИПЕКС ХОТ МАКС саш х 12 бр.","51466","96","7.87","7.87"
"68134","Вира","СПИРТ ЕТИЛОВ 95% 100мл. ГАЛЕН-ФАРМА","54486","92","0.66","0.66"
"68134","Вира","ЕРИНАЗЕ табл. 2.5мг./120мг. х 10бр.","29658","97","5.55","5.55"
"68134","Вира","НУРОФЕН ЕКСПРЕС ФОРТЕ КОМПАКТ 400мг.х 10бр.","55234","94","6.24","6.24"
"68134","Вира","ФЛАВАМЕД еф.табл. 60мг. х 10бр.","33272","99","3.99","3.99"
"68134","Вира","ИБУТОП 50мг/гр. крем 100гр.","53750","95","8.79","8.79"
"68134","Вира","КАЛМЕНТЕ наз. спрей 50мкг/доза 140дози","43163","97","6.78","6.78"
"68134","Вира","ДЕКСИНАЛ гел 60г.","53439","95","4.45","4.45"
"68134","Вира","ФЛУДРЕКС МАКС ХЕРБАЛ саш. х 10бр.","47990","96","6.39","6.39"
"68134","Вира","ФУНГОФИН спрей 1% 30мл.","42707","90","8.08","8.08"
"68134","Вира","ПАНРАЗОЛ табл. 40мг. х 30бр.","33647","86","6.87","6.87"
"68134","Вира","ЕНТЕРОЛ капс. 250мг. х 30бр.","49849","89","14.21","14.21"
"68134","Вира","ГАВИСКОН саш. х 12бр.","41183","86","6.54","6.54"
"68134","Вира","АФЛАМИЛ сашети 100мг. х 20бр.","38246","94","5.93","5.93"
"68134","Вира","ТЕРАФЛУ ПРОСТУДА И ГРИП ЕКСТРА саше х 14бр.","53503","99","8.18","8.18"
"68134","Вира","ЛАВАНДУЛОВ СПИРТ 100мл.","20066","92","1.02","1.02"
"68134","Вира","УЛКОПРОЛ капс. 20мг. х 30бр.","9987","86","6.1","6.1"
"68134","Вира","ЕНТЕРОЛ саш. 250мг. х 20бр.","48802","89","12.53","12.53"
"68134","Вира","СТРЕПСИЛС ПОРТОКАЛ И ВИТ.С табл. x 24бр.","2774","98","5.32","5.32"
"68134","Вира","СИНТУС сироп 200мл.","47900","99","5.06","5.06"
"68134","Вира","ЗИРТЕК сол. 10мг./мл. 20мл.","3325","100","9.48","9.48"
"68134","Вира","ПРОСПАН сир. 100мл.","2463","99","6.39","6.39"
"68134","Вира","МЕЛБЕК табл. 7.5мг. х 30бр.","22547","94","8.74","8.74"
"68134","Вира","БРАУНОЛ СОЛ 7,5 ГР/100 МЛ  1000МЛ Х 10","52259","92","78.5","78.5"
"68134","Вира","БИОПРАЗОЛ капс. 20мг. х 28бр.","13684","86","7.67","7.67"
"68134","Вира","ПАРАБОЛ МАКС капс.400мг. х10бр.","53909","94","4.96","4.96"
"68134","Вира","СПАЗМАЛГОН табл. х 20бр.","34967","87","4.09","4.09"
"68134","Вира","АНГАЛ МЕНТОЛ Спрей за гърло х 30мл.","45483","98","10.17","10.17"
"68134","Вира","СЕПТОЛЕТЕ ТОТАЛ спрей 30мл.","43094","98","4.61","4.61"
"68134","Вира","НУРОФЕН сир. ПОРТОКАЛ 200мг./5мл. 100мл.","42897","94","6.44","6.44"
"68134","Вира","БИЗАКОДИЛ СОФАРМА суп. 10мг. х 6бр.","13836","88","3.27","3.27"
"68134","Вира","ПАНАДОЛ ОПТИСОРБ табл. 500мг. х 24бр.","39058","96","2.66","2.66"
"68134","Вира","БРОНХОСТИМ табл. 500мг. х 120бр.","16348","99","7.36","7.36"
"68134","Вира","МИГ за деца сир. 40мг/мл 100мл.","47456","94","4.76","4.76"
"68134","Вира","ПАРАЦЕТАМОЛ СОФАРМА 500мг. х30бр.","54398","96","2.15","2.15"
"68134","Вира","ЕРДОМЕД гран. 175мг./5мл. 100мл.","17573","99","7.75","7.75"
"68134","Вира","КИСЛОРОДНА ВОДА 6% 100мл.","4277","92","0.61","0.61"
"68134","Вира","ТИНКТУРА КАСТЕЛАНИ 50мл.","26085","92","1.99","1.99"
"68134","Вира","ПЕРСКИНДОЛ гел 100мл.","31066","95","9.66","9.66"
"68134","Вира","БРАУНОВИДОН унгв. 20гр.","395","92","2.25","2.25"
"68134","Вира","НОАЦИД табл. 20мг. х 28бр.","33381","89","3.01","3.01"
"68134","Вира","НАЗОПРЕС СПРЕЙ ЗА НОС АЛОЕ ВЕРА И ПАНТЕНОЛ 20мл.","54524","97","7.11","7.11"
"68134","Вира","КЕТАЛГО сашети 50мг. х12бр.","55229","94","7.11","7.11"
"68134","Вира","ДИКЛАК МАКС гел 5% 150г.","53351","95","14.52","14.52"
