﻿"Населено място","Търговски обект","Наименование на продукта","Код на продукта","Категория","Цена на дребно","Цена в промоция"
"35167","Аптека ИЗТОК Гр.Казанлък Ж.К.""Изток"" бл.1-Партер","АЦЦ 200 ПРАХЧЕТА 200МГ Х 20","95","99","7,30",""
"35167","Аптека ИЗТОК Гр.Казанлък Ж.К.""Изток"" бл.1-Партер","ВОЛТАРЕН РЕТАРД ТАБЛ 100МГ Х 10","238","95","1,47",""
"35167","Аптека ИЗТОК Гр.Казанлък Ж.К.""Изток"" бл.1-Партер","ГЕЛОМИРТОЛ ФОРТЕ КАПС 300МГ Х 20","254","99","8,53",""
"35167","Аптека ИЗТОК Гр.Казанлък Ж.К.""Изток"" бл.1-Партер","ДИКЛОФЕНАК ДУО КАПС. 75МГ Х 30","359","95","5,88",""
"35167","Аптека ИЗТОК Гр.Казанлък Ж.К.""Изток"" бл.1-Партер","ИМОДИУМ КАПС 2МГ X 6","641","89","3,83",""
"35167","Аптека ИЗТОК Гр.Казанлък Ж.К.""Изток"" бл.1-Партер","НАКЛОФЕН амп. 75мг/3мл х 5/кутия/","1001","95","2,05",""
"35167","Аптека ИЗТОК Гр.Казанлък Ж.К.""Изток"" бл.1-Партер","НАКЛОФЕН ДУО капс. 75мг х 20","1060","95","2,55",""
"35167","Аптека ИЗТОК Гр.Казанлък Ж.К.""Изток"" бл.1-Партер","ПАПАВЕРИН ХИДРОХЛ. 2% 1МЛ","1111","87","5,77",""
"35167","Аптека ИЗТОК Гр.Казанлък Ж.К.""Изток"" бл.1-Партер","ПАПАВЕРИН ХИДРОХЛ.ТАБЛ 50МГ Х 40 Д","1112","87","6,75",""
"35167","Аптека ИЗТОК Гр.Казанлък Ж.К.""Изток"" бл.1-Партер","ФАМОТИДИН ТАБЛ 20МГ Х 30 САН","1532","86","2,25",""
"35167","Аптека ИЗТОК Гр.Казанлък Ж.К.""Изток"" бл.1-Партер","АЛЕРГОЗАН ТАБЛ 25МГ Х 20","1852","100","3,81",""
"35167","Аптека ИЗТОК Гр.Казанлък Ж.К.""Изток"" бл.1-Партер","АЛЕРГОЗАН КРЕМ 18ГР","1853","91","4,55",""
"35167","Аптека ИЗТОК Гр.Казанлък Ж.К.""Изток"" бл.1-Партер","АЛЕРГОЗАН УНГВ 18 ГР","1854","91","4,47",""
"35167","Аптека ИЗТОК Гр.Казанлък Ж.К.""Изток"" бл.1-Партер","РУВЕКСИН ТАБЛ. 325МГ. Х100","1911","96","3,04",""
"35167","Аптека ИЗТОК Гр.Казанлък Ж.К.""Изток"" бл.1-Партер","БИЗАЛАКС ТАБЛ 5МГ Х 30  Д","1977","88","2,45",""
"35167","Аптека ИЗТОК Гр.Казанлък Ж.К.""Изток"" бл.1-Партер","ЕКЗОДЕРИЛ КРЕМ 15ГР","2228","90","6,60",""
"35167","Аптека ИЗТОК Гр.Казанлък Ж.К.""Изток"" бл.1-Партер","ЙОДАСЕПТ УНГВ 90ГР ТФ","2299","92","4,60",""
"35167","Аптека ИЗТОК Гр.Казанлък Ж.К.""Изток"" бл.1-Партер","ОТИПАКС СОЛ 16МЛ","2626","101","4,24",""
"35167","Аптека ИЗТОК Гр.Казанлък Ж.К.""Изток"" бл.1-Партер","РЕПАРИЛ Н ГЕЛ 40МЛ","2755","95","6,11",""
"35167","Аптека ИЗТОК Гр.Казанлък Ж.К.""Изток"" бл.1-Партер","СПАЗМАЛГОН ТАБЛ Х 20 Д","2836","87","3,99","3,79"
"35167","Аптека ИЗТОК Гр.Казанлък Ж.К.""Изток"" бл.1-Партер","СТРЕПСИЛС МЕД И ЛИМОН/ЖЪЛТ Х 24","2850","98","5,42",""
"35167","Аптека ИЗТОК Гр.Казанлък Ж.К.""Изток"" бл.1-Партер","ТЕМПАЛГИН ТАБЛ Х 20 СФ","2889","96","2,66",""
"35167","Аптека ИЗТОК Гр.Казанлък Ж.К.""Изток"" бл.1-Партер","ТРАХИЗАН ТАБЛ Х 20","2923","98","6,60",""
"35167","Аптека ИЗТОК Гр.Казанлък Ж.К.""Изток"" бл.1-Партер","ФАСТУМ ГЕЛ 50ГР","2973","95","4,95",""
"35167","Аптека ИЗТОК Гр.Казанлък Ж.К.""Изток"" бл.1-Партер","ФЕНИСТИЛ ГЕЛ 30ГР","2977","91","6,43",""
"35167","Аптека ИЗТОК Гр.Казанлък Ж.К.""Изток"" бл.1-Партер","ФЕНОЛАКС ТАБЛ 5МГ Х 30","2984","88","1,79",""
"35167","Аптека ИЗТОК Гр.Казанлък Ж.К.""Изток"" бл.1-Партер","АЛМАГЕЛ 170МЛ ТЕВА","3163","86","2,76",""
"35167","Аптека ИЗТОК Гр.Казанлък Ж.К.""Изток"" бл.1-Партер","АЛМАГЕЛ А 170МЛ ТЕВА","3164","86","4,14",""
"35167","Аптека ИЗТОК Гр.Казанлък Ж.К.""Изток"" бл.1-Партер","ЛИДОКАИН УНГВ 5% 40ГР  ТЕВА","3166","91","4,47",""
"35167","Аптека ИЗТОК Гр.Казанлък Ж.К.""Изток"" бл.1-Партер","ТАЛЦИД ТАБЛ 500МГ Х 20","3211","86","4,35",""
"35167","Аптека ИЗТОК Гр.Казанлък Ж.К.""Изток"" бл.1-Партер","ИНДОМЕТАЦИН УНГВ 40ГР СФ","3404","95","2,53",""
"35167","Аптека ИЗТОК Гр.Казанлък Ж.К.""Изток"" бл.1-Партер","ЕСПУМИЗАН 40мг 25 капс.","3478","87","2,35",""
"35167","Аптека ИЗТОК Гр.Казанлък Ж.К.""Изток"" бл.1-Партер","УПСАРИН ЕФФ ТАВЛ 2 Х 10","3625","96","4,59",""
"35167","Аптека ИЗТОК Гр.Казанлък Ж.К.""Изток"" бл.1-Партер","КСИЛОМЕТАЗОЛИН 0.1%","5254","97","2,35",""
"35167","Аптека ИЗТОК Гр.Казанлък Ж.К.""Изток"" бл.1-Партер","КСИЛОМЕТАЗОЛИН 0.05%","5255","97","2,35",""
"35167","Аптека ИЗТОК Гр.Казанлък Ж.К.""Изток"" бл.1-Партер","АЦЕТИЗАЛ ТАБЛ 500МГ 2 Х 10","7538","96","1,48",""
"35167","Аптека ИЗТОК Гр.Казанлък Ж.К.""Изток"" бл.1-Партер","БИЗАКОДИЛ СУП 10МГ Х 6","8051","88","3,29",""
"35167","Аптека ИЗТОК Гр.Казанлък Ж.К.""Изток"" бл.1-Партер","СТРЕПСИЛС ПЛЮС Х 16","8081","98","5,78",""
"35167","Аптека ИЗТОК Гр.Казанлък Ж.К.""Изток"" бл.1-Партер","ЕСПУМИЗАН Л 30МЛ ЕМУЛСИЯ","8296","87","5,06",""
"35167","Аптека ИЗТОК Гр.Казанлък Ж.К.""Изток"" бл.1-Партер","МИРТОЛ ДЕТСКИ КАПС X 20","18855","99","5,61",""
"35167","Аптека ИЗТОК Гр.Казанлък Ж.К.""Изток"" бл.1-Партер","ФОРТРАНС ПРАХ.64ГР X 4","20235","88","8,64",""
"35167","Аптека ИЗТОК Гр.Казанлък Ж.К.""Изток"" бл.1-Партер","СПИРТ ЕТИЛОВ 95% 100МЛ ХИМАКС","21667","92","0,77",""
"35167","Аптека ИЗТОК Гр.Казанлък Ж.К.""Изток"" бл.1-Партер","СПИРТ ЕТИЛОВ 90% 100МЛ ХИМАКС","21669","92","0,77",""
"35167","Аптека ИЗТОК Гр.Казанлък Ж.К.""Изток"" бл.1-Партер","РИВАНОЛ 1Л Х","21742","92","4,35",""
"35167","Аптека ИЗТОК Гр.Казанлък Ж.К.""Изток"" бл.1-Партер","ЛАКСИТ ТАБЛ Х 120 Д-Р ТОШКОВ","22277","88","7,62",""
"35167","Аптека ИЗТОК Гр.Казанлък Ж.К.""Изток"" бл.1-Партер","ПСИЛО-БАЛСАМ 20 ГР","22557","91","6,62",""
"35167","Аптека ИЗТОК Гр.Казанлък Ж.К.""Изток"" бл.1-Партер","ДИЙП РЕЛИЙФ ГЕЛ","23565","95","5,60",""
"35167","Аптека ИЗТОК Гр.Казанлък Ж.К.""Изток"" бл.1-Партер","СЕНА ФОРТЕ ТАБЛ Х 60 НИКСЕН","24106","88","2,40",""
"35167","Аптека ИЗТОК Гр.Казанлък Ж.К.""Изток"" бл.1-Партер","РИВАНОЛ УНГ.1% 15ГР ГФ","25216","92","3,53",""
"35167","Аптека ИЗТОК Гр.Казанлък Ж.К.""Изток"" бл.1-Партер","СТРЕПСИЛС ИНТЕНЗИВ Х 16","25311","98","5,78",""
"35167","Аптека ИЗТОК Гр.Казанлък Ж.К.""Изток"" бл.1-Партер","ДИКЛОФЕНАК табл. 50мг х 30 ЧФ","25692","95","1,59",""
"35167","Аптека ИЗТОК Гр.Казанлък Ж.К.""Изток"" бл.1-Партер","АЛМИРАЛ ТАБЛ. 50МГ Х 20","25693","95","2,17",""
"35167","Аптека ИЗТОК Гр.Казанлък Ж.К.""Изток"" бл.1-Партер","ФАМОТИДИН ТАБЛ 20МГ Х 20 АЛКАЛОИД","26156","86","1,11",""
"35167","Аптека ИЗТОК Гр.Казанлък Ж.К.""Изток"" бл.1-Партер","КЕТОФЛЕКС ГЕЛ 50 ГР 2,5%","26380","95","3,42",""
"35167","Аптека ИЗТОК Гр.Казанлък Ж.К.""Изток"" бл.1-Партер","БРАУНОЛ 2000 -1000МЛ","28757","92","11,20",""
"35167","Аптека ИЗТОК Гр.Казанлък Ж.К.""Изток"" бл.1-Партер","ДУЛКОЛАКС капки","29991","88","6,08",""
"35167","Аптека ИЗТОК Гр.Казанлък Ж.К.""Изток"" бл.1-Партер","ИБЕРОГАСТ КАПКИ 20МЛ","30045","87","6,62",""
"35167","Аптека ИЗТОК Гр.Казанлък Ж.К.""Изток"" бл.1-Партер","КСИЗАЛ СОЛ. 5 МГ 20МЛ","30819","100","5,55",""
"35167","Аптека ИЗТОК Гр.Казанлък Ж.К.""Изток"" бл.1-Партер","ЛАКТУЛОЗА-МИП СИРОП 200МЛ","31127","88","6,64",""
"35167","Аптека ИЗТОК Гр.Казанлък Ж.К.""Изток"" бл.1-Партер","ЛАКТУЛОЗА-МИП СИРОП 500МЛ","31128","88","14,73",""
"35167","Аптека ИЗТОК Гр.Казанлък Ж.К.""Изток"" бл.1-Партер","МИКОНАФИН ТАБЛ 250МГ Х 14","31319","90","12,68",""
"35167","Аптека ИЗТОК Гр.Казанлък Ж.К.""Изток"" бл.1-Партер","ОМЕПРАЗИД КАПС.20МГ Х 14","31479","86","3,53",""
"35167","Аптека ИЗТОК Гр.Казанлък Ж.К.""Изток"" бл.1-Партер","НЕКСИУМ табл. 40мг х 14","31943","86","9,87",""
"35167","Аптека ИЗТОК Гр.Казанлък Ж.К.""Изток"" бл.1-Партер","НЕКСИУМ табл. 20мг х 14","31944","86","5,96",""
"35167","Аптека ИЗТОК Гр.Казанлък Ж.К.""Изток"" бл.1-Партер","ФЛЕКСИСТАД табл. 600мг х 20","32029","94","6,62",""
"35167","Аптека ИЗТОК Гр.Казанлък Ж.К.""Изток"" бл.1-Партер","РИВАНОЛ 100МЛ Х /КУТИЯ/","32358","92","1,07",""
"35167","Аптека ИЗТОК Гр.Казанлък Ж.К.""Изток"" бл.1-Партер","ФУНГОФИН ТАБЛ.250МГ Х 14","32880","90","11,61",""
"35167","Аптека ИЗТОК Гр.Казанлък Ж.К.""Изток"" бл.1-Партер","ФУНГОФИН КРЕМ 1% 15ГР","33037","90","5,32",""
"35167","Аптека ИЗТОК Гр.Казанлък Ж.К.""Изток"" бл.1-Партер","ДЕРМОДРИН МАЗ 30ГР","33049","91","4,86",""
"35167","Аптека ИЗТОК Гр.Казанлък Ж.К.""Изток"" бл.1-Партер","ДЕКСОФЕН амп. х 5/кутия/","33615","94","4,42",""
"35167","Аптека ИЗТОК Гр.Казанлък Ж.К.""Изток"" бл.1-Партер","ДЕКСОФЕН табл. 25мг х 10","33616","94","3,27",""
"35167","Аптека ИЗТОК Гр.Казанлък Ж.К.""Изток"" бл.1-Партер","ОЛИНТ DUO наз.спрей 1мг/мл.+50мг/мл.10мл.","34315","97","6,90",""
"35167","Аптека ИЗТОК Гр.Казанлък Ж.К.""Изток"" бл.1-Партер","ЛАМИЗИЛ спрей 15мл","34824","90","10,17",""
"35167","Аптека ИЗТОК Гр.Казанлък Ж.К.""Изток"" бл.1-Партер","СПАЗМОМЕН 30","35032","87","11,20",""
"35167","Аптека ИЗТОК Гр.Казанлък Ж.К.""Изток"" бл.1-Партер","ВОДОРОДЕН ПЕРОКСИД 30% 1000мл","35395","92","4,00",""
"35167","Аптека ИЗТОК Гр.Казанлък Ж.К.""Изток"" бл.1-Партер","ЗЕНАРО ТАБЛ. 5МГ Х 7","36479","100","3,89",""
"35167","Аптека ИЗТОК Гр.Казанлък Ж.К.""Изток"" бл.1-Партер","НАЗИК наз.спрей за деца 10мл","36919","97","4,95",""
"35167","Аптека ИЗТОК Гр.Казанлък Ж.К.""Изток"" бл.1-Партер","НАЗИК наз.спрей 10мл","36920","97","7,11",""
"35167","Аптека ИЗТОК Гр.Казанлък Ж.К.""Изток"" бл.1-Партер","ДУЛКОЛАКС ТАБЛ. 5МГ Х 30","37628","88","6,08",""
"35167","Аптека ИЗТОК Гр.Казанлък Ж.К.""Изток"" бл.1-Партер","ГАСТРОЦИД КАПС. 20МГ Х 14","37653","86","3,68",""
"35167","Аптека ИЗТОК Гр.Казанлък Ж.К.""Изток"" бл.1-Партер","ПОЛИНЕЙЛ 80МГ/Г 3.3МЛ","37671","90","22,85",""
"35167","Аптека ИЗТОК Гр.Казанлък Ж.К.""Изток"" бл.1-Партер","ЕСПУМИЗАН EASY САШЕТА 125МГ","37725","87","4,72",""
"35167","Аптека ИЗТОК Гр.Казанлък Ж.К.""Изток"" бл.1-Партер","ЕМАНЕРА КАПС. 40МГ Х 14","37902","86","3,73",""
"35167","Аптека ИЗТОК Гр.Казанлък Ж.К.""Изток"" бл.1-Партер","МИГ-400 ТАБЛ. 400МГ Х 10","38020","94","2,76",""
"35167","Аптека ИЗТОК Гр.Казанлък Ж.К.""Изток"" бл.1-Партер","КЕТОЗАЛ 2% ШАМПОАН","38183","90","7,41",""
"35167","Аптека ИЗТОК Гр.Казанлък Ж.К.""Изток"" бл.1-Партер","СТОПЕРАН капс. 2 мг х 8","38300","89","3,53",""
"35167","Аптека ИЗТОК Гр.Казанлък Ж.К.""Изток"" бл.1-Партер","ДИАРОСТАД капс х 10","38664","89","3,73",""
"35167","Аптека ИЗТОК Гр.Казанлък Ж.К.""Изток"" бл.1-Партер","ОМЕПРАЗОЛ капс.20 х 28 Gener","39086","86","6,95",""
"35167","Аптека ИЗТОК Гр.Казанлък Ж.К.""Изток"" бл.1-Партер","ЛИНФОРТЕ капс.х14","39100","89","9,69",""
"35167","Аптека ИЗТОК Гр.Казанлък Ж.К.""Изток"" бл.1-Партер","АЛГЕЗАЛ крем 40гр","39418","95","4,96",""
"35167","Аптека ИЗТОК Гр.Казанлък Ж.К.""Изток"" бл.1-Партер","КИСЛОРОДНА ВОДА 3% 100мл Х","39487","92","0,76",""
"35167","Аптека ИЗТОК Гр.Казанлък Ж.К.""Изток"" бл.1-Партер","КСИЗАЛ табл. 5мг х 20","39763","100","11,66",""
"35167","Аптека ИЗТОК Гр.Казанлък Ж.К.""Изток"" бл.1-Партер","АЦЦ 600 ТОПЛА НАПИТКА Х10 САШЕТИ","39972","99","9,10",""
"35167","Аптека ИЗТОК Гр.Казанлък Ж.К.""Изток"" бл.1-Партер","ДУСПАТАЛИН КАПС 200МГ Х 30","40078","87","9,36",""
"35167","Аптека ИЗТОК Гр.Казанлък Ж.К.""Изток"" бл.1-Партер","ДИКЛАК гел 5% 50 г","40092","95","7,41",""
"35167","Аптека ИЗТОК Гр.Казанлък Ж.К.""Изток"" бл.1-Партер","ЕКЗОДЕРИЛ сол. 10мл","40158","90","7,93",""
"35167","Аптека ИЗТОК Гр.Казанлък Ж.К.""Изток"" бл.1-Партер","ЛИДОКАИН спрей  10% 38гр","40181","91","6,80",""
"35167","Аптека ИЗТОК Гр.Казанлък Ж.К.""Изток"" бл.1-Партер","АСПИРИН + ВИТАМИН Ц ефф. табл. * 20","40197","96","7,11",""
"35167","Аптека ИЗТОК Гр.Казанлък Ж.К.""Изток"" бл.1-Партер","АЛКА-ЗЕЛЦЕР ефф.табл. х 10","40214","96","3,17",""
"35167","Аптека ИЗТОК Гр.Казанлък Ж.К.""Изток"" бл.1-Партер","ВОЛТАРЕН гел 1% 50гр","40218","95","6,75",""
"35167","Аптека ИЗТОК Гр.Казанлък Ж.К.""Изток"" бл.1-Партер","БУСКОЛИЗИН амп. 2% 1мл х 10/кутия/","40226","87","7,66",""
"35167","Аптека ИЗТОК Гр.Казанлък Ж.К.""Изток"" бл.1-Партер","НИЗОРАЛ крем 2% 15гр","40271","90","2,11",""
"35167","Аптека ИЗТОК Гр.Казанлък Ж.К.""Изток"" бл.1-Партер","ОЛИНТ спрей 0,1%10мл","40295","97","4,86",""
"35167","Аптека ИЗТОК Гр.Казанлък Ж.К.""Изток"" бл.1-Партер","ОЛИНТ спрей 0,05% 10мл","40297","97","4,88",""
"35167","Аптека ИЗТОК Гр.Казанлък Ж.К.""Изток"" бл.1-Партер","ЛАМИЗИЛ крем 1% 15гр","40412","90","8,03",""
"35167","Аптека ИЗТОК Гр.Казанлък Ж.К.""Изток"" бл.1-Партер","ЛОПЕДИУМ капс. х 10","40437","89","3,55",""
"35167","Аптека ИЗТОК Гр.Казанлък Ж.К.""Изток"" бл.1-Партер","СПАЗМАЛГОН амп. 2мл х 5/опаковка/","40605","87","3,48",""
"35167","Аптека ИЗТОК Гр.Казанлък Ж.К.""Изток"" бл.1-Партер","ФАСТУМ гел 2,5% 100гр","40664","95","8,16",""
"35167","Аптека ИЗТОК Гр.Казанлък Ж.К.""Изток"" бл.1-Партер","МУКОФАЛК ПОРТОКАЛ 20сашета/5г","42518","88","8,67",""
"35167","Аптека ИЗТОК Гр.Казанлък Ж.К.""Изток"" бл.1-Партер","ФРУТИЛАКС сироп 150мл ","42519","88","6,11",""
"35167","Аптека ИЗТОК Гр.Казанлък Ж.К.""Изток"" бл.1-Партер","БЕНГЕЙ МАЗ 50Г","42773","95","5,73",""
"35167","Аптека ИЗТОК Гр.Казанлък Ж.К.""Изток"" бл.1-Партер","БРАУНОЛ 2000 СОЛ. 100МЛ","43066","92","3,80",""
"35167","Аптека ИЗТОК Гр.Казанлък Ж.К.""Изток"" бл.1-Партер","ПУЛСЕТ 40МГ 28ТАБ","43156","86","7,64",""
"35167","Аптека ИЗТОК Гр.Казанлък Ж.К.""Изток"" бл.1-Партер","ОЛИНТ ХИДРА 0,1% 10МЛ","43172","97","6,29",""
"35167","Аптека ИЗТОК Гр.Казанлък Ж.К.""Изток"" бл.1-Партер","ИЗИЛАКС ЗА ВЪЗРАСТНИ","43220","88","5,57",""
"35167","Аптека ИЗТОК Гр.Казанлък Ж.К.""Изток"" бл.1-Партер","ИЗИЛАКС ЗА ДЕЦА","43221","88","4,55",""
"35167","Аптека ИЗТОК Гр.Казанлък Ж.К.""Изток"" бл.1-Партер","ВОДОРОДЕН ПЕРОКСИД 3% 1000МЛ ХИМАКС","43537","92","3,20",""
"35167","Аптека ИЗТОК Гр.Казанлък Ж.К.""Изток"" бл.1-Партер","НУРОФЕН ЕКСПРЕС ТАБЛ. Х 10","43648","94","4,70",""
"35167","Аптека ИЗТОК Гр.Казанлък Ж.К.""Изток"" бл.1-Партер","ЙОДАСЕПТ УНГ - 40ГР","44151","92","3,37",""
"35167","Аптека ИЗТОК Гр.Казанлък Ж.К.""Изток"" бл.1-Партер","ФАМОТИДИН АЛКАЛОИД тбл.40мг.х10","44263","86","0,84",""
"35167","Аптека ИЗТОК Гр.Казанлък Ж.К.""Изток"" бл.1-Партер","НУРОФЕН ТАБЛ. 200МГ Х 24","44690","94","6,11",""
"35167","Аптека ИЗТОК Гр.Казанлък Ж.К.""Изток"" бл.1-Партер","ПЕРСКИНДОЛ ЖЪЛТ","44718","95","9,66",""
"35167","Аптека ИЗТОК Гр.Казанлък Ж.К.""Изток"" бл.1-Партер","ИХТАМОЛ балсам 20 % х 20г - Панацея","45359","92","2,97",""
"35167","Аптека ИЗТОК Гр.Казанлък Ж.К.""Изток"" бл.1-Партер","СПИРТ ЕТИЛОВ 70% 0,8 кг.","46020","92","3,83",""
"35167","Аптека ИЗТОК Гр.Казанлък Ж.К.""Изток"" бл.1-Партер","ГАВИСКОН МЕНТОВИ табл.дъвчаNи *16","49774","86","4,29",""
"35167","Аптека ИЗТОК Гр.Казанлък Ж.К.""Изток"" бл.1-Партер","ОТИРЕЛАКС КАПКИ ЗА УШИ","49987","101","4,06",""
"35167","Аптека ИЗТОК Гр.Казанлък Ж.К.""Изток"" бл.1-Партер","НО-ШПА ТАБЛ. 40МГ Х 24","50317","87","4,91",""
"35167","Аптека ИЗТОК Гр.Казанлък Ж.К.""Изток"" бл.1-Партер","АЛМИРАЛ гел 1.16% 50г.","50568","95","5,78",""
"35167","Аптека ИЗТОК Гр.Казанлък Ж.К.""Изток"" бл.1-Партер","ОТРИВИН МЕНТОЛ спрей за нос 0.1% 10мл.","51061","97","6,51","6,18"
"35167","Аптека ИЗТОК Гр.Казанлък Ж.К.""Изток"" бл.1-Партер","ЕМАНЕРА капс.20мг.х28","51147","86","4,04",""
"35167","Аптека ИЗТОК Гр.Казанлък Ж.К.""Изток"" бл.1-Партер","НУРОФЕН ЕКСПРЕС ФОРТЕ 400 МГ Х 10 КАПС","51266","94","5,60",""
"35167","Аптека ИЗТОК Гр.Казанлък Ж.К.""Изток"" бл.1-Партер","НУРОФЕН ФЕМИНА ФОРТЕ тб.512мг.*12","51361","94","5,57",""
"35167","Аптека ИЗТОК Гр.Казанлък Ж.К.""Изток"" бл.1-Партер","ИБУТОП КРЕМ 50ГР","51388","95","5,60",""
"35167","Аптека ИЗТОК Гр.Казанлък Ж.К.""Изток"" бл.1-Партер","ЕСПУМИЗАН COMFORT 100мг/мл.30мл.","51696","87","7,41",""
"35167","Аптека ИЗТОК Гр.Казанлък Ж.К.""Изток"" бл.1-Партер","ФЕЛОРАН ФОРТЕ гел 5% 40г. СОФАРМА","51697","95","6,03",""
"35167","Аптека ИЗТОК Гр.Казанлък Ж.К.""Изток"" бл.1-Партер","СПИРТ ЕТИЛОВ 95% Х 0,8 кг. ХИМАКС","51783","92","5,09",""
"35167","Аптека ИЗТОК Гр.Казанлък Ж.К.""Изток"" бл.1-Партер","ДЕГАН амп 5мг/мл 2мл х 25бр","51793","87","14,70",""
"35167","Аптека ИЗТОК Гр.Казанлък Ж.К.""Изток"" бл.1-Партер","ЕСПУМИЗАН КАПС. 40 МГ Х 50 ТАБЛ","51859","87","4,40",""
"35167","Аптека ИЗТОК Гр.Казанлък Ж.К.""Изток"" бл.1-Партер","ЛАМИЗИЛ крем 1% 30 гр. ","52156","90","11,45",""
"35167","Аптека ИЗТОК Гр.Казанлък Ж.К.""Изток"" бл.1-Партер","НО-ШПА КОМФОРТ филм.тбл.40мг.х24","52334","87","5,27",""
"35167","Аптека ИЗТОК Гр.Казанлък Ж.К.""Изток"" бл.1-Партер","ПУЛСЕТ табл. 20мг х 14 /стом. устойчиви/","52336","86","2,05",""
"35167","Аптека ИЗТОК Гр.Казанлък Ж.К.""Изток"" бл.1-Партер","ИМОДИУМ ИНСТАНТ ОРОДИСП. ТАБЛ. 2МГ Х 6","52377","89","4,45",""
"35167","Аптека ИЗТОК Гр.Казанлък Ж.К.""Изток"" бл.1-Партер","ДОЛОРЕН ТАБЛ. 400МГ Х 12","53092","94","2,68",""
"35167","Аптека ИЗТОК Гр.Казанлък Ж.К.""Изток"" бл.1-Партер","ИБУДОЛОР ДУО гел 60г.","53593","95","5,37",""
"35167","Аптека ИЗТОК Гр.Казанлък Ж.К.""Изток"" бл.1-Партер","СТРЕПСИЛС МЕНТОЛ/ЕВКАЛИПТ тбл.х24","53706","98","5,42",""
"35167","Аптека ИЗТОК Гр.Казанлък Ж.К.""Изток"" бл.1-Партер","АЛМИРАЛ SOL.FOR INJ 75 MG/3 ML X5","53756","95","1,96",""
"35167","Аптека ИЗТОК Гр.Казанлък Ж.К.""Изток"" бл.1-Партер","БИОТРЕЙД КАЛМАКС ГЕЛ","54554","91","3,99",""
"35167","Аптека ИЗТОК Гр.Казанлък Ж.К.""Изток"" бл.1-Партер","ВИГОСЕПТ пудра солничка 10гр.","54827","92","1,43",""
"35167","Аптека ИЗТОК Гр.Казанлък Ж.К.""Изток"" бл.1-Партер","ДЕКСОФЕН САШЕ 25МГ Х 20","55155","94","9,94",""
"35167","Аптека ИЗТОК Гр.Казанлък Ж.К.""Изток"" бл.1-Партер","ДЕГАН ТАБЛ. 10МГ Х 30","55198","87","3,68",""
"35167","Аптека ИЗТОК Гр.Казанлък Ж.К.""Изток"" бл.1-Партер","ГАВИСКОН ТАБЛЕТКИ ЯГОДА Х 16 ЗА ДЪВЧ.","55319","86","4,29",""
"35167","Аптека ИЗТОК Гр.Казанлък Ж.К.""Изток"" бл.1-Партер","ГАСТРОЦИД ЕЗО ТАБЛ 20МГ Х14","55330","86","4,60",""
"35167","Аптека ИЗТОК Гр.Казанлък Ж.К.""Изток"" бл.1-Партер","СТРЕПСИЛС ИНТЕНЗИВ спрей 15 мл.","55347","98","8,49",""
"35167","Аптека ИЗТОК Гр.Казанлък Ж.К.""Изток"" бл.1-Партер","ЕКЗОДЕРИЛ 1%  СОЛ. 20МЛ","55434","90","13,24",""
"35167","Аптека ИЗТОК Гр.Казанлък Ж.К.""Изток"" бл.1-Партер","ГАВИСКОН ЛИКВИД САШЕ Х 12","55692","86","6,64",""
"35167","Аптека ИЗТОК Гр.Казанлък Ж.К.""Изток"" бл.1-Партер","ГАВИСКОН MENTOL сусп.200мл.","55772","86","7,41",""
"35167","Аптека ИЗТОК Гр.Казанлък Ж.К.""Изток"" бл.1-Партер","ИБУМЕНТОЛ ГЕЛ 40ГР","56002","95","3,43",""
"35167","Аптека ИЗТОК Гр.Казанлък Ж.К.""Изток"" бл.1-Партер","АЦЦ 600 ЕФФ. ТАБЛ.  Х 10","56114","99","8,97",""
"35167","Аптека ИЗТОК Гр.Казанлък Ж.К.""Изток"" бл.1-Партер","ЕКЗОДЕРИЛ крем 1% 30г.","56789","90","10,17",""
"35167","Аптека ИЗТОК Гр.Казанлък Ж.К.""Изток"" бл.1-Партер","ФУНГОФИН спрей 1% 30мл.","57042","90","8,13",""
"35167","Аптека ИЗТОК Гр.Казанлък Ж.К.""Изток"" бл.1-Партер","ИЗИЛАКС БИМБИ 200МЛ","57411","88","12,02",""
"35167","Аптека ИЗТОК Гр.Казанлък Ж.К.""Изток"" бл.1-Партер","ЕКЗОДЕРИЛ НЕЙЛНЪР ЛАК 2в1 5мл.","57413","90","16,82",""
"35167","Аптека ИЗТОК Гр.Казанлък Ж.К.""Изток"" бл.1-Партер","ЕЛАКСА КАПС. Х 20","58902","88","6,29",""
"35167","Аптека ИЗТОК Гр.Казанлък Ж.К.""Изток"" бл.1-Партер","СТРЕПСИЛС ИНТЕНЗИВ тбл.х24","58953","98","8,64",""
"35167","Аптека ИЗТОК Гр.Казанлък Ж.К.""Изток"" бл.1-Партер","ТЕНДИВАЛ ЕМУЛГЕЛ 100мл","59126","95","12,76",""
"35167","Аптека ИЗТОК Гр.Казанлък Ж.К.""Изток"" бл.1-Партер","АНГАЛ МЕНТОЛ спрей 2мг/мл.+ 0.5мг/мл.30мл.","59748","98","10,12",""
"35167","Аптека ИЗТОК Гр.Казанлък Ж.К.""Изток"" бл.1-Партер","ОКТЕКЕЪР спрей 1мг/мл.+20мг/мл.50мл.","59749","92","9,69",""
"35167","Аптека ИЗТОК Гр.Казанлък Ж.К.""Изток"" бл.1-Партер","АНГАЛ ЛИМОН тбл.за смучене 5/1мг. x24","59768","98","6,90",""
"35167","Аптека ИЗТОК Гр.Казанлък Ж.К.""Изток"" бл.1-Партер","АНГАЛ МЕНТОЛ тбл.за смучене 5/1мг.x24","59769","98","7,06",""
"35167","Аптека ИЗТОК Гр.Казанлък Ж.К.""Изток"" бл.1-Партер","ЛАКТУЛОЗА сироп 600мл.ДРОГЕРИИ СТОЛЕТНИК","59963","88","10,69",""
"35167","Аптека ИЗТОК Гр.Казанлък Ж.К.""Изток"" бл.1-Партер","ИНОВОКС ЕКСПРЕС МЕД И ЛИМОН ПАСТИЛИ Х 24","61242","98","5,06",""
"35167","Аптека ИЗТОК Гр.Казанлък Ж.К.""Изток"" бл.1-Партер","ПЕРСКИНДОЛ COOL гел 100мл.","61525","95","9,66",""
"35167","Аптека ИЗТОК Гр.Казанлък Ж.К.""Изток"" бл.1-Партер","СТРЕПСИЛС ИНТЕНЗИВ ПОРТОКАЛХ16","61838","98","5,93",""
"35167","Аптека ИЗТОК Гр.Казанлък Ж.К.""Изток"" бл.1-Партер","ТРИБУТИН тб. 300мг х 20","62289","87","9,15",""
"35167","Аптека ИЗТОК Гр.Казанлък Ж.К.""Изток"" бл.1-Партер","БЕСТАРЕН тбл.25мг.х10","62359","94","3,47",""
"35167","Аптека ИЗТОК Гр.Казанлък Ж.К.""Изток"" бл.1-Партер","ЕЛАКСА ПИКО тбл.5мг.x20","63189","88","4,70",""
"35167","Аптека ИЗТОК Гр.Казанлък Ж.К.""Изток"" бл.1-Партер","ТЕРАФЛУ ПРОСТУДА И ГРИП сашети х14","63405","99","7,97","7,57"
"35167","Аптека ИЗТОК Гр.Казанлък Ж.К.""Изток"" бл.1-Партер","НО-ШПА МАКС тбл.80мг.х24","63515","87","7,66",""
"35167","Аптека ИЗТОК Гр.Казанлък Ж.К.""Изток"" бл.1-Партер","ЕКЗОДЕРИЛ МАКСИ ЛАК 50мг/мл.2.5мл.","63879","90","21,42",""
"35167","Аптека ИЗТОК Гр.Казанлък Ж.К.""Изток"" бл.1-Партер","ЕНТЕРОЛ ПРАХЧЕТА 250  Х 20 БР","64025","89","13,65",""
"35167","Аптека ИЗТОК Гр.Казанлък Ж.К.""Изток"" бл.1-Партер","ЕНТЕРОЛ КАПС. 250МГ Х 12 ","64026","89","7,59",""
"35167","Аптека ИЗТОК Гр.Казанлък Ж.К.""Изток"" бл.1-Партер","СТРЕПСИЛС ИНТЕНЗИВ МЕД И ЛИМОН спрей 8,75mg/доза разтвор 15мл
I","64547","98","8,49",""
"35167","Аптека ИЗТОК Гр.Казанлък Ж.К.""Изток"" бл.1-Партер","АУЛИН гел 3% 50г.","64880","95","9,00",""
"35167","Аптека ИЗТОК Гр.Казанлък Ж.К.""Изток"" бл.1-Партер","ВАРИВАКС фл.+ шпр.амп.0.5мл.","65977","93","41,85",""
"35167","Аптека ИЗТОК Гр.Казанлък Ж.К.""Изток"" бл.1-Партер","ФУНГИТЕР 5% ЛАК ЗА НОКТИ","65991","90","17,84",""
"35167","Аптека ИЗТОК Гр.Казанлък Ж.К.""Изток"" бл.1-Партер","ГРИПЕКС ХОТ МАКС 1000МГ/100МГ/12,2МГ САШЕТА Х 12","66127","99","8,13",""
"35167","Аптека ИЗТОК Гр.Казанлък Ж.К.""Изток"" бл.1-Партер","НИЗОРАЛ шампоан 2% 100мл.","66320","90","13,70",""
"35167","Аптека ИЗТОК Гр.Казанлък Ж.К.""Изток"" бл.1-Партер","АЛЕРГОЗАН крем 1% 60г.","66339","91","7,98",""
"35167","Аптека ИЗТОК Гр.Казанлък Ж.К.""Изток"" бл.1-Партер","АНГАЛ ЯГОДА ЗА ДЕЦА ТАБЛ. ЗА","66340","98","7,15",""
"35167","Аптека ИЗТОК Гр.Казанлък Ж.К.""Изток"" бл.1-Партер","ФУНГИТЕР крем 1% 15г.","66516","90","5,88",""
"35167","Аптека ИЗТОК Гр.Казанлък Ж.К.""Изток"" бл.1-Партер","АНГАЛ МЕД ТАБЛ. ЗА СМУЧЕНЕ 5МГ/1МГ Х 24","66915","98","7,31",""
"35167","Аптека ИЗТОК Гр.Казанлък Ж.К.""Изток"" бл.1-Партер","АНГАЛ ЛИМОН СПРЕЙ 2МГ/МЛ+0,5МГ/МЛ 30МЛ","66916","98","10,22",""
"35167","Аптека ИЗТОК Гр.Казанлък Ж.К.""Изток"" бл.1-Партер","ТЕНДИВАЛ МАКС ЕМУЛГЕЛ 200мл","67275","95","17,33",""
"35167","Аптека ИЗТОК Гр.Казанлък Ж.К.""Изток"" бл.1-Партер","НУРОФЕН ФОРТЕ тбл.400мг.х24","69133","94","8,44",""
"35167","Аптека ИЗТОК Гр.Казанлък Ж.К.""Изток"" бл.1-Партер","ДЕКСИНАЛ гел 12.5мг/г.60г.","69522","95","4,55",""
"35167","Аптека ИЗТОК Гр.Казанлък Ж.К.""Изток"" бл.1-Партер","КЕТОФЛЕКС 5% ГЕЛ 50Г Х 1","69543","95","5,32",""
"35167","Аптека ИЗТОК Гр.Казанлък Ж.К.""Изток"" бл.1-Партер","БУСКОЛИЗИН 10МГ ТАБЛ. Х 30","70392","87","4,24",""
"35167","Аптека ИЗТОК Гр.Казанлък Ж.К.""Изток"" бл.1-Партер","МОБИЛАТ емулгел 2.32% 50г.","70491","95","8,90",""
"35167","Аптека ИЗТОК Гр.Казанлък Ж.К.""Изток"" бл.1-Партер","АБОФАРМА ФЛОРА 10 х 30 К.","70685","89","13,24",""
"35167","Аптека ИЗТОК Гр.Казанлък Ж.К.""Изток"" бл.1-Партер","КЛОТРИМАЗОЛ АБР КРЕМ 10МГ/Г 20Г","71067","90","3,02",""
"35167","Аптека ИЗТОК Гр.Казанлък Ж.К.""Изток"" бл.1-Партер","ЕНТЕРОЛ ФОРТЕ сашети 500мг.х10","71234","89","9,15",""
"35167","Аптека ИЗТОК Гр.Казанлък Ж.К.""Изток"" бл.1-Партер","СПАЗМОФАРМ тбл.500/5/0.1мг.х20","71378","87","3,89",""
"35167","Аптека ИЗТОК Гр.Казанлък Ж.К.""Изток"" бл.1-Партер","ЕФИЗОЛ ИНТЕНЗ тбл.за смучене 8.75мг.х24","71605","98","7,11",""
"35167","АПТЕКА ""АПОСТОЛОВ 2"" ОТЕЦ ПАИСИЙ 33","ТРАХИЗАН ТАБЛ Х 20","2923","98","6,60",""
"35167","АПТЕКА ""АПОСТОЛОВ 2"" ОТЕЦ ПАИСИЙ 33","АЦЕТИЗАЛ ТАБЛ 500МГ 2 Х 10","7538","96","1,48",""
"35167","АПТЕКА ""АПОСТОЛОВ 2"" ОТЕЦ ПАИСИЙ 33","ДЕКСОФЕН амп. х 5/кутия/","33615","94","4,42",""
"35167","АПТЕКА ""АПОСТОЛОВ 2"" ОТЕЦ ПАИСИЙ 33","ЕКЗОДЕРИЛ сол. 10мл","40158","90","7,93",""
"35167","АПТЕКА ""АПОСТОЛОВ 2"" ОТЕЦ ПАИСИЙ 33","БРАУНОЛ 2000 СОЛ. 100МЛ","43066","92","3,80",""
"35167","АПТЕКА ""АПОСТОЛОВ 2"" ОТЕЦ ПАИСИЙ 33","СПИРТ ЕТИЛОВ 70% 0,8 кг.","46020","92","3,83",""
"35167","АПТЕКА ""АПОСТОЛОВ 2"" ОТЕЦ ПАИСИЙ 33","АЛМИРАЛ SOL.FOR INJ 75 MG/3 ML X5","53756","95","2,02",""
"35167","АПТЕКА ""АПОСТОЛОВ 2"" ОТЕЦ ПАИСИЙ 33","ЕКЗОДЕРИЛ 1%  СОЛ. 20МЛ","55434","90","13,24",""
"35167","АПТЕКА ""АПОСТОЛОВ 2"" ОТЕЦ ПАИСИЙ 33","СТРЕПСИЛС ИНТЕНЗИВ МЕД и ЕВКАЛИПТ без захар тбл.х16","71122","98","5,95",""
"35167","АПТЕКА АПОСТОЛОВ 23- ПЕХОТЕН ШИПЧЕНСКИ ПОЛК 7","ТРАХИЗАН ТАБЛ Х 20","2923","98","6,60",""
"35167","АПТЕКА АПОСТОЛОВ 23- ПЕХОТЕН ШИПЧЕНСКИ ПОЛК 7","ФАСТУМ ГЕЛ 50ГР","2973","94","4,95",""
"35167","АПТЕКА АПОСТОЛОВ 23- ПЕХОТЕН ШИПЧЕНСКИ ПОЛК 7","АЦЕТИЗАЛ ТАБЛ 500МГ 2 Х 10","7538","96","1,48",""
"35167","АПТЕКА АПОСТОЛОВ 23- ПЕХОТЕН ШИПЧЕНСКИ ПОЛК 7","ДЕКСОФЕН амп. х 5/кутия/","33615","94","4,42",""
"35167","АПТЕКА АПОСТОЛОВ 23- ПЕХОТЕН ШИПЧЕНСКИ ПОЛК 7","АЛМИРАЛ SOL.FOR INJ 75 MG/3 ML X5","53756","95","1,94",""
"35167","Аптека ""Апостолов ""4 гр.Казанлък ул.""Генерал Столетов""2","АЦЦ 200 ПРАХЧЕТА 200МГ Х 20","95","99","7,30",""
"35167","Аптека ""Апостолов ""4 гр.Казанлък ул.""Генерал Столетов""2","ВОЛТАРЕН РЕТАРД ТАБЛ 100МГ Х 10","238","95","1,47",""
"35167","Аптека ""Апостолов ""4 гр.Казанлък ул.""Генерал Столетов""2","ГЕЛОМИРТОЛ ФОРТЕ КАПС 300МГ Х 20","254","99","8,53",""
"35167","Аптека ""Апостолов ""4 гр.Казанлък ул.""Генерал Столетов""2","ДИКЛОФЕНАК ДУО КАПС. 75МГ Х 30","359","95","5,88",""
"35167","Аптека ""Апостолов ""4 гр.Казанлък ул.""Генерал Столетов""2","НАКЛОФЕН амп. 75мг/3мл х 5/кутия/","1001","95","2,05",""
"35167","Аптека ""Апостолов ""4 гр.Казанлък ул.""Генерал Столетов""2","НАКЛОФЕН ДУО капс. 75мг х 20","1060","95","2,55",""
"35167","Аптека ""Апостолов ""4 гр.Казанлък ул.""Генерал Столетов""2","АЛЕРГОЗАН ТАБЛ 25МГ Х 20","1852","100","3,81",""
"35167","Аптека ""Апостолов ""4 гр.Казанлък ул.""Генерал Столетов""2","АЛЕРГОЗАН КРЕМ 18ГР","1853","91","4,55",""
"35167","Аптека ""Апостолов ""4 гр.Казанлък ул.""Генерал Столетов""2","АЛЕРГОЗАН УНГВ 18 ГР","1854","91","4,45",""
"35167","Аптека ""Апостолов ""4 гр.Казанлък ул.""Генерал Столетов""2","РУВЕКСИН ТАБЛ. 325МГ. Х100","1911","96","3,04",""
"35167","Аптека ""Апостолов ""4 гр.Казанлък ул.""Генерал Столетов""2","БИЗАЛАКС ТАБЛ 5МГ Х 30  Д","1977","88","2,45",""
"35167","Аптека ""Апостолов ""4 гр.Казанлък ул.""Генерал Столетов""2","ЙОДАСЕПТ УНГВ 90ГР ТФ","2299","92","4,60",""
"35167","Аптека ""Апостолов ""4 гр.Казанлък ул.""Генерал Столетов""2","ОТИПАКС СОЛ 16МЛ","2626","101","4,24",""
"35167","Аптека ""Апостолов ""4 гр.Казанлък ул.""Генерал Столетов""2","СТРЕПСИЛС МЕД И ЛИМОН/ЖЪЛТ Х 24","2850","98","5,42",""
"35167","Аптека ""Апостолов ""4 гр.Казанлък ул.""Генерал Столетов""2","ТЕМПАЛГИН ТАБЛ Х 20 СФ","2889","87","2,66",""
"35167","Аптека ""Апостолов ""4 гр.Казанлък ул.""Генерал Столетов""2","ТРАХИЗАН ТАБЛ Х 20","2923","98","6,60",""
"35167","Аптека ""Апостолов ""4 гр.Казанлък ул.""Генерал Столетов""2","ФАСТУМ ГЕЛ 50ГР","2973","94","4,95",""
"35167","Аптека ""Апостолов ""4 гр.Казанлък ул.""Генерал Столетов""2","ТАЛЦИД ТАБЛ 500МГ Х 20","3211","86","4,35",""
"35167","Аптека ""Апостолов ""4 гр.Казанлък ул.""Генерал Столетов""2","УПСАРИН ЕФФ ТАВЛ 2 Х 10","3625","96","4,59",""
"35167","Аптека ""Апостолов ""4 гр.Казанлък ул.""Генерал Столетов""2","КСИЛОМЕТАЗОЛИН 0.1%","5254","97","2,35",""
"35167","Аптека ""Апостолов ""4 гр.Казанлък ул.""Генерал Столетов""2","КСИЛОМЕТАЗОЛИН 0.05%","5255","97","2,35",""
"35167","Аптека ""Апостолов ""4 гр.Казанлък ул.""Генерал Столетов""2","АЦЕТИЗАЛ ТАБЛ 500МГ 2 Х 10","7538","96","1,48",""
"35167","Аптека ""Апостолов ""4 гр.Казанлък ул.""Генерал Столетов""2","БИЗАКОДИЛ СУП 10МГ Х 6","8051","88","3,29",""
"35167","Аптека ""Апостолов ""4 гр.Казанлък ул.""Генерал Столетов""2","СТРЕПСИЛС ПЛЮС Х 16","8081","98","5,78",""
"35167","Аптека ""Апостолов ""4 гр.Казанлък ул.""Генерал Столетов""2","МИРТОЛ ДЕТСКИ КАПС X 20","18855","99","5,61",""
"35167","Аптека ""Апостолов ""4 гр.Казанлък ул.""Генерал Столетов""2","СТРЕПСИЛС ИНТЕНЗИВ Х 16","25311","98","5,78",""
"35167","Аптека ""Апостолов ""4 гр.Казанлък ул.""Генерал Столетов""2","ДИКЛОФЕНАК табл. 50мг х 30 ЧФ","25692","95","1,59",""
"35167","Аптека ""Апостолов ""4 гр.Казанлък ул.""Генерал Столетов""2","АЛМИРАЛ ТАБЛ. 50МГ Х 20","25693","95","2,17",""
"35167","Аптека ""Апостолов ""4 гр.Казанлък ул.""Генерал Столетов""2","КСИЗАЛ СОЛ. 5 МГ 20МЛ","30819","100","5,55",""
"35167","Аптека ""Апостолов ""4 гр.Казанлък ул.""Генерал Столетов""2","ФЛЕКСИСТАД табл. 600мг х 20","32029","94","6,62",""
"35167","Аптека ""Апостолов ""4 гр.Казанлък ул.""Генерал Столетов""2","ФЛЕКСИСТАД табл. 400мг х 20","32030","94","4,50",""
"35167","Аптека ""Апостолов ""4 гр.Казанлък ул.""Генерал Столетов""2","ДЕКСОФЕН амп. х 5/кутия/","33615","94","4,42",""
"35167","Аптека ""Апостолов ""4 гр.Казанлък ул.""Генерал Столетов""2","ДЕКСОФЕН табл. 25мг х 10","33616","94","3,27",""
"35167","Аптека ""Апостолов ""4 гр.Казанлък ул.""Генерал Столетов""2","ОЛИНТ DUO наз.спрей 1мг/мл.+50мг/мл.10мл.","34315","97","6,90",""
"35167","Аптека ""Апостолов ""4 гр.Казанлък ул.""Генерал Столетов""2","ЗЕНАРО ТАБЛ. 5МГ Х 7","36479","100","3,89",""
"35167","Аптека ""Апостолов ""4 гр.Казанлък ул.""Генерал Столетов""2","НАЗИК наз.спрей 10мл","36920","97","7,11",""
"35167","Аптека ""Апостолов ""4 гр.Казанлък ул.""Генерал Столетов""2","КСИЗАЛ табл. 5мг х 20","39763","100","11,66",""
"35167","Аптека ""Апостолов ""4 гр.Казанлък ул.""Генерал Столетов""2","АЦЦ 600 ТОПЛА НАПИТКА Х10 САШЕТИ","39972","99","9,10",""
"35167","Аптека ""Апостолов ""4 гр.Казанлък ул.""Генерал Столетов""2","ДИКЛАК гел 5% 50 г","40092","95","7,41",""
"35167","Аптека ""Апостолов ""4 гр.Казанлък ул.""Генерал Столетов""2","АСПИРИН + ВИТАМИН Ц ефф. табл. * 20","40197","96","7,11",""
"35167","Аптека ""Апостолов ""4 гр.Казанлък ул.""Генерал Столетов""2","АЛКА-ЗЕЛЦЕР ефф.табл. х 10","40214","96","3,17",""
"35167","Аптека ""Апостолов ""4 гр.Казанлък ул.""Генерал Столетов""2","ВОЛТАРЕН гел 1% 50гр","40218","95","6,75",""
"35167","Аптека ""Апостолов ""4 гр.Казанлък ул.""Генерал Столетов""2","БУСКОЛИЗИН амп. 2% 1мл х 10/кутия/","40226","87","7,66",""
"35167","Аптека ""Апостолов ""4 гр.Казанлък ул.""Генерал Столетов""2","НИЗОРАЛ крем 2% 15гр","40271","90","2,11",""
"35167","Аптека ""Апостолов ""4 гр.Казанлък ул.""Генерал Столетов""2","ОЛИНТ спрей 0,1%10мл","40295","97","4,86",""
"35167","Аптека ""Апостолов ""4 гр.Казанлък ул.""Генерал Столетов""2","ОЛИНТ спрей 0,05% 10мл","40297","97","4,88",""
"35167","Аптека ""Апостолов ""4 гр.Казанлък ул.""Генерал Столетов""2","ЛОПЕДИУМ капс. х 10","40437","89","3,55",""
"35167","Аптека ""Апостолов ""4 гр.Казанлък ул.""Генерал Столетов""2","ОЛИНТ ХИДРА 0,1% 10МЛ","43172","97","6,29",""
"35167","Аптека ""Апостолов ""4 гр.Казанлък ул.""Генерал Столетов""2","ОТИРЕЛАКС КАПКИ ЗА УШИ","49987","101","4,06",""
"35167","Аптека ""Апостолов ""4 гр.Казанлък ул.""Генерал Столетов""2","ОТРИВИН МЕНТОЛ спрей за нос 0.1% 10мл.","51061","97","6,51","6,18"
"35167","Аптека ""Апостолов ""4 гр.Казанлък ул.""Генерал Столетов""2","СТРЕПСИЛС МЕНТОЛ/ЕВКАЛИПТ тбл.х24","53706","98","5,42",""
"35167","Аптека ""Апостолов ""4 гр.Казанлък ул.""Генерал Столетов""2","АЛМИРАЛ SOL.FOR INJ 75 MG/3 ML X5","53756","95","2,02",""
"35167","Аптека ""Апостолов ""4 гр.Казанлък ул.""Генерал Столетов""2","СТРЕПСИЛС ИНТЕНЗИВ спрей 15 мл.","55347","98","8,13",""
"35167","Аптека ""Апостолов ""4 гр.Казанлък ул.""Генерал Столетов""2","АЦЦ 600 ЕФФ. ТАБЛ.  Х 10","56114","99","8,97",""
"35167","Аптека ""Апостолов ""4 гр.Казанлък ул.""Генерал Столетов""2","СТРЕПСИЛС ИНТЕНЗИВ тбл.х24","58953","98","8,51",""
"35167","Аптека ""Апостолов ""4 гр.Казанлък ул.""Генерал Столетов""2","АНГАЛ МЕНТОЛ спрей 2мг/мл.+ 0.5мг/мл.30мл.","59748","98","10,12",""
"35167","Аптека ""Апостолов ""4 гр.Казанлък ул.""Генерал Столетов""2","АНГАЛ ЛИМОН тбл.за смучене 5/1мг. x24","59768","98","6,90",""
"35167","Аптека ""Апостолов ""4 гр.Казанлък ул.""Генерал Столетов""2","АНГАЛ МЕНТОЛ тбл.за смучене 5/1мг.x24","59769","98","7,06",""
"35167","Аптека ""Апостолов ""4 гр.Казанлък ул.""Генерал Столетов""2","ИНОВОКС ЕКСПРЕС МЕД И ЛИМОН ПАСТИЛИ Х 24","61242","98","5,06",""
"35167","Аптека ""Апостолов ""4 гр.Казанлък ул.""Генерал Столетов""2","СТРЕПСИЛС ИНТЕНЗИВ ПОРТОКАЛХ16","61838","98","5,93",""
"35167","Аптека ""Апостолов ""4 гр.Казанлък ул.""Генерал Столетов""2","ТЕРАФЛУ ПРОСТУДА И ГРИП сашети х14","63405","99","7,97","7,57"
"35167","Аптека ""Апостолов ""4 гр.Казанлък ул.""Генерал Столетов""2","СТРЕПСИЛС ИНТЕНЗИВ МЕД И ЛИМОН спрей 8,75mg/доза разтвор 15мл
I","64547","98","8,49",""
"35167","Аптека ""Апостолов ""4 гр.Казанлък ул.""Генерал Столетов""2","ГРИПЕКС ХОТ МАКС 1000МГ/100МГ/12,2МГ САШЕТА Х 12","66127","99","8,13",""
"35167","Аптека ""Апостолов ""4 гр.Казанлък ул.""Генерал Столетов""2","АНГАЛ ЯГОДА ЗА ДЕЦА ТАБЛ. ЗА","66340","98","6,89",""
"35167","Аптека ""Апостолов ""4 гр.Казанлък ул.""Генерал Столетов""2","АНГАЛ МЕД ТАБЛ. ЗА СМУЧЕНЕ 5МГ/1МГ Х 24","66915","98","7,31",""
"35167","Аптека ""Апостолов ""4 гр.Казанлък ул.""Генерал Столетов""2","АНГАЛ ЛИМОН СПРЕЙ 2МГ/МЛ+0,5МГ/МЛ 30МЛ","66916","98","10,22",""
"35167","Аптека ""Апостолов ""4 гр.Казанлък ул.""Генерал Столетов""2","АБОФАРМА ФЛОРА 10 х 30 К.","70685","89","13,24",""
"35167","Аптека ""Апостолов ""4 гр.Казанлък ул.""Генерал Столетов""2","СТРЕПСИЛС ИНТЕНЗИВ МЕД и ЕВКАЛИПТ без захар тбл.х16","71122","98","5,95",""
"35167","Аптека ""Апостолов ""4 гр.Казанлък ул.""Генерал Столетов""2","ЕФИЗОЛ ИНТЕНЗ тбл.за смучене 8.75мг.х24","71605","98","7,11",""
