"Населено място","Търговски обект","Наименование на продукта","Код на продукта","Категория","Цена на дребно","Цена в промоция"
"56784","Аптека Гален 12 - бул. България 186","АЛЕРГОЗАН КРЕМ 18ГР СОФАРМА","1853","91","3.55","3.55"
"56784","Аптека Гален 12 - бул. България 186","ЕФИЗОЛ 250МГ Х 20 ТЕВА","2253","98","2.49","2.49"
"56784","Аптека Гален 12 - бул. България 186","ОТИПАКС СОЛ 15МЛ БИОКОДЕКС","2626","101","3.25","3.25"
"56784","Аптека Гален 12 - бул. България 186","АДАПТ.МЛЯКО ФРИЗО (ФРИЗОЛАК) 2 400ГР","3352","65","9.05","9.05"
"56784","Аптека Гален 12 - бул. България 186","ЕСПУМИЗАН 40МГ Х 25 БЕРЛИН ХИМИ","3478","87","2.15","2.15"
"56784","Аптека Гален 12 - бул. България 186","КСИЛОМЕТАЗОЛИН 0.1% 10МЛ ПОЛФА","5254","97","1.95","1.95"
"56784","Аптека Гален 12 - бул. България 186","ЧАЙ ЛАЙКА ФИЛТЪР Х 20 БП","13818","72","0.79","0.79"
"56784","Аптека Гален 12 - бул. България 186","СПИРТ ЕТИЛОВ 70% 100МЛ ХИМАКС","21632","92","0.55","0.55"
"56784","Аптека Гален 12 - бул. България 186","СПИРТ САЛИЦИЛОВ 1% 100МЛ ХИМАКС","21635","90","0.79","0.79"
"56784","Аптека Гален 12 - бул. България 186","СПИРТ КАМФОРОВ 100МЛ ХИМАКС","21677","95","1.09","1.09"
"56784","Аптека Гален 12 - бул. България 186","РИЦИНОВО МАСЛО 40МЛ ХИМАКС","21974","88","0.85","0.85"
"56784","Аптека Гален 12 - бул. България 186","ФАМОТИДИН 20МГ X 20 АЛКАЛОИД","30951","86","0.79","0.79"
"56784","Аптека Гален 12 - бул. България 186","ГАНЧЕВ МЛЕЧНА КАША БАНАНИ И БИСКВИТИ 4М+ 190ГР","32990","63","0.99","0.99"
"56784","Аптека Гален 12 - бул. България 186","СТОПЕРАН 2МГ Х 8 USP","35304","89","2.79","2.79"
"56784","Аптека Гален 12 - бул. България 186","АСТЕРА ЧЕТКА ЗА ЗЪБИ АКТИВ 3 МЕДИУМ","36974","80","0.79","0.79"
"56784","Аптека Гален 12 - бул. България 186","РОЛЕТРА 10МГ Х 10 ЕКОФАРМ","40109","100","2.79","2.79"
"56784","Аптека Гален 12 - бул. България 186","ПАРАЦЕТАМОЛ 500МГ Х 20 ЕКОФАРМ","57415","96","0.89","0.89"
"56784","Аптека Гален 12 - бул. България 186","ДОЛОРЕН 400МГ Х 12 ЕКОФАРМА","60169","94","2.49","1.99"
"56784","Аптека Гален 12 - бул. България 186","БОЧКО ШАМПОАН И ДУШ ГЕЛ 2В1 ДЕТСКИ С ВИТАМИНИ В3 250МЛ","72722","82","1.89","1.8"
"56784","Аптека Гален 12 - бул. България 186","СЕПТОНА МОКРИ КЪРПИ КИДС АНТИБАКТЕРИАЛНИ Х 15","78301","84","0.49","0.49"
"56784","Аптека Гален 12 - бул. България 186","ТЕО RICH MILK САПУН COCONUT (ЗЕЛЕН) 90ГР","92408","83","0.75","0.59"
"68134","Аптека Гален 13 - Студентски град, ул. Йордан Йосифов 4","ПАРАЦЕТАМОЛ 500МГ Х 20 ЕКОФАРМ","57415","96","0.89","0.89"
"68134","Аптека Гален 13 - Студентски град, ул. Йордан Йосифов 4","ДОЛОРЕН 400МГ Х 12 ЕКОФАРМА","60169","94","2.49","1.99"
"68134","Аптека Гален 13 - Студентски град, ул. Йордан Йосифов 4","БОЧКО ШАМПОАН И ДУШ ГЕЛ 2В1 ДЕТСКИ С ВИТАМИНИ В3 250МЛ","72722","82","1.89","1.8"
"68134","Аптека Гален 13 - Студентски град, ул. Йордан Йосифов 4","АЛЕРГОЗАН КРЕМ 18ГР СОФАРМА","1853","91","3.55","3.55"
"68134","Аптека Гален 13 - Студентски град, ул. Йордан Йосифов 4","ЕФИЗОЛ 250МГ Х 20 ТЕВА","2253","98","2.49","2.49"
"68134","Аптека Гален 13 - Студентски град, ул. Йордан Йосифов 4","ОТИПАКС СОЛ 15МЛ БИОКОДЕКС","2626","101","3.25","3.25"
"68134","Аптека Гален 13 - Студентски град, ул. Йордан Йосифов 4","СОЛВОЛАН 30МГ Х 20 КРКА","2823","99","2.49","2.22"
"68134","Аптека Гален 13 - Студентски град, ул. Йордан Йосифов 4","АДАПТ.МЛЯКО ФРИЗО (ФРИЗОЛАК) 2 400ГР","3352","65","9.05","9.05"
"68134","Аптека Гален 13 - Студентски град, ул. Йордан Йосифов 4","ЕСПУМИЗАН 40МГ Х 25 БЕРЛИН ХИМИ","3478","87","2.15","2.15"
"68134","Аптека Гален 13 - Студентски град, ул. Йордан Йосифов 4","КСИЛОМЕТАЗОЛИН 0.1% 10МЛ ПОЛФА","5254","97","1.95","1.95"
"68134","Аптека Гален 13 - Студентски град, ул. Йордан Йосифов 4","АСТЕРА ПАСТА ЗА ЗЪБИ КИДС ЯГОДА 0+Г 50МЛ","8547","81","1.09","1.09"
"68134","Аптека Гален 13 - Студентски град, ул. Йордан Йосифов 4","ЧАЙ ЛАЙКА ФИЛТЪР Х 20 БП","13818","72","0.79","0.79"
"68134","Аптека Гален 13 - Студентски град, ул. Йордан Йосифов 4","СПИРТ ЕТИЛОВ 70% 100МЛ ХИМАКС","21632","92","0.55","0.55"
"68134","Аптека Гален 13 - Студентски град, ул. Йордан Йосифов 4","СПИРТ САЛИЦИЛОВ 1% 100МЛ ХИМАКС","21635","90","0.79","0.79"
"68134","Аптека Гален 13 - Студентски град, ул. Йордан Йосифов 4","СПИРТ КАМФОРОВ 100МЛ ХИМАКС","21677","95","1.09","1.09"
"68134","Аптека Гален 13 - Студентски град, ул. Йордан Йосифов 4","РИЦИНОВО МАСЛО 40МЛ ХИМАКС","21974","88","0.85","0.85"
"68134","Аптека Гален 13 - Студентски град, ул. Йордан Йосифов 4","ФАМОТИДИН 20МГ X 20 АЛКАЛОИД","30951","86","0.79","0.79"
"68134","Аптека Гален 13 - Студентски град, ул. Йордан Йосифов 4","ГАНЧЕВ МЛЕЧНА КАША БАНАНИ И БИСКВИТИ 4М+ 190ГР","32990","63","0.99","0.99"
"68134","Аптека Гален 13 - Студентски град, ул. Йордан Йосифов 4","СТОПЕРАН 2МГ Х 8 USP","35304","89","2.79","2.79"
"68134","Аптека Гален 13 - Студентски град, ул. Йордан Йосифов 4","АСТЕРА ЧЕТКА ЗА ЗЪБИ АКТИВ 3 МЕДИУМ","36974","80","0.79","0.79"
"68134","Аптека Гален 13 - Студентски град, ул. Йордан Йосифов 4","РОЛЕТРА 10МГ Х 10 ЕКОФАРМ","40109","100","2.79","2.79"
"68134","Аптека Гален 13 - Студентски град, ул. Йордан Йосифов 4","СЕПТОНА МОКРИ КЪРПИ КИДС АНТИБАКТЕРИАЛНИ Х 15","78301","84","0.49","0.49"
"68134","Аптека Гален 14 - жк Люлин 3, бул. Захари Стоянов 31","АЛЕРГОЗАН КРЕМ 18ГР СОФАРМА","1853","91","3.55","3.55"
"68134","Аптека Гален 14 - жк Люлин 3, бул. Захари Стоянов 31","ЕФИЗОЛ 250МГ Х 20 ТЕВА","2253","98","2.49","2.49"
"68134","Аптека Гален 14 - жк Люлин 3, бул. Захари Стоянов 31","ОТИПАКС СОЛ 15МЛ БИОКОДЕКС","2626","101","3.25","3.25"
"68134","Аптека Гален 14 - жк Люлин 3, бул. Захари Стоянов 31","СОЛВОЛАН 30МГ Х 20 КРКА","2823","99","2.49","2.22"
"68134","Аптека Гален 14 - жк Люлин 3, бул. Захари Стоянов 31","АДАПТ.МЛЯКО ФРИЗО (ФРИЗОЛАК) 2 400ГР","3352","65","9.05","9.05"
"68134","Аптека Гален 14 - жк Люлин 3, бул. Захари Стоянов 31","ЕСПУМИЗАН 40МГ Х 25 БЕРЛИН ХИМИ","3478","87","2.15","2.15"
"68134","Аптека Гален 14 - жк Люлин 3, бул. Захари Стоянов 31","КСИЛОМЕТАЗОЛИН 0.1% 10МЛ ПОЛФА","5254","97","1.95","1.95"
"68134","Аптека Гален 14 - жк Люлин 3, бул. Захари Стоянов 31","ЧАЙ ЛАЙКА ФИЛТЪР Х 20 БП","13818","72","0.79","0.79"
"68134","Аптека Гален 14 - жк Люлин 3, бул. Захари Стоянов 31","ХИП 4070 БИО ПЮРЕ РАЗЛИЧНИ ЗЕЛЕНЧУЦИ 4М+ 190ГР","15746","64","1.89","1.7"
"68134","Аптека Гален 14 - жк Люлин 3, бул. Захари Стоянов 31","СПИРТ ЕТИЛОВ 70% 100МЛ ХИМАКС","21632","92","0.55","0.55"
"68134","Аптека Гален 14 - жк Люлин 3, бул. Захари Стоянов 31","СПИРТ САЛИЦИЛОВ 1% 100МЛ ХИМАКС","21635","90","0.79","0.79"
"68134","Аптека Гален 14 - жк Люлин 3, бул. Захари Стоянов 31","СПИРТ КАМФОРОВ 100МЛ ХИМАКС","21677","95","1.09","1.09"
"68134","Аптека Гален 14 - жк Люлин 3, бул. Захари Стоянов 31","РИЦИНОВО МАСЛО 40МЛ ХИМАКС","21974","88","0.85","0.85"
"68134","Аптека Гален 14 - жк Люлин 3, бул. Захари Стоянов 31","ФАМОТИДИН 20МГ X 20 АЛКАЛОИД","30951","86","0.79","0.79"
"68134","Аптека Гален 14 - жк Люлин 3, бул. Захари Стоянов 31","ГАНЧЕВ МЛЕЧНА КАША БАНАНИ И БИСКВИТИ 4М+ 190ГР","32990","63","0.99","0.99"
"68134","Аптека Гален 14 - жк Люлин 3, бул. Захари Стоянов 31","СТОПЕРАН 2МГ Х 8 USP","35304","89","2.79","2.79"
"68134","Аптека Гален 14 - жк Люлин 3, бул. Захари Стоянов 31","РОЛЕТРА 10МГ Х 10 ЕКОФАРМ","40109","100","2.79","2.79"
"68134","Аптека Гален 14 - жк Люлин 3, бул. Захари Стоянов 31","ПАРАЦЕТАМОЛ 500МГ Х 20 ЕКОФАРМ","57415","96","0.89","0.89"
"68134","Аптека Гален 14 - жк Люлин 3, бул. Захари Стоянов 31","ДОЛОРЕН 400МГ Х 12 ЕКОФАРМА","60169","94","2.49","1.99"
"68134","Аптека Гален 14 - жк Люлин 3, бул. Захари Стоянов 31","БОЧКО ШАМПОАН И ДУШ ГЕЛ 2В1 ДЕТСКИ С ВИТАМИНИ В3 250МЛ","72722","82","1.89","1.8"
"68134","Аптека Гален 14 - жк Люлин 3, бул. Захари Стоянов 31","СЕПТОНА МОКРИ КЪРПИ КИДС АНТИБАКТЕРИАЛНИ Х 15","78301","84","0.49","0.49"
"68134","Аптека Гален 14 - жк Люлин 3, бул. Захари Стоянов 31","ТЕО RICH MILK САПУН COCONUT (ЗЕЛЕН) 90ГР","92408","83","0.75","0.59"
"56784","Аптека Гален 15 - бул. Пещерско шосе 133","АЛЕРГОЗАН КРЕМ 18ГР СОФАРМА","1853","91","3.55","3.55"
"56784","Аптека Гален 15 - бул. Пещерско шосе 133","ЕФИЗОЛ 250МГ Х 20 ТЕВА","2253","98","2.49","2.49"
"56784","Аптека Гален 15 - бул. Пещерско шосе 133","ОТИПАКС СОЛ 15МЛ БИОКОДЕКС","2626","101","3.25","3.25"
"56784","Аптека Гален 15 - бул. Пещерско шосе 133","СОЛВОЛАН 30МГ Х 20 КРКА","2823","99","2.49","2.22"
"56784","Аптека Гален 15 - бул. Пещерско шосе 133","АДАПТ.МЛЯКО ФРИЗО (ФРИЗОЛАК) 2 400ГР","3352","65","9.05","9.05"
"56784","Аптека Гален 15 - бул. Пещерско шосе 133","ЕСПУМИЗАН 40МГ Х 25 БЕРЛИН ХИМИ","3478","87","2.15","2.15"
"56784","Аптека Гален 15 - бул. Пещерско шосе 133","КСИЛОМЕТАЗОЛИН 0.1% 10МЛ ПОЛФА","5254","97","1.95","1.95"
"56784","Аптека Гален 15 - бул. Пещерско шосе 133","АСТЕРА ПАСТА ЗА ЗЪБИ КИДС ЯГОДА 0+Г 50МЛ","8547","81","1.09","1.09"
"56784","Аптека Гален 15 - бул. Пещерско шосе 133","ЧАЙ ЛАЙКА ФИЛТЪР Х 20 БП","13818","72","0.79","0.79"
"56784","Аптека Гален 15 - бул. Пещерско шосе 133","ХИП 4070 БИО ПЮРЕ РАЗЛИЧНИ ЗЕЛЕНЧУЦИ 4М+ 190ГР","15746","64","1.89","1.7"
"56784","Аптека Гален 15 - бул. Пещерско шосе 133","СПИРТ ЕТИЛОВ 70% 100МЛ ХИМАКС","21632","92","0.55","0.55"
"56784","Аптека Гален 15 - бул. Пещерско шосе 133","СПИРТ САЛИЦИЛОВ 1% 100МЛ ХИМАКС","21635","90","0.79","0.79"
"56784","Аптека Гален 15 - бул. Пещерско шосе 133","СПИРТ КАМФОРОВ 100МЛ ХИМАКС","21677","95","1.09","1.09"
"56784","Аптека Гален 15 - бул. Пещерско шосе 133","РИЦИНОВО МАСЛО 40МЛ ХИМАКС","21974","88","0.85","0.85"
"56784","Аптека Гален 15 - бул. Пещерско шосе 133","ФАМОТИДИН 20МГ X 20 АЛКАЛОИД","30951","86","0.79","0.79"
"56784","Аптека Гален 15 - бул. Пещерско шосе 133","ГАНЧЕВ МЛЕЧНА КАША БАНАНИ И БИСКВИТИ 4М+ 190ГР","32990","63","0.99","0.99"
"56784","Аптека Гален 15 - бул. Пещерско шосе 133","СТОПЕРАН 2МГ Х 8 USP","35304","89","2.79","2.79"
"56784","Аптека Гален 15 - бул. Пещерско шосе 133","АСТЕРА ЧЕТКА ЗА ЗЪБИ АКТИВ 3 МЕДИУМ","36974","80","0.79","0.79"
"56784","Аптека Гален 15 - бул. Пещерско шосе 133","РОЛЕТРА 10МГ Х 10 ЕКОФАРМ","40109","100","2.79","2.79"
"56784","Аптека Гален 15 - бул. Пещерско шосе 133","ПАРАЦЕТАМОЛ 500МГ Х 20 ЕКОФАРМ","57415","96","0.89","0.89"
"56784","Аптека Гален 15 - бул. Пещерско шосе 133","ДОЛОРЕН 400МГ Х 12 ЕКОФАРМА","60169","94","2.49","1.99"
"56784","Аптека Гален 15 - бул. Пещерско шосе 133","БОЧКО ШАМПОАН И ДУШ ГЕЛ 2В1 ДЕТСКИ С ВИТАМИНИ В3 250МЛ","72722","82","1.89","1.8"
"56784","Аптека Гален 15 - бул. Пещерско шосе 133","СЕПТОНА МОКРИ КЪРПИ КИДС АНТИБАКТЕРИАЛНИ Х 15","78301","84","0.49","0.49"
"56784","Аптека Гален 15 - бул. Пещерско шосе 133","ТЕО RICH MILK САПУН COCONUT (ЗЕЛЕН) 90ГР","92408","83","0.75","0.59"
