﻿"Населено място","Търговски обект","Наименование на продукта","Код на продукта","Категория","Цена на дребно","Цена в промоция"
"68850","Марви 2 Стара Загора, ""Патр.Евтимий"" 116","АЦЦ САШЕ 200МГ Х 20","95","99","7,47",""
"68850","Марви 2 Стара Загора, ""Патр.Евтимий"" 116","ВОЛТАРЕН РЕТАРД ТАБЛ.100 МГ Х 10","238","95","1,53",""
"68850","Марви 2 Стара Загора, ""Патр.Евтимий"" 116","ДИКЛОФЕНАК ДУО КАПС 75 МГ Х 30","359","95","6,17",""
"68850","Марви 2 Стара Загора, ""Патр.Евтимий"" 116","АЛЕРГОЗАН ТАБЛ 25МГ Х 20","1852","91","4,01",""
"68850","Марви 2 Стара Загора, ""Патр.Евтимий"" 116","АЛЕРГОЗАН КРЕМ 1% 18ГР","1853","91","4,80",""
"68850","Марви 2 Стара Загора, ""Патр.Евтимий"" 116","АЛЕРГОЗАН МАЗ  СФ 1%  18ГР","1854","91","4,80",""
"68850","Марви 2 Стара Загора, ""Патр.Евтимий"" 116","АЛКА-ЗЕЛЦЕР ЕФФ Х 10","1856","96","3,24",""
"68850","Марви 2 Стара Загора, ""Патр.Евтимий"" 116","БАЙЕР АСПИРИН + ВИТАМИН Ц ЕФФ Х 20","1918","96","7,29",""
"68850","Марви 2 Стара Загора, ""Патр.Евтимий"" 116","БЕНАЛГИН ТАБЛ Х 20","1956","87","3,32",""
"68850","Марви 2 Стара Загора, ""Патр.Евтимий"" 116","БУСКОЛИЗИН ДРАЖЕ  10МГ X 20 СФ","2011","87","3,66",""
"68850","Марви 2 Стара Загора, ""Патр.Евтимий"" 116","ВОЛТАРЕН ЕМУЛГЕЛ 1,16 % 50ГР","2073","95","7,08",""
"68850","Марви 2 Стара Загора, ""Патр.Евтимий"" 116","ЙОДАСЕПТ УНГВ. 10% 90ГР АК","2299","92","5,13",""
"68850","Марви 2 Стара Загора, ""Патр.Евтимий"" 116","НИЗОРАЛ КРЕМ 15ГР","2562","90","2,15",""
"68850","Марви 2 Стара Загора, ""Патр.Евтимий"" 116","ТЕМПАЛГИН ТАБЛ. Х 20 - СОФАРМА","2889","87","2,90",""
"68850","Марви 2 Стара Загора, ""Патр.Евтимий"" 116","ФАСТУМ ГЕЛ 2,5% 50ГР","2973","94","5,09",""
"68850","Марви 2 Стара Загора, ""Патр.Евтимий"" 116","ТАЛЦИД ТАБЛ 500МГ  X  20","3211","86","4,61",""
"68850","Марви 2 Стара Загора, ""Патр.Евтимий"" 116","ФЕЛОРАН ГЕЛ 1% 60g","3340","95","4,94",""
"68850","Марви 2 Стара Загора, ""Патр.Евтимий"" 116","АЦЕТИЗАЛ ТАБЛ 500 МГ Х 20","7538","96","1,62",""
"68850","Марви 2 Стара Загора, ""Патр.Евтимий"" 116","БИЗАКОДИЛ СУПОЗ 10МГ Х 6","8051","88","3,34",""
"68850","Марви 2 Стара Загора, ""Патр.Евтимий"" 116","ПРОАЛГИН ТАБЛ. 500 мг. Х 20 бр. AK","8074","87","1,33",""
"68850","Марви 2 Стара Загора, ""Патр.Евтимий"" 116","ЛОПЕДИУМ КАПС 2МГ X 10","8295","89","4,06",""
"68850","Марви 2 Стара Загора, ""Патр.Евтимий"" 116","БИЗАКОДИЛ СУПОЗ 5МГ Х 6","8493","88","2,61",""
"68850","Марви 2 Стара Загора, ""Патр.Евтимий"" 116","НУРОФЕН ТАБЛ 200МГ Х 12 ","8504","94","3,38",""
"68850","Марви 2 Стара Загора, ""Патр.Евтимий"" 116","ПРОФЕНИД ФЛ.100МГ+РАЗТВ.  Х 6","25556","94","7,25",""
"68850","Марви 2 Стара Загора, ""Патр.Евтимий"" 116","ДИКЛОФЕНАК ТАБЛ 50МГ Х 30 ЧФ","25692","95","1,74",""
"68850","Марви 2 Стара Загора, ""Патр.Евтимий"" 116","АЛМИРАЛ ТАБЛ. 50 МГ X20","25693","95","2,30",""
"68850","Марви 2 Стара Загора, ""Патр.Евтимий"" 116","ФЛЕКСИСТАД  СТАДА 600мг./20табл.","32029","94","6,67",""
"68850","Марви 2 Стара Загора, ""Патр.Евтимий"" 116","ДУОПЛАВИН ФИЛМ. ТАБЛ. 75 МГ/100 МГ Х28 ","37697","96","14,31",""
"68850","Марви 2 Стара Загора, ""Патр.Евтимий"" 116","АЛМИРАЛ ИНЖ. Р-Р 75МГ/3МЛ Х5","64613","95","2,57",""
"68850","Марви 2 Стара Загора, ""Патр.Евтимий"" 116","ДАНСОН КСАЛЕРГАН СОЛ 5МГ/МЛ 20МЛ","96525","100","5,52",""
"68850","Марви 1 Стара Загора, ""Цар Симеон Велики"" 28","АЦЦ САШЕ 200МГ Х 20","95","99","7,47",""
"68850","Марви 1 Стара Загора, ""Цар Симеон Велики"" 28","ВОЛТАРЕН РЕТАРД ТАБЛ.100 МГ Х 10","238","95","1,53",""
"68850","Марви 1 Стара Загора, ""Цар Симеон Велики"" 28","ВОЛТАРЕН СУП.50 МГ Х 10","240","95","2,22",""
"68850","Марви 1 Стара Загора, ""Цар Симеон Велики"" 28","ВОЛТАРЕН ТАБЛ.25 МГ Х 30","241","95","1,76",""
"68850","Марви 1 Стара Загора, ""Цар Симеон Велики"" 28","ДИКЛОФЕНАК ДУО КАПС 75 МГ Х 30","359","95","6,17",""
"68850","Марви 1 Стара Загора, ""Цар Симеон Велики"" 28","НАКЛОФЕН АМП. 75МГ/3МЛ Х 5/КУТИЯ/","1001","95","2,07",""
"68850","Марви 1 Стара Загора, ""Цар Симеон Велики"" 28","НАКЛОФЕН ДУО КАПС. 75МГ Х 20","1060","95","2,64",""
"68850","Марви 1 Стара Загора, ""Цар Симеон Велики"" 28","АЛЕРГОЗАН ТАБЛ 25МГ Х 20","1852","91","4,01",""
"68850","Марви 1 Стара Загора, ""Цар Симеон Велики"" 28","АЛЕРГОЗАН КРЕМ 1% 18ГР","1853","91","4,80",""
"68850","Марви 1 Стара Загора, ""Цар Симеон Велики"" 28","АЛЕРГОЗАН МАЗ  СФ 1%  18ГР","1854","91","4,80",""
"68850","Марви 1 Стара Загора, ""Цар Симеон Велики"" 28","АЛКА-ЗЕЛЦЕР ЕФФ Х 10","1856","96","3,21",""
"68850","Марви 1 Стара Загора, ""Цар Симеон Велики"" 28","БАЙЕР АСПИРИН + ВИТАМИН Ц ЕФФ Х 20","1918","96","7,51",""
"68850","Марви 1 Стара Загора, ""Цар Симеон Велики"" 28","БЕНАЛГИН ТАБЛ Х 20","1956","87","3,32",""
"68850","Марви 1 Стара Загора, ""Цар Симеон Велики"" 28","БЕТАДИН СУПП 200МГ Х 14","1965","92","12,65",""
"68850","Марви 1 Стара Загора, ""Цар Симеон Велики"" 28","ВОЛТАРЕН ЕМУЛГЕЛ 1,16 % 50ГР","2073","95","7,08",""
"68850","Марви 1 Стара Загора, ""Цар Симеон Велики"" 28","ЙОДАСЕПТ УНГВ. 10% 90ГР АК","2299","92","5,13",""
"68850","Марви 1 Стара Загора, ""Цар Симеон Велики"" 28","НИЗОРАЛ КРЕМ 15ГР","2562","90","2,16",""
"68850","Марви 1 Стара Загора, ""Цар Симеон Велики"" 28","ТЕМПАЛГИН ТАБЛ. Х 20 - СОФАРМА","2889","87","2,93",""
"68850","Марви 1 Стара Загора, ""Цар Симеон Велики"" 28","ФАСТУМ ГЕЛ 2,5% 50ГР","2973","94","5,12",""
"68850","Марви 1 Стара Загора, ""Цар Симеон Велики"" 28","ТАЛЦИД ТАБЛ 500МГ  X  20","3211","86","4,65",""
"68850","Марви 1 Стара Загора, ""Цар Симеон Велики"" 28","ФЕЛОРАН ГЕЛ 1% 60g","3340","95","4,94",""
"68850","Марви 1 Стара Загора, ""Цар Симеон Велики"" 28","АЦЕТИЗАЛ ТАБЛ 500 МГ Х 20","7538","96","1,61",""
"68850","Марви 1 Стара Загора, ""Цар Симеон Велики"" 28","БИЗАКОДИЛ СУПОЗ 10МГ Х 6","8051","88","3,47",""
"68850","Марви 1 Стара Загора, ""Цар Симеон Велики"" 28","ПРОАЛГИН ТАБЛ. 500 мг. Х 20 бр. AK","8074","87","1,33",""
"68850","Марви 1 Стара Загора, ""Цар Симеон Велики"" 28","ЛОПЕДИУМ КАПС 2МГ X 10","8295","89","4,06",""
"68850","Марви 1 Стара Загора, ""Цар Симеон Велики"" 28","НУРОФЕН ТАБЛ 200МГ Х 12 ","8504","94","3,88",""
"68850","Марви 1 Стара Загора, ""Цар Симеон Велики"" 28","ДИКЛОФЕНАК ТАБЛ 50МГ Х 30 ЧФ","25692","95","1,74",""
"68850","Марви 1 Стара Загора, ""Цар Симеон Велики"" 28","АЛМИРАЛ ТАБЛ. 50 МГ X20","25693","95","2,32",""
"68850","Марви 1 Стара Загора, ""Цар Симеон Велики"" 28","АЛМИРАЛ ИНЖ. Р-Р 75МГ/3МЛ Х5","64613","95","2,57",""
"68850","МАРВИ ЕООД  Стара Загора, ""ПАТРИАРХ ЕВТИМИЙ"" 73","АЦЦ САШЕ 200МГ Х 20","95","99","7,47",""
"68850","МАРВИ ЕООД  Стара Загора, ""ПАТРИАРХ ЕВТИМИЙ"" 73","ВОЛТАРЕН РЕТАРД ТАБЛ.100 МГ Х 10","238","95","1,54",""
"68850","МАРВИ ЕООД  Стара Загора, ""ПАТРИАРХ ЕВТИМИЙ"" 73","ДИКЛОФЕНАК ДУО КАПС 75 МГ Х 30","359","95","6,17",""
"68850","МАРВИ ЕООД  Стара Загора, ""ПАТРИАРХ ЕВТИМИЙ"" 73","НАКЛОФЕН ДУО КАПС. 75МГ Х 20","1060","95","2,76",""
"68850","МАРВИ ЕООД  Стара Загора, ""ПАТРИАРХ ЕВТИМИЙ"" 73","АЛЕРГОЗАН ТАБЛ 25МГ Х 20","1852","91","4,01",""
"68850","МАРВИ ЕООД  Стара Загора, ""ПАТРИАРХ ЕВТИМИЙ"" 73","АЛЕРГОЗАН КРЕМ 1% 18ГР","1853","91","4,80",""
"68850","МАРВИ ЕООД  Стара Загора, ""ПАТРИАРХ ЕВТИМИЙ"" 73","АЛЕРГОЗАН МАЗ  СФ 1%  18ГР","1854","91","4,80",""
"68850","МАРВИ ЕООД  Стара Загора, ""ПАТРИАРХ ЕВТИМИЙ"" 73","АЛКА-ЗЕЛЦЕР ЕФФ Х 10","1856","96","3,09",""
"68850","МАРВИ ЕООД  Стара Загора, ""ПАТРИАРХ ЕВТИМИЙ"" 73","БАЙЕР АСПИРИН + ВИТАМИН Ц ЕФФ Х 20","1918","96","7,51",""
"68850","МАРВИ ЕООД  Стара Загора, ""ПАТРИАРХ ЕВТИМИЙ"" 73","БЕНАЛГИН ТАБЛ Х 20","1956","87","3,27",""
"68850","МАРВИ ЕООД  Стара Загора, ""ПАТРИАРХ ЕВТИМИЙ"" 73","БУСКОЛИЗИН ДРАЖЕ  10МГ X 20 СФ","2011","87","3,62",""
"68850","МАРВИ ЕООД  Стара Загора, ""ПАТРИАРХ ЕВТИМИЙ"" 73","ВОЛТАРЕН ЕМУЛГЕЛ 1,16 % 50ГР","2073","95","7,08",""
"68850","МАРВИ ЕООД  Стара Загора, ""ПАТРИАРХ ЕВТИМИЙ"" 73","ЙОДАСЕПТ УНГВ. 10% 90ГР АК","2299","92","4,92",""
"68850","МАРВИ ЕООД  Стара Загора, ""ПАТРИАРХ ЕВТИМИЙ"" 73","ТЕМПАЛГИН ТАБЛ. Х 20 - СОФАРМА","2889","87","2,78",""
"68850","МАРВИ ЕООД  Стара Загора, ""ПАТРИАРХ ЕВТИМИЙ"" 73","ФАСТУМ ГЕЛ 2,5% 50ГР","2973","94","5,15",""
"68850","МАРВИ ЕООД  Стара Загора, ""ПАТРИАРХ ЕВТИМИЙ"" 73","ТАЛЦИД ТАБЛ 500МГ  X  20","3211","86","4,65",""
"68850","МАРВИ ЕООД  Стара Загора, ""ПАТРИАРХ ЕВТИМИЙ"" 73","ФЕЛОРАН ГЕЛ 1% 60g","3340","95","4,94",""
"68850","МАРВИ ЕООД  Стара Загора, ""ПАТРИАРХ ЕВТИМИЙ"" 73","АЦЕТИЗАЛ ТАБЛ 500 МГ Х 20","7538","96","1,53",""
"68850","МАРВИ ЕООД  Стара Загора, ""ПАТРИАРХ ЕВТИМИЙ"" 73","БИЗАКОДИЛ СУПОЗ 10МГ Х 6","8051","88","3,33",""
"68850","МАРВИ ЕООД  Стара Загора, ""ПАТРИАРХ ЕВТИМИЙ"" 73","ПРОАЛГИН ТАБЛ. 500 мг. Х 20 бр. AK","8074","87","1,33",""
"68850","МАРВИ ЕООД  Стара Загора, ""ПАТРИАРХ ЕВТИМИЙ"" 73","ЛОПЕДИУМ КАПС 2МГ X 10","8295","89","4,06",""
"68850","МАРВИ ЕООД  Стара Загора, ""ПАТРИАРХ ЕВТИМИЙ"" 73","БИЗАКОДИЛ СУПОЗ 5МГ Х 6","8493","88","2,58",""
"68850","МАРВИ ЕООД  Стара Загора, ""ПАТРИАРХ ЕВТИМИЙ"" 73","НУРОФЕН ТАБЛ 200МГ Х 12 ","8504","94","3,89",""
"68850","МАРВИ ЕООД  Стара Загора, ""ПАТРИАРХ ЕВТИМИЙ"" 73","ПРОФЕНИД ФЛ.100МГ+РАЗТВ.  Х 6","25556","94","7,25",""
"68850","МАРВИ ЕООД  Стара Загора, ""ПАТРИАРХ ЕВТИМИЙ"" 73","ДИКЛОФЕНАК ТАБЛ 50МГ Х 30 ЧФ","25692","95","1,67",""
"68850","МАРВИ ЕООД  Стара Загора, ""ПАТРИАРХ ЕВТИМИЙ"" 73","АЛМИРАЛ ТАБЛ. 50 МГ X20","25693","95","2,32",""
"68850","МАРВИ ЕООД  Стара Загора, ""ПАТРИАРХ ЕВТИМИЙ"" 73","ФЛЕКСИСТАД  СТАДА 600мг./20табл.","32029","94","6,78",""
"68850","МАРВИ ЕООД  Стара Загора, ""ПАТРИАРХ ЕВТИМИЙ"" 73","ФЛЕКСИСТАД  СТАДА 400мг./20табл.","32030","94","4,62",""
"68850","МАРВИ ЕООД  Стара Загора, ""ПАТРИАРХ ЕВТИМИЙ"" 73","АЛМИРАЛ ИНЖ. Р-Р 75МГ/3МЛ Х5","64613","95","2,51",""
