Населено място,Търговски обект,Наименование на продукта,Код на продукта,Категория,Цена на дребно,Цена в промоция
46045,Арена Мадан,ХЛЯБ СИМИД БЯЛ,5324,1,0.84,
46045,Арена Мадан,ХЛЯБ СИМИД ДОБРУДЖА,5330,2,0.84,
46045,Арена Мадан,ХЛЯБ АНЧЕВ РЪЖЕНО ПШЕНИЧЕН,4680,3,0.97,
46045,Арена Мадан,ХЛЯБ СИМИД ТИПОВ,5326,4,0.84,
46045,Арена Мадан,КОРИ БЕЛЛА 400 ГР,2076,5,1.84,
46045,Арена Мадан,ПМ ВЕРЕЯ 3 %,112,6,1.79,
46045,Арена Мадан,КМ ВЕРЕЯ 2.9 %,7689,7,0.87,
46045,Арена Мадан,СИРЕНЕ КРАВЕ СИТОВО КГ,10187,8,7.31,
46045,Арена Мадан,СИРЕНЕ ОЛИМПУС 400 ГР,2287,9,6.03,
46045,Арена Мадан,КАШКАВАЛ  КГ,5642,10,9.46,
46045,Арена Мадан,КАШКАВАЛ МТН 200 ГР,4571,11,2.81,
46045,Арена Мадан,МАСЛО ПРЕЗИДЕНТ 125 ГР,5438,12,3.37,
46045,Арена Мадан,ИЗВАРА РОДОПЕЯ КГ,4251,13,4.09,
46045,Арена Мадан,ИЗВАРА БОР ЧВОР 400ГР,7424,14,1.87,
46045,Арена Мадан,ПИЛЕШКО ФИЛЕ ХЕЛИКС КГ,3730,16,7,
46045,Арена Мадан,ПИЛЕШКО БУТЧЕ МЕРКЕЗ КГ,2851,17,4.09,
46045,Арена Мадан,СВИНСКО МЕСО КГ,202,18,5.06,
46045,Арена Мадан,СВИНСКИ БУТ КГ,190,19,5.01,
46045,Арена Мадан,СВИНСКО МЕСО КГ,5104,20,8.59,
46045,Арена Мадан,СВИНСКИ ВРАТ КГ,3481,21,7.46,
46045,Арена Мадан,СВИНСКИ ИЗРЕЗКИ КГ,7333,22,5.62,
46045,Арена Мадан,КАЙМА ШЕНЕЛ 60/40 КГ,141,25,5.32,
46045,Арена Мадан,КРЕНВИРШ КЕН КГ,2190,26,6.60,
46045,Арена Мадан,ЛУКАНКОВ САЛАМ ОРЕХИТЕ 240 ГР,5217,28,4.65,
46045,Арена Мадан,РИБА СКУМРИЯ 300 / 500 КГ,233,30,5.32,
46045,Арена Мадан,ЯЙЦА ЯЙЦЕПРОМ М,8585,31,1.99,
46045,Арена Мадан,ЯЙЦА ЯЙЦЕПРОМ L,8586,32,2.10,
46045,Арена Мадан,БОБ БЯЛ  НАЦИОНАЛ 1 КГ,475,33,2.30,
46045,Арена Мадан,ЛЕЩА НАЦИОНАЛ 1 КГ,2351,34,2.51,
46045,Арена Мадан,ОРИЗ БИСЕРЕН АРИВА 1 КГ,1725,35,1.84,
46045,Арена Мадан,МАКАРОНИ ПАНДЕЛКИ СТЕЛА 500 ГР,2587,36,1.28,
46045,Арена Мадан,СПАГЕТИ СТЕЛА,4863,37,1.28,
46045,Арена Мадан,ЗАХАР ФАМИЛЕКС 1 КГ,7949,38,1.12,
46045,Арена Мадан,СОЛ  НАЦИОНАЛ ТРАПЕЗНА  1 КГ,4797,39,0.38,
46045,Арена Мадан,БРАШНО МЕЛКО ТИП 500 1 КГ,588,40,0.89,
46045,Арена Мадан,БРАШНО СОФИЯ МЕЛ ЕКСТРА 1 КГ,9254,41,1.07,
46045,Арена Мадан,ОЛИО БИСЕР 1Л,7355,42,1.99,
46045,Арена Мадан,ЗЕХТИН ЕЛИА 1 Л,2894,43,10.89,
46045,Арена Мадан,ОЦЕТ ВИНЕН РЕЦЕПТА 700 МЛ,361,44,1.53,
46045,Арена Мадан,ОЦЕТ ЯБЪЛКОВ РЕЦЕПТА 700 МЛ,5024,45,1.53,
46045,Арена Мадан,БОБ КОНСЕРВА ФАМИЛЕКС 400 ГР,1767,46,0.92,
46045,Арена Мадан,КОНСЕРВА ГРАХ ДЕРОНИ 400 ГР,5102,47,1.79,
46045,Арена Мадан,КОНСЕРВА ДОМАТИ КУБЧЕТА  ФИОРЕ 400 Г,3863,48,0.84,
46045,Арена Мадан,ЛЮТЕНИЦА СЕЛЦЕ ДОМАШНА 570 ГР,1592,49,2.35,
46045,Арена Мадан,ЛИМОНИ КГ,15017,50,2.15,
46045,Арена Мадан,ПОРТОКАЛИ,15174,51,0.92,
46045,Арена Мадан,БАНАНИ,15001,52,1.66,
46045,Арена Мадан,ЯБЪЛКИ ЖЪЛТИ КГ,15122,53,1.74,
46045,Арена Мадан,ДОМАТИ КГ,15089,54,1.48,
46045,Арена Мадан,ЛУК КГ,15068,55,0.61,
46045,Арена Мадан,МОРКОВИ КГ,15023,56,0.66,
46045,Арена Мадан,ЗЕЛЕ КГ,15113,57,0.66,
46045,Арена Мадан,КРАСТАВИЦИ КГ,15061,58,3.57,
46045,Арена Мадан,ЧЕСЪН КГ,15059,59,3.53,
46045,Арена Мадан,КАРТОФИ КГ,15097,61,0.51,
46045,Арена Мадан,МАСЛИНИ ФОТЕВ КГ,2707,62,4.24,
46045,Арена Мадан,КАША СЛЪНЧО АСОРТИ 200 ГР,147,63,2.81,
46045,Арена Мадан,ПЮРЕ БЕБЕЛАН ТЕЛЕШКО СЪС ЗЕЛЕНЧУЦИ 190 ГР,3270,64,1.74,
46045,Арена Мадан,ОБИКНОВЕНИ БИСКВИТИ РОДЕН КРАЙ 120 ГР,377,66,0.72,
46045,Арена Мадан,КРОАСАН ГУСТО 55 ГР,2223,67,0.28,
46045,Арена Мадан,ШОКОЛАД МЛЕЧЕН 80 ГР,6095,69,0.92,
46045,Арена Мадан,КАФЕ БИАНЧИ ГОЛД 100 ГР,1675,70,2.40,
46045,Арена Мадан,КАФЕ НАСИПНО КГ,6692,71,11.76,
46045,Арена Мадан,ЧАЙ БИОПРОГРАМА  МАЩЕРКА,5072,72,1.12,
46045,Арена Мадан,ВОДА ДЕВИН 1.5 Л,856,73,0.56,
46045,Арена Мадан,БИРА НАЗДРАВЕ 2.3 Л,"18,34",74,1.27,
46045,Арена Мадан,ВИНО ВИЛА ЯМБОЛ  750 МЛ,3830,75,4.65,
46045,Арена Мадан,ВИНО ВИЛА ЯМБОЛ  750 МЛ,3832,76,4.76,
46045,Арена Мадан,РАКИЯ ПОМОРИЙСКА ГРОЗДОВА 700 МЛ,4166,77,6.95,
46045,Арена Мадан,ЦИГАРИ КАМЕЛ ЛЕГЕНД ЖЪЛТ 100,203,78,3.17,
46045,Арена Мадан,ВЕРО МЕДИКС БАЛСАМ 415 МЛ,3871,79,1.33,
46045,Арена Мадан,ЧЗ ДЕНТАЛ СОФТ,7248,80,1.35,
46045,Арена Мадан,ПЗ СЕНСОДИН 75 МЛ,1316,81,2.91,
46045,Арена Мадан,ШН ФРУКТИС 250 МЛ,5906,82,3.07,
46045,Арена Мадан,САПУН  ПАЛМОЛИВ 90 ГР,2915,83,0.56,
46045,Арена Мадан,МК БОЧКО 72 БР,4375,84,1.43,
46045,Арена Мадан,ТХ  ЦЕВА 8,8600,85,3.07,
63207,Арена,ХЛЯБ СИМИД БЯЛ,5324,1,0.84,
63207,Арена,ХЛЯБ СИМИД ДОБРУДЖА,5330,2,0.84,
63207,Арена,ХЛЯБ АНЧЕВ РЪЖЕНО ПШЕНИЧЕН,4680,3,0.97,
63207,Арена,ХЛЯБ СИМИД ТИПОВ,5326,4,0.84,
63207,Арена,КОРИ БЕЛЛА 400 ГР,2076,5,1.84,
63207,Арена,ПМ ВЕРЕЯ 3 %,112,6,1.79,
63207,Арена,КМ ВЕРЕЯ 2.9 %,7689,7,0.87,
63207,Арена,СИРЕНЕ КРАВЕ СИТОВО КГ,10187,8,7.31,
63207,Арена,СИРЕНЕ ОЛИМПУС 400 ГР,2287,9,6.03,
63207,Арена,КАШКАВАЛ  КГ,5642,10,9.46,
63207,Арена,КАШКАВАЛ МТН 200 ГР,4571,11,2.81,
63207,Арена,МАСЛО ПРЕЗИДЕНТ 125 ГР,5438,12,3.37,
63207,Арена,ИЗВАРА РОДОПЕЯ КГ,4251,13,4.09,
63207,Арена,ИЗВАРА БОР ЧВОР 400ГР,7424,14,1.87,
63207,Арена,ПИЛЕШКО ФИЛЕ ХЕЛИКС КГ,3730,16,7,
63207,Арена,ПИЛЕШКО БУТЧЕ МЕРКЕЗ КГ,2851,17,4.09,
63207,Арена,СВИНСКО МЕСО КГ,202,18,5.06,
63207,Арена,СВИНСКИ БУТ КГ,190,19,5.01,
63207,Арена,СВИНСКО МЕСО КГ,5104,20,8.59,
63207,Арена,СВИНСКИ ВРАТ КГ,3481,21,7.46,
63207,Арена,СВИНСКИ ИЗРЕЗКИ КГ,7333,22,5.62,
63207,Арена,КАЙМА ШЕНЕЛ 60/40 КГ,141,25,5.32,
63207,Арена,КРЕНВИРШ КЕН КГ,2190,26,6.60,
63207,Арена,ЛУКАНКОВ САЛАМ ОРЕХИТЕ 240 ГР,5217,28,4.65,
63207,Арена,РИБА СКУМРИЯ 300 / 500 КГ,233,30,5.32,
63207,Арена,ЯЙЦА ЯЙЦЕПРОМ М,8585,31,1.99,
63207,Арена,ЯЙЦА ЯЙЦЕПРОМ L,8586,32,2.10,
63207,Арена,БОБ БЯЛ  НАЦИОНАЛ 1 КГ,475,33,2.30,
63207,Арена,ЛЕЩА НАЦИОНАЛ 1 КГ,2351,34,2.51,
63207,Арена,ОРИЗ БИСЕРЕН АРИВА 1 КГ,1725,35,1.84,
63207,Арена,МАКАРОНИ ПАНДЕЛКИ СТЕЛА 500 ГР,2587,36,1.28,
63207,Арена,СПАГЕТИ СТЕЛА,4863,37,1.28,
63207,Арена,ЗАХАР ФАМИЛЕКС 1 КГ,7949,38,1.12,
63207,Арена,СОЛ  НАЦИОНАЛ ТРАПЕЗНА  1 КГ,4797,39,0.38,
63207,Арена,БРАШНО МЕЛКО ТИП 500 1 КГ,588,40,0.89,
63207,Арена,БРАШНО СОФИЯ МЕЛ ЕКСТРА 1 КГ,9254,41,1.07,
63207,Арена,ОЛИО БИСЕР 1Л,7355,42,1.99,
63207,Арена,ЗЕХТИН ЕЛИА 1 Л,2894,43,10.89,
63207,Арена,ОЦЕТ ВИНЕН РЕЦЕПТА 700 МЛ,361,44,1.53,
63207,Арена,ОЦЕТ ЯБЪЛКОВ РЕЦЕПТА 700 МЛ,5024,45,1.53,
63207,Арена,БОБ КОНСЕРВА ФАМИЛЕКС 400 ГР,1767,46,0.92,
63207,Арена,КОНСЕРВА ГРАХ ДЕРОНИ 400 ГР,5102,47,1.79,
63207,Арена,КОНСЕРВА ДОМАТИ КУБЧЕТА  ФИОРЕ 400 Г,3863,48,0.84,
63207,Арена,ЛЮТЕНИЦА СЕЛЦЕ ДОМАШНА 570 ГР,1592,49,2.35,
63207,Арена,ЛИМОНИ КГ,15017,50,2.15,
63207,Арена,ПОРТОКАЛИ,15174,51,0.92,
63207,Арена,БАНАНИ,15001,52,1.66,
63207,Арена,ЯБЪЛКИ ЖЪЛТИ КГ,15122,53,1.74,
63207,Арена,ДОМАТИ КГ,15089,54,1.48,
63207,Арена,ЛУК КГ,15068,55,0.61,
63207,Арена,МОРКОВИ КГ,15023,56,0.66,
63207,Арена,ЗЕЛЕ КГ,15113,57,0.66,
63207,Арена,КРАСТАВИЦИ КГ,15061,58,3.57,
63207,Арена,ЧЕСЪН КГ,15059,59,3.53,
63207,Арена,КАРТОФИ КГ,15097,61,0.51,
63207,Арена,МАСЛИНИ ФОТЕВ КГ,2707,62,4.24,
63207,Арена,КАША СЛЪНЧО АСОРТИ 200 ГР,147,63,2.81,
63207,Арена,ПЮРЕ БЕБЕЛАН ТЕЛЕШКО СЪС ЗЕЛЕНЧУЦИ 190 ГР,3270,64,1.74,
63207,Арена,ОБИКНОВЕНИ БИСКВИТИ РОДЕН КРАЙ 120 ГР,377,66,0.72,
63207,Арена,КРОАСАН ГУСТО 55 ГР,2223,67,0.28,
63207,Арена,ШОКОЛАД МЛЕЧЕН 80 ГР,6095,69,0.92,
63207,Арена,КАФЕ БИАНЧИ ГОЛД 100 ГР,1675,70,2.40,
63207,Арена,КАФЕ НАСИПНО КГ,6692,71,11.76,
63207,Арена,ЧАЙ БИОПРОГРАМА  МАЩЕРКА,5072,72,1.12,
63207,Арена,ВОДА ДЕВИН 1.5 Л,856,73,0.56,
63207,Арена,БИРА НАЗДРАВЕ 2.3 Л,"18,34",74,1.27,
63207,Арена,ВИНО ВИЛА ЯМБОЛ  750 МЛ,3830,75,4.65,
63207,Арена,ВИНО ВИЛА ЯМБОЛ  750 МЛ,3832,76,4.76,
63207,Арена,РАКИЯ ПОМОРИЙСКА ГРОЗДОВА 700 МЛ,4166,77,6.95,
63207,Арена,ЦИГАРИ КАМЕЛ ЛЕГЕНД ЖЪЛТ 100,203,78,3.17,
63207,Арена,ВЕРО МЕДИКС БАЛСАМ 415 МЛ,3871,79,1.33,
63207,Арена,ЧЗ ДЕНТАЛ СОФТ,7248,80,1.35,
63207,Арена,ПЗ СЕНСОДИН 75 МЛ,1316,81,2.91,
63207,Арена,ШН ФРУКТИС 250 МЛ,5906,82,3.07,
63207,Арена,САПУН  ПАЛМОЛИВ 90 ГР,2915,83,0.56,
63207,Арена,МК БОЧКО 72 БР,4375,84,1.43,
63207,Арена,ТХ  ЦЕВА 8,8600,85,3.07,
80371,Арена,ХЛЯБ СИМИД БЯЛ,5324,1,0.84,
80371,Арена,ХЛЯБ СИМИД ДОБРУДЖА,5330,2,0.84,
80371,Арена,ХЛЯБ АНЧЕВ РЪЖЕНО ПШЕНИЧЕН,4680,3,0.97,
80371,Арена,ХЛЯБ СИМИД ТИПОВ,5326,4,0.84,
80371,Арена,КОРИ БЕЛЛА 400 ГР,2076,5,1.84,
80371,Арена,ПМ ВЕРЕЯ 3 %,112,6,1.79,
80371,Арена,КМ ВЕРЕЯ 2.9 %,7689,7,0.87,
80371,Арена,СИРЕНЕ КРАВЕ СИТОВО КГ,10187,8,7.31,
80371,Арена,СИРЕНЕ ОЛИМПУС 400 ГР,2287,9,6.03,
80371,Арена,КАШКАВАЛ  КГ,5642,10,9.46,
80371,Арена,КАШКАВАЛ МТН 200 ГР,4571,11,2.81,
80371,Арена,МАСЛО ПРЕЗИДЕНТ 125 ГР,5438,12,3.37,
80371,Арена,ИЗВАРА РОДОПЕЯ КГ,4251,13,4.09,
80371,Арена,ИЗВАРА БОР ЧВОР 400ГР,7424,14,1.87,
80371,Арена,ПИЛЕШКО ФИЛЕ ХЕЛИКС КГ,3730,16,7,
80371,Арена,ПИЛЕШКО БУТЧЕ МЕРКЕЗ КГ,2851,17,4.09,
80371,Арена,СВИНСКО МЕСО КГ,202,18,5.06,
80371,Арена,СВИНСКИ БУТ КГ,190,19,5.01,
80371,Арена,СВИНСКО МЕСО КГ,5104,20,8.59,
80371,Арена,СВИНСКИ ВРАТ КГ,3481,21,7.46,
80371,Арена,СВИНСКИ ИЗРЕЗКИ КГ,7333,22,5.62,
80371,Арена,КАЙМА ШЕНЕЛ 60/40 КГ,141,25,5.32,
80371,Арена,КРЕНВИРШ КЕН КГ,2190,26,6.60,
80371,Арена,ЛУКАНКОВ САЛАМ ОРЕХИТЕ 240 ГР,5217,28,4.65,
80371,Арена,РИБА СКУМРИЯ 300 / 500 КГ,233,30,5.32,
80371,Арена,ЯЙЦА ЯЙЦЕПРОМ М,8585,31,1.99,
80371,Арена,ЯЙЦА ЯЙЦЕПРОМ L,8586,32,2.10,
80371,Арена,БОБ БЯЛ  НАЦИОНАЛ 1 КГ,475,33,2.30,
80371,Арена,ЛЕЩА НАЦИОНАЛ 1 КГ,2351,34,2.51,
80371,Арена,ОРИЗ БИСЕРЕН АРИВА 1 КГ,1725,35,1.84,
80371,Арена,МАКАРОНИ ПАНДЕЛКИ СТЕЛА 500 ГР,2587,36,1.28,
80371,Арена,СПАГЕТИ СТЕЛА,4863,37,1.28,
80371,Арена,ЗАХАР ФАМИЛЕКС 1 КГ,7949,38,1.12,
80371,Арена,СОЛ  НАЦИОНАЛ ТРАПЕЗНА  1 КГ,4797,39,0.38,
80371,Арена,БРАШНО МЕЛКО ТИП 500 1 КГ,588,40,0.89,
80371,Арена,БРАШНО СОФИЯ МЕЛ ЕКСТРА 1 КГ,9254,41,1.07,
80371,Арена,ОЛИО БИСЕР 1Л,7355,42,1.99,
80371,Арена,ЗЕХТИН ЕЛИА 1 Л,2894,43,10.89,
80371,Арена,ОЦЕТ ВИНЕН РЕЦЕПТА 700 МЛ,361,44,1.53,
80371,Арена,ОЦЕТ ЯБЪЛКОВ РЕЦЕПТА 700 МЛ,5024,45,1.53,
80371,Арена,БОБ КОНСЕРВА ФАМИЛЕКС 400 ГР,1767,46,0.92,
80371,Арена,КОНСЕРВА ГРАХ ДЕРОНИ 400 ГР,5102,47,1.79,
80371,Арена,КОНСЕРВА ДОМАТИ КУБЧЕТА  ФИОРЕ 400 Г,3863,48,0.84,
80371,Арена,ЛЮТЕНИЦА СЕЛЦЕ ДОМАШНА 570 ГР,1592,49,2.35,
80371,Арена,ЛИМОНИ КГ,15017,50,2.15,
80371,Арена,ПОРТОКАЛИ,15174,51,0.92,
80371,Арена,БАНАНИ,15001,52,1.66,
80371,Арена,ЯБЪЛКИ ЖЪЛТИ КГ,15122,53,1.74,
80371,Арена,ДОМАТИ КГ,15089,54,1.48,
80371,Арена,ЛУК КГ,15068,55,0.61,
80371,Арена,МОРКОВИ КГ,15023,56,0.66,
80371,Арена,ЗЕЛЕ КГ,15113,57,0.66,
80371,Арена,КРАСТАВИЦИ КГ,15061,58,3.57,
80371,Арена,ЧЕСЪН КГ,15059,59,3.53,
80371,Арена,КАРТОФИ КГ,15097,61,0.51,
80371,Арена,МАСЛИНИ ФОТЕВ КГ,2707,62,4.24,
80371,Арена,КАША СЛЪНЧО АСОРТИ 200 ГР,147,63,2.81,
80371,Арена,ПЮРЕ БЕБЕЛАН ТЕЛЕШКО СЪС ЗЕЛЕНЧУЦИ 190 ГР,3270,64,1.74,
80371,Арена,ОБИКНОВЕНИ БИСКВИТИ РОДЕН КРАЙ 120 ГР,377,66,0.72,
80371,Арена,КРОАСАН ГУСТО 55 ГР,2223,67,0.28,
80371,Арена,ШОКОЛАД МЛЕЧЕН 80 ГР,6095,69,0.92,
80371,Арена,КАФЕ БИАНЧИ ГОЛД 100 ГР,1675,70,2.40,
80371,Арена,КАФЕ НАСИПНО КГ,6692,71,11.76,
80371,Арена,ЧАЙ БИОПРОГРАМА  МАЩЕРКА,5072,72,1.12,
80371,Арена,ВОДА ДЕВИН 1.5 Л,856,73,0.56,
80371,Арена,БИРА НАЗДРАВЕ 2.3 Л,"18,34",74,1.27,
80371,Арена,ВИНО ВИЛА ЯМБОЛ  750 МЛ,3830,75,4.65,
80371,Арена,ВИНО ВИЛА ЯМБОЛ  750 МЛ,3832,76,4.76,
80371,Арена,РАКИЯ ПОМОРИЙСКА ГРОЗДОВА 700 МЛ,4166,77,6.95,
80371,Арена,ЦИГАРИ КАМЕЛ ЛЕГЕНД ЖЪЛТ 100,203,78,3.17,
80371,Арена,ВЕРО МЕДИКС БАЛСАМ 415 МЛ,3871,79,1.33,
80371,Арена,ЧЗ ДЕНТАЛ СОФТ,7248,80,1.35,
80371,Арена,ПЗ СЕНСОДИН 75 МЛ,1316,81,2.91,
80371,Арена,ШН ФРУКТИС 250 МЛ,5906,82,3.07,
80371,Арена,САПУН  ПАЛМОЛИВ 90 ГР,2915,83,0.56,
80371,Арена,МК БОЧКО 72 БР,4375,84,1.43,
80371,Арена,ТХ  ЦЕВА 8,8600,85,3.07,
67653,Арена,ХЛЯБ СИМИД БЯЛ,5324,1,0.84,
67653,Арена,ХЛЯБ СИМИД ДОБРУДЖА,5330,2,0.84,
67653,Арена,ХЛЯБ АНЧЕВ РЪЖЕНО ПШЕНИЧЕН,4680,3,0.97,
67653,Арена,ХЛЯБ СИМИД ТИПОВ,5326,4,0.84,
67653,Арена,КОРИ БЕЛЛА 400 ГР,2076,5,1.84,
67653,Арена,ПМ ВЕРЕЯ 3 %,112,6,1.79,
67653,Арена,КМ ВЕРЕЯ 2.9 %,7689,7,0.87,
67653,Арена,СИРЕНЕ КРАВЕ СИТОВО КГ,10187,8,7.31,
67653,Арена,СИРЕНЕ ОЛИМПУС 400 ГР,2287,9,6.03,
67653,Арена,КАШКАВАЛ  КГ,5642,10,9.46,
67653,Арена,КАШКАВАЛ МТН 200 ГР,4571,11,2.81,
67653,Арена,МАСЛО ПРЕЗИДЕНТ 125 ГР,5438,12,3.37,
67653,Арена,ИЗВАРА РОДОПЕЯ КГ,4251,13,4.09,
67653,Арена,ИЗВАРА БОР ЧВОР 400ГР,7424,14,1.87,
67653,Арена,ПИЛЕШКО ФИЛЕ ХЕЛИКС КГ,3730,16,7,
67653,Арена,ПИЛЕШКО БУТЧЕ МЕРКЕЗ КГ,2851,17,4.09,
67653,Арена,СВИНСКО МЕСО КГ,202,18,5.06,
67653,Арена,СВИНСКИ БУТ КГ,190,19,5.01,
67653,Арена,СВИНСКО МЕСО КГ,5104,20,8.59,
67653,Арена,СВИНСКИ ВРАТ КГ,3481,21,7.46,
67653,Арена,СВИНСКИ ИЗРЕЗКИ КГ,7333,22,5.62,
67653,Арена,КАЙМА ШЕНЕЛ 60/40 КГ,141,25,5.32,
67653,Арена,КРЕНВИРШ КЕН КГ,2190,26,6.60,
67653,Арена,ЛУКАНКОВ САЛАМ ОРЕХИТЕ 240 ГР,5217,28,4.65,
67653,Арена,РИБА СКУМРИЯ 300 / 500 КГ,233,30,5.32,
67653,Арена,ЯЙЦА ЯЙЦЕПРОМ М,8585,31,1.99,
67653,Арена,ЯЙЦА ЯЙЦЕПРОМ L,8586,32,2.10,
67653,Арена,БОБ БЯЛ  НАЦИОНАЛ 1 КГ,475,33,2.30,
67653,Арена,ЛЕЩА НАЦИОНАЛ 1 КГ,2351,34,2.51,
67653,Арена,ОРИЗ БИСЕРЕН АРИВА 1 КГ,1725,35,1.84,
67653,Арена,МАКАРОНИ ПАНДЕЛКИ СТЕЛА 500 ГР,2587,36,1.28,
67653,Арена,СПАГЕТИ СТЕЛА,4863,37,1.28,
67653,Арена,ЗАХАР ФАМИЛЕКС 1 КГ,7949,38,1.12,
67653,Арена,СОЛ  НАЦИОНАЛ ТРАПЕЗНА  1 КГ,4797,39,0.38,
67653,Арена,БРАШНО МЕЛКО ТИП 500 1 КГ,588,40,0.89,
67653,Арена,БРАШНО СОФИЯ МЕЛ ЕКСТРА 1 КГ,9254,41,1.07,
67653,Арена,ОЛИО БИСЕР 1Л,7355,42,1.99,
67653,Арена,ЗЕХТИН ЕЛИА 1 Л,2894,43,10.89,
67653,Арена,ОЦЕТ ВИНЕН РЕЦЕПТА 700 МЛ,361,44,1.53,
67653,Арена,ОЦЕТ ЯБЪЛКОВ РЕЦЕПТА 700 МЛ,5024,45,1.53,
67653,Арена,БОБ КОНСЕРВА ФАМИЛЕКС 400 ГР,1767,46,0.92,
67653,Арена,КОНСЕРВА ГРАХ ДЕРОНИ 400 ГР,5102,47,1.79,
67653,Арена,КОНСЕРВА ДОМАТИ КУБЧЕТА  ФИОРЕ 400 Г,3863,48,0.84,
67653,Арена,ЛЮТЕНИЦА СЕЛЦЕ ДОМАШНА 570 ГР,1592,49,2.35,
67653,Арена,ЛИМОНИ КГ,15017,50,2.15,
67653,Арена,ПОРТОКАЛИ,15174,51,0.92,
67653,Арена,БАНАНИ,15001,52,1.66,
67653,Арена,ЯБЪЛКИ ЖЪЛТИ КГ,15122,53,1.74,
67653,Арена,ДОМАТИ КГ,15089,54,1.48,
67653,Арена,ЛУК КГ,15068,55,0.61,
67653,Арена,МОРКОВИ КГ,15023,56,0.66,
67653,Арена,ЗЕЛЕ КГ,15113,57,0.66,
67653,Арена,КРАСТАВИЦИ КГ,15061,58,3.57,
67653,Арена,ЧЕСЪН КГ,15059,59,3.53,
67653,Арена,КАРТОФИ КГ,15097,61,0.51,
67653,Арена,МАСЛИНИ ФОТЕВ КГ,2707,62,4.24,
67653,Арена,КАША СЛЪНЧО АСОРТИ 200 ГР,147,63,2.81,
67653,Арена,ПЮРЕ БЕБЕЛАН ТЕЛЕШКО СЪС ЗЕЛЕНЧУЦИ 190 ГР,3270,64,1.74,
67653,Арена,ОБИКНОВЕНИ БИСКВИТИ РОДЕН КРАЙ 120 ГР,377,66,0.72,
67653,Арена,КРОАСАН ГУСТО 55 ГР,2223,67,0.28,
67653,Арена,ШОКОЛАД МЛЕЧЕН 80 ГР,6095,69,0.92,
67653,Арена,КАФЕ БИАНЧИ ГОЛД 100 ГР,1675,70,2.40,
67653,Арена,КАФЕ НАСИПНО КГ,6692,71,11.76,
67653,Арена,ЧАЙ БИОПРОГРАМА  МАЩЕРКА,5072,72,1.12,
67653,Арена,ВОДА ДЕВИН 1.5 Л,856,73,0.56,
67653,Арена,БИРА НАЗДРАВЕ 2.3 Л,"18,34",74,1.27,
67653,Арена,ВИНО ВИЛА ЯМБОЛ  750 МЛ,3830,75,4.65,
67653,Арена,ВИНО ВИЛА ЯМБОЛ  750 МЛ,3832,76,4.76,
67653,Арена,РАКИЯ ПОМОРИЙСКА ГРОЗДОВА 700 МЛ,4166,77,6.95,
67653,Арена,ЦИГАРИ КАМЕЛ ЛЕГЕНД ЖЪЛТ 100,203,78,3.17,
67653,Арена,ВЕРО МЕДИКС БАЛСАМ 415 МЛ,3871,79,1.33,
67653,Арена,ЧЗ ДЕНТАЛ СОФТ,7248,80,1.35,
67653,Арена,ПЗ СЕНСОДИН 75 МЛ,1316,81,2.91,
67653,Арена,ШН ФРУКТИС 250 МЛ,5906,82,3.07,
67653,Арена,САПУН  ПАЛМОЛИВ 90 ГР,2915,83,0.56,
67653,Арена,МК БОЧКО 72 БР,4375,84,1.43,
67653,Арена,ТХ  ЦЕВА 8,8600,85,3.07,
27365,Арена,ХЛЯБ СИМИД БЯЛ,5324,1,0.84,
27365,Арена,ХЛЯБ СИМИД ДОБРУДЖА,5330,2,0.84,
27365,Арена,ХЛЯБ АНЧЕВ РЪЖЕНО ПШЕНИЧЕН,4680,3,0.97,
27365,Арена,ХЛЯБ СИМИД ТИПОВ,5326,4,0.84,
27365,Арена,КОРИ БЕЛЛА 400 ГР,2076,5,1.84,
27365,Арена,ПМ ВЕРЕЯ 3 %,112,6,1.79,
27365,Арена,КМ ВЕРЕЯ 2.9 %,7689,7,0.87,
27365,Арена,СИРЕНЕ КРАВЕ СИТОВО КГ,10187,8,7.31,
27365,Арена,СИРЕНЕ ОЛИМПУС 400 ГР,2287,9,6.03,
27365,Арена,КАШКАВАЛ  КГ,5642,10,9.46,
27365,Арена,КАШКАВАЛ МТН 200 ГР,4571,11,2.81,
27365,Арена,МАСЛО ПРЕЗИДЕНТ 125 ГР,5438,12,3.37,
27365,Арена,ИЗВАРА РОДОПЕЯ КГ,4251,13,4.09,
27365,Арена,ИЗВАРА БОР ЧВОР 400ГР,7424,14,1.87,
27365,Арена,ПИЛЕШКО ФИЛЕ ХЕЛИКС КГ,3730,16,7,
27365,Арена,ПИЛЕШКО БУТЧЕ МЕРКЕЗ КГ,2851,17,4.09,
27365,Арена,СВИНСКО МЕСО КГ,202,18,5.06,
27365,Арена,СВИНСКИ БУТ КГ,190,19,5.01,
27365,Арена,СВИНСКО МЕСО КГ,5104,20,8.59,
27365,Арена,СВИНСКИ ВРАТ КГ,3481,21,7.46,
27365,Арена,СВИНСКИ ИЗРЕЗКИ КГ,7333,22,5.62,
27365,Арена,КАЙМА ШЕНЕЛ 60/40 КГ,141,25,5.32,
27365,Арена,КРЕНВИРШ КЕН КГ,2190,26,6.60,
27365,Арена,ЛУКАНКОВ САЛАМ ОРЕХИТЕ 240 ГР,5217,28,4.65,
27365,Арена,РИБА СКУМРИЯ 300 / 500 КГ,233,30,5.32,
27365,Арена,ЯЙЦА ЯЙЦЕПРОМ М,8585,31,1.99,
27365,Арена,ЯЙЦА ЯЙЦЕПРОМ L,8586,32,2.10,
27365,Арена,БОБ БЯЛ  НАЦИОНАЛ 1 КГ,475,33,2.30,
27365,Арена,ЛЕЩА НАЦИОНАЛ 1 КГ,2351,34,2.51,
27365,Арена,ОРИЗ БИСЕРЕН АРИВА 1 КГ,1725,35,1.84,
27365,Арена,МАКАРОНИ ПАНДЕЛКИ СТЕЛА 500 ГР,2587,36,1.28,
27365,Арена,СПАГЕТИ СТЕЛА,4863,37,1.28,
27365,Арена,ЗАХАР ФАМИЛЕКС 1 КГ,7949,38,1.12,
27365,Арена,СОЛ  НАЦИОНАЛ ТРАПЕЗНА  1 КГ,4797,39,0.38,
27365,Арена,БРАШНО МЕЛКО ТИП 500 1 КГ,588,40,0.89,
27365,Арена,БРАШНО СОФИЯ МЕЛ ЕКСТРА 1 КГ,9254,41,1.07,
27365,Арена,ОЛИО БИСЕР 1Л,7355,42,1.99,
27365,Арена,ЗЕХТИН ЕЛИА 1 Л,2894,43,10.89,
27365,Арена,ОЦЕТ ВИНЕН РЕЦЕПТА 700 МЛ,361,44,1.53,
27365,Арена,ОЦЕТ ЯБЪЛКОВ РЕЦЕПТА 700 МЛ,5024,45,1.53,
27365,Арена,БОБ КОНСЕРВА ФАМИЛЕКС 400 ГР,1767,46,0.92,
27365,Арена,КОНСЕРВА ГРАХ ДЕРОНИ 400 ГР,5102,47,1.79,
27365,Арена,КОНСЕРВА ДОМАТИ КУБЧЕТА  ФИОРЕ 400 Г,3863,48,0.84,
27365,Арена,ЛЮТЕНИЦА СЕЛЦЕ ДОМАШНА 570 ГР,1592,49,2.35,
27365,Арена,ЛИМОНИ КГ,15017,50,2.15,
27365,Арена,ПОРТОКАЛИ,15174,51,0.92,
27365,Арена,БАНАНИ,15001,52,1.66,
27365,Арена,ЯБЪЛКИ ЖЪЛТИ КГ,15122,53,1.74,
27365,Арена,ДОМАТИ КГ,15089,54,1.48,
27365,Арена,ЛУК КГ,15068,55,0.61,
27365,Арена,МОРКОВИ КГ,15023,56,0.66,
27365,Арена,ЗЕЛЕ КГ,15113,57,0.66,
27365,Арена,КРАСТАВИЦИ КГ,15061,58,3.57,
27365,Арена,ЧЕСЪН КГ,15059,59,3.53,
27365,Арена,КАРТОФИ КГ,15097,61,0.51,
27365,Арена,МАСЛИНИ ФОТЕВ КГ,2707,62,4.24,
27365,Арена,КАША СЛЪНЧО АСОРТИ 200 ГР,147,63,2.81,
27365,Арена,ПЮРЕ БЕБЕЛАН ТЕЛЕШКО СЪС ЗЕЛЕНЧУЦИ 190 ГР,3270,64,1.74,
27365,Арена,ОБИКНОВЕНИ БИСКВИТИ РОДЕН КРАЙ 120 ГР,377,66,0.72,
27365,Арена,КРОАСАН ГУСТО 55 ГР,2223,67,0.28,
27365,Арена,ШОКОЛАД МЛЕЧЕН 80 ГР,6095,69,0.92,
27365,Арена,КАФЕ БИАНЧИ ГОЛД 100 ГР,1675,70,2.40,
27365,Арена,КАФЕ НАСИПНО КГ,6692,71,11.76,
27365,Арена,ЧАЙ БИОПРОГРАМА  МАЩЕРКА,5072,72,1.12,
27365,Арена,ВОДА ДЕВИН 1.5 Л,856,73,0.56,
27365,Арена,БИРА НАЗДРАВЕ 2.3 Л,"18,34",74,1.27,
27365,Арена,ВИНО ВИЛА ЯМБОЛ  750 МЛ,3830,75,4.65,
27365,Арена,ВИНО ВИЛА ЯМБОЛ  750 МЛ,3832,76,4.76,
27365,Арена,РАКИЯ ПОМОРИЙСКА ГРОЗДОВА 700 МЛ,4166,77,6.95,
27365,Арена,ЦИГАРИ КАМЕЛ ЛЕГЕНД ЖЪЛТ 100,203,78,3.17,
27365,Арена,ВЕРО МЕДИКС БАЛСАМ 415 МЛ,3871,79,1.33,
27365,Арена,ЧЗ ДЕНТАЛ СОФТ,7248,80,1.35,
27365,Арена,ПЗ СЕНСОДИН 75 МЛ,1316,81,2.91,
27365,Арена,ШН ФРУКТИС 250 МЛ,5906,82,3.07,
27365,Арена,САПУН  ПАЛМОЛИВ 90 ГР,2915,83,0.56,
27365,Арена,МК БОЧКО 72 БР,4375,84,1.43,
27365,Арена,ТХ  ЦЕВА 8,8600,85,3.07,
