Населено място,Търговски обект,Наименование на продукта,Код на продукта,Категория,Цена на дребно,Цена в промоция
07079,Болеро Славейков- блок 164,АДАПТИРАНО МЛЯКО АПТАМИЛ АДВАНС 2 400Г 6-12М,127851,65,13.6,
07079,Болеро Славейков- блок 164,БАНАН КГ,086535,52,1.55,
07079,Болеро Славейков- блок 164,БАНИЧКА БЕЛЛА 140Г СИРЕНЕ,034126,68,0.61,
07079,Болеро Славейков- блок 164,БИРА ПИРИНСКО 2Л,055071,74,1.66,1.17
07079,Болеро Славейков- блок 164,БОБ БЯЛ ЧОРБАДЖИЙСКИ 1КГ,034832,33,2.65,
07079,Болеро Славейков- блок 164,БРАШНО МЛИН 1КГ БЯЛО ПШЕНИЧНО ТИП 500,031810,40,0.61,
07079,Болеро Славейков- блок 164,БРАШНО СОФИЯ МЕЛ 1КГ БАНИЦИ ПШЕНИЧНО,031370,40,1.02,
07079,Болеро Славейков- блок 164,БРАШНО СОФИЯ МЕЛ 1КГ ЕКСТРА ПШЕНИЧНО,034183,41,1.02,
07079,Болеро Славейков- блок 164,БРАШНО СОФИЯ МЕЛ 1КГ КЕКС ПШЕНИЧНО С НАБУХВАТЕЛ,034166,40,1.07,
07079,Болеро Славейков- блок 164,Б-ТИ ОБИКНОВЕНИ ИЗГРЕВ 120Г,063700,66,0.61,
07079,Болеро Славейков- блок 164,ВЕРО ЕХО 400МЛ БАЛСАМ ЛАЙКА,126907,79,1.27,
07079,Болеро Славейков- блок 164,ВЕРО ЕХО 400МЛ БАЛСАМ ЛЮЛЯК,126908,79,1.27,
07079,Болеро Славейков- блок 164,ВЕРО ЕХО 400МЛ БАЛСАМ МЛЯКО И МЕД,126909,79,1.27,
07079,Болеро Славейков- блок 164,"ВИНО БЯЛО МУСКАТ 0,75Л ТЪРГОВИЩЕ",050072,75,3.68,
07079,Болеро Славейков- блок 164,"ВИНО БЯЛО СОВИНЬОН БЛАН 0,75Л ТЪРГОВИЩЕ",055024,75,3.68,
07079,Болеро Славейков- блок 164,"ВИНО БЯЛО ТРАМИНЕР 0,75Л ТЪРГОВИЩЕ",050129,75,4.24,
07079,Болеро Славейков- блок 164,"ВИНО ЧЕРВЕНО КАБЕРНЕ 0,75Л ТЪРГОВИЩЕ РЕЗЕРВА",050079,76,3.73,
07079,Болеро Славейков- блок 164,"ВИНО ЧЕРВЕНО МЕРЛО 0,75Л  ТЪРГОВИЩЕ РЕЗЕРВА",050333,76,3.73,
07079,Болеро Славейков- блок 164,ГЪБИ КГ,062265,60,3.88,
07079,Болеро Славейков- блок 164,ДОМАТИ КГ,088005,54,1.79,
07079,Болеро Славейков- блок 164,ЗАХАР СЛАДЕЯ 1КГ,082628,38,0.97,
07079,Болеро Славейков- блок 164,ЗЕЛЕ КГ,082279,57,0.35,0.29
07079,Болеро Славейков- блок 164,ИЗВАРА КАШКАВАЛЕНА САЯНА 400Г,025329,14,1.53,
07079,Болеро Славейков- блок 164,ИЗВАРА САЯНА КГ СЪХРН.0/4С,026075,13,2.04,
07079,Болеро Славейков- блок 164,КАРТОФИ  КГ,080982,61,0.56,0.43
07079,Болеро Славейков- блок 164,КАФЕ МЛЯНО БИАНЧИ АДОРЕ ЕСПРЕСО БАР 250Г,071396,70,4.44,
07079,Болеро Славейков- блок 164,КАФЕ САНТОС НАТУРАЛ ЗЪРНА 1КГ,071497,71,15.84,
07079,Болеро Славейков- блок 164,КАШКАВАЛ КРАВЕ 200Г РАЛИЦА,027135,12,3.47,
07079,Болеро Славейков- блок 164,КАШКАВАЛ КРАВЕ САКАРЕЛА КГ  ТОСТ  ЩАНД  СЪХРН  2/6 С,022350,11,9.2,
07079,Болеро Славейков- блок 164,"КИСЕЛО МЛ.МОРЯЧЕ 3,6% 370Г",025799,7,0.76,
07079,Болеро Славейков- блок 164,КОЛБАС КАМЧИЯ ЧИЧОВЦИ 400Г,016744,28,1.94,
07079,Болеро Славейков- блок 164,КОНС.БОБ БЯЛ МИСОТА 425МЛ,080304,46,1.07,
07079,Болеро Славейков- блок 164,КОНС.ГРАХ АРИВА 400МЛ,081217,47,1.17,
07079,Болеро Славейков- блок 164,КОНС.ДОМАТИ НА КУБЧЕТА ДЕРОНИ 400Г,083265,48,1.27,0.99
07079,Болеро Славейков- блок 164,КОРИ ТОЧЕНИ ТРЯВНА 500Г,030961,5,1.17,
07079,Болеро Славейков- блок 164,КРАСТАВИЦА КГ,022291,58,2.58,
07079,Болеро Славейков- блок 164,КРЕНВИРШ ПИЛЕШКИ ГРАДУС КГ СЪХРН 0/4 С,013656,26,3.06,
07079,Болеро Славейков- блок 164,КРОАСАН 22 КАРАТА 55Г ШОКОЛАД,060961,67,0.28,
07079,Болеро Славейков- блок 164,ЛЕЩА 1КГ АРИВА КЛАСИК,032261,34,2.19,
07079,Болеро Славейков- блок 164,ЛИМОН КГ,086527,50,1.85,
07079,Болеро Славейков- блок 164,ЛУК КГ,086613,55,0.56,
07079,Болеро Славейков- блок 164,ЛЮТЕНИЦА БАБИНА ОЛИНЕЗА 515Г,080343,49,3.68,
07079,Болеро Славейков- блок 164,МАКАРОНИ МЕЛИСА ПРИМО ГУСТО 500Г ЗВЕЗДИЧКИ СТЕЛИНИ,031128,36,1.63,
07079,Болеро Славейков- блок 164,МАКАРОНИ МЕЛИСА ПРИМО ГУСТО 500Г КОНЧИЛЕТИ,032079,36,1.63,
07079,Болеро Славейков- блок 164,МАКАРОНИ МЕЛИСА ПРИМО ГУСТО 500Г КУС КУС,032016,36,1.63,
07079,Болеро Славейков- блок 164,МАКАРОНИ МЕЛИСА ПРИМО ГУСТО 500Г ПЕНЕ РИГАТЕ,031127,36,1.63,
07079,Болеро Славейков- блок 164,МАКАРОНИ МЕЛИСА ПРИМО ГУСТО 500Г ФУСИЛИ,034106,36,1.63,
07079,Болеро Славейков- блок 164,МАСЛИНИ ТУРСКИ УСЛУ ОМАЗНЕНИ КГ      ЗЕЙТИН СЪХРН.0/4С,083638,62,3.83,
07079,Болеро Славейков- блок 164,МАСЛИНОВО МАСЛО ДИ ПАЛИО 1Л ПОМАС,084493,43,7.29,
07079,Болеро Славейков- блок 164,МАСЛИНОВО МАСЛО МОЕЛОЛИВА 1Л ЕКСТРА  ВЪРДЖИН,084461,43,14.82,
07079,Болеро Славейков- блок 164,МАСЛО КРАВЕ МАНОЛЕ 125Г,027512,12,1.68,
07079,Болеро Славейков- блок 164,"МИН.ВОДА ГОРНА БАНЯ 1,5Л",052034,73,0.51,
07079,Болеро Славейков- блок 164,МЛ.КАША СЛЪНЧО БАНАН 200Г 4М+,061042,63,2.86,
07079,Болеро Славейков- блок 164,"МЛЯКО ПР.МЛЕКАРКАТА 3,2% 1Л УХТ",027209,6,1.22,
07079,Болеро Славейков- блок 164,МОКРИ КЪРПИ БОЧКО 84БР ПАМУК И ЛАВАНДУЛА,128518,84,1.78,
07079,Болеро Славейков- блок 164,МОКРИ КЪРПИ БОЧКО 84БР ПАМУК И ЛАЙКА,128519,84,1.78,
07079,Болеро Славейков- блок 164,МОКРИ КЪРПИ БОЧКО 84БР ПАМУК И НЕВЕН,129065,84,1.78,
07079,Болеро Славейков- блок 164,МОКРИ КЪРПИ БОЧКО 84БР ПАМУК И СМРАДЛИКА,129064,84,1.78,
07079,Болеро Славейков- блок 164,МОРКОВИ КГ,086611,56,0.51,
07079,Болеро Славейков- блок 164,ОЛИО БИСЕР 1Л РАФИНИРАНО СЛЪНЧОГЛЕДОВО МАСЛО,080154,42,1.84,
07079,Болеро Славейков- блок 164,ОРИЗ БИСЕРЕН 1КГ АРТЕ,031795,35,1.61,
07079,Болеро Славейков- блок 164,ОЦЕТ ВИНЕН 700МЛ СТАРОПРЕСТОЛЕН,092494,44,1.27,
07079,Болеро Славейков- блок 164,ОЦЕТ ЯБЪЛКОВ 700МЛ СТАРОПРЕСТОЛЕН,092495,45,1.27,
07079,Болеро Славейков- блок 164,ПЗ АКВАФРЕШ СИНЯ 50МЛ,090414,81,1.38,
07079,Болеро Славейков- блок 164,ПИЛЕ ЛУДОГОРСКО ОХЛ.КГ ЩАНД,016852,15,3.29,
07079,Болеро Славейков- блок 164,ПИЛЕШКО БУТЧЕ КГ  ОХЛ  СЪХРН.0/4С,010243,17,2.24,
07079,Болеро Славейков- блок 164,ПОРТОКАЛ КГ,022171,51,1.02,
07079,Болеро Славейков- блок 164,ПЮРЕ БЕБЕЛАН ЗЕЛЕНЧУКОВО АСОРТИ 190Г 4М+,081545,64,1.12,
07079,Болеро Славейков- блок 164,"РАКИЯ ГРОЗДОВА 0,7Л БОЛГАРЕ ОТЛЕЖАЛА",053422,77,7.51,
07079,Болеро Славейков- блок 164,"РАКИЯ СЛИВОВА 0,7Л ТРОЯНСКА",050020,77,8.58,
07079,Болеро Славейков- блок 164,РИБА СКУМРИЯ МОРСКИ РИБОЛОВ 400/600 КГ ЗАМР.,015325,29,7.05,
07079,Болеро Славейков- блок 164,САПУН АРОМА ФРЕШ 75Г АЛОЕ,118098,83,0.61,
07079,Болеро Славейков- блок 164,САПУН АРОМА ФРЕШ 75Г ВОДНА ЛИЛИЯ,081388,83,0.61,
07079,Болеро Славейков- блок 164,САПУН АРОМА ФРЕШ 75Г ЛЮЛЯК,118097,83,0.61,
07079,Болеро Славейков- блок 164,САПУН АРОМА ФРЕШ 75Г РОЗОВА ОРХИДЕЯ,118096,83,0.61,
07079,Болеро Славейков- блок 164,СВ.БУТ БЕЗ КОСТ СЪХРН. ДО 0/4C,013040,19,4.9,
07079,Болеро Славейков- блок 164,СВ.МЕСО ЗА ГОТВЕНЕ КГ СЪХРН. ДО 0/4C,010059,22,4.9,
07079,Болеро Славейков- блок 164,СВИНСКА ПЛЕШКА БЕЗ КОСТ КГ СЪХРН. ДО 0/4C  / 4D/S,014195,18,4.6,
07079,Болеро Славейков- блок 164,СИРЕНЕ КРАВЕ БУЛГАРЧЕ 400Г      ВАК.,016760,9,3.78,
07079,Болеро Славейков- блок 164,СИРЕНЕ КРАВЕ ЩАНД МОКРЕН КГ СЪХРН.0/4С,027158,8,5.98,
07079,Болеро Славейков- блок 164,СОЛ КРИНА 1КГ ФИНА ЙОДИРАНА,030866,39,0.51,
07079,Болеро Славейков- блок 164,СОЛ ПЕРЛА 1КГ СИТНА,086491,39,0.29,
07079,Болеро Славейков- блок 164,СПАГЕТИ БАРИЛА №3 500Г,034569,37,1.53,
07079,Болеро Славейков- блок 164,СПАГЕТИ БАРИЛА №5 500Г,034570,37,1.53,
07079,Болеро Славейков- блок 164,СПАГЕТИ СТЕЛА №10 500Г,034090,37,1.27,
07079,Болеро Славейков- блок 164,СПАГЕТИ СТЕЛА №3 500Г,032012,37,1.27,
07079,Болеро Славейков- блок 164,ТОАЛ.ХАРТИЯ ГАМА НАТУРАЛ АРОМА 8БР,129247,5,1.94,
07079,Болеро Славейков- блок 164,ПИЛЕШКО БОН ФИЛЕ ОХЛ. ЩАНД КГ СЪХРН. 0/4С        345,015465,16,7.15,6.49
07079,Болеро Славейков- блок 164,СВИНСКИ ВРАТ БЕЗ КОСТ КГ СЪХРН.ОТ  0 /4C,022411,21,5.62,
07079,Болеро Славейков- блок 164,ХЛЯБ БЯЛ 500Г ВКУСНИЯТ КОМАТ,031733,1,0.95,
07079,Болеро Славейков- блок 164,ХЛЯБ ДОБРУДЖА 600Г,030002,2,0.84,
07079,Болеро Славейков- блок 164,ХЛЯБ РЪЖЕН 450Г СЕЛСКИ ЛАГАРД,031730,3,1.46,
07079,Болеро Славейков- блок 164,ХЛЯБ ТИПОВ 450Г СЕЛСКИ ЛАГАРД,031729,4,1.46,
07079,Болеро Славейков- блок 164,ЦИГАРИ КИНГ ЧЕРВЕН,040334,78,3.07,
07079,Болеро Славейков- блок 164,ЦИГАРИ МЕРИЛИН СЛИМ РОЗОВ,040331,78,3.17,
07079,Болеро Славейков- блок 164,ЦИГАРИ МЕРИЛИН СЛИМ СИН,040332,78,3.17,
07079,Болеро Славейков- блок 164,ЧАЙ ЛУКЧЕТА БРОНХО 24Г,071198,72,0.84,
07079,Болеро Славейков- блок 164,ЧАЙ ЛУКЧЕТА МЕД И ЛИМОН 24Г,071199,72,0.84,
07079,Болеро Славейков- блок 164,ЧАЙ ЛУКЧЕТА МЕНТА И ЛАЙКА 24Г,071200,72,0.84,
07079,Болеро Славейков- блок 164,ЧАЙ ЛУКЧЕТА УСПОКОИТЕЛЕН 24Г,071201,72,0.84,
07079,Болеро Славейков- блок 164,ЧЕСЪН КГ,000052,59,4.09,
07079,Болеро Славейков- блок 164,ЧЕТКА ЗА ЗЪБИ АСТЕРА АКТИВ 3 МЕДИУМ,090962,80,0.86,
07079,Болеро Славейков- блок 164,ШАМП.ТЕО 350МЛ НЕЙЧЪР 2В1 ЗА НОРМАЛНА КОСА,127101,82,1.68,
07079,Болеро Славейков- блок 164,ШОКОЛАД 1 МИЛКА НБ 90Г МЛЕЧЕН,060193,69,1.48,1.35
07079,Болеро Славейков- блок 164,ШОЛ ОТ СВИНСКИ БУТ КГ СЪХРН.0/4С,015628,20,5.11,
07079,Болеро Славейков- блок 164,ШПЕК БУРГАС ДЕЛИКАТЕС ЖИТНИЦА 250Г,010692,28,3.27,
07079,Болеро Славейков- блок 164,ЯБЪЛКИ ЖЪЛТИ КГ,086601,53,1.25,1.17
07079,Болеро Славейков- блок 164,ЯБЪЛКИ ЗЕЛЕНИ КГ,010266,53,1.68,
07079,Болеро Славейков- блок 164,ЯБЪЛКИ ЧЕРВЕНИ КГ,020312,53,1.74,
07079,Болеро Славейков- блок 164,ЯЙЦА L6 БР. БАГРЯНКА,015236,32,2.09,
07079,Болеро Славейков- блок 164,ЯЙЦА М6 БР. ЯЙЦЕПРОМ,012575,31,1.45,
07079,Болеро Лазур- срещу блок 71,АДАПТИРАНО МЛЯКО АПТАМИЛ АДВАНС 2 400Г 6-12М,127851,65,13.6,
07079,Болеро Лазур- срещу блок 71,БАНАН КГ,086535,52,1.55,
07079,Болеро Лазур- срещу блок 71,БАНИЧКА БЕЛЛА 140Г СИРЕНЕ,034126,68,0.61,
07079,Болеро Лазур- срещу блок 71,БИРА ПИРИНСКО 2Л,055071,74,1.66,1.17
07079,Болеро Лазур- срещу блок 71,БОБ БЯЛ ЧОРБАДЖИЙСКИ 1КГ,034832,33,2.65,
07079,Болеро Лазур- срещу блок 71,БРАШНО МЛИН 1КГ БЯЛО ПШЕНИЧНО ТИП 500,031810,40,0.61,
07079,Болеро Лазур- срещу блок 71,БРАШНО СОФИЯ МЕЛ 1КГ БАНИЦИ ПШЕНИЧНО,031370,40,1.02,
07079,Болеро Лазур- срещу блок 71,БРАШНО СОФИЯ МЕЛ 1КГ ЕКСТРА ПШЕНИЧНО,034183,41,1.02,
07079,Болеро Лазур- срещу блок 71,БРАШНО СОФИЯ МЕЛ 1КГ КЕКС ПШЕНИЧНО С НАБУХВАТЕЛ,034166,40,1.07,
07079,Болеро Лазур- срещу блок 71,Б-ТИ ОБИКНОВЕНИ ИЗГРЕВ 120Г,063700,66,0.61,
07079,Болеро Лазур- срещу блок 71,ВЕРО ЕХО 400МЛ БАЛСАМ ЛАЙКА,126907,79,1.27,
07079,Болеро Лазур- срещу блок 71,ВЕРО ЕХО 400МЛ БАЛСАМ ЛЮЛЯК,126908,79,1.27,
07079,Болеро Лазур- срещу блок 71,ВЕРО ЕХО 400МЛ БАЛСАМ МЛЯКО И МЕД,126909,79,1.27,
07079,Болеро Лазур- срещу блок 71,"ВИНО БЯЛО МУСКАТ 0,75Л ТЪРГОВИЩЕ",050072,75,3.68,
07079,Болеро Лазур- срещу блок 71,"ВИНО БЯЛО СОВИНЬОН БЛАН 0,75Л ТЪРГОВИЩЕ",055024,75,3.68,
07079,Болеро Лазур- срещу блок 71,"ВИНО БЯЛО ТРАМИНЕР 0,75Л ТЪРГОВИЩЕ",050129,75,4.24,
07079,Болеро Лазур- срещу блок 71,"ВИНО ЧЕРВЕНО КАБЕРНЕ 0,75Л ТЪРГОВИЩЕ РЕЗЕРВА",050079,76,3.73,
07079,Болеро Лазур- срещу блок 71,"ВИНО ЧЕРВЕНО МЕРЛО 0,75Л  ТЪРГОВИЩЕ РЕЗЕРВА",050333,76,3.73,
07079,Болеро Лазур- срещу блок 71,ГЪБИ КГ,062265,60,3.88,
07079,Болеро Лазур- срещу блок 71,ДОМАТИ КГ,088005,54,1.79,
07079,Болеро Лазур- срещу блок 71,ЗАХАР СЛАДЕЯ 1КГ,082628,38,0.97,
07079,Болеро Лазур- срещу блок 71,ЗЕЛЕ КГ,082279,57,0.35,0.29
07079,Болеро Лазур- срещу блок 71,ИЗВАРА КАШКАВАЛЕНА САЯНА 400Г,025329,14,1.53,
07079,Болеро Лазур- срещу блок 71,ИЗВАРА САЯНА КГ СЪХРН.0/4С,026075,13,2.04,
07079,Болеро Лазур- срещу блок 71,КАРТОФИ  КГ,080982,61,0.56,0.43
07079,Болеро Лазур- срещу блок 71,КАФЕ МЛЯНО БИАНЧИ АДОРЕ ЕСПРЕСО БАР 250Г,071396,70,4.44,
07079,Болеро Лазур- срещу блок 71,КАФЕ САНТОС НАТУРАЛ ЗЪРНА 1КГ,071497,71,15.84,
07079,Болеро Лазур- срещу блок 71,КАШКАВАЛ КРАВЕ 200Г РАЛИЦА,027135,12,3.47,
07079,Болеро Лазур- срещу блок 71,КАШКАВАЛ КРАВЕ САКАРЕЛА КГ  ТОСТ  ЩАНД  СЪХРН  2/6 С,022350,11,9.2,
07079,Болеро Лазур- срещу блок 71,"КИСЕЛО МЛ.МОРЯЧЕ 3,6% 370Г",025799,7,0.76,
07079,Болеро Лазур- срещу блок 71,КОЛБАС КАМЧИЯ ЧИЧОВЦИ 400Г,016744,28,1.94,
07079,Болеро Лазур- срещу блок 71,КОНС.БОБ БЯЛ МИСОТА 425МЛ,080304,46,1.07,
07079,Болеро Лазур- срещу блок 71,КОНС.ГРАХ АРИВА 400МЛ,081217,47,1.17,
07079,Болеро Лазур- срещу блок 71,КОНС.ДОМАТИ НА КУБЧЕТА ДЕРОНИ 400Г,083265,48,1.27,0.99
07079,Болеро Лазур- срещу блок 71,КОРИ ТОЧЕНИ ТРЯВНА 500Г,030961,5,1.17,
07079,Болеро Лазур- срещу блок 71,КРАСТАВИЦА КГ,022291,58,2.58,
07079,Болеро Лазур- срещу блок 71,КРЕНВИРШ ПИЛЕШКИ ГРАДУС КГ СЪХРН 0/4 С,013656,26,3.06,
07079,Болеро Лазур- срещу блок 71,КРОАСАН 22 КАРАТА 55Г ШОКОЛАД,060961,67,0.28,
07079,Болеро Лазур- срещу блок 71,ЛЕЩА 1КГ АРИВА КЛАСИК,032261,34,2.19,
07079,Болеро Лазур- срещу блок 71,ЛИМОН КГ,086527,50,1.85,
07079,Болеро Лазур- срещу блок 71,ЛУК КГ,086613,55,0.56,
07079,Болеро Лазур- срещу блок 71,ЛЮТЕНИЦА БАБИНА ОЛИНЕЗА 515Г,080343,49,3.68,
07079,Болеро Лазур- срещу блок 71,МАКАРОНИ МЕЛИСА ПРИМО ГУСТО 500Г ЗВЕЗДИЧКИ СТЕЛИНИ,031128,36,1.63,
07079,Болеро Лазур- срещу блок 71,МАКАРОНИ МЕЛИСА ПРИМО ГУСТО 500Г КОНЧИЛЕТИ,032079,36,1.63,
07079,Болеро Лазур- срещу блок 71,МАКАРОНИ МЕЛИСА ПРИМО ГУСТО 500Г КУС КУС,032016,36,1.63,
07079,Болеро Лазур- срещу блок 71,МАКАРОНИ МЕЛИСА ПРИМО ГУСТО 500Г ПЕНЕ РИГАТЕ,031127,36,1.63,
07079,Болеро Лазур- срещу блок 71,МАКАРОНИ МЕЛИСА ПРИМО ГУСТО 500Г ФУСИЛИ,034106,36,1.63,
07079,Болеро Лазур- срещу блок 71,МАСЛИНИ ТУРСКИ УСЛУ ОМАЗНЕНИ КГ      ЗЕЙТИН СЪХРН.0/4С,083638,62,3.83,
07079,Болеро Лазур- срещу блок 71,МАСЛИНОВО МАСЛО ДИ ПАЛИО 1Л ПОМАС,084493,43,7.29,
07079,Болеро Лазур- срещу блок 71,МАСЛИНОВО МАСЛО МОЕЛОЛИВА 1Л ЕКСТРА  ВЪРДЖИН,084461,43,14.82,
07079,Болеро Лазур- срещу блок 71,МАСЛО КРАВЕ МАНОЛЕ 125Г,027512,12,1.68,
07079,Болеро Лазур- срещу блок 71,"МИН.ВОДА ГОРНА БАНЯ 1,5Л",052034,73,0.51,
07079,Болеро Лазур- срещу блок 71,МЛ.КАША СЛЪНЧО БАНАН 200Г 4М+,061042,63,2.86,
07079,Болеро Лазур- срещу блок 71,"МЛЯКО ПР.МЛЕКАРКАТА 3,2% 1Л УХТ",027209,6,1.22,
07079,Болеро Лазур- срещу блок 71,МОКРИ КЪРПИ БОЧКО 84БР ПАМУК И ЛАВАНДУЛА,128518,84,1.78,
07079,Болеро Лазур- срещу блок 71,МОКРИ КЪРПИ БОЧКО 84БР ПАМУК И ЛАЙКА,128519,84,1.78,
07079,Болеро Лазур- срещу блок 71,МОКРИ КЪРПИ БОЧКО 84БР ПАМУК И НЕВЕН,129065,84,1.78,
07079,Болеро Лазур- срещу блок 71,МОКРИ КЪРПИ БОЧКО 84БР ПАМУК И СМРАДЛИКА,129064,84,1.78,
07079,Болеро Лазур- срещу блок 71,МОРКОВИ КГ,086611,56,0.51,
07079,Болеро Лазур- срещу блок 71,ОЛИО БИСЕР 1Л РАФИНИРАНО СЛЪНЧОГЛЕДОВО МАСЛО,080154,42,1.84,
07079,Болеро Лазур- срещу блок 71,ОРИЗ БИСЕРЕН 1КГ АРТЕ,031795,35,1.61,
07079,Болеро Лазур- срещу блок 71,ОЦЕТ ВИНЕН 700МЛ СТАРОПРЕСТОЛЕН,092494,44,1.27,
07079,Болеро Лазур- срещу блок 71,ОЦЕТ ЯБЪЛКОВ 700МЛ СТАРОПРЕСТОЛЕН,092495,45,1.27,
07079,Болеро Лазур- срещу блок 71,ПЗ АКВАФРЕШ СИНЯ 50МЛ,090414,81,1.38,
07079,Болеро Лазур- срещу блок 71,ПИЛЕ ЛУДОГОРСКО ОХЛ.КГ ЩАНД,016852,15,3.29,
07079,Болеро Лазур- срещу блок 71,ПИЛЕШКО БУТЧЕ КГ  ОХЛ  СЪХРН.0/4С,010243,17,2.24,
07079,Болеро Лазур- срещу блок 71,ПОРТОКАЛ КГ,022171,51,1.02,
07079,Болеро Лазур- срещу блок 71,ПЮРЕ БЕБЕЛАН ЗЕЛЕНЧУКОВО АСОРТИ 190Г 4М+,081545,64,1.12,
07079,Болеро Лазур- срещу блок 71,"РАКИЯ ГРОЗДОВА 0,7Л БОЛГАРЕ ОТЛЕЖАЛА",053422,77,7.51,
07079,Болеро Лазур- срещу блок 71,"РАКИЯ СЛИВОВА 0,7Л ТРОЯНСКА",050020,77,8.58,
07079,Болеро Лазур- срещу блок 71,РИБА СКУМРИЯ МОРСКИ РИБОЛОВ 400/600 КГ ЗАМР.,015325,29,7.05,
07079,Болеро Лазур- срещу блок 71,САПУН АРОМА ФРЕШ 75Г АЛОЕ,118098,83,0.61,
07079,Болеро Лазур- срещу блок 71,САПУН АРОМА ФРЕШ 75Г ВОДНА ЛИЛИЯ,081388,83,0.61,
07079,Болеро Лазур- срещу блок 71,САПУН АРОМА ФРЕШ 75Г ЛЮЛЯК,118097,83,0.61,
07079,Болеро Лазур- срещу блок 71,САПУН АРОМА ФРЕШ 75Г РОЗОВА ОРХИДЕЯ,118096,83,0.61,
07079,Болеро Лазур- срещу блок 71,СВ.БУТ БЕЗ КОСТ СЪХРН. ДО 0/4C,013040,19,4.9,
07079,Болеро Лазур- срещу блок 71,СВ.МЕСО ЗА ГОТВЕНЕ КГ СЪХРН. ДО 0/4C,010059,22,4.9,
07079,Болеро Лазур- срещу блок 71,СВИНСКА ПЛЕШКА БЕЗ КОСТ КГ СЪХРН. ДО 0/4C  / 4D/S,014195,18,4.6,
07079,Болеро Лазур- срещу блок 71,СИРЕНЕ КРАВЕ БУЛГАРЧЕ 400Г      ВАК.,016760,9,3.78,
07079,Болеро Лазур- срещу блок 71,СИРЕНЕ КРАВЕ ЩАНД МОКРЕН КГ СЪХРН.0/4С,027158,8,5.98,
07079,Болеро Лазур- срещу блок 71,СОЛ КРИНА 1КГ ФИНА ЙОДИРАНА,030866,39,0.51,
07079,Болеро Лазур- срещу блок 71,СОЛ ПЕРЛА 1КГ СИТНА,086491,39,0.29,
07079,Болеро Лазур- срещу блок 71,СПАГЕТИ БАРИЛА №3 500Г,034569,37,1.53,
07079,Болеро Лазур- срещу блок 71,СПАГЕТИ БАРИЛА №5 500Г,034570,37,1.53,
07079,Болеро Лазур- срещу блок 71,СПАГЕТИ СТЕЛА №10 500Г,034090,37,1.27,
07079,Болеро Лазур- срещу блок 71,СПАГЕТИ СТЕЛА №3 500Г,032012,37,1.27,
07079,Болеро Лазур- срещу блок 71,ТОАЛ.ХАРТИЯ ГАМА НАТУРАЛ АРОМА 8БР,129247,5,1.94,
07079,Болеро Лазур- срещу блок 71,ПИЛЕШКО БОН ФИЛЕ ОХЛ. ЩАНД КГ СЪХРН. 0/4С        345,015465,16,7.15,6.49
07079,Болеро Лазур- срещу блок 71,СВИНСКИ ВРАТ БЕЗ КОСТ КГ СЪХРН.ОТ  0 /4C,022411,21,5.62,
07079,Болеро Лазур- срещу блок 71,ХЛЯБ БЯЛ 500Г ВКУСНИЯТ КОМАТ,031733,1,0.95,
07079,Болеро Лазур- срещу блок 71,ХЛЯБ ДОБРУДЖА 600Г,030002,2,0.84,
07079,Болеро Лазур- срещу блок 71,ХЛЯБ РЪЖЕН 450Г СЕЛСКИ ЛАГАРД,031730,3,1.46,
07079,Болеро Лазур- срещу блок 71,ХЛЯБ ТИПОВ 450Г СЕЛСКИ ЛАГАРД,031729,4,1.46,
07079,Болеро Лазур- срещу блок 71,ЦИГАРИ КИНГ ЧЕРВЕН,040334,78,3.07,
07079,Болеро Лазур- срещу блок 71,ЦИГАРИ МЕРИЛИН СЛИМ РОЗОВ,040331,78,3.17,
07079,Болеро Лазур- срещу блок 71,ЦИГАРИ МЕРИЛИН СЛИМ СИН,040332,78,3.17,
07079,Болеро Лазур- срещу блок 71,ЧАЙ ЛУКЧЕТА БРОНХО 24Г,071198,72,0.84,
07079,Болеро Лазур- срещу блок 71,ЧАЙ ЛУКЧЕТА МЕД И ЛИМОН 24Г,071199,72,0.84,
07079,Болеро Лазур- срещу блок 71,ЧАЙ ЛУКЧЕТА МЕНТА И ЛАЙКА 24Г,071200,72,0.84,
07079,Болеро Лазур- срещу блок 71,ЧАЙ ЛУКЧЕТА УСПОКОИТЕЛЕН 24Г,071201,72,0.84,
07079,Болеро Лазур- срещу блок 71,ЧЕСЪН КГ,000052,59,4.09,
07079,Болеро Лазур- срещу блок 71,ЧЕТКА ЗА ЗЪБИ АСТЕРА АКТИВ 3 МЕДИУМ,090962,80,0.86,
07079,Болеро Лазур- срещу блок 71,ШАМП.ТЕО 350МЛ НЕЙЧЪР 2В1 ЗА НОРМАЛНА КОСА,127101,82,1.68,
07079,Болеро Лазур- срещу блок 71,ШОКОЛАД 1 МИЛКА НБ 90Г МЛЕЧЕН,060193,69,1.48,1.35
07079,Болеро Лазур- срещу блок 71,ШОЛ ОТ СВИНСКИ БУТ КГ СЪХРН.0/4С,015628,20,5.11,
07079,Болеро Лазур- срещу блок 71,ШПЕК БУРГАС ДЕЛИКАТЕС ЖИТНИЦА 250Г,010692,28,3.27,
07079,Болеро Лазур- срещу блок 71,ЯБЪЛКИ ЖЪЛТИ КГ,086601,53,1.25,1.17
07079,Болеро Лазур- срещу блок 71,ЯБЪЛКИ ЗЕЛЕНИ КГ,010266,53,1.68,
07079,Болеро Лазур- срещу блок 71,ЯБЪЛКИ ЧЕРВЕНИ КГ,020312,53,1.74,
07079,Болеро Лазур- срещу блок 71,ЯЙЦА L6 БР. БАГРЯНКА,015236,32,2.09,
07079,Болеро Лазур- срещу блок 71,ЯЙЦА М6 БР. ЯЙЦЕПРОМ,012575,31,1.45,
07079,"Болеро Аква- ж.к. Лазур, блок 161",АДАПТИРАНО МЛЯКО АПТАМИЛ АДВАНС 2 400Г 6-12М,127851,65,13.6,
07079,"Болеро Аква- ж.к. Лазур, блок 161",БАНАН КГ,086535,52,1.55,
07079,"Болеро Аква- ж.к. Лазур, блок 161",БАНИЧКА БЕЛЛА 140Г СИРЕНЕ,034126,68,0.61,
07079,"Болеро Аква- ж.к. Лазур, блок 161",БИРА ПИРИНСКО 2Л,055071,74,1.66,1.17
07079,"Болеро Аква- ж.к. Лазур, блок 161",БОБ БЯЛ ЧОРБАДЖИЙСКИ 1КГ,034832,33,2.65,
07079,"Болеро Аква- ж.к. Лазур, блок 161",БРАШНО МЛИН 1КГ БЯЛО ПШЕНИЧНО ТИП 500,031810,40,0.61,
07079,"Болеро Аква- ж.к. Лазур, блок 161",БРАШНО СОФИЯ МЕЛ 1КГ БАНИЦИ ПШЕНИЧНО,031370,40,1.02,
07079,"Болеро Аква- ж.к. Лазур, блок 161",БРАШНО СОФИЯ МЕЛ 1КГ ЕКСТРА ПШЕНИЧНО,034183,41,1.02,
07079,"Болеро Аква- ж.к. Лазур, блок 161",БРАШНО СОФИЯ МЕЛ 1КГ КЕКС ПШЕНИЧНО С НАБУХВАТЕЛ,034166,40,1.07,
07079,"Болеро Аква- ж.к. Лазур, блок 161",Б-ТИ ОБИКНОВЕНИ ИЗГРЕВ 120Г,063700,66,0.61,
07079,"Болеро Аква- ж.к. Лазур, блок 161",ВЕРО ЕХО 400МЛ БАЛСАМ ЛАЙКА,126907,79,1.27,
07079,"Болеро Аква- ж.к. Лазур, блок 161",ВЕРО ЕХО 400МЛ БАЛСАМ ЛЮЛЯК,126908,79,1.27,
07079,"Болеро Аква- ж.к. Лазур, блок 161",ВЕРО ЕХО 400МЛ БАЛСАМ МЛЯКО И МЕД,126909,79,1.27,
07079,"Болеро Аква- ж.к. Лазур, блок 161","ВИНО БЯЛО МУСКАТ 0,75Л ТЪРГОВИЩЕ",050072,75,3.68,
07079,"Болеро Аква- ж.к. Лазур, блок 161","ВИНО БЯЛО СОВИНЬОН БЛАН 0,75Л ТЪРГОВИЩЕ",055024,75,3.68,
07079,"Болеро Аква- ж.к. Лазур, блок 161","ВИНО БЯЛО ТРАМИНЕР 0,75Л ТЪРГОВИЩЕ",050129,75,4.24,
07079,"Болеро Аква- ж.к. Лазур, блок 161","ВИНО ЧЕРВЕНО КАБЕРНЕ 0,75Л ТЪРГОВИЩЕ РЕЗЕРВА",050079,76,3.73,
07079,"Болеро Аква- ж.к. Лазур, блок 161","ВИНО ЧЕРВЕНО МЕРЛО 0,75Л  ТЪРГОВИЩЕ РЕЗЕРВА",050333,76,3.73,
07079,"Болеро Аква- ж.к. Лазур, блок 161",ГЪБИ КГ,062265,60,3.88,
07079,"Болеро Аква- ж.к. Лазур, блок 161",ДОМАТИ КГ,088005,54,1.79,
07079,"Болеро Аква- ж.к. Лазур, блок 161",ЗАХАР СЛАДЕЯ 1КГ,082628,38,0.97,
07079,"Болеро Аква- ж.к. Лазур, блок 161",ЗЕЛЕ КГ,082279,57,0.35,0.29
07079,"Болеро Аква- ж.к. Лазур, блок 161",ИЗВАРА КАШКАВАЛЕНА САЯНА 400Г,025329,14,1.53,
07079,"Болеро Аква- ж.к. Лазур, блок 161",ИЗВАРА САЯНА КГ СЪХРН.0/4С,026075,13,2.04,
07079,"Болеро Аква- ж.к. Лазур, блок 161",КАРТОФИ  КГ,080982,61,0.56,0.43
07079,"Болеро Аква- ж.к. Лазур, блок 161",КАФЕ МЛЯНО БИАНЧИ АДОРЕ ЕСПРЕСО БАР 250Г,071396,70,4.44,
07079,"Болеро Аква- ж.к. Лазур, блок 161",КАФЕ САНТОС НАТУРАЛ ЗЪРНА 1КГ,071497,71,15.84,
07079,"Болеро Аква- ж.к. Лазур, блок 161",КАШКАВАЛ КРАВЕ 200Г РАЛИЦА,027135,12,3.47,
07079,"Болеро Аква- ж.к. Лазур, блок 161",КАШКАВАЛ КРАВЕ САКАРЕЛА КГ  ТОСТ  ЩАНД  СЪХРН  2/6 С,022350,11,9.2,
07079,"Болеро Аква- ж.к. Лазур, блок 161","КИСЕЛО МЛ.МОРЯЧЕ 3,6% 370Г",025799,7,0.76,
07079,"Болеро Аква- ж.к. Лазур, блок 161",КОЛБАС КАМЧИЯ ЧИЧОВЦИ 400Г,016744,28,1.94,
07079,"Болеро Аква- ж.к. Лазур, блок 161",КОНС.БОБ БЯЛ МИСОТА 425МЛ,080304,46,1.07,
07079,"Болеро Аква- ж.к. Лазур, блок 161",КОНС.ГРАХ АРИВА 400МЛ,081217,47,1.17,
07079,"Болеро Аква- ж.к. Лазур, блок 161",КОНС.ДОМАТИ НА КУБЧЕТА ДЕРОНИ 400Г,083265,48,1.27,0.99
07079,"Болеро Аква- ж.к. Лазур, блок 161",КОРИ ТОЧЕНИ ТРЯВНА 500Г,030961,5,1.17,
07079,"Болеро Аква- ж.к. Лазур, блок 161",КРАСТАВИЦА КГ,022291,58,2.58,
07079,"Болеро Аква- ж.к. Лазур, блок 161",КРЕНВИРШ ПИЛЕШКИ ГРАДУС КГ СЪХРН 0/4 С,013656,26,3.06,
07079,"Болеро Аква- ж.к. Лазур, блок 161",КРОАСАН 22 КАРАТА 55Г ШОКОЛАД,060961,67,0.28,
07079,"Болеро Аква- ж.к. Лазур, блок 161",ЛЕЩА 1КГ АРИВА КЛАСИК,032261,34,2.19,
07079,"Болеро Аква- ж.к. Лазур, блок 161",ЛИМОН КГ,086527,50,1.85,
07079,"Болеро Аква- ж.к. Лазур, блок 161",ЛУК КГ,086613,55,0.56,
07079,"Болеро Аква- ж.к. Лазур, блок 161",ЛЮТЕНИЦА БАБИНА ОЛИНЕЗА 515Г,080343,49,3.68,
07079,"Болеро Аква- ж.к. Лазур, блок 161",МАКАРОНИ МЕЛИСА ПРИМО ГУСТО 500Г ЗВЕЗДИЧКИ СТЕЛИНИ,031128,36,1.63,
07079,"Болеро Аква- ж.к. Лазур, блок 161",МАКАРОНИ МЕЛИСА ПРИМО ГУСТО 500Г КОНЧИЛЕТИ,032079,36,1.63,
07079,"Болеро Аква- ж.к. Лазур, блок 161",МАКАРОНИ МЕЛИСА ПРИМО ГУСТО 500Г КУС КУС,032016,36,1.63,
07079,"Болеро Аква- ж.к. Лазур, блок 161",МАКАРОНИ МЕЛИСА ПРИМО ГУСТО 500Г ПЕНЕ РИГАТЕ,031127,36,1.63,
07079,"Болеро Аква- ж.к. Лазур, блок 161",МАКАРОНИ МЕЛИСА ПРИМО ГУСТО 500Г ФУСИЛИ,034106,36,1.63,
07079,"Болеро Аква- ж.к. Лазур, блок 161",МАСЛИНИ ТУРСКИ УСЛУ ОМАЗНЕНИ КГ      ЗЕЙТИН СЪХРН.0/4С,083638,62,3.83,
07079,"Болеро Аква- ж.к. Лазур, блок 161",МАСЛИНОВО МАСЛО ДИ ПАЛИО 1Л ПОМАС,084493,43,7.29,
07079,"Болеро Аква- ж.к. Лазур, блок 161",МАСЛИНОВО МАСЛО МОЕЛОЛИВА 1Л ЕКСТРА  ВЪРДЖИН,084461,43,14.82,
07079,"Болеро Аква- ж.к. Лазур, блок 161",МАСЛО КРАВЕ МАНОЛЕ 125Г,027512,12,1.68,
07079,"Болеро Аква- ж.к. Лазур, блок 161","МИН.ВОДА ГОРНА БАНЯ 1,5Л",052034,73,0.51,
07079,"Болеро Аква- ж.к. Лазур, блок 161",МЛ.КАША СЛЪНЧО БАНАН 200Г 4М+,061042,63,2.86,
07079,"Болеро Аква- ж.к. Лазур, блок 161","МЛЯКО ПР.МЛЕКАРКАТА 3,2% 1Л УХТ",027209,6,1.22,
07079,"Болеро Аква- ж.к. Лазур, блок 161",МОКРИ КЪРПИ БОЧКО 84БР ПАМУК И ЛАВАНДУЛА,128518,84,1.78,
07079,"Болеро Аква- ж.к. Лазур, блок 161",МОКРИ КЪРПИ БОЧКО 84БР ПАМУК И ЛАЙКА,128519,84,1.78,
07079,"Болеро Аква- ж.к. Лазур, блок 161",МОКРИ КЪРПИ БОЧКО 84БР ПАМУК И НЕВЕН,129065,84,1.78,
07079,"Болеро Аква- ж.к. Лазур, блок 161",МОКРИ КЪРПИ БОЧКО 84БР ПАМУК И СМРАДЛИКА,129064,84,1.78,
07079,"Болеро Аква- ж.к. Лазур, блок 161",МОРКОВИ КГ,086611,56,0.51,
07079,"Болеро Аква- ж.к. Лазур, блок 161",ОЛИО БИСЕР 1Л РАФИНИРАНО СЛЪНЧОГЛЕДОВО МАСЛО,080154,42,1.84,
07079,"Болеро Аква- ж.к. Лазур, блок 161",ОРИЗ БИСЕРЕН 1КГ АРТЕ,031795,35,1.61,
07079,"Болеро Аква- ж.к. Лазур, блок 161",ОЦЕТ ВИНЕН 700МЛ СТАРОПРЕСТОЛЕН,092494,44,1.27,
07079,"Болеро Аква- ж.к. Лазур, блок 161",ОЦЕТ ЯБЪЛКОВ 700МЛ СТАРОПРЕСТОЛЕН,092495,45,1.27,
07079,"Болеро Аква- ж.к. Лазур, блок 161",ПЗ АКВАФРЕШ СИНЯ 50МЛ,090414,81,1.38,
07079,"Болеро Аква- ж.к. Лазур, блок 161",ПИЛЕ ЛУДОГОРСКО ОХЛ.КГ ЩАНД,016852,15,3.29,
07079,"Болеро Аква- ж.к. Лазур, блок 161",ПИЛЕШКО БУТЧЕ КГ  ОХЛ  СЪХРН.0/4С,010243,17,2.24,
07079,"Болеро Аква- ж.к. Лазур, блок 161",ПОРТОКАЛ КГ,022171,51,1.02,
07079,"Болеро Аква- ж.к. Лазур, блок 161",ПЮРЕ БЕБЕЛАН ЗЕЛЕНЧУКОВО АСОРТИ 190Г 4М+,081545,64,1.12,
07079,"Болеро Аква- ж.к. Лазур, блок 161","РАКИЯ ГРОЗДОВА 0,7Л БОЛГАРЕ ОТЛЕЖАЛА",053422,77,7.51,
07079,"Болеро Аква- ж.к. Лазур, блок 161","РАКИЯ СЛИВОВА 0,7Л ТРОЯНСКА",050020,77,8.58,
07079,"Болеро Аква- ж.к. Лазур, блок 161",РИБА СКУМРИЯ МОРСКИ РИБОЛОВ 400/600 КГ ЗАМР.,015325,29,7.05,
07079,"Болеро Аква- ж.к. Лазур, блок 161",САПУН АРОМА ФРЕШ 75Г АЛОЕ,118098,83,0.61,
07079,"Болеро Аква- ж.к. Лазур, блок 161",САПУН АРОМА ФРЕШ 75Г ВОДНА ЛИЛИЯ,081388,83,0.61,
07079,"Болеро Аква- ж.к. Лазур, блок 161",САПУН АРОМА ФРЕШ 75Г ЛЮЛЯК,118097,83,0.61,
07079,"Болеро Аква- ж.к. Лазур, блок 161",САПУН АРОМА ФРЕШ 75Г РОЗОВА ОРХИДЕЯ,118096,83,0.61,
07079,"Болеро Аква- ж.к. Лазур, блок 161",СВ.БУТ БЕЗ КОСТ СЪХРН. ДО 0/4C,013040,19,4.9,
07079,"Болеро Аква- ж.к. Лазур, блок 161",СВ.МЕСО ЗА ГОТВЕНЕ КГ СЪХРН. ДО 0/4C,010059,22,4.9,
07079,"Болеро Аква- ж.к. Лазур, блок 161",СВИНСКА ПЛЕШКА БЕЗ КОСТ КГ СЪХРН. ДО 0/4C  / 4D/S,014195,18,4.6,
07079,"Болеро Аква- ж.к. Лазур, блок 161",СИРЕНЕ КРАВЕ БУЛГАРЧЕ 400Г      ВАК.,016760,9,3.78,
07079,"Болеро Аква- ж.к. Лазур, блок 161",СИРЕНЕ КРАВЕ ЩАНД МОКРЕН КГ СЪХРН.0/4С,027158,8,5.98,
07079,"Болеро Аква- ж.к. Лазур, блок 161",СОЛ КРИНА 1КГ ФИНА ЙОДИРАНА,030866,39,0.51,
07079,"Болеро Аква- ж.к. Лазур, блок 161",СОЛ ПЕРЛА 1КГ СИТНА,086491,39,0.29,
07079,"Болеро Аква- ж.к. Лазур, блок 161",СПАГЕТИ БАРИЛА №3 500Г,034569,37,1.53,
07079,"Болеро Аква- ж.к. Лазур, блок 161",СПАГЕТИ БАРИЛА №5 500Г,034570,37,1.53,
07079,"Болеро Аква- ж.к. Лазур, блок 161",СПАГЕТИ СТЕЛА №10 500Г,034090,37,1.27,
07079,"Болеро Аква- ж.к. Лазур, блок 161",СПАГЕТИ СТЕЛА №3 500Г,032012,37,1.27,
07079,"Болеро Аква- ж.к. Лазур, блок 161",ТОАЛ.ХАРТИЯ ГАМА НАТУРАЛ АРОМА 8БР,129247,5,1.94,
07079,"Болеро Аква- ж.к. Лазур, блок 161",ПИЛЕШКО БОН ФИЛЕ ОХЛ. ЩАНД КГ СЪХРН. 0/4С        345,015465,16,7.15,6.49
07079,"Болеро Аква- ж.к. Лазур, блок 161",СВИНСКИ ВРАТ БЕЗ КОСТ КГ СЪХРН.ОТ  0 /4C,022411,21,5.62,
07079,"Болеро Аква- ж.к. Лазур, блок 161",ХЛЯБ БЯЛ 500Г ВКУСНИЯТ КОМАТ,031733,1,0.95,
07079,"Болеро Аква- ж.к. Лазур, блок 161",ХЛЯБ ДОБРУДЖА 600Г,030002,2,0.84,
07079,"Болеро Аква- ж.к. Лазур, блок 161",ХЛЯБ РЪЖЕН 450Г СЕЛСКИ ЛАГАРД,031730,3,1.46,
07079,"Болеро Аква- ж.к. Лазур, блок 161",ХЛЯБ ТИПОВ 450Г СЕЛСКИ ЛАГАРД,031729,4,1.46,
07079,"Болеро Аква- ж.к. Лазур, блок 161",ЦИГАРИ КИНГ ЧЕРВЕН,040334,78,3.07,
07079,"Болеро Аква- ж.к. Лазур, блок 161",ЦИГАРИ МЕРИЛИН СЛИМ РОЗОВ,040331,78,3.17,
07079,"Болеро Аква- ж.к. Лазур, блок 161",ЦИГАРИ МЕРИЛИН СЛИМ СИН,040332,78,3.17,
07079,"Болеро Аква- ж.к. Лазур, блок 161",ЧАЙ ЛУКЧЕТА БРОНХО 24Г,071198,72,0.84,
07079,"Болеро Аква- ж.к. Лазур, блок 161",ЧАЙ ЛУКЧЕТА МЕД И ЛИМОН 24Г,071199,72,0.84,
07079,"Болеро Аква- ж.к. Лазур, блок 161",ЧАЙ ЛУКЧЕТА МЕНТА И ЛАЙКА 24Г,071200,72,0.84,
07079,"Болеро Аква- ж.к. Лазур, блок 161",ЧАЙ ЛУКЧЕТА УСПОКОИТЕЛЕН 24Г,071201,72,0.84,
07079,"Болеро Аква- ж.к. Лазур, блок 161",ЧЕСЪН КГ,000052,59,4.09,
07079,"Болеро Аква- ж.к. Лазур, блок 161",ЧЕТКА ЗА ЗЪБИ АСТЕРА АКТИВ 3 МЕДИУМ,090962,80,0.86,
07079,"Болеро Аква- ж.к. Лазур, блок 161",ШАМП.ТЕО 350МЛ НЕЙЧЪР 2В1 ЗА НОРМАЛНА КОСА,127101,82,1.68,
07079,"Болеро Аква- ж.к. Лазур, блок 161",ШОКОЛАД 1 МИЛКА НБ 90Г МЛЕЧЕН,060193,69,1.48,1.35
07079,"Болеро Аква- ж.к. Лазур, блок 161",ШОЛ ОТ СВИНСКИ БУТ КГ СЪХРН.0/4С,015628,20,5.11,
07079,"Болеро Аква- ж.к. Лазур, блок 161",ШПЕК БУРГАС ДЕЛИКАТЕС ЖИТНИЦА 250Г,010692,28,3.27,
07079,"Болеро Аква- ж.к. Лазур, блок 161",ЯБЪЛКИ ЖЪЛТИ КГ,086601,53,1.25,1.17
07079,"Болеро Аква- ж.к. Лазур, блок 161",ЯБЪЛКИ ЗЕЛЕНИ КГ,010266,53,1.68,
07079,"Болеро Аква- ж.к. Лазур, блок 161",ЯБЪЛКИ ЧЕРВЕНИ КГ,020312,53,1.74,
07079,"Болеро Аква- ж.к. Лазур, блок 161",ЯЙЦА L6 БР. БАГРЯНКА,015236,32,2.09,
07079,"Болеро Аква- ж.к. Лазур, блок 161",ЯЙЦА М6 БР. ЯЙЦЕПРОМ,012575,31,1.45,
07079,"Болеро Ветрен- кв. Ветрен, ул. Ал. Стамболийски 30",АДАПТИРАНО МЛЯКО АПТАМИЛ АДВАНС 2 400Г 6-12М,127851,65,13.6,
07079,"Болеро Ветрен- кв. Ветрен, ул. Ал. Стамболийски 30",БАНАН КГ,086535,52,1.55,
07079,"Болеро Ветрен- кв. Ветрен, ул. Ал. Стамболийски 30",БИРА ПИРИНСКО 2Л,055071,74,1.66,1.17
07079,"Болеро Ветрен- кв. Ветрен, ул. Ал. Стамболийски 30",БОБ БЯЛ ЧОРБАДЖИЙСКИ 1КГ,034832,33,2.65,
07079,"Болеро Ветрен- кв. Ветрен, ул. Ал. Стамболийски 30",БРАШНО МЛИН 1КГ БЯЛО ПШЕНИЧНО ТИП 500,031810,40,0.61,
07079,"Болеро Ветрен- кв. Ветрен, ул. Ал. Стамболийски 30",БРАШНО СОФИЯ МЕЛ 1КГ БАНИЦИ ПШЕНИЧНО,031370,40,1.02,
07079,"Болеро Ветрен- кв. Ветрен, ул. Ал. Стамболийски 30",БРАШНО СОФИЯ МЕЛ 1КГ ЕКСТРА ПШЕНИЧНО,034183,41,1.02,
07079,"Болеро Ветрен- кв. Ветрен, ул. Ал. Стамболийски 30",БРАШНО СОФИЯ МЕЛ 1КГ КЕКС ПШЕНИЧНО С НАБУХВАТЕЛ,034166,40,1.07,
07079,"Болеро Ветрен- кв. Ветрен, ул. Ал. Стамболийски 30",Б-ТИ ОБИКНОВЕНИ ИЗГРЕВ 120Г,063700,66,0.61,
07079,"Болеро Ветрен- кв. Ветрен, ул. Ал. Стамболийски 30",ВЕРО ЕХО 400МЛ БАЛСАМ ЛАЙКА,126907,79,1.27,
07079,"Болеро Ветрен- кв. Ветрен, ул. Ал. Стамболийски 30",ВЕРО ЕХО 400МЛ БАЛСАМ ЛЮЛЯК,126908,79,1.27,
07079,"Болеро Ветрен- кв. Ветрен, ул. Ал. Стамболийски 30",ВЕРО ЕХО 400МЛ БАЛСАМ МЛЯКО И МЕД,126909,79,1.27,
07079,"Болеро Ветрен- кв. Ветрен, ул. Ал. Стамболийски 30","ВИНО БЯЛО МУСКАТ 0,75Л ТЪРГОВИЩЕ",050072,75,3.68,
07079,"Болеро Ветрен- кв. Ветрен, ул. Ал. Стамболийски 30","ВИНО БЯЛО СОВИНЬОН БЛАН 0,75Л ТЪРГОВИЩЕ",055024,75,3.68,
07079,"Болеро Ветрен- кв. Ветрен, ул. Ал. Стамболийски 30","ВИНО БЯЛО ТРАМИНЕР 0,75Л ТЪРГОВИЩЕ",050129,75,4.24,
07079,"Болеро Ветрен- кв. Ветрен, ул. Ал. Стамболийски 30","ВИНО ЧЕРВЕНО КАБЕРНЕ 0,75Л ТЪРГОВИЩЕ РЕЗЕРВА",050079,76,3.73,
07079,"Болеро Ветрен- кв. Ветрен, ул. Ал. Стамболийски 30","ВИНО ЧЕРВЕНО МЕРЛО 0,75Л  ТЪРГОВИЩЕ РЕЗЕРВА",050333,76,3.73,
07079,"Болеро Ветрен- кв. Ветрен, ул. Ал. Стамболийски 30",ГЪБИ КГ,062265,60,3.88,
07079,"Болеро Ветрен- кв. Ветрен, ул. Ал. Стамболийски 30",ДОМАТИ КГ,088005,54,1.79,
07079,"Болеро Ветрен- кв. Ветрен, ул. Ал. Стамболийски 30",ЗАХАР СЛАДЕЯ 1КГ,082628,38,0.97,
07079,"Болеро Ветрен- кв. Ветрен, ул. Ал. Стамболийски 30",ЗЕЛЕ КГ,082279,57,0.35,0.29
07079,"Болеро Ветрен- кв. Ветрен, ул. Ал. Стамболийски 30",ИЗВАРА КАШКАВАЛЕНА САЯНА 400Г,025329,14,1.53,
07079,"Болеро Ветрен- кв. Ветрен, ул. Ал. Стамболийски 30",ИЗВАРА САЯНА КГ СЪХРН.0/4С,026075,13,2.04,
07079,"Болеро Ветрен- кв. Ветрен, ул. Ал. Стамболийски 30",КАРТОФИ  КГ,080982,61,0.56,0.43
07079,"Болеро Ветрен- кв. Ветрен, ул. Ал. Стамболийски 30",КАФЕ МЛЯНО БИАНЧИ АДОРЕ ЕСПРЕСО БАР 250Г,071396,70,4.44,
07079,"Болеро Ветрен- кв. Ветрен, ул. Ал. Стамболийски 30",КАФЕ САНТОС НАТУРАЛ ЗЪРНА 1КГ,071497,71,15.84,
07079,"Болеро Ветрен- кв. Ветрен, ул. Ал. Стамболийски 30",КАШКАВАЛ КРАВЕ 200Г РАЛИЦА,027135,12,3.47,
07079,"Болеро Ветрен- кв. Ветрен, ул. Ал. Стамболийски 30",КАШКАВАЛ КРАВЕ САКАРЕЛА КГ  ТОСТ  ЩАНД  СЪХРН  2/6 С,022350,11,9.2,
07079,"Болеро Ветрен- кв. Ветрен, ул. Ал. Стамболийски 30","КИСЕЛО МЛ.МОРЯЧЕ 3,6% 370Г",025799,7,0.76,
07079,"Болеро Ветрен- кв. Ветрен, ул. Ал. Стамболийски 30",КОЛБАС КАМЧИЯ ЧИЧОВЦИ 400Г,016744,28,1.94,
07079,"Болеро Ветрен- кв. Ветрен, ул. Ал. Стамболийски 30",КОНС.БОБ БЯЛ МИСОТА 425МЛ,080304,46,1.07,
07079,"Болеро Ветрен- кв. Ветрен, ул. Ал. Стамболийски 30",КОНС.ГРАХ АРИВА 400МЛ,081217,47,1.17,
07079,"Болеро Ветрен- кв. Ветрен, ул. Ал. Стамболийски 30",КОНС.ДОМАТИ НА КУБЧЕТА ДЕРОНИ 400Г,083265,48,1.27,0.99
07079,"Болеро Ветрен- кв. Ветрен, ул. Ал. Стамболийски 30",КОРИ ТОЧЕНИ ТРЯВНА 500Г,030961,5,1.17,
07079,"Болеро Ветрен- кв. Ветрен, ул. Ал. Стамболийски 30",КРАСТАВИЦА КГ,022291,58,2.58,
07079,"Болеро Ветрен- кв. Ветрен, ул. Ал. Стамболийски 30",КРЕНВИРШ ПИЛЕШКИ ГРАДУС КГ СЪХРН 0/4 С,013656,26,3.06,
07079,"Болеро Ветрен- кв. Ветрен, ул. Ал. Стамболийски 30",КРОАСАН 22 КАРАТА 55Г ШОКОЛАД,060961,67,0.28,
07079,"Болеро Ветрен- кв. Ветрен, ул. Ал. Стамболийски 30",ЛЕЩА 1КГ АРИВА КЛАСИК,032261,34,2.19,
07079,"Болеро Ветрен- кв. Ветрен, ул. Ал. Стамболийски 30",ЛИМОН КГ,086527,50,1.85,
07079,"Болеро Ветрен- кв. Ветрен, ул. Ал. Стамболийски 30",ЛУК КГ,086613,55,0.56,
07079,"Болеро Ветрен- кв. Ветрен, ул. Ал. Стамболийски 30",ЛЮТЕНИЦА БАБИНА ОЛИНЕЗА 515Г,080343,49,3.68,
07079,"Болеро Ветрен- кв. Ветрен, ул. Ал. Стамболийски 30",МАКАРОНИ МЕЛИСА ПРИМО ГУСТО 500Г ЗВЕЗДИЧКИ СТЕЛИНИ,031128,36,1.63,
07079,"Болеро Ветрен- кв. Ветрен, ул. Ал. Стамболийски 30",МАКАРОНИ МЕЛИСА ПРИМО ГУСТО 500Г КОНЧИЛЕТИ,032079,36,1.63,
07079,"Болеро Ветрен- кв. Ветрен, ул. Ал. Стамболийски 30",МАКАРОНИ МЕЛИСА ПРИМО ГУСТО 500Г КУС КУС,032016,36,1.63,
07079,"Болеро Ветрен- кв. Ветрен, ул. Ал. Стамболийски 30",МАКАРОНИ МЕЛИСА ПРИМО ГУСТО 500Г ПЕНЕ РИГАТЕ,031127,36,1.63,
07079,"Болеро Ветрен- кв. Ветрен, ул. Ал. Стамболийски 30",МАКАРОНИ МЕЛИСА ПРИМО ГУСТО 500Г ФУСИЛИ,034106,36,1.63,
07079,"Болеро Ветрен- кв. Ветрен, ул. Ал. Стамболийски 30",МАСЛИНИ ТУРСКИ УСЛУ ОМАЗНЕНИ КГ      ЗЕЙТИН СЪХРН.0/4С,083638,62,3.83,
07079,"Болеро Ветрен- кв. Ветрен, ул. Ал. Стамболийски 30",МАСЛИНОВО МАСЛО ДИ ПАЛИО 1Л ПОМАС,084493,43,7.29,
07079,"Болеро Ветрен- кв. Ветрен, ул. Ал. Стамболийски 30",МАСЛИНОВО МАСЛО МОЕЛОЛИВА 1Л ЕКСТРА  ВЪРДЖИН,084461,43,14.82,
07079,"Болеро Ветрен- кв. Ветрен, ул. Ал. Стамболийски 30",МАСЛО КРАВЕ МАНОЛЕ 125Г,027512,12,1.68,
07079,"Болеро Ветрен- кв. Ветрен, ул. Ал. Стамболийски 30","МИН.ВОДА ГОРНА БАНЯ 1,5Л",052034,73,0.51,
07079,"Болеро Ветрен- кв. Ветрен, ул. Ал. Стамболийски 30",МЛ.КАША СЛЪНЧО БАНАН 200Г 4М+,061042,63,2.86,
07079,"Болеро Ветрен- кв. Ветрен, ул. Ал. Стамболийски 30","МЛЯКО ПР.МЛЕКАРКАТА 3,2% 1Л УХТ",027209,6,1.22,
07079,"Болеро Ветрен- кв. Ветрен, ул. Ал. Стамболийски 30",МОКРИ КЪРПИ БОЧКО 84БР ПАМУК И ЛАВАНДУЛА,128518,84,1.78,
07079,"Болеро Ветрен- кв. Ветрен, ул. Ал. Стамболийски 30",МОКРИ КЪРПИ БОЧКО 84БР ПАМУК И ЛАЙКА,128519,84,1.78,
07079,"Болеро Ветрен- кв. Ветрен, ул. Ал. Стамболийски 30",МОКРИ КЪРПИ БОЧКО 84БР ПАМУК И НЕВЕН,129065,84,1.78,
07079,"Болеро Ветрен- кв. Ветрен, ул. Ал. Стамболийски 30",МОКРИ КЪРПИ БОЧКО 84БР ПАМУК И СМРАДЛИКА,129064,84,1.78,
07079,"Болеро Ветрен- кв. Ветрен, ул. Ал. Стамболийски 30",МОРКОВИ КГ,086611,56,0.51,
07079,"Болеро Ветрен- кв. Ветрен, ул. Ал. Стамболийски 30",ОЛИО БИСЕР 1Л РАФИНИРАНО СЛЪНЧОГЛЕДОВО МАСЛО,080154,42,1.84,
07079,"Болеро Ветрен- кв. Ветрен, ул. Ал. Стамболийски 30",ОРИЗ БИСЕРЕН 1КГ АРТЕ,031795,35,1.61,
07079,"Болеро Ветрен- кв. Ветрен, ул. Ал. Стамболийски 30",ОЦЕТ ВИНЕН 700МЛ СТАРОПРЕСТОЛЕН,092494,44,1.27,
07079,"Болеро Ветрен- кв. Ветрен, ул. Ал. Стамболийски 30",ОЦЕТ ЯБЪЛКОВ 700МЛ СТАРОПРЕСТОЛЕН,092495,45,1.27,
07079,"Болеро Ветрен- кв. Ветрен, ул. Ал. Стамболийски 30",ПЗ АКВАФРЕШ СИНЯ 50МЛ,090414,81,1.38,
07079,"Болеро Ветрен- кв. Ветрен, ул. Ал. Стамболийски 30",ПИЛЕ ЛУДОГОРСКО ОХЛ.КГ ЩАНД,016852,15,3.29,
07079,"Болеро Ветрен- кв. Ветрен, ул. Ал. Стамболийски 30",ПИЛЕШКО БУТЧЕ КГ  ОХЛ  СЪХРН.0/4С,010243,17,2.24,
07079,"Болеро Ветрен- кв. Ветрен, ул. Ал. Стамболийски 30",ПОРТОКАЛ КГ,022171,51,1.02,
07079,"Болеро Ветрен- кв. Ветрен, ул. Ал. Стамболийски 30",ПЮРЕ БЕБЕЛАН ЗЕЛЕНЧУКОВО АСОРТИ 190Г 4М+,081545,64,1.12,
07079,"Болеро Ветрен- кв. Ветрен, ул. Ал. Стамболийски 30","РАКИЯ ГРОЗДОВА 0,7Л БОЛГАРЕ ОТЛЕЖАЛА",053422,77,7.51,
07079,"Болеро Ветрен- кв. Ветрен, ул. Ал. Стамболийски 30","РАКИЯ СЛИВОВА 0,7Л ТРОЯНСКА",050020,77,8.58,
07079,"Болеро Ветрен- кв. Ветрен, ул. Ал. Стамболийски 30",САПУН АРОМА ФРЕШ 75Г АЛОЕ,118098,83,0.61,
07079,"Болеро Ветрен- кв. Ветрен, ул. Ал. Стамболийски 30",САПУН АРОМА ФРЕШ 75Г ВОДНА ЛИЛИЯ,081388,83,0.61,
07079,"Болеро Ветрен- кв. Ветрен, ул. Ал. Стамболийски 30",САПУН АРОМА ФРЕШ 75Г ЛЮЛЯК,118097,83,0.61,
07079,"Болеро Ветрен- кв. Ветрен, ул. Ал. Стамболийски 30",САПУН АРОМА ФРЕШ 75Г РОЗОВА ОРХИДЕЯ,118096,83,0.61,
07079,"Болеро Ветрен- кв. Ветрен, ул. Ал. Стамболийски 30",СВ.БУТ БЕЗ КОСТ СЪХРН. ДО 0/4C,013040,19,4.9,
07079,"Болеро Ветрен- кв. Ветрен, ул. Ал. Стамболийски 30",СВ.МЕСО ЗА ГОТВЕНЕ КГ СЪХРН. ДО 0/4C,010059,22,4.9,
07079,"Болеро Ветрен- кв. Ветрен, ул. Ал. Стамболийски 30",СВИНСКА ПЛЕШКА БЕЗ КОСТ КГ СЪХРН. ДО 0/4C  / 4D/S,014195,18,4.6,
07079,"Болеро Ветрен- кв. Ветрен, ул. Ал. Стамболийски 30",СИРЕНЕ КРАВЕ БУЛГАРЧЕ 400Г      ВАК.,016760,9,3.78,
07079,"Болеро Ветрен- кв. Ветрен, ул. Ал. Стамболийски 30",СИРЕНЕ КРАВЕ ЩАНД МОКРЕН КГ СЪХРН.0/4С,027158,8,5.98,
07079,"Болеро Ветрен- кв. Ветрен, ул. Ал. Стамболийски 30",СОЛ КРИНА 1КГ ФИНА ЙОДИРАНА,030866,39,0.51,
07079,"Болеро Ветрен- кв. Ветрен, ул. Ал. Стамболийски 30",СОЛ ПЕРЛА 1КГ СИТНА,086491,39,0.29,
07079,"Болеро Ветрен- кв. Ветрен, ул. Ал. Стамболийски 30",СПАГЕТИ БАРИЛА №3 500Г,034569,37,1.53,
07079,"Болеро Ветрен- кв. Ветрен, ул. Ал. Стамболийски 30",СПАГЕТИ БАРИЛА №5 500Г,034570,37,1.53,
07079,"Болеро Ветрен- кв. Ветрен, ул. Ал. Стамболийски 30",СПАГЕТИ СТЕЛА №10 500Г,034090,37,1.27,
07079,"Болеро Ветрен- кв. Ветрен, ул. Ал. Стамболийски 30",СПАГЕТИ СТЕЛА №3 500Г,032012,37,1.27,
07079,"Болеро Ветрен- кв. Ветрен, ул. Ал. Стамболийски 30",ТОАЛ.ХАРТИЯ ГАМА НАТУРАЛ АРОМА 8БР,129247,5,1.94,
07079,"Болеро Ветрен- кв. Ветрен, ул. Ал. Стамболийски 30",ПИЛЕШКО БОН ФИЛЕ ОХЛ. ЩАНД КГ СЪХРН. 0/4С        345,015465,16,7.15,6.49
07079,"Болеро Ветрен- кв. Ветрен, ул. Ал. Стамболийски 30",СВИНСКИ ВРАТ БЕЗ КОСТ КГ СЪХРН.ОТ  0 /4C,022411,21,5.62,
07079,"Болеро Ветрен- кв. Ветрен, ул. Ал. Стамболийски 30",ХЛЯБ БЯЛ 500Г ВКУСНИЯТ КОМАТ,031733,1,0.95,
07079,"Болеро Ветрен- кв. Ветрен, ул. Ал. Стамболийски 30",ХЛЯБ ДОБРУДЖА 600Г,030002,2,0.84,
07079,"Болеро Ветрен- кв. Ветрен, ул. Ал. Стамболийски 30",ХЛЯБ РЪЖЕН 450Г СЕЛСКИ ЛАГАРД,031730,3,1.46,
07079,"Болеро Ветрен- кв. Ветрен, ул. Ал. Стамболийски 30",ХЛЯБ ТИПОВ 450Г СЕЛСКИ ЛАГАРД,031729,4,1.46,
07079,"Болеро Ветрен- кв. Ветрен, ул. Ал. Стамболийски 30",ЦИГАРИ КИНГ ЧЕРВЕН,040334,78,3.07,
07079,"Болеро Ветрен- кв. Ветрен, ул. Ал. Стамболийски 30",ЦИГАРИ МЕРИЛИН СЛИМ РОЗОВ,040331,78,3.17,
07079,"Болеро Ветрен- кв. Ветрен, ул. Ал. Стамболийски 30",ЦИГАРИ МЕРИЛИН СЛИМ СИН,040332,78,3.17,
07079,"Болеро Ветрен- кв. Ветрен, ул. Ал. Стамболийски 30",ЧАЙ ЛУКЧЕТА БРОНХО 24Г,071198,72,0.84,
07079,"Болеро Ветрен- кв. Ветрен, ул. Ал. Стамболийски 30",ЧАЙ ЛУКЧЕТА МЕД И ЛИМОН 24Г,071199,72,0.84,
07079,"Болеро Ветрен- кв. Ветрен, ул. Ал. Стамболийски 30",ЧАЙ ЛУКЧЕТА МЕНТА И ЛАЙКА 24Г,071200,72,0.84,
07079,"Болеро Ветрен- кв. Ветрен, ул. Ал. Стамболийски 30",ЧАЙ ЛУКЧЕТА УСПОКОИТЕЛЕН 24Г,071201,72,0.84,
07079,"Болеро Ветрен- кв. Ветрен, ул. Ал. Стамболийски 30",ЧЕСЪН КГ,000052,59,4.09,
07079,"Болеро Ветрен- кв. Ветрен, ул. Ал. Стамболийски 30",ЧЕТКА ЗА ЗЪБИ АСТЕРА АКТИВ 3 МЕДИУМ,090962,80,0.86,
07079,"Болеро Ветрен- кв. Ветрен, ул. Ал. Стамболийски 30",ШАМП.ТЕО 350МЛ НЕЙЧЪР 2В1 ЗА НОРМАЛНА КОСА,127101,82,1.68,
07079,"Болеро Ветрен- кв. Ветрен, ул. Ал. Стамболийски 30",ШОКОЛАД 1 МИЛКА НБ 90Г МЛЕЧЕН,060193,69,1.48,1.35
07079,"Болеро Ветрен- кв. Ветрен, ул. Ал. Стамболийски 30",ШОЛ ОТ СВИНСКИ БУТ КГ СЪХРН.0/4С,015628,20,5.11,
07079,"Болеро Ветрен- кв. Ветрен, ул. Ал. Стамболийски 30",ШПЕК БУРГАС ДЕЛИКАТЕС ЖИТНИЦА 250Г,010692,28,3.27,
07079,"Болеро Ветрен- кв. Ветрен, ул. Ал. Стамболийски 30",ЯБЪЛКИ ЖЪЛТИ КГ,086601,53,1.25,1.17
07079,"Болеро Ветрен- кв. Ветрен, ул. Ал. Стамболийски 30",ЯБЪЛКИ ЗЕЛЕНИ КГ,010266,53,1.68,
07079,"Болеро Ветрен- кв. Ветрен, ул. Ал. Стамболийски 30",ЯБЪЛКИ ЧЕРВЕНИ КГ,020312,53,1.74,
07079,"Болеро Ветрен- кв. Ветрен, ул. Ал. Стамболийски 30",ЯЙЦА L6 БР. БАГРЯНКА,015236,32,2.09,
07079,"Болеро Ветрен- кв. Ветрен, ул. Ал. Стамболийски 30",ЯЙЦА М6 БР. ЯЙЦЕПРОМ,012575,31,1.45,
