"Населено място", "Търговски обект", "Наименование на продукта", "Код на продукта", "Категория", "Цена на дребно", "Цена в промоция"
"56784","Магазин Пловдив","Био пълнозърнести Спагетти №3 Rummo 500g ","56649","37","2.70","0.00"
"68134","Магазин София","Био пълнозърнести Спагетти №3 Rummo 500g ","56649","37","2.70","0.00"
"68134","Магазин София 2","Био пълнозърнести Спагетти №3 Rummo 500g ","56649","37","2.70","0.00"
"14619","МП 132100212","Био пълнозърнести Спагетти №3 Rummo 500g ","56649","37","2.70","0.00"
"56784","Магазин Пловдив","Боб Борлотти Mirage 400 g","60230","46","0.86","0.00"
"68134","Магазин София","Боб Борлотти Mirage 400 g","60230","46","0.86","0.00"
"68134","Магазин София 2","Боб Борлотти Mirage 400 g","60230","46","0.86","0.00"
"14619","МП 132100212","Боб Борлотти Mirage 400 g","60230","46","0.86","0.00"
"68134","Магазин София 2","Боб Борлотти Mirage 400g 1.29","59841","46","0.66","0.00"
"56784","Магазин Пловдив","Боб Каннеллини Amato 500g ","56772","46","2.40","0.00"
"68134","Магазин София","Боб Каннеллини Amato 500g ","56772","46","2.40","0.00"
"68134","Магазин София 2","Боб Каннеллини Amato 500g ","56772","46","2.40","0.00"
"14619","МП 132100212","Боб Каннеллини Amato 500g ","56772","46","2.40","0.00"
"56784","Магазин Пловдив","Бяла захар Geber 1000g ","52329","38","1.99","0.00"
"68134","Магазин София","Бяла захар Geber 1000g ","52329","38","1.99","0.00"
"68134","Магазин София 2","Бяла захар Geber 1000g ","52329","38","1.99","0.00"
"14619","МП 132100212","Бяла захар Geber 1000g ","52329","38","1.99","0.00"
"56784","Магазин Пловдив","Бяла кристална захар Italia Zuccheri 1kg","50032","38","1.71","0.00"
"68134","Магазин София","Бяла кристална захар Italia Zuccheri 1kg","50032","38","1.71","0.00"
"68134","Магазин София 2","Бяла кристална захар Italia Zuccheri 1kg","50032","38","1.71","0.00"
"14619","МП 132100212","Бяла кристална захар Italia Zuccheri 1kg","50032","38","1.71","0.00"
"56784","Магазин Пловдив","Бяла кристална захар Suicra Classico 1kg","59638","38","1.58","0.00"
"68134","Магазин София","Бяла кристална захар Suicra Classico 1kg","59638","38","1.58","0.00"
"68134","Магазин София 2","Бяла кристална захар Suicra Classico 1kg","59638","38","1.58","0.00"
"14619","МП 132100212","Бяла кристална захар Suicra Classico 1kg","59638","38","1.58","0.00"
"56784","Магазин Пловдив","Грах Mirage 410g","60462","47","0.86","0.00"
"68134","Магазин София","Грах Mirage 410g","60462","47","0.86","0.00"
"68134","Магазин София 2","Грах Mirage 410g","60462","47","0.86","0.00"
"14619","МП 132100212","Грах Mirage 410g","60462","47","0.86","0.00"
"68134","Магазин София","Грах Mirage 410g 1.29","59840","47","0.66","0.00"
"56784","Магазин Пловдив","Кафе мляно Lavazza Crema e Gusto Dolce 250g ","60653","70","7.92","0.00"
"68134","Магазин София","Кафе мляно Lavazza Crema e Gusto Dolce 250g ","60653","70","7.92","0.00"
"68134","Магазин София 2","Кафе мляно Lavazza Crema e Gusto Dolce 250g ","60653","70","7.92","0.00"
"14619","МП 132100212","Кафе мляно Lavazza Crema e Gusto Dolce 250g ","60653","70","7.92","0.00"
"56784","Магазин Пловдив","Кафе мляно SAO 250g 8.89","61202","70","4.55","0.00"
"68134","Магазин София","Кафе мляно SAO 250g 8.89","61202","70","4.55","0.00"
"68134","Магазин София 2","Кафе мляно SAO 250g 8.89","61202","70","4.55","0.00"
"14619","МП 132100212","Кафе мляно SAO 250g 8.89","61202","70","4.55","0.00"
"14619","МП 132100212","Кафе на зърна  Geber 1000g 11.99","50578","71","6.13","0.00"
"56784","Магазин Пловдив","Кафе на зърна  Segafredo Espresso Casa 1000g ","60385","71","20.70","0.00"
"68134","Магазин София","Кафе на зърна  Segafredo Espresso Casa 1000g ","60385","71","20.70","0.00"
"68134","Магазин София 2","Кафе на зърна  Segafredo Espresso Casa 1000g ","60385","71","20.70","0.00"
"14619","МП 132100212","Кафе на зърна  Segafredo Espresso Casa 1000g ","60385","71","20.70","0.00"
"68134","Магазин София","Кафе на зърна 100% Арабика Kimbo Aroma Gold 1000g 35.99","59726","71","18.40","0.00"
"56784","Магазин Пловдив","Кафе на зърна 100% Арабика Kimbo Aroma Gold 1000g 37.79","59991","71","19.32","0.00"
"68134","Магазин София","Кафе на зърна 100% Арабика Kimbo Aroma Gold 1000g 37.79","59991","71","19.32","0.00"
"68134","Магазин София","КАФЕ НА ЗЪРНА BORBONE 1000g 27.99","60363","71","14.31","0.00"
"68134","Магазин София 2","КАФЕ НА ЗЪРНА BORBONE 1000g 27.99","60363","71","14.31","0.00"
"14619","МП 132100212","КАФЕ НА ЗЪРНА BORBONE 1000g 27.99","60363","71","14.31","0.00"
"56784","Магазин Пловдив","Кафе на зърна BORBONE MISCELA NOBILE 1000g ","60959","71","21.47","0.00"
"68134","Магазин София","Кафе на зърна BORBONE MISCELA NOBILE 1000g ","60959","71","21.47","0.00"
"68134","Магазин София 2","Кафе на зърна BORBONE MISCELA NOBILE 1000g ","60959","71","21.47","0.00"
"14619","МП 132100212","Кафе на зърна BORBONE MISCELA NOBILE 1000g ","60959","71","21.47","0.00"
"68134","Магазин София 2","Кафе на зърна Classico Migro 1kg 21.99","54602","71","11.24","0.00"
"56784","Магазин Пловдив","КАФЕ НА ЗЪРНА FORTUNA CLASSICO GUSTO ITALIANO 1 kg ","61177","71","17.89","0.00"
"68134","Магазин София","КАФЕ НА ЗЪРНА FORTUNA CLASSICO GUSTO ITALIANO 1 kg ","61177","71","17.89","0.00"
"68134","Магазин София 2","КАФЕ НА ЗЪРНА FORTUNA CLASSICO GUSTO ITALIANO 1 kg ","61177","71","17.89","0.00"
"14619","МП 132100212","КАФЕ НА ЗЪРНА FORTUNA CLASSICO GUSTO ITALIANO 1 kg ","61177","71","17.89","0.00"
"56784","Магазин Пловдив","Кафе на зърна Geber Espresso Cremoso Intenso 1000g","61808","71","18.40","0.00"
"68134","Магазин София","Кафе на зърна Geber Espresso Cremoso Intenso 1000g","61808","71","18.40","0.00"
"68134","Магазин София 2","Кафе на зърна Geber Espresso Cremoso Intenso 1000g","61808","71","18.40","0.00"
"14619","МП 132100212","Кафе на зърна Geber Espresso Cremoso Intenso 1000g","61808","71","18.40","0.00"
"56784","Магазин Пловдив","Кафе на зърна Gimoka Gran Bar 1000g ","57095","71","16.87","0.00"
"68134","Магазин София","Кафе на зърна Gimoka Gran Bar 1000g ","57095","71","16.87","0.00"
"68134","Магазин София 2","Кафе на зърна Gimoka Gran Bar 1000g ","57095","71","16.87","0.00"
"14619","МП 132100212","Кафе на зърна Gimoka Gran Bar 1000g ","57095","71","16.87","0.00"
"56784","Магазин Пловдив","Кафе на зърна Kimbo Crema Intensa 1000g","59992","71","25.05","0.00"
"68134","Магазин София","Кафе на зърна Kimbo Crema Intensa 1000g","59992","71","25.05","0.00"
"68134","Магазин София 2","Кафе на зърна Kimbo Crema Intensa 1000g","59992","71","25.05","0.00"
"14619","МП 132100212","Кафе на зърна Kimbo Crema Intensa 1000g","59992","71","25.05","0.00"
"68134","Магазин София","Кафе на зърна Kimbo Crema Intensa 1000g 31.99","57380","71","16.36","0.00"
"68134","Магазин София 2","Кафе на зърна Kimbo Crema Intensa 1000g 31.99","57380","71","16.36","0.00"
"56784","Магазин Пловдив","Кафе на зърна Kimbo Espresso Classico 1000g ","56347","71","23.51","0.00"
"68134","Магазин София","Кафе на зърна Kimbo Espresso Classico 1000g ","56347","71","23.51","0.00"
"68134","Магазин София 2","Кафе на зърна Kimbo Espresso Classico 1000g ","56347","71","23.51","0.00"
"14619","МП 132100212","Кафе на зърна Kimbo Espresso Classico 1000g ","56347","71","23.51","0.00"
"68134","Магазин София","Кафе на зърна Kose by Kimbo Crema 1000g","54353","71","12.62","0.00"
"68134","Магазин София 2","Кафе на зърна Kose by Kimbo Crema 1000g","54353","71","12.62","0.00"
"14619","МП 132100212","Кафе на зърна Kose by Kimbo Crema 1000g","54353","71","12.62","0.00"
"68134","Магазин София","Кафе на зърна Kose by Kimbo Crema 1000g 24.49","59708","71","12.52","0.00"
"68134","Магазин София 2","Кафе на зърна Kose by Kimbo Crema 1000g 24.49","59708","71","12.52","0.00"
"14619","МП 132100212","Кафе на зърна Kose by Kimbo Crema 1000g 24.49","59708","71","12.52","0.00"
"56784","Магазин Пловдив","Кафе на зърна Lavazza Crema e Gusto Classico Espresso 1000g","61278","71","28.12","0.00"
"68134","Магазин София","Кафе на зърна Lavazza Crema e Gusto Classico Espresso 1000g","61278","71","28.12","0.00"
"68134","Магазин София 2","Кафе на зърна Lavazza Crema e Gusto Classico Espresso 1000g","61278","71","28.12","0.00"
"14619","МП 132100212","Кафе на зърна Lavazza Crema e Gusto Classico Espresso 1000g","61278","71","28.12","0.00"
"68134","Магазин София","Кафе на зърна Lavazza Crema e Gusto Classico Espresso 1000g не ","50110","71","21.98","0.00"
"14619","МП 132100212","Кафе на зърна Lavazza Crema e Gusto Classico Espresso 1000g не ","50110","71","21.98","0.00"
"56784","Магазин Пловдив","Кафе на зърна Lavazza Crema e Gusto Forte 1000g ","57075","71","23.51","0.00"
"68134","Магазин София","Кафе на зърна Lavazza Crema e Gusto Forte 1000g ","57075","71","23.51","0.00"
"68134","Магазин София 2","Кафе на зърна Lavazza Crema e Gusto Forte 1000g ","57075","71","23.51","0.00"
"14619","МП 132100212","Кафе на зърна Lavazza Crema e Gusto Forte 1000g ","57075","71","23.51","0.00"
"56784","Магазин Пловдив","КАФЕ НА ЗЪРНА LAVAZZA ESPRESSO BARISTA GRAN 1000 гр.  45.99","60620","71","23.51","0.00"
"68134","Магазин София","КАФЕ НА ЗЪРНА LAVAZZA ESPRESSO BARISTA GRAN 1000 гр.  45.99","60620","71","23.51","0.00"
"56784","Магазин Пловдив","Кафе на зърна Lavazza Qualita Rossa 1000g ","51688","71","32.21","0.00"
"68134","Магазин София","Кафе на зърна Lavazza Qualita Rossa 1000g ","51688","71","32.21","0.00"
"68134","Магазин София 2","Кафе на зърна Lavazza Qualita Rossa 1000g ","51688","71","32.21","0.00"
"14619","МП 132100212","Кафе на зърна Lavazza Qualita Rossa 1000g ","51688","71","32.21","0.00"
"56784","Магазин Пловдив","Кафе на зърна Lavazza Suerte 1000g ","59039","71","19.94","0.00"
"68134","Магазин София","Кафе на зърна Lavazza Suerte 1000g ","59039","71","19.94","0.00"
"68134","Магазин София 2","Кафе на зърна Lavazza Suerte 1000g ","59039","71","19.94","0.00"
"14619","МП 132100212","Кафе на зърна Lavazza Suerte 1000g ","59039","71","19.94","0.00"
"56784","Магазин Пловдив","Кафе на зърна Lollocafe Classico espresso 1000g ","59952","71","18.09","0.00"
"68134","Магазин София","Кафе на зърна Lollocafe Classico espresso 1000g ","59952","71","18.09","0.00"
"68134","Магазин София 2","Кафе на зърна Lollocafe Classico espresso 1000g ","59952","71","18.09","0.00"
"14619","МП 132100212","Кафе на зърна Lollocafe Classico espresso 1000g ","59952","71","18.09","0.00"
"56784","Магазин Пловдив","Кафе на зърна Lollocafe ORO espresso","59975","71","21.72","0.00"
"68134","Магазин София","Кафе на зърна Lollocafe ORO espresso","59975","71","21.72","0.00"
"68134","Магазин София 2","Кафе на зърна Lollocafe ORO espresso","59975","71","21.72","0.00"
"14619","МП 132100212","Кафе на зърна Lollocafe ORO espresso","59975","71","21.72","0.00"
"56784","Магазин Пловдив","Кафе на зърна Lollocaffe Nero Espresso 1000g 33.59","59951","71","17.17","0.00"
"68134","Магазин София","Кафе на зърна Lollocaffe Nero Espresso 1000g 33.59","59951","71","17.17","0.00"
"68134","Магазин София 2","Кафе на зърна Lollocaffe Nero Espresso 1000g 33.59","59951","71","17.17","0.00"
"56784","Магазин Пловдив","Кафе на зърна Migro Gran Aroma 1000g","60463","71","18.91","0.00"
"68134","Магазин София","Кафе на зърна Migro Gran Aroma 1000g","60463","71","18.91","0.00"
"68134","Магазин София 2","Кафе на зърна Migro Gran Aroma 1000g","60463","71","18.91","0.00"
"14619","МП 132100212","Кафе на зърна Migro Gran Aroma 1000g","60463","71","18.91","0.00"
"56784","Магазин Пловдив","Кафе на зърна Motta Espresso Lounge Bar 1000g","58768","71","24.03","0.00"
"68134","Магазин София","Кафе на зърна Motta Espresso Lounge Bar 1000g","58768","71","24.03","0.00"
"68134","Магазин София 2","Кафе на зърна Motta Espresso Lounge Bar 1000g","58768","71","24.03","0.00"
"14619","МП 132100212","Кафе на зърна Motta Espresso Lounge Bar 1000g","58768","71","24.03","0.00"
"56784","Магазин Пловдив","Кафе на зърна Motta Lounge Bar Classico 1000g ","61003","71","23.00","0.00"
"68134","Магазин София","Кафе на зърна Motta Lounge Bar Classico 1000g ","61003","71","23.00","0.00"
"68134","Магазин София 2","Кафе на зърна Motta Lounge Bar Classico 1000g ","61003","71","23.00","0.00"
"14619","МП 132100212","Кафе на зърна Motta Lounge Bar Classico 1000g ","61003","71","23.00","0.00"
"56784","Магазин Пловдив","Кафе на зърна Motta Lounge Bar Classico 1000g24,99","53621","71","12.78","0.00"
"68134","Магазин София","Кафе на зърна Motta Lounge Bar Classico 1000g24,99","53621","71","12.78","0.00"
"68134","Магазин София 2","Кафе на зърна Motta Lounge Bar Classico 1000g24,99","53621","71","12.78","0.00"
"68134","Магазин София","Кафе на зърна Segafredo Espresso Casa 1000g 29.99НОВ КОД 2!!!","59417","71","15.33","0.00"
"68134","Магазин София 2","Кафе на зърна Segafredo Espresso Casa 1000g 29.99НОВ КОД 2!!!","59417","71","15.33","0.00"
"14619","МП 132100212","Кафе на зърна Segafredo Espresso Casa 1000g 29.99НОВ КОД 2!!!","59417","71","15.33","0.00"
"68134","Магазин София","Кафе на зърна Segafredo Espresso Casa 1000g 33.99 ","51029","71","17.38","0.00"
"56784","Магазин Пловдив","Кафе на зърна Segafredo Intermezzo 1000g","61413","71","22.49","0.00"
"68134","Магазин София","Кафе на зърна Segafredo Intermezzo 1000g","61413","71","22.49","0.00"
"68134","Магазин София 2","Кафе на зърна Segafredo Intermezzo 1000g","61413","71","22.49","0.00"
"14619","МП 132100212","Кафе на зърна Segafredo Intermezzo 1000g","61413","71","22.49","0.00"
"68134","Магазин София","Кафе на зърна Segafredo Intermezzo 1000g/","50580","71","17.89","0.00"
"68134","Магазин София","Кафе на зърна Segafredo Intermezzo 1000g28.99НОВ КОД!!!","59418","71","14.82","0.00"
"14619","МП 132100212","Кафе на зърна Segafredo Intermezzo 1000g28.99НОВ КОД!!!","59418","71","14.82","0.00"
"56784","Магазин Пловдив","Кафе на зърна Vergnano Espresso 1000g ","59749","71","28.12","0.00"
"68134","Магазин София","Кафе на зърна Vergnano Espresso 1000g ","59749","71","28.12","0.00"
"68134","Магазин София 2","Кафе на зърна Vergnano Espresso 1000g ","59749","71","28.12","0.00"
"14619","МП 132100212","Кафе на зърна Vergnano Espresso 1000g ","59749","71","28.12","0.00"
"56784","Магазин Пловдив","Кафе на зърна Vergnano Espresso 1000g 36,99","60533","71","18.91","0.00"
"68134","Магазин София","Кафе на зърна Vergnano Espresso 1000g 36,99","60533","71","18.91","0.00"
"68134","Магазин София 2","Кафе на зърна Vergnano Espresso 1000g 36,99","60533","71","18.91","0.00"
"56784","Магазин Пловдив","Кафе на зърна Vergnano Granaroma 1000g ","57815","71","25.56","0.00"
"68134","Магазин София","Кафе на зърна Vergnano Granaroma 1000g ","57815","71","25.56","0.00"
"68134","Магазин София 2","Кафе на зърна Vergnano Granaroma 1000g ","57815","71","25.56","0.00"
"14619","МП 132100212","Кафе на зърна Vergnano Granaroma 1000g ","57815","71","25.56","0.00"
"56784","Магазин Пловдив","Кроасан с ванилов крем Bauli 50g ","51263","67","0.49","0.00"
"14619","МП 132100212","Кроасан с ванилов крем Bauli 50g ","51263","67","0.49","0.00"
"56784","Магазин Пловдив","Кроасан с крем с шам-фъстък Bauli50гр 1,15","60767","67","0.59","0.00"
"14619","МП 132100212","Кроасан с крем с шоколад Bauli 50g","60576","67","0.49","0.00"
"56784","Магазин Пловдив","Кроасан с черешов пълнеж Bauli 50g","60577","67","0.49","0.00"
"14619","МП 132100212","Кроасан с черешов пълнеж Bauli 50g","60577","67","0.49","0.00"
"14619","МП 132100212","Кроасан Шоколад Bauli 50g1,15","53842","67","0.59","0.00"
"56784","Магазин Пловдив","Маслиново масло Amato Extra Virgine Classico 1L квадратна бутилка","56004","43","12.78","0.00"
"68134","Магазин София","Маслиново масло Amato Extra Virgine Classico 1L квадратна бутилка","56004","43","12.78","0.00"
"68134","Магазин София 2","Маслиново масло Amato Extra Virgine Classico 1L квадратна бутилка","56004","43","12.78","0.00"
"14619","МП 132100212","Маслиново масло Amato Extra Virgine Classico 1L квадратна бутилка","56004","43","12.78","0.00"
"56784","Магазин Пловдив","Маслиново масло Екстра Върджин De Cecco 1L","57770","43","15.33","0.00"
"68134","Магазин София","Маслиново масло Екстра Върджин De Cecco 1L","57770","43","15.33","0.00"
"68134","Магазин София 2","Маслиново масло Екстра Върджин De Cecco 1L","57770","43","15.33","0.00"
"14619","МП 132100212","Маслиново масло Екстра Върджин De Cecco 1L","57770","43","15.33","0.00"
"56784","Магазин Пловдив","Маслиново масло Екстра Върджин Monini Delicato 1L","56733","43","15.33","0.00"
"68134","Магазин София","Маслиново масло Екстра Върджин Monini Delicato 1L","56733","43","15.33","0.00"
"68134","Магазин София 2","Маслиново масло Екстра Върджин Monini Delicato 1L","56733","43","15.33","0.00"
"14619","МП 132100212","Маслиново масло Екстра Върджин Monini Delicato 1L","56733","43","15.33","0.00"
"56784","Магазин Пловдив","Масло Zappala 250 g ","60583","12","5.06","0.00"
"68134","Магазин София","Масло Zappala 250 g ","60583","12","5.06","0.00"
"68134","Магазин София 2","Масло Zappala 250 g ","60583","12","5.06","0.00"
"14619","МП 132100212","Масло Zappala 250 g ","60583","12","5.06","0.00"
"56784","Магазин Пловдив","МЛЯНО KАФЕ AROMADICASA VERGNANO 250g","61415","70","6.28","0.00"
"68134","Магазин София","МЛЯНО KАФЕ AROMADICASA VERGNANO 250g","61415","70","6.28","0.00"
"68134","Магазин София 2","МЛЯНО KАФЕ AROMADICASA VERGNANO 250g","61415","70","6.28","0.00"
"14619","МП 132100212","МЛЯНО KАФЕ AROMADICASA VERGNANO 250g","61415","70","6.28","0.00"
"56784","Магазин Пловдив","МЛЯНО KАФЕ AROMADICASA VERGNANO 250g 7.69","60888","70","3.93","0.00"
"14619","МП 132100212","МЛЯНО KАФЕ AROMADICASA VERGNANO 250g 7.69","60888","70","3.93","0.00"
"56784","Магазин Пловдив","МЛЯНО KАФЕ KOSE ARMONIOSO BY KIMBO 250 g ","60988","70","7.15","0.00"
"68134","Магазин София","МЛЯНО KАФЕ KOSE ARMONIOSO BY KIMBO 250 g ","60988","70","7.15","0.00"
"68134","Магазин София 2","МЛЯНО KАФЕ KOSE ARMONIOSO BY KIMBO 250 g ","60988","70","7.15","0.00"
"14619","МП 132100212","МЛЯНО KАФЕ KOSE ARMONIOSO BY KIMBO 250 g ","60988","70","7.15","0.00"
"56784","Магазин Пловдив","МЛЯНО KАФЕ за ЕСПРЕСО БЕЗ КОФЕИН кутия VERGNANO 250гр","61650","70","9.56","0.00"
"68134","Магазин София","МЛЯНО KАФЕ за ЕСПРЕСО БЕЗ КОФЕИН кутия VERGNANO 250гр","61650","70","9.56","0.00"
"68134","Магазин София 2","МЛЯНО KАФЕ за ЕСПРЕСО БЕЗ КОФЕИН кутия VERGNANO 250гр","61650","70","9.56","0.00"
"14619","МП 132100212","МЛЯНО KАФЕ за ЕСПРЕСО БЕЗ КОФЕИН кутия VERGNANO 250гр","61650","70","9.56","0.00"
"56784","Магазин Пловдив","МЛЯНО КАФЕ BORBONE NAPOLI 250g ","60942","70","4.55","0.00"
"68134","Магазин София","МЛЯНО КАФЕ BORBONE NAPOLI 250g ","60942","70","4.55","0.00"
"68134","Магазин София 2","МЛЯНО КАФЕ BORBONE NAPOLI 250g ","60942","70","4.55","0.00"
"14619","МП 132100212","МЛЯНО КАФЕ BORBONE NAPOLI 250g ","60942","70","4.55","0.00"
"56784","Магазин Пловдив","Мляно кафе Fortuna Classico Gusto Italiano 250g ","61176","70","4.44","0.00"
"68134","Магазин София","Мляно кафе Fortuna Classico Gusto Italiano 250g ","61176","70","4.44","0.00"
"68134","Магазин София 2","Мляно кафе Fortuna Classico Gusto Italiano 250g ","61176","70","4.44","0.00"
"14619","МП 132100212","Мляно кафе Fortuna Classico Gusto Italiano 250g ","61176","70","4.44","0.00"
"56784","Магазин Пловдив","Мляно кафе Illy Espresso Classico 250g","51470","70","9.45","0.00"
"68134","Магазин София","Мляно кафе Illy Espresso Classico 250g","51470","70","9.45","0.00"
"68134","Магазин София 2","Мляно кафе Illy Espresso Classico 250g","51470","70","9.45","0.00"
"14619","МП 132100212","Мляно кафе Illy Espresso Classico 250g","51470","70","9.45","0.00"
"56784","Магазин Пловдив","Мляно кафе Illy Espresso Intenso 250g ","51472","70","9.45","0.00"
"68134","Магазин София","Мляно кафе Illy Espresso Intenso 250g ","51472","70","9.45","0.00"
"68134","Магазин София 2","Мляно кафе Illy Espresso Intenso 250g ","51472","70","9.45","0.00"
"14619","МП 132100212","Мляно кафе Illy Espresso Intenso 250g ","51472","70","9.45","0.00"
"68134","Магазин София","Мляно кафе Kimbo Aroma Italiano 250g","54416","70","3.57","0.00"
"68134","Магазин София 2","Мляно кафе Kimbo Aroma Italiano 250g","54416","70","3.57","0.00"
"14619","МП 132100212","Мляно кафе Kimbo Aroma Italiano 250g","54416","70","3.57","0.00"
"68134","Магазин София","Мляно кафе Kimbo Aroma Italiano per Moka 2x250g ","56555","70","6.39","0.00"
"68134","Магазин София 2","Мляно кафе Kimbo Aroma Italiano per Moka 2x250g ","56555","70","6.39","0.00"
"14619","МП 132100212","Мляно кафе Kimbo Aroma Italiano per Moka 2x250g ","56555","70","6.39","0.00"
"56784","Магазин Пловдив","Мляно кафе Kimbo Espresso Napoletano 250g ","54355","70","7.61","0.00"
"68134","Магазин София","Мляно кафе Kimbo Espresso Napoletano 250g ","54355","70","7.61","0.00"
"68134","Магазин София 2","Мляно кафе Kimbo Espresso Napoletano 250g ","54355","70","7.61","0.00"
"14619","МП 132100212","Мляно кафе Kimbo Espresso Napoletano 250g ","54355","70","7.61","0.00"
"56784","Магазин Пловдив","Мляно кафе Kimbo Gusto di Napoli per Moka 2x250g ","54825","70","12.01","0.00"
"68134","Магазин София","Мляно кафе Kimbo Gusto di Napoli per Moka 2x250g ","54825","70","12.01","0.00"
"68134","Магазин София 2","Мляно кафе Kimbo Gusto di Napoli per Moka 2x250g ","54825","70","12.01","0.00"
"14619","МП 132100212","Мляно кафе Kimbo Gusto di Napoli per Moka 2x250g ","54825","70","12.01","0.00"
"56784","Магазин Пловдив","Мляно кафе Kimbo Macinato Fresco per Moka 250g 6.49 НОВ КОД!!!","57605","70","3.32","0.00"
"68134","Магазин София 2","Мляно кафе Kimbo Macinato Fresco per Moka 250g 6.49 НОВ КОД!!!","57605","70","3.32","0.00"
"56784","Магазин Пловдив","Мляно кафе Lavazza Crema e Gusto Classico 250g ","57198","70","6.39","0.00"
"68134","Магазин София","Мляно кафе Lavazza Crema e Gusto Classico 250g ","57198","70","6.39","0.00"
"68134","Магазин София 2","Мляно кафе Lavazza Crema e Gusto Classico 250g ","57198","70","6.39","0.00"
"14619","МП 132100212","Мляно кафе Lavazza Crema e Gusto Classico 250g ","57198","70","6.39","0.00"
"56784","Магазин Пловдив","МЛЯНО КАФЕ LAVAZZA QUALITA` ORO 100% АРАБИКА 250 g","61746","70","11.75","0.00"
"68134","Магазин София","МЛЯНО КАФЕ LAVAZZA QUALITA` ORO 100% АРАБИКА 250 g","61746","70","11.75","0.00"
"68134","Магазин София 2","МЛЯНО КАФЕ LAVAZZA QUALITA` ORO 100% АРАБИКА 250 g","61746","70","11.75","0.00"
"14619","МП 132100212","МЛЯНО КАФЕ LAVAZZA QUALITA` ORO 100% АРАБИКА 250 g","61746","70","11.75","0.00"
"56784","Магазин Пловдив","МЛЯНО КАФЕ LAVAZZA QUALITA` ORO 100% АРАБИКА 2x250 g ","61839","70","21.98","0.00"
"68134","Магазин София","МЛЯНО КАФЕ LAVAZZA QUALITA` ORO 100% АРАБИКА 2x250 g ","61839","70","21.98","0.00"
"68134","Магазин София 2","МЛЯНО КАФЕ LAVAZZA QUALITA` ORO 100% АРАБИКА 2x250 g ","61839","70","21.98","0.00"
"14619","МП 132100212","МЛЯНО КАФЕ LAVAZZA QUALITA` ORO 100% АРАБИКА 2x250 g ","61839","70","21.98","0.00"
"56784","Магазин Пловдив","Мляно кафе Lavazza Suerte 250 g 8.59","60397","70","4.39","0.00"
"68134","Магазин София","Мляно кафе Lavazza Suerte 250 g 8.59","60397","70","4.39","0.00"
"68134","Магазин София 2","Мляно кафе Lavazza Suerte 250g 6.99 НОВ КОД!!!","50442","70","3.57","0.00"
"56784","Магазин Пловдив","Мляно кафе Migro Classico 250g","60764","70","5.62","0.00"
"68134","Магазин София","Мляно кафе Migro Classico 250g","60764","70","5.62","0.00"
"68134","Магазин София 2","Мляно кафе Migro Classico 250g","60764","70","5.62","0.00"
"14619","МП 132100212","Мляно кафе Migro Classico 250g","60764","70","5.62","0.00"
"56784","Магазин Пловдив","Мляно кафе Migro Gran Aroma 250g","60399","70","3.06","0.00"
"68134","Магазин София","Мляно кафе Migro Gran Aroma 250g","60399","70","3.06","0.00"
"14619","МП 132100212","Мляно кафе Migro Gran Aroma 250g","60399","70","3.06","0.00"
"56784","Магазин Пловдив","Мляно кафе Migro Gran Aroma 250G","60955","70","5.77","0.00"
"68134","Магазин София","Мляно кафе Migro Gran Aroma 250G","60955","70","5.77","0.00"
"68134","Магазин София 2","Мляно кафе Migro Gran Aroma 250G","60955","70","5.77","0.00"
"14619","МП 132100212","Мляно кафе Migro Gran Aroma 250G","60955","70","5.77","0.00"
"56784","Магазин Пловдив","МЛЯНО КАФЕ MOTTA INTENSO 250 гр","60860","70","6.39","0.00"
"68134","Магазин София","МЛЯНО КАФЕ MOTTA INTENSO 250 гр","60860","70","6.39","0.00"
"68134","Магазин София 2","МЛЯНО КАФЕ MOTTA INTENSO 250 гр","60860","70","6.39","0.00"
"14619","МП 132100212","МЛЯНО КАФЕ MOTTA INTENSO 250 гр","60860","70","6.39","0.00"
"56784","Магазин Пловдив","Мляно кафе Segafredo Crema Ricca 250g ","56142","70","7.10","0.00"
"68134","Магазин София","Мляно кафе Segafredo Crema Ricca 250g ","56142","70","7.10","0.00"
"68134","Магазин София 2","Мляно кафе Segafredo Crema Ricca 250g ","56142","70","7.10","0.00"
"14619","МП 132100212","Мляно кафе Segafredo Crema Ricca 250g ","56142","70","7.10","0.00"
"56784","Магазин Пловдив","Мляно кафе Segafredo Espresso Casa 250g ","57151","70","6.64","0.00"
"68134","Магазин София","Мляно кафе Segafredo Espresso Casa 250g ","57151","70","6.64","0.00"
"68134","Магазин София 2","Мляно кафе Segafredo Espresso Casa 250g ","57151","70","6.64","0.00"
"14619","МП 132100212","Мляно кафе Segafredo Espresso Casa 250g ","57151","70","6.64","0.00"
"68134","Магазин София","Мляно кафе Segafredo Espresso Casa 250g 8,99","60881","70","4.60","0.00"
"68134","Магазин София 2","Мляно кафе Segafredo Espresso Casa 250g 8,99","60881","70","4.60","0.00"
"14619","МП 132100212","Мляно кафе Segafredo Espresso Casa 250g 8,99","60881","70","4.60","0.00"
"68134","Магазин София","Мляно кафе Segafredo Intermezzo 250 g 7.49","60398","70","3.83","0.00"
"14619","МП 132100212","Мляно кафе Segafredo Intermezzo 250 g 7.49","60398","70","3.83","0.00"
"56784","Магазин Пловдив","Мляно кафе Segafredo Intermezzo 250g ","57152","70","5.87","0.00"
"68134","Магазин София","Мляно кафе Segafredo Intermezzo 250g ","57152","70","5.87","0.00"
"68134","Магазин София 2","Мляно кафе Segafredo Intermezzo 250g ","57152","70","5.87","0.00"
"14619","МП 132100212","Мляно кафе Segafredo Intermezzo 250g ","57152","70","5.87","0.00"
"56784","Магазин Пловдив","Мляно кафе Segafredo Intermezzo Moka 2x250g ","60882","70","7.10","0.00"
"68134","Магазин София","Мляно кафе Segafredo Intermezzo Moka 2x250g ","60882","70","7.10","0.00"
"68134","Магазин София 2","Мляно кафе Segafredo Intermezzo Moka 2x250g ","60882","70","7.10","0.00"
"14619","МП 132100212","Мляно кафе Segafredo Intermezzo Moka 2x250g ","60882","70","7.10","0.00"
"56784","Магазин Пловдив","Мляно кафе за мока Illy Classico per Moka 250g 15.99","50596","70","8.18","0.00"
"68134","Магазин София","Мляно кафе за мока Illy Classico per Moka 250g 15.99","50596","70","8.18","0.00"
"68134","Магазин София 2","Мляно кафе за мока Illy Classico per Moka 250g 15.99","50596","70","8.18","0.00"
"14619","МП 132100212","Мляно кафе за мока Illy Classico per Moka 250g 15.99","50596","70","8.18","0.00"
"56784","Магазин Пловдив","Мляно кафе смес classico  IL Caffe Saicaf 2x250g","61349","70","11.24","0.00"
"68134","Магазин София","Мляно кафе смес classico  IL Caffe Saicaf 2x250g","61349","70","11.24","0.00"
"68134","Магазин София 2","Мляно кафе смес classico  IL Caffe Saicaf 2x250g","61349","70","11.24","0.00"
"14619","МП 132100212","Мляно кафе смес classico  IL Caffe Saicaf 2x250g","61349","70","11.24","0.00"
"56784","Магазин Пловдив","Мляно печено кафе 100% Арабика Vergnano Latta 250g","61421","70","9.35","0.00"
"68134","Магазин София","Мляно печено кафе 100% Арабика Vergnano Latta 250g","61421","70","9.35","0.00"
"68134","Магазин София 2","Мляно печено кафе 100% Арабика Vergnano Latta 250g","61421","70","9.35","0.00"
"14619","МП 132100212","Мляно печено кафе 100% Арабика Vergnano Latta 250g","61421","70","9.35","0.00"
"56784","Магазин Пловдив","Мляно печено кафе 100% Арабика Vergnano Latta 250g 10.99","59751","70","5.62","0.00"
"68134","Магазин София 2","Мляно печено кафе 100% Арабика Vergnano Latta 250g 10.99","59751","70","5.62","0.00"
"14619","МП 132100212","Мляно печено кафе 100% Арабика Vergnano Latta 250g 10.99","59751","70","5.62","0.00"
"68134","Магазин София","Мляно печено кафе Illy Moka Intenso 250g 15.99 НОВ КОД!!!","51502","70","8.18","0.00"
"68134","Магазин София 2","Мляно печено кафе Lavazza Qualita Rossa 2x250g ","51698","70","11.50","0.00"
"56784","Магазин Пловдив","Мляно печено кафе Motta La Creme 250g  Latta","59398","70","6.03","0.00"
"68134","Магазин София","Мляно печено кафе Motta La Creme 250g  Latta","59398","70","6.03","0.00"
"68134","Магазин София 2","Мляно печено кафе Motta La Creme 250g  Latta","59398","70","6.03","0.00"
"14619","МП 132100212","Мляно печено кафе Motta La Creme 250g  Latta","59398","70","6.03","0.00"
"56784","Магазин Пловдив","Мляно печено кафе без кофеин Illy Deca 250g ","51497","70","10.22","0.00"
"68134","Магазин София","Мляно печено кафе без кофеин Illy Deca 250g ","51497","70","10.22","0.00"
"68134","Магазин София 2","Мляно печено кафе без кофеин Illy Deca 250g ","51497","70","10.22","0.00"
"14619","МП 132100212","Мляно печено кафе без кофеин Illy Deca 250g ","51497","70","10.22","0.00"
"56784","Магазин Пловдив","Мляно печено кафе за Мока Illy Classico Limited Edition 250g ","59138","70","9.20","0.00"
"68134","Магазин София","Мляно печено кафе за Мока Illy Classico Limited Edition 250g ","59138","70","9.20","0.00"
"68134","Магазин София 2","Мляно печено кафе за Мока Illy Classico Limited Edition 250g ","59138","70","9.20","0.00"
"14619","МП 132100212","Мляно печено кафе за Мока Illy Classico Limited Edition 250g ","59138","70","9.20","0.00"
"68134","Магазин София 2","Мляно печено кафе за Мока Illy Intenso Limited Edition 250g ","59137","70","9.20","0.00"
"14619","МП 132100212","Мляно печено кафе за Мока Illy Intenso Limited Edition 250g ","59137","70","9.20","0.00"
"56784","Магазин Пловдив","Паста Еликоидали №49 Rummo 500g","57101","36","1.94","0.00"
"68134","Магазин София","Паста Еликоидали №49 Rummo 500g","57101","36","1.94","0.00"
"68134","Магазин София 2","Паста Еликоидали №49 Rummo 500g","57101","36","1.94","0.00"
"14619","МП 132100212","Паста Еликоидали №49 Rummo 500g","57101","36","1.94","0.00"
"56784","Магазин Пловдив","Паста за зби AZ Multi Protezione Tartar Control Whitening 75ml+10ml ","57595","81","2.04","0.00"
"68134","Магазин София","Паста за зби AZ Multi Protezione Tartar Control Whitening 75ml+10ml ","57595","81","2.04","0.00"
"68134","Магазин София 2","Паста за зби AZ Multi Protezione Tartar Control Whitening 75ml+10ml ","57595","81","2.04","0.00"
"14619","МП 132100212","Паста за зби AZ Multi Protezione Tartar Control Whitening 75ml+10ml ","57595","81","2.04","0.00"
"56784","Магазин Пловдив","Паста за зъби AZ 3D Ultra White 65ml","53846","81","2.50","0.00"
"68134","Магазин София","Паста за зъби AZ 3D Ultra White 65ml","53846","81","2.50","0.00"
"68134","Магазин София 2","Паста за зъби AZ 3D Ultra White 65ml","53846","81","2.50","0.00"
"14619","МП 132100212","Паста за зъби AZ 3D Ultra White 65ml","53846","81","2.50","0.00"
"68134","Магазин София","Паста за зъби AZ 3D White & Cool 65ml ","51673","81","2.50","0.00"
"68134","Магазин София 2","Паста за зъби AZ 3D White & Cool 65ml ","51673","81","2.50","0.00"
"14619","МП 132100212","Паста за зъби AZ 3D White & Cool 65ml ","51673","81","2.50","0.00"
"56784","Магазин Пловдив","Паста за зъби Az 3D White Perfezione 50ml","51749","81","2.55","0.00"
"68134","Магазин София","Паста за зъби Az 3D White Perfezione 50ml","51749","81","2.55","0.00"
"68134","Магазин София 2","Паста за зъби Az 3D White Perfezione 50ml","51749","81","2.55","0.00"
"14619","МП 132100212","Паста за зъби Az 3D White Perfezione 50ml","51749","81","2.55","0.00"
"56784","Магазин Пловдив","Паста за зъби AZ Freschezza Delicata Menta Leggera 65ml","51672","81","2.50","0.00"
"68134","Магазин София","Паста за зъби AZ Freschezza Delicata Menta Leggera 65ml","51672","81","2.50","0.00"
"68134","Магазин София 2","Паста за зъби AZ Freschezza Delicata Menta Leggera 65ml","51672","81","2.50","0.00"
"14619","МП 132100212","Паста за зъби AZ Freschezza Delicata Menta Leggera 65ml","51672","81","2.50","0.00"
"56784","Магазин Пловдив","Паста за зъби AZ Multi Protezione Carie Gel 75ml+10ml","57596","81","2.04","0.00"
"68134","Магазин София","Паста за зъби AZ Multi Protezione Carie Gel 75ml+10ml","57596","81","2.04","0.00"
"68134","Магазин София 2","Паста за зъби AZ Multi Protezione Carie Gel 75ml+10ml","57596","81","2.04","0.00"
"14619","МП 132100212","Паста за зъби AZ Multi Protezione Carie Gel 75ml+10ml","57596","81","2.04","0.00"
"56784","Магазин Пловдив","Паста за зъби AZ Protezione Famiglia 75ml+10ml ","58887","81","2.04","0.00"
"68134","Магазин София","Паста за зъби AZ Protezione Famiglia 75ml+10ml ","58887","81","2.04","0.00"
"68134","Магазин София 2","Паста за зъби AZ Protezione Famiglia 75ml+10ml ","58887","81","2.04","0.00"
"14619","МП 132100212","Паста за зъби AZ Protezione Famiglia 75ml+10ml ","58887","81","2.04","0.00"
"68134","Магазин София","Паста за зъби Baking soda Pasta del Capitano 100ml","61660","81","2.04","0.00"
"14619","МП 132100212","Паста за зъби Baking soda Pasta del Capitano 100ml","61660","81","2.04","0.00"
"56784","Магазин Пловдив","Паста за зъби Mentadent Complete Protection 75+25 мл 4,29","60360","81","2.19","0.00"
"68134","Магазин София","Паста за зъби Mentadent Complete Protection 75+25 мл 4,29","60360","81","2.19","0.00"
"14619","МП 132100212","Паста за зъби Mentadent Complete Protection 75+25 мл 4,29","60360","81","2.19","0.00"
"56784","Магазин Пловдив","Паста за зъби Mentadent White Now 75ml","55004","81","3.93","0.00"
"68134","Магазин София","Паста за зъби Mentadent White Now 75ml","55004","81","3.93","0.00"
"68134","Магазин София 2","Паста за зъби Mentadent White Now 75ml","55004","81","3.93","0.00"
"14619","МП 132100212","Паста за зъби Mentadent White Now 75ml","55004","81","3.93","0.00"
"68134","Магазин София 2","Паста за зъби Placca e carie Pasta el Capitano 100ml","61662","81","2.04","0.00"
"68134","Магазин София","Паста Казаречче №287 Barilla 500g 2.69 НОВ КОД 3!!!","56669","36","1.38","0.00"
"56784","Магазин Пловдив","Паста Капеллини №1 Barilla 500g","50246","36","1.78","0.00"
"68134","Магазин София","Паста Капеллини №1 Barilla 500g","50246","36","1.78","0.00"
"68134","Магазин София 2","Паста Капеллини №1 Barilla 500g","50246","36","1.78","0.00"
"14619","МП 132100212","Паста Капеллини №1 Barilla 500g","50246","36","1.78","0.00"
"56784","Магазин Пловдив","Паста Капеллини №17 la Molisana 500g 2.79","54764","36","1.43","0.00"
"68134","Магазин София","Паста Капеллини №17 la Molisana 500g 2.79","54764","36","1.43","0.00"
"14619","МП 132100212","Паста Капеллини №17 la Molisana 500g 2.79","54764","36","1.43","0.00"
"56784","Магазин Пловдив","Паста Конкилие Ригате №25 La Molisana 500g 2.79","59908","36","1.43","0.00"
"68134","Магазин София","Паста Конкилие Ригате №25 La Molisana 500g 2.79","59908","36","1.43","0.00"
"14619","МП 132100212","Паста Конкилие Ригате №25 La Molisana 500g 2.79","59908","36","1.43","0.00"
"56784","Магазин Пловдив","Паста Конкилие Ригате №93 Barilla 500g","57775","36","1.78","0.00"
"68134","Магазин София","Паста Конкилие Ригате №93 Barilla 500g","57775","36","1.78","0.00"
"68134","Магазин София 2","Паста Конкилие Ригате №93 Barilla 500g","57775","36","1.78","0.00"
"14619","МП 132100212","Паста Конкилие Ригате №93 Barilla 500g","57775","36","1.78","0.00"
"68134","Магазин София","Паста Конкилиетте №39 Barilla 500g 2.69 НОВ КОД!!!","52657","36","1.38","0.00"
"68134","Магазин София 2","Паста Конкилиетте №39 Barilla 500g 2.69 НОВ КОД!!!","52657","36","1.38","0.00"
"14619","МП 132100212","Паста Конкилиетте №39 Barilla 500g 2.69 НОВ КОД!!!","52657","36","1.38","0.00"
"68134","Магазин София 2","ПАСТА КОНКИЛЬОНИ № 240 DEL VERDE 500гр","61011","36","2.50","0.00"
"56784","Магазин Пловдив","Паста КОНКИЛЬОНИ №102 GRANORO 500гр ","61529","36","2.55","0.00"
"68134","Магазин София","Паста КОНКИЛЬОНИ №102 GRANORO 500гр ","61529","36","2.55","0.00"
"68134","Магазин София 2","Паста КОНКИЛЬОНИ №102 GRANORO 500гр ","61529","36","2.55","0.00"
"14619","МП 132100212","Паста КОНКИЛЬОНИ №102 GRANORO 500гр ","61529","36","2.55","0.00"
"68134","Магазин София","Пилешки бутчета замразени клас A Amadori 100g","57163","17","6.57","0.00"
"68134","Магазин София 2","Пилешки бутчета замразени клас A Amadori 100g","57163","17","6.57","0.00"
"14619","МП 132100212","Пилешки бутчета замразени клас A Amadori 100g","57163","17","6.57","0.00"
"56784","Магазин Пловдив","Сирене Gorgonzola Dolce D.O.P. AURICCHIO 200g","60321","9","3.98","0.00"
"68134","Магазин София","Сирене Gorgonzola Dolce D.O.P. AURICCHIO 200g","60321","9","3.98","0.00"
"68134","Магазин София 2","Сирене Gorgonzola Dolce D.O.P. AURICCHIO 200g","60321","9","3.98","0.00"
"14619","МП 132100212","Сирене Gorgonzola Dolce D.O.P. AURICCHIO 200g","60321","9","3.98","0.00"
"56784","Магазин Пловдив","Спагети №5 Barilla 500g ","50239","37","1.78","0.00"
"68134","Магазин София","Спагети №5 Barilla 500g ","50239","37","1.78","0.00"
"68134","Магазин София 2","Спагети №5 Barilla 500g ","50239","37","1.78","0.00"
"14619","МП 132100212","Спагети №5 Barilla 500g ","50239","37","1.78","0.00"
"56784","Магазин Пловдив","ФИН МЛЕЧЕН ШОКОЛАД LATTE DI GENNARO 100g","61735","69","2.19","0.00"
"68134","Магазин София","ФИН МЛЕЧЕН ШОКОЛАД LATTE DI GENNARO 100g","61735","69","2.19","0.00"
"68134","Магазин София 2","ФИН МЛЕЧЕН ШОКОЛАД LATTE DI GENNARO 100g","61735","69","2.19","0.00"
"14619","МП 132100212","ФИН МЛЕЧЕН ШОКОЛАД LATTE DI GENNARO 100g","61735","69","2.19","0.00"
"56784","Магазин Пловдив","Фин млечен шоколад Novi Classico Al Latte 80g 2.40","55970","69","1.23","0.00"
"68134","Магазин София","Фин млечен шоколад Novi Classico Al Latte 80g 2.40","55970","69","1.23","0.00"
"68134","Магазин София","Фин млечен шоколад Pernigotti 80g 2.99","59688","69","1.53","0.00"
"14619","МП 132100212","Фин млечен шоколад Pernigotti 80g 2.99","59688","69","1.53","0.00"
"56784","Магазин Пловдив","ФИН МЛЕЧЕН ШОКОЛАД с ЛЕШНИЦИ Nocciole DI GENNARO 100g","61736","69","2.30","0.00"
"68134","Магазин София","ФИН МЛЕЧЕН ШОКОЛАД с ЛЕШНИЦИ Nocciole DI GENNARO 100g","61736","69","2.30","0.00"
"68134","Магазин София 2","ФИН МЛЕЧЕН ШОКОЛАД с ЛЕШНИЦИ Nocciole DI GENNARO 100g","61736","69","2.30","0.00"
"14619","МП 132100212","ФИН МЛЕЧЕН ШОКОЛАД с ЛЕШНИЦИ Nocciole DI GENNARO 100g","61736","69","2.30","0.00"
"56784","Магазин Пловдив","ФИН МЛЕЧЕН ШОКОЛАД със СОЛЕН КАРАМЕЛ и БАДЕМИ DI GENNARO 100g","61737","69","2.19","0.00"
"56784","Магазин Пловдив","Чай  Pompadour Мента 45g ","50598","72","3.57","0.00"
"68134","Магазин София","Чай  Pompadour Мента 45g ","50598","72","3.57","0.00"
"68134","Магазин София 2","Чай  Pompadour Мента 45g ","50598","72","3.57","0.00"
"14619","МП 132100212","Чай  Pompadour Мента 45g ","50598","72","3.57","0.00"
"56784","Магазин Пловдив","Чай 1001 нощ Pompadour 50g ","50607","72","3.57","0.00"
"68134","Магазин София","Чай 1001 нощ Pompadour 50g ","50607","72","3.57","0.00"
"68134","Магазин София 2","Чай 1001 нощ Pompadour 50g ","50607","72","3.57","0.00"
"14619","МП 132100212","Чай 1001 нощ Pompadour 50g ","50607","72","3.57","0.00"
"68134","Магазин София","Чай Pompadour Слез 30g 4.70","50605","72","2.40","0.00"
"68134","Магазин София 2","Чай Pompadour Слез 30g 4.70","50605","72","2.40","0.00"
"56784","Магазин Пловдив","Чай от горски плодове E VITAMINE Pompadour 60g ","50603","72","3.57","0.00"
"68134","Магазин София","Чай от горски плодове E VITAMINE Pompadour 60g ","50603","72","3.57","0.00"
"68134","Магазин София 2","Чай от горски плодове E VITAMINE Pompadour 60g ","50603","72","3.57","0.00"
"14619","МП 132100212","Чай от горски плодове E VITAMINE Pompadour 60g ","50603","72","3.57","0.00"
"56784","Магазин Пловдив","Чай от липов цвят и лимонена трева Pompadour Fiori di Tiglio 35g ","50502","72","3.57","0.00"
"68134","Магазин София","Чай от липов цвят и лимонена трева Pompadour Fiori di Tiglio 35g ","50502","72","3.57","0.00"
"68134","Магазин София 2","Чай от липов цвят и лимонена трева Pompadour Fiori di Tiglio 35g ","50502","72","3.57","0.00"
"14619","МП 132100212","Чай от липов цвят и лимонена трева Pompadour Fiori di Tiglio 35g ","50502","72","3.57","0.00"
"68134","Магазин София","Четка за зъби Idrofil Duro 1 брой","57749","80","0.66","0.00"
"68134","Магазин София 2","Четка за зъби Idrofil Duro 1 брой","57749","80","0.66","0.00"
"56784","Магазин Пловдив","Четка за зъби Mentadent Soft 1br. 2.49","60413","80","1.27","0.00"
"68134","Магазин София","Четка за зъби Mentadent Soft 1br. 2.49","60413","80","1.27","0.00"
"14619","МП 132100212","Четка за зъби Mentadent Soft 1br. 2.49","60413","80","1.27","0.00"
"56784","Магазин Пловдив","Четка за зъби Pasta del Capitano 1брой","54920","80","0.77","0.00"
"14619","МП 132100212","Четка за зъби Pasta del Capitano 1брой","54920","80","0.77","0.00"
"68134","Магазин София","Четка за зъби за деца Aquafresh","53662","80","1.94","0.00"
"68134","Магазин София 2","Четка за зъби за деца Aquafresh","53662","80","1.94","0.00"
"68134","Магазин София 2","Шампоан за всеки тип коса Pantene Pro-V Linea Classica 225ml 5.20","56189","82","2.66","0.00"
