"Населено място","Търговски обект","Наименование на продукта","Код на продукта","Категория","Цена на дребно","Цена в промоция"
"11538","гр.Свети Влас местност ЮРТА","Шампоан STILENA Soft&Shine 400мл","155","82","1.89",""
"11538","гр.Свети Влас местност ЮРТА","Шампоан STILENA Volume 400мл","162","82","1.89",""
"11538","гр.Свети Влас местност ЮРТА","Шампоан STILENA Refresh 400мл","176","82","1.89",""
"11538","гр.Свети Влас местност ЮРТА","Сапун AYU POP оранжев 65гр","306","83","0.35",""
"11538","гр.Свети Влас местност ЮРТА","Сапун AYU POP кафяв 65гр","338","83","0.35",""
"11538","гр.Свети Влас местност ЮРТА","Сапун AYU POP зелен 65гр.","404","83","0.35",""
"11538","гр.Свети Влас местност ЮРТА","Маслини САНТЕ натурални","429","62","5.77",""
"11538","гр.Свети Влас местност ЮРТА","Маслини РЕГИНА 71/90","503","62","5.85",""
"11538","гр.Свети Влас местност ЮРТА","Маслини РЕГИНА руса едра","632","62","4.39",""
"11538","гр.Свети Влас местност ЮРТА","Ракия КАРНОБАТ гроздова 0.7л","696","77","7.41",""
"11538","гр.Свети Влас местност ЮРТА","Маслини САНТЕ черни","761","62","3.86",""
"11538","гр.Свети Влас местност ЮРТА","Б.вино МАГАРЕШКО МЛЯКО 0.75л","785","75","2.38",""
"11538","гр.Свети Влас местност ЮРТА","Макарони PASTA LENKA мидички 10мм 400гр","812","36","0.71",""
"11538","гр.Свети Влас местност ЮРТА","Ракия ХАН КРУМ гроздова 0.7л","833","77","9.13",""
"11538","гр.Свети Влас местност ЮРТА","Ч.вино СОФИЯ мерло 0.75л","868","76","2.74",""
"11538","гр.Свети Влас местност ЮРТА","Ч.вино СОФИЯ каберне 0.75л","870","76","2.74",""
"11538","гр.Свети Влас местност ЮРТА","Б.вино СОФИЯ мускат 0.75л","872","75","2.74",""
"11538","гр.Свети Влас местност ЮРТА","Б.вино СОФИЯ шардоне 0.75л","874","75","2.74",""
"11538","гр.Свети Влас местност ЮРТА","Ч.вино КАРНОБАТ меча кръв 0.75л","887","76","2.12",""
"11538","гр.Свети Влас местност ЮРТА","Ч.вино МЕХАНДЖИЙСКО 0.75л","907","76","1.84",""
"11538","гр.Свети Влас местност ЮРТА","Б.вино МЕХАНДЖИЙСКО 0.75л","909","75","1.84",""
"11538","гр.Свети Влас местност ЮРТА","Ракия ПОМОРИЙСКА гроздова 0.7л","914","77","8.41",""
"11538","гр.Свети Влас местност ЮРТА","Макарони PASTA LENKA перо/пенне 400гр","994","36","0.71",""
"11538","гр.Свети Влас местност ЮРТА","Макарони PASTA LENKA пружина 400гр","1133","36","0.71",""
"11538","гр.Свети Влас местност ЮРТА","Макарони PASTA LENKA спирала 400гр","1272","36","0.71",""
"11538","гр.Свети Влас местност ЮРТА","Кашкавал БЕЛИИСА краве","1370","10","11.24",""
"11538","гр.Свети Влас местност ЮРТА","Домат червен пр.Турция","1622","54","2.91",""
"11538","гр.Свети Влас местност ЮРТА","Краставица пр.България","1624","58","4.15",""
"11538","гр.Свети Влас местност ЮРТА","Моркови пр.Турция","1634","56","1.02",""
"11538","гр.Свети Влас местност ЮРТА","Лук каба пр.Турция","1637","55","0.89",""
"11538","гр.Свети Влас местност ЮРТА","Зеле пр.България","1639","57","0.79",""
"11538","гр.Свети Влас местност ЮРТА","Картофи пресни пр.България","1643","61","0.86",""
"11538","гр.Свети Влас местност ЮРТА","Банан Доле пр.Еквадор","1704","52","2.14",""
"11538","гр.Свети Влас местност ЮРТА","Портокал пр.Гърция","1706","51","2.14",""
"11538","гр.Свети Влас местност ЮРТА","Лимон пр.Аржентина","1710","50","2.55",""
"11538","гр.Свети Влас местност ЮРТА","Ябълка БГ мрежа","1730","53","1.82",""
"11538","гр.Свети Влас местност ЮРТА","Чай ЛУКЧЕТА мента/лимон 20бр","1834","72","1.07",""
"11538","гр.Свети Влас местност ЮРТА","Зехтин САН ЛАЗАРО екстра върджин 1л","1982","43","13.80",""
"11538","гр.Свети Влас местност ЮРТА","Макарони MELINI пене ригате 400гр","2139","36","1.00",""
"11538","гр.Свети Влас местност ЮРТА","Макарони MELINI фусили 400гр","2141","36","1.00",""
"11538","гр.Свети Влас местност ЮРТА","Макарони MELINI кончилети 400гр","2142","36","1.00",""
"11538","гр.Свети Влас местност ЮРТА","Ракия БОЛГАРЕ гроздова отлежала 0.7л","2785","77","8.43",""
"11538","гр.Свети Влас местност ЮРТА","Мин.вода ГОРНА БАНЯ 1.5л","2811","73","0.59",""
"11538","гр.Свети Влас местност ЮРТА","Сол КРИНА 1кг","3134","39","0.71",""
"11538","гр.Свети Влас местност ЮРТА","Бира КАМЕНИЦА светло 2л","3195","74","1.92",""
"11538","гр.Свети Влас местност ЮРТА","Бира ЗАГОРКА 2л","3200","74","1.61",""
"11538","гр.Свети Влас местност ЮРТА","Мин.вода ПРЕДЕЛА 1.5л","3233","73","0.49",""
"11538","гр.Свети Влас местност ЮРТА","Скумрия М.РИБОЛОВ 400/600 замр. вак.","4626","29","7.48",""
"11538","гр.Свети Влас местност ЮРТА","Брашно СОФИЯ МЕЛ Екстра 1кг","5009","41","1.25",""
"11538","гр.Свети Влас местност ЮРТА","Б-ти РОДЕН КРАЙ обикновени 120гр","5413","66","0.86",""
"11538","гр.Свети Влас местност ЮРТА","Б-ти ИЗГРЕВ обикновени 120гр","5459","66","0.74",""
"11538","гр.Свети Влас местност ЮРТА","Ориз ARRIVA бисерен 1кг","5537","35","2.28",""
"11538","гр.Свети Влас местност ЮРТА","Оцет ARRIVA винен 700мл","5746","44","1.38",""
"11538","гр.Свети Влас местност ЮРТА","Оцет ARRIVA ябълков 700мл","5748","45","1.46",""
"11538","гр.Свети Влас местност ЮРТА","Грах ARRIVA мет.кутия 400гр","5841","47","1.27",""
"11538","гр.Свети Влас местност ЮРТА","Домати ARRIVA белени на кубчета м.к. 400гр","5877","48","1.15",""
"11538","гр.Свети Влас местност ЮРТА","Мляко APTAMIL 1 400гр","5976","65","12.27",""
"11538","гр.Свети Влас местност ЮРТА","Мляко APTAMIL 2 400гр","5978","65","12.27",""
"11538","гр.Свети Влас местност ЮРТА","Мляко APTAMIL 3 400гр","5980","65","11.53",""
"11538","гр.Свети Влас местност ЮРТА","Спагетини BARILLA №3 500гр","6351","37","1.71",""
"11538","гр.Свети Влас местност ЮРТА","Спагети BARILLA №5 500гр","6353","37","1.71",""
"11538","гр.Свети Влас местност ЮРТА","Сирене БОР ЧВОР краве","6425","8","5.75",""
"11538","гр.Свети Влас местност ЮРТА","Кашкавал САКАРЕЛА краве 200гр","6820","11","2.63",""
"11538","гр.Свети Влас местност ЮРТА","Кашкавал САКАРЕЛА краве","6867","10","10.17",""
"11538","гр.Свети Влас местност ЮРТА","Чай Хербс куркума 20бр","7039","72","0.97",""
"11538","гр.Свети Влас местност ЮРТА","Чай Хербс шипка 20бр","7041","72","0.97",""
"11538","гр.Свети Влас местност ЮРТА","Сол ПЕРЛА 1кг","7106","39","0.51",""
"11538","гр.Свети Влас местност ЮРТА","Боб АРТЕ селект 1кг","7287","33","3.01",""
"11538","гр.Свети Влас местност ЮРТА","Кашкавал НАБОРЪ краве 200гр","7315","11","2.50",""
"11538","гр.Свети Влас местност ЮРТА","Салам МАЛЕВЕНТУМ шпек метър","7379","28","6.88",""
"11538","гр.Свети Влас местност ЮРТА","Кафе НБ класик мляно 200гр","7500","70","4.09",""
"11538","гр.Свети Влас местност ЮРТА","Кренвирш ФЕРМАТА пилешки","7548","26","3.63",""
"11538","гр.Свети Влас местност ЮРТА","Шоколад СВОГЕ млечен 80гр","7670","69","1.27",""
"11538","гр.Свети Влас местност ЮРТА","Шоколад МЛЕЧЕН 80гр","7695","69","1.22",""
"11538","гр.Свети Влас местност ЮРТА","Сапун ТЕО Bouquet Fresh 70гр","7720","83","0.46",""
"11538","гр.Свети Влас местност ЮРТА","Сапун ТЕО Bouquet Romantic 70гр","7724","83","0.46",""
"11538","гр.Свети Влас местност ЮРТА","Сапун ТЕО Bouquet Mystic 70гр","7730","83","0.46",""
"11538","гр.Свети Влас местност ЮРТА","Сапун ТЕО Bouquet Exotic 70гр","7731","83","0.46",""
"11538","гр.Свети Влас местност ЮРТА","Тоал.хартия ЕМЕКА paradise 8бр","7733","85","2.60",""
"11538","гр.Свети Влас местност ЮРТА","Тоал.хартия ЕМЕКА mountain fresh 8бр","7735","85","2.60",""
"11538","гр.Свети Влас местност ЮРТА","Тоал.хартия ЕМЕКА ocean breeze 8бр","7736","85","2.60",""
"11538","гр.Свети Влас местност ЮРТА","Кроасан LOTTO шампанско 110гр","7815","67","0.76",""
"11538","гр.Свети Влас местност ЮРТА","М-ри кърпи RENKLY Зоо 15бр","7857","84","0.25",""
"11538","гр.Свети Влас местност ЮРТА","GERBER зеленчуци с пиле 190гр","7949","64","2.28",""
"11538","гр.Свети Влас местност ЮРТА","GERBER зел./телешко и макарони 190гр","7952","64","2.28",""
"11538","гр.Свети Влас местност ЮРТА","Олио VITAL DROP 1л","8259","42","2.04",""
"11538","гр.Свети Влас местност ЮРТА","Б-ти ЖИТЕН ДАР обикновени 120гр","8378","66","0.81",""
"11538","гр.Свети Влас местност ЮРТА","Домати ARRIVA белени цели м.к. 400гр","8588","48","1.15",""
"11538","гр.Свети Влас местност ЮРТА","Грах ARRIVA зелен 680гр","8595","47","1.68",""
"11538","гр.Свети Влас местност ЮРТА","Боб ARRIVA бял буркан 660гр","8596","46","1.99",""
"11538","гр.Свети Влас местност ЮРТА","Боб MAESTRO трапезен буркан 500гр","8809","46","1.61",""
"11538","гр.Свети Влас местност ЮРТА","Захар ЗАХИРА 1кг","8879","38","1.43",""
"11538","гр.Свети Влас местност ЮРТА","Грах DEGUSTO зелен 690гр","8886","47","1.82",""
"11538","гр.Свети Влас местност ЮРТА","Макарони МАЕСТРО спирали 400гр","9104","36","0.84",""
"11538","гр.Свети Влас местност ЮРТА","Мляко APTAMIL 4 400гр","9364","65","11.53",""
"11538","гр.Свети Влас местност ЮРТА","Мляко APTAMIL 1 800гр","9365","65","24.49",""
"11538","гр.Свети Влас местност ЮРТА","Мляко APTAMIL 2 800гр","9368","65","24.49",""
"11538","гр.Свети Влас местност ЮРТА","Мляко APTAMIL 3 800гр","9372","65","23.21",""
"11538","гр.Свети Влас местност ЮРТА","Мляко APTAMIL 4 800гр.","9373","65","23.21",""
"11538","гр.Свети Влас местност ЮРТА","Зехтин MINERVA помас 1л","9458","43","8.69",""
"11538","гр.Свети Влас местност ЮРТА","Ориз PANINO бисерен 1кг","9751","35","2.02",""
"11538","гр.Свети Влас местност ЮРТА","Парти банички GABROVO с крем ванилия замр. 300гр","10265","68","2.19",""
"11538","гр.Свети Влас местност ЮРТА","Парти банички GABROVO с крем ягода замр. 300гр","10271","68","2.19",""
"11538","гр.Свети Влас местност ЮРТА","Боб DEGUSTO бял 400гр","10284","46","1.32",""
"11538","гр.Свети Влас местност ЮРТА","Боб DEGUSTO маслен 400гр","10287","46","1.32",""
"11538","гр.Свети Влас местност ЮРТА","Банички BELLA от кори сирене 480гр","10414","68","2.30",""
"11538","гр.Свети Влас местност ЮРТА","Банички BELLA от кори сирене/спанак 480гр","10415","68","2.30",""
"11538","гр.Свети Влас местност ЮРТА","Кренвирш БРАВО пилешки","10684","26","4.22",""
"11538","гр.Свети Влас местност ЮРТА","Лютеница АТЛАНТИК КО традиционна 570гр","10883","49","1.48",""
"11538","гр.Свети Влас местност ЮРТА","Извара МЕРОНЕ 400гр","10949","14","1.97",""
"11538","гр.Свети Влас местност ЮРТА","Сирене САЯНА краве","11684","8","7.46",""
"11538","гр.Свети Влас местност ЮРТА","Хляб Вкусният Комать бял 500гр","11689","1","0.95",""
"11538","гр.Свети Влас местност ЮРТА","Хляб МИЛЕНА бял 600гр","11875","1","0.97",""
"11538","гр.Свети Влас местност ЮРТА","Чай Карпатски 3 билки мента/маточина 27гр","11945","72","1.07",""
"11538","гр.Свети Влас местност ЮРТА","Чай Карпатски 3 билки лайка 20гр","12038","72","0.97",""
"11538","гр.Свети Влас местност ЮРТА","Чай Карпатски 3 билки мента 20гр","12210","72","0.97",""
"11538","гр.Свети Влас местност ЮРТА","GERBER батат/тиква/пиле/цвекло 190гр","12244","64","2.53",""
"11538","гр.Свети Влас местност ЮРТА","GERBER ризото/пуйка/зеленчунци 250гр","12295","64","2.89",""
"11538","гр.Свети Влас местност ЮРТА","П-т за съдове FEYA Orchid 400мл","12526","79","0.92",""
"11538","гр.Свети Влас местност ЮРТА","Масло ЗОЛОТОЙ РЕЗЕРВ 82% 180гр","13166","12","2.91",""
"11538","гр.Свети Влас местност ЮРТА","Масло MILTEX краве 125гр","13169","12","1.58",""
"11538","гр.Свети Влас местност ЮРТА","Салам МАДЖАРОВ Бургас 260гр","13490","28","4.90",""
"11538","гр.Свети Влас местност ЮРТА","Салам ЧИЧОВЦИ пресен шпек 330гр","13498","28","3.01",""
"11538","гр.Свети Влас местност ЮРТА","Салам ЧИЧОВЦИ сервилат 300гр","13500","28","2.94",""
"11538","гр.Свети Влас местност ЮРТА","Салам ЧИЧОВЦИ Бургас 400гр","13505","28","3.81",""
"11538","гр.Свети Влас местност ЮРТА","Салам ЧИЧОВЦИ шпек класик 300гр","13536","28","2.53",""
"11538","гр.Свети Влас местност ЮРТА","Наденица БОНИ македонска 350гр","13568","27","2.99",""
"11538","гр.Свети Влас местност ЮРТА","Ракия Сунгурларска гроздова 0.7л","13643","77","8.53",""
"11538","гр.Свети Влас местност ЮРТА","П-т за съдове FEYA Lemon 400мл","13875","79","1.00",""
"11538","гр.Свети Влас местност ЮРТА","К.мляко САЯНА 2% 500гр","14140","7","0.71",""
"11538","гр.Свети Влас местност ЮРТА","NAN 4 Optipro 800гр","14270","65","23.51",""
"11538","гр.Свети Влас местност ЮРТА","Кори ФАМИЛИЯ точени 500гр","14283","5","1.78",""
"11538","гр.Свети Влас местност ЮРТА","Салам НАРОДЕН камчия 320гр","14296","27","2.02",""
"11538","гр.Свети Влас местност ЮРТА","Салам НАРОДЕН телешки 320гр","14297","27","2.02",""
"11538","гр.Свети Влас местност ЮРТА","Салам НАРОДЕН хамбургски 320гр","14298","27","2.02",""
"11538","гр.Свети Влас местност ЮРТА","Салам ПЕРЕЛИК сух шпек 260гр","14332","28","3.14",""
"11538","гр.Свети Влас местност ЮРТА","Кренвирш LEKI","14355","26","5.93",""
"11538","гр.Свети Влас местност ЮРТА","Сирене ЖОСИ краве","14364","8","8.05",""
"11538","гр.Свети Влас местност ЮРТА","Пъстърва чистена охл.","14453","30","7.66",""
"11538","гр.Свети Влас местност ЮРТА","Скумрия 300/500 замр.пакет","14456","29","6.47",""
"11538","гр.Свети Влас местност ЮРТА","Прясно пиле ЛУД.ПИЛЕ без вътр. охл.","14522","15","3.92",""
"11538","гр.Свети Влас местност ЮРТА","Салам КЕН камчия 350гр","14545","27","2.43",""
"11538","гр.Свети Влас местност ЮРТА","Салам КЕН телешки 350гр","14546","27","2.43",""
"11538","гр.Свети Влас местност ЮРТА","Салам КЕН хамбургски 350гр","14547","27","2.43",""
"11538","гр.Свети Влас местност ЮРТА","Салам КЕН шпек червен 260гр","14574","28","3.88",""
"11538","гр.Свети Влас местност ЮРТА","П-т за съдове FEYA Magnolia 400мл","14687","79","1.00",""
"11538","гр.Свети Влас местност ЮРТА","Чай ЛУКЧЕТА мента/лайка 20бр","14961","72","1.07",""
"11538","гр.Свети Влас местност ЮРТА","Чай ЛУКЧЕТА успокоителен 20бр","14968","72","1.07",""
"11538","гр.Свети Влас местност ЮРТА","Чай ЛУКЧЕТА бронхо 20бр","14981","72","0.95",""
"11538","гр.Свети Влас местност ЮРТА","Кренвирш КЕН","15294","26","6.83",""
"11538","гр.Свети Влас местност ЮРТА","Кренвирш КЕН Чоки пилешки","15295","26","4.24",""
"11538","гр.Свети Влас местност ЮРТА","Вл.кърпи FRESH Микс 15бр.","15405","84","0.38",""
"11538","гр.Свети Влас местност ЮРТА","Хляб LAGARDE селски ръжен 450гр","15500","3","1.48",""
"11538","гр.Свети Влас местност ЮРТА","К.мляко ДОМЛЯН 2% 500гр","15570","7","0.95",""
"11538","гр.Свети Влас местност ЮРТА","Кайма БАЙ ТЕЧО лукс смес","15644","25","5.80",""
"11538","гр.Свети Влас местност ЮРТА","Масло ВЕРЕЯ чай 125гр","15932","12","2.76",""
"11538","гр.Свети Влас местност ЮРТА","Ябълка червена пр.Гърция","16027","53","2.39",""
"11538","гр.Свети Влас местност ЮРТА","Оцет OBERON ябълков 700мл","16173","45","1.58",""
"11538","гр.Свети Влас местност ЮРТА","Яйца КРИЦИЯ L кутия 6бр","16176","32","2.04",""
"11538","гр.Свети Влас местност ЮРТА","Пресен пил.бут ЛУД.ПИЛЕ охл.","16229","17","2.79",""
"11538","гр.Свети Влас местност ЮРТА","Прясно пил.филе Пеперуда ЛУД.ПИЛЕ охл.","16231","17","7.59",""
"11538","гр.Свети Влас местност ЮРТА","Лаврак 300/400 чистен охл.","16301","30","15.77",""
"11538","гр.Свети Влас местност ЮРТА","Ципура 300/400 чистена охл.","16302","30","13.99",""
"11538","гр.Свети Влас местност ЮРТА","Брашно ДЕЧКОВ тип 500 1кг","16417","40","0.89",""
"11538","гр.Свети Влас местност ЮРТА","Захар НОВА ПАК 1кг","16463","38","1.20",""
"11538","гр.Свети Влас местност ЮРТА","Грах DEGUSTO зелен 420гр","16488","47","1.32",""
"11538","гр.Свети Влас местност ЮРТА","Хляб АЙТОС бял нарязан 600гр","16766","1","0.97",""
"11538","гр.Свети Влас местност ЮРТА","Хляб АЙТОС типов 600гр","16768","4","0.97",""
"11538","гр.Свети Влас местност ЮРТА","Боб DEGUSTO червен 400гр","16915","46","1.17",""
"11538","гр.Свети Влас местност ЮРТА","Лютеница ОЛИНЕЗА Селце традиционна 580гр","16922","49","2.13",""
"11538","гр.Свети Влас местност ЮРТА","Лютеница ОЛИНЕЗА Селце дом. 570гр","16935","49","2.45",""
"11538","гр.Свети Влас местност ЮРТА","Олио БЕМИНА 1л","17265","42","2.38",""
"11538","гр.Свети Влас местност ЮРТА","Тоал.хартия ЕМЕКА white 8бр","17281","85","2.60",""
"11538","гр.Свети Влас местност ЮРТА","Захар СЛАДЕЯ 1кг","17486","38","1.41",""
"11538","гр.Свети Влас местност ЮРТА","Оцет OBERON винен 700мл","17495","44","1.43",""
"11538","гр.Свети Влас местност ЮРТА","Телешки шол МОНИ МЕС","17641","23","16.59",""
"11538","гр.Свети Влас местност ЮРТА","Сирене КАЙМАКЬ краве","17729","8","6.97",""
"11538","гр.Свети Влас местност ЮРТА","Сирене ДОМЛЯН краве 200гр","18162","9","2.63",""
"11538","гр.Свети Влас местност ЮРТА","Макарони PASTA LENKA миди 400гр","18604","36","0.71",""
"11538","гр.Свети Влас местност ЮРТА","Макарони MELINI фиделини 400гр","18635","36","1.00",""
"11538","гр.Свети Влас местност ЮРТА","П-пт за съдове BLAZY Citrus 400мл.","18726","79","1.30",""
"11538","гр.Свети Влас местност ЮРТА","П-пт за съдове BLAZY Cool 400мл.","18767","79","1.30",""
"11538","гр.Свети Влас местност ЮРТА","П-пт за съдове BLAZY Wild Berry 400мл.","18778","79","1.30",""
"11538","гр.Свети Влас местност ЮРТА","Б-ти КРИСТАЛ обикновени 130гр","18802","66","0.76",""
"11538","гр.Свети Влас местност ЮРТА","Котидж СВАЛЯ 200гр","19405","14","1.76",""
"11538","гр.Свети Влас местност ЮРТА","Кренвирш Крум Мушев пилешки","19728","26","3.88",""
"11538","гр.Свети Влас местност ЮРТА","Паста за зъби ASTERA ACTIVE + WHITENING 50мл","20038","81","1.02",""
"11538","гр.Свети Влас местност ЮРТА","Паста за зъби ASTERA ACTIVE 3 50мл","20050","81","0.97",""
"11538","гр.Свети Влас местност ЮРТА","Брашно ТОПАЗ МЕЛ екстра 1кг","20989","41","1.22",""
"11538","гр.Свети Влас местност ЮРТА","Кашкавал ДЯНКОВО краве","21187","10","8.69",""
"11538","гр.Свети Влас местност ЮРТА","Кренвирш БРАВО закуска","21197","26","3.40",""
"11538","гр.Свети Влас местност ЮРТА","Боб CHEF червен 400гр","21487","46","1.12",""
"11538","гр.Свети Влас местност ЮРТА","Кафе SANTOS нова мляно 250гр","21752","70","3.52",""
"11538","гр.Свети Влас местност ЮРТА","Кайма Родопа Троян смес 60/40 нас.","21856","25","7.84",""
"11538","гр.Свети Влас местност ЮРТА","Тоал.хартия Pick Me ябълка/орхидея 8бр","22260","85","2.45",""
"11538","гр.Свети Влас местност ЮРТА","Брашно ЕТЪР тип 500 1кг","22304","40","1.00",""
"11538","гр.Свети Влас местност ЮРТА","Олио КРИЦИЯ 1л","22391","42","2.43",""
"11538","гр.Свети Влас местност ЮРТА","Ракия БУРГАСКА гроздова 0.7л","22421","77","8.05",""
"11538","гр.Свети Влас местност ЮРТА","Хляб ДИАМАНТ бял 600гр","22603","1","0.97",""
"11538","гр.Свети Влас местност ЮРТА","П-т за съдове FEYA Apple 400мл","23357","79","1.00",""
"11538","гр.Свети Влас местност ЮРТА","Макарони МАЕСТРО букви 400гр","24281","36","0.84",""
"11538","гр.Свети Влас местност ЮРТА","Сирене САЯНА краве 400гр","24285","9","4.17",""
"11538","гр.Свети Влас местност ЮРТА","Хляб БУРГАС ХЛЯБ бял 600гр","24472","1","0.97",""
"11538","гр.Свети Влас местност ЮРТА","Хляб БУРГАС ХЛЯБ типов 600гр","24473","4","0.97",""
"11538","гр.Свети Влас местност ЮРТА","Пюре GANCHEV кайсии 190гр","24677","64","1.15",""
"11538","гр.Свети Влас местност ЮРТА","Пюре GANCHEV пл.смес 190гр","24678","64","1.15",""
"11538","гр.Свети Влас местност ЮРТА","Пюре GANCHEV асорти 190гр","24679","64","1.15",""
"11538","гр.Свети Влас местност ЮРТА","Мл.каша GANCHEV плодове 190гр","24688","63","1.20",""
"11538","гр.Свети Влас местност ЮРТА","Мл.каша GANCHEV бисквити 190гр","24689","63","1.20",""
"11538","гр.Свети Влас местност ЮРТА","Мл.каша GANCHEV нишесте/ванилия 190гр","24690","63","1.20",""
"11538","гр.Свети Влас местност ЮРТА","Мл.каша GANCHEV банан/бисквити 190гр","24691","63","1.20",""
"11538","гр.Свети Влас местност ЮРТА","Мл.каша GANCHEV кайсии/ванилия 190гр","24692","63","1.20",""
"11538","гр.Свети Влас местност ЮРТА","Мл.каша GANCHEV зърнин 8 190гр","24693","63","1.20",""
"11538","гр.Свети Влас местност ЮРТА","Пюре GANCHEV пиле/моркови/картофи 190гр","24704","64","1.38",""
"11538","гр.Свети Влас местност ЮРТА","Пюре GANCHEV пиле/дом/ориз 190гр","24705","64","1.38",""
"11538","гр.Свети Влас местност ЮРТА","Пюре GANCHEV телешко/моркови/картофи 190гр","24709","64","1.38",""
"11538","гр.Свети Влас местност ЮРТА","Макарони MAESTRO миди 400гр","25031","36","0.84",""
"11538","гр.Свети Влас местност ЮРТА","Макарони МАЕСТРО къси 400гр","25146","36","0.84",""
"11538","гр.Свети Влас местност ЮРТА","Кроасан LOTTO какао/ванилия 110гр","25506","67","0.76",""
"11538","гр.Свети Влас местност ЮРТА","Кроасан LOTTO какао 110гр","25507","67","0.76",""
"11538","гр.Свети Влас местност ЮРТА","Чесън пр.България","26445","59","4.83",""
"11538","гр.Свети Влас местност ЮРТА","Извара МАДЖАРОВ нас.","26899","13","3.98",""
"11538","гр.Свети Влас местност ЮРТА","К.мляко БОР-ЧВОР 2% 400гр","26957","7","0.64",""
"11538","гр.Свети Влас местност ЮРТА","К.мляко БОР-ЧВОР 3.6% 400гр","26958","7","0.76",""
"11538","гр.Свети Влас местност ЮРТА","Пр.мляко БОР-ЧВОР УХТ 3.5% 1л","26964","6","1.51",""
"11538","гр.Свети Влас местност ЮРТА","Кашкавал БОР-ЧВОР краве 200гр","26981","11","2.89",""
"11538","гр.Свети Влас местност ЮРТА","Кашкавал БОР-ЧВОР краве","26983","10","11.19",""
"11538","гр.Свети Влас местност ЮРТА","Масло БОР-ЧВОР краве 125гр","26990","12","2.38",""
"11538","гр.Свети Влас местност ЮРТА","Пр.мляко КАЙМАКЬ 3.6% 1л","27204","6","1.61",""
"11538","гр.Свети Влас местност ЮРТА","Кафе SANTOS еспресо зърна 1кг","27507","71","17.89",""
"11538","гр.Свети Влас местност ЮРТА","Яйца КРИЦИЯ L кутия 10бр","27537","32","3.40",""
"11538","гр.Свети Влас местност ЮРТА","Масл.масло YBARRA помаче 1л","27669","43","7.66",""
"11538","гр.Свети Влас местност ЮРТА","Сирене НАШЕ СЕЛО краве 200гр","27939","9","2.24",""
"11538","гр.Свети Влас местност ЮРТА","Салам ЧИЧОВЦИ камчия 400гр","28250","27","1.97",""
"11538","гр.Свети Влас местност ЮРТА","Салам ЧИЧОВЦИ телешки 400гр","28253","27","1.97",""
"11538","гр.Свети Влас местност ЮРТА","Салам ЧИЧОВЦИ камчия 800гр","28254","27","3.45",""
"11538","гр.Свети Влас местност ЮРТА","Салам ЧИЧОВЦИ хамбургски 400гр","28255","27","1.97",""
"11538","гр.Свети Влас местност ЮРТА","Салам ЧИЧОВЦИ хамбургски 800гр","28256","27","3.45",""
"11538","гр.Свети Влас местност ЮРТА","Салам ЧИЧОВЦИ телешки 800гр","28276","27","3.45",""
"11538","гр.Свети Влас местност ЮРТА","NAN 3 LR Optipro 800гр","28287","65","23.51",""
"11538","гр.Свети Влас местност ЮРТА","Домати BURCU белени на кубчета конс.400гр","29623","48","1.15",""
"11538","гр.Свети Влас местност ЮРТА","Шунка Крум Мушев тост слайс 300гр","29770","27","1.87",""
"11538","гр.Свети Влас местност ЮРТА","Извара РАВНОГОР 400гр","30357","14","2.33",""
"11538","гр.Свети Влас местност ЮРТА","Пр.мляко БОР-ЧВОР 3% варено 1л","30582","6","1.30",""
"11538","гр.Свети Влас местност ЮРТА","Четка за зъби TRISA Focus медиум","30725","80","1.02",""
"11538","гр.Свети Влас местност ЮРТА","Извара РАВНОГОР","30727","13","3.52",""
"11538","гр.Свети Влас местност ЮРТА","Св.врат без кост ХЕЛИКОМ","31450","21","7.59",""
"11538","гр.Свети Влас местност ЮРТА","Св.плешка без кост ХЕЛИКОМ","31454","18","5.55",""
"11538","гр.Свети Влас местност ЮРТА","Кайма ХЕЛИКОМ смес 60/40","31464","25","5.41",""
"11538","гр.Свети Влас местност ЮРТА","Мин.вода ВЕЛИНГРАД 1.5л","31536","73","0.51",""
"11538","гр.Свети Влас местност ЮРТА","Св.бут без кост ХЕЛИКОМ","31580","19","5.55",""
"11538","гр.Свети Влас местност ЮРТА","Спагети STELLA N10 500гр","31675","37","1.63",""
"11538","гр.Свети Влас местност ЮРТА","Салам НАШ ВКУС Дунай 280гр","31930","28","2.33",""
"11538","гр.Свети Влас местност ЮРТА","Салам НАШ ВКУС Дунай метър","31935","28","7.41",""
"11538","гр.Свети Влас местност ЮРТА","Баничка ДИАМАНТ със сирене 140гр","32455","68","1.10",""
"11538","гр.Свети Влас местност ЮРТА","Четка за зъби AQUAFRESH standard","32621","80","0.89",""
"11538","гр.Свети Влас местност ЮРТА","Кори ЙОВАНА сръбски ръчно точени 400гр","32779","5","2.30",""
"11538","гр.Свети Влас местност ЮРТА","Грах БЕРЕЗКА 400гр","32964","47","1.25",""
"11538","гр.Свети Влас местност ЮРТА","Оцет KRINA винен 700мл","34395","44","1.68",""
"11538","гр.Свети Влас местност ЮРТА","Оцет KRINA ябълков 700мл","34396","45","1.73",""
"11538","гр.Свети Влас местност ЮРТА","NAN 2 LR Optipro 800гр","34471","65","24.95",""
"11538","гр.Свети Влас местност ЮРТА","Спагети MELISSA №10 500гр","35537","37","1.89",""
"11538","гр.Свети Влас местност ЮРТА","Чай Радиком горски плод 30гр","35666","72","0.95",""
"11538","гр.Свети Влас местност ЮРТА","Чай Радиком мента 20гр","35669","72","0.95",""
"11538","гр.Свети Влас местност ЮРТА","Чай Радиком лайка 20гр","35673","72","0.95",""
"11538","гр.Свети Влас местност ЮРТА","Чай Радиком планински букет 30гр","35674","72","0.95",""
"11538","гр.Свети Влас местност ЮРТА","Чай Хербс ведро утро 20бр","35902","72","0.97",""
"11538","гр.Свети Влас местност ЮРТА","Чай Хербс горски плод 20бр","35903","72","0.97",""
"11538","гр.Свети Влас местност ЮРТА","Чай Хербс джинджифил/мента 20бр","35904","72","0.97",""
"11538","гр.Свети Влас местност ЮРТА","Чай Хербс мента 20бр","35905","72","0.97",""
"11538","гр.Свети Влас местност ЮРТА","Чай Хербс лайка 20бр","35906","72","0.97",""
"11538","гр.Свети Влас местност ЮРТА","Кафе JORDANI класик зърна 1кг","36463","71","16.87",""
"11538","гр.Свети Влас местност ЮРТА","Макарони ПЕТЕЛ спирали 400гр","37295","36","0.79",""
"11538","гр.Свети Влас местност ЮРТА","Макарони ПЕТЕЛ прави 400гр","37314","36","0.79",""
"11538","гр.Свети Влас местност ЮРТА","Макарони ПЕТЕЛ пене 400гр","37315","36","0.79",""
"11538","гр.Свети Влас местност ЮРТА","Макарони ПЕТЕЛ миди 400гр","37316","36","0.79",""
"11538","гр.Свети Влас местност ЮРТА","Кашкавал Родопско чудо краве 200гр","38580","11","2.55",""
"11538","гр.Свети Влас местност ЮРТА","Сирене Родопско чудо краве 200гр","38602","9","2.22",""
"11538","гр.Свети Влас местност ЮРТА","Хляб СИМИД ръжен 550гр","39209","3","1.25",""
"11538","гр.Свети Влас местност ЮРТА","Кроасан BEST кайсия 50гр","40022","67","0.38",""
"11538","гр.Свети Влас местност ЮРТА","Кроасан BEST какао 50гр","40023","67","0.38",""
"11538","гр.Свети Влас местност ЮРТА","Кроасан BEST шампанско 50гр","40025","67","0.38",""
"11538","гр.Свети Влас местност ЮРТА","Сол ФАМИЛЕКС трапезна морска 1кг","40091","39","0.56",""
"11538","гр.Свети Влас местност ЮРТА","Парти банички GABROVO със сирене замр. 300гр","40109","68","2.19",""
"11538","гр.Свети Влас местност ЮРТА","Парти банички GABROVO със сир./спанак замр. 300гр","40110","68","2.19",""
"11538","гр.Свети Влас местност ЮРТА","Боб ФАМИЛЕКС народен вкус 1кг","40122","33","3.01",""
"11538","гр.Свети Влас местност ЮРТА","Леща ФАМИЛЕКС народен вкус 1кг","40124","34","2.99",""
"11538","гр.Свети Влас местност ЮРТА","Сол ФАМИЛЕКС трапезна екстра 1кг","40127","39","0.59",""
"11538","гр.Свети Влас местност ЮРТА","Брашно ФАМИЛЕКС бяло пшенично 1кг","40128","40","0.76",""
"11538","гр.Свети Влас местност ЮРТА","Масл.масло GOLD екстра върджин тен. 1л","40322","43","8.18",""
"11538","гр.Свети Влас местност ЮРТА","Кафе JORDANI доменико зърна 1кг","40606","71","13.80",""
"11538","гр.Свети Влас местност ЮРТА","Кроасан BEST череша 50гр","41093","67","0.38",""
"11538","гр.Свети Влас местност ЮРТА","Зехтин Помас Goccia Doro 100% 1л","41436","43","10.02",""
