﻿"Населено място","Търговски обект","Наименование на продукта","Код на продукта","Категория","Цена на дребно","Цена в промоция"
"41112","МАГАЗИН 1 Димекс ООД, ул.Димитър Каляшки 1","Демеа Хляб Бял 650гр","9659","1","1.00","0.00"
"41112","МАГАЗИН 1 Димекс ООД, ул.Димитър Каляшки 1","Наше Село К-л тост","11387","10","8.90","0.00"
"41112","МАГАЗИН 1 Димекс ООД, ул.Димитър Каляшки 1","Домлян К-л г.п.","4753","10","10.43","0.00"
"41112","МАГАЗИН 1 Димекс ООД, ул.Димитър Каляшки 1","БУЛГАРЧЕ К-л тост","4880","10","7.41","0.00"
"41112","МАГАЗИН 1 Димекс ООД, ул.Димитър Каляшки 1","Нивего К-л тост","52","10","9.36","0.00"
"41112","МАГАЗИН 1 Димекс ООД, ул.Димитър Каляшки 1","Нивего К-л 1кг","54","10","9.74","0.00"
"41112","МАГАЗИН 1 Димекс ООД, ул.Димитър Каляшки 1","НАБОРЪ Кашкавал  тост","62","10","7.64","0.00"
"41112","МАГАЗИН 1 Димекс ООД, ул.Димитър Каляшки 1","Нивего К-л плочка","53","11","9.80","0.00"
"41112","МАГАЗИН 1 Димекс ООД, ул.Димитър Каляшки 1","Домлян Кашкавал 230гр","6309","11","2.53","0.00"
"41112","МАГАЗИН 1 Димекс ООД, ул.Димитър Каляшки 1","Бачо Илия К-л 24бр х 0.2гр кръг","6686","11","2.20","0.00"
"41112","МАГАЗИН 1 Димекс ООД, ул.Димитър Каляшки 1","Мероне К-л 320гр триъг.","8636","11","3.83","0.00"
"41112","МАГАЗИН 1 Димекс ООД, ул.Димитър Каляшки 1","Мероне К-л 800гр","9068","11","9.36","0.00"
"41112","МАГАЗИН 1 Димекс ООД, ул.Димитър Каляшки 1","Наше село Масло 82/125гр","11039","12","1.51","0.00"
"41112","МАГАЗИН 1 Димекс ООД, ул.Димитър Каляшки 1","ДОМЛЯН Масло 125 гр","291","12","1.57","0.00"
"41112","МАГАЗИН 1 Димекс ООД, ул.Димитър Каляшки 1","НЕМСКО Масло жълто 250 гр","298","12","2.70","0.00"
"41112","МАГАЗИН 1 Димекс ООД, ул.Димитър Каляшки 1","БУЛГАРЧЕ Масло 125гр","4902","12","0.79","0.00"
"41112","МАГАЗИН 1 Димекс ООД, ул.Димитър Каляшки 1","Домлян Извара 5 кг","352","13","1.23","0.00"
"41112","МАГАЗИН 1 Димекс ООД, ул.Димитър Каляшки 1","Домлян Извара 450 гр","351","14","1.28","0.00"
"41112","МАГАЗИН 1 Димекс ООД, ул.Димитър Каляшки 1","Пил.филе без кожа Доля","17634","16","8.79","0.00"
"41112","МАГАЗИН 1 Димекс ООД, ул.Димитър Каляшки 1","Пилешки бут с част от гърба","17633","17","3.17","0.00"
"41112","МАГАЗИН 1 Димекс ООД, ул.Димитър Каляшки 1","Лазаров Мес Свинска плешка","3890","18","4.20","0.00"
"41112","МАГАЗИН 1 Димекс ООД, ул.Димитър Каляшки 1","Лазаров Мес Свински бут без кост","4392","19","4.20","0.00"
"41112","МАГАЗИН 1 Димекс ООД, ул.Димитър Каляшки 1","Демеа Хляб Добруджа 650гр","6941","2","1.00","0.00"
"41112","МАГАЗИН 1 Димекс ООД, ул.Димитър Каляшки 1","Лазаров Мес Свински Шол","17635","20","5.88","0.00"
"41112","МАГАЗИН 1 Димекс ООД, ул.Димитър Каляшки 1","Лазаров Мес Св.врат без кост","9005","21","7.11","0.00"
"41112","МАГАЗИН 1 Димекс ООД, ул.Димитър Каляшки 1","Лазаров Мес Св.месо за готвене","5327","22","5.11","0.00"
"41112","МАГАЗИН 1 Димекс ООД, ул.Димитър Каляшки 1","Лазаров Мес Телешки шол","17636","23","13.55","0.00"
"41112","МАГАЗИН 1 Димекс ООД, ул.Димитър Каляшки 1","Лазаров Мес Тел. месо за готвене","17637","24","10.22","0.00"
"41112","МАГАЗИН 1 Димекс ООД, ул.Димитър Каляшки 1","Лазаров Мес Кайма 1кг","17648","25","5.52","0.00"
"41112","МАГАЗИН 1 Димекс ООД, ул.Димитър Каляшки 1","Градус Кр.Пилешки","123","26","3.04","0.00"
"41112","МАГАЗИН 1 Димекс ООД, ул.Димитър Каляшки 1","Житница Кренвирш","126","26","4.95","0.00"
"41112","МАГАЗИН 1 Димекс ООД, ул.Димитър Каляшки 1","БОНИ Кренвирш","129","26","4.55","0.00"
"41112","МАГАЗИН 1 Димекс ООД, ул.Димитър Каляшки 1","БРАВО Кренвирш Пилешки","3822","26","3.02","0.00"
"41112","МАГАЗИН 1 Димекс ООД, ул.Димитър Каляшки 1","ФЕРМАТА Колбас Телешки 750 гр","431","27","2.25","0.00"
"41112","МАГАЗИН 1 Димекс ООД, ул.Димитър Каляшки 1","НАРОДЕН Колбас тип Телешки 300 гр","435","27","1.49","0.00"
"41112","МАГАЗИН 1 Димекс ООД, ул.Димитър Каляшки 1","Елко Сервилат Московски вак.","11225","28","8.77","0.00"
"41112","МАГАЗИН 1 Димекс ООД, ул.Димитър Каляшки 1","Чичовци Сервилат 300гр","12149","28","2.10","0.00"
"41112","МАГАЗИН 1 Димекс ООД, ул.Димитър Каляшки 1","БОНИ Шпек Бургас класик 220гр","1800","28","2.63","0.00"
"41112","МАГАЗИН 1 Димекс ООД, ул.Димитър Каляшки 1","БОНИ Деликатесен салам 240гр","1801","28","3.22","0.00"
"41112","МАГАЗИН 1 Димекс ООД, ул.Димитър Каляшки 1","Минев Шпек Алпийски","1803","28","7.66","0.00"
"41112","МАГАЗИН 1 Димекс ООД, ул.Димитър Каляшки 1","Минев Шпек Бургас Лукс","1804","28","10.99","0.00"
"41112","МАГАЗИН 1 Димекс ООД, ул.Димитър Каляшки 1","БОНИ Шпек Сандвич 330гр","3692","28","3.32","0.00"
"41112","МАГАЗИН 1 Димекс ООД, ул.Димитър Каляшки 1","Житница Шпек Деликатесен 400гр","6821","28","3.88","0.00"
"41112","МАГАЗИН 1 Димекс ООД, ул.Димитър Каляшки 1","ПЪСТЪРВА  почистена","1653","29","7.52","0.00"
"41112","МАГАЗИН 1 Димекс ООД, ул.Димитър Каляшки 1","Риба СКУМРИЯ","217","29","4.91","0.00"
"41112","МАГАЗИН 1 Димекс ООД, ул.Димитър Каляшки 1","Яйца L","4","32","0.23","0.00"
"41112","МАГАЗИН 1 Димекс ООД, ул.Димитър Каляшки 1","Крина Боб традиционен 1кг Nat choice","9728","33","2.74","0.00"
"41112","МАГАЗИН 1 Димекс ООД, ул.Димитър Каляшки 1","ОБЕРОН Леща 1 кг","467","34","2.20","0.00"
"41112","МАГАЗИН 1 Димекс ООД, ул.Димитър Каляшки 1","КРИНА ОРИЗ БЯЛ/БИСЕРЕН/1КГ","10398","35","1.43","0.00"
"41112","МАГАЗИН 1 Димекс ООД, ул.Димитър Каляшки 1","КРЪСТЕВ Ориз Бисерен 1кг х 8бр","4508","35","1.79","0.00"
"41112","МАГАЗИН 1 Димекс ООД, ул.Димитър Каляшки 1","СПЕКТЪР Макарони 500 гр","1448","36","1.10","0.00"
"41112","МАГАЗИН 1 Димекс ООД, ул.Димитър Каляшки 1","КРЪСТЕВ Макарони къси 400 гр","2638","36","0.59","0.00"
"41112","МАГАЗИН 1 Димекс ООД, ул.Димитър Каляшки 1","Миско Макарони/спирали/панделки/миди 500гр","5704","36","1.28","0.00"
"41112","МАГАЗИН 1 Димекс ООД, ул.Димитър Каляшки 1","Златен Клас Макарони прави/спирали 400гр ф6","6268","36","0.61","0.00"
"41112","МАГАЗИН 1 Димекс ООД, ул.Димитър Каляшки 1","ДЕРОНИ Спагети № 10 - 400гр","1446","37","0.92","0.00"
"41112","МАГАЗИН 1 Димекс ООД, ул.Димитър Каляшки 1","Барила спагети №3 500гр","8453","37","1.38","0.00"
"41112","МАГАЗИН 1 Димекс ООД, ул.Димитър Каляшки 1","Барила спагети №5 500гр","8454","37","1.38","0.00"
"41112","МАГАЗИН 1 Димекс ООД, ул.Димитър Каляшки 1","МИТЕКС Захар 1 кг","511","38","0.81","0.00"
"41112","МАГАЗИН 1 Димекс ООД, ул.Димитър Каляшки 1","Митекс Сол Готварска 1 кг","509","39","0.41","0.00"
"41112","МАГАЗИН 1 Димекс ООД, ул.Димитър Каляшки 1","ДЕМЕА Хляб Типов 700гр","2005","4","1.00","0.00"
"41112","МАГАЗИН 1 Димекс ООД, ул.Димитър Каляшки 1","Софиямел Брашно 1 кг","489","40","0.95","0.00"
"41112","МАГАЗИН 1 Димекс ООД, ул.Димитър Каляшки 1","Риламел Брашно 1кг","7980","40","0.74","0.00"
"41112","МАГАЗИН 1 Димекс ООД, ул.Димитър Каляшки 1","КАЛИАКРА Олио 1л","172","42","1.84","0.00"
"41112","МАГАЗИН 1 Димекс ООД, ул.Димитър Каляшки 1","Ахат Олио 1л","5154","42","1.76","0.00"
"41112","МАГАЗИН 1 Димекс ООД, ул.Димитър Каляшки 1","Кристал Олио 1л","618","42","1.61","0.00"
"41112","МАГАЗИН 1 Димекс ООД, ул.Димитър Каляшки 1","Дел алма Зехтин помас 1л","848","43","7.64","0.00"
"41112","МАГАЗИН 1 Димекс ООД, ул.Димитър Каляшки 1","Веда Кисел продукт винен 700мл","10872","44","0.43","0.00"
"41112","МАГАЗИН 1 Димекс ООД, ул.Димитър Каляшки 1","КУЛИНАР 700мл Оцет Винен","183","44","1.05","0.00"
"41112","МАГАЗИН 1 Димекс ООД, ул.Димитър Каляшки 1","Веда Кисел продукт Ябълков 700мл","10873","45","0.43","0.00"
"41112","МАГАЗИН 1 Димекс ООД, ул.Димитър Каляшки 1","КУЛИНАР 700мл Оцет Ябълков","184","45","1.05","0.00"
"41112","МАГАЗИН 1 Димекс ООД, ул.Димитър Каляшки 1","ВЕСИ Грах 400гр кут","1003","47","0.66","0.00"
"41112","МАГАЗИН 1 Димекс ООД, ул.Димитър Каляшки 1","ВЕСИ Грах 800гр кут","1004","47","1.30","0.00"
"41112","МАГАЗИН 1 Димекс ООД, ул.Димитър Каляшки 1","Домати 680гр","1011","48","0.86","0.00"
"41112","МАГАЗИН 1 Димекс ООД, ул.Димитър Каляшки 1","ДЕРОНИ Лютеница Домашна 525гр","1028","49","2.86","0.00"
"41112","МАГАЗИН 1 Димекс ООД, ул.Димитър Каляшки 1","ДЕРОНИ Лютеница Едросмляна 520гр","1031","49","3.55","0.00"
"41112","МАГАЗИН 1 Димекс ООД, ул.Димитър Каляшки 1","Олинеза 520гр Традиционна Л-ца","1040","49","2.53","0.00"
"41112","МАГАЗИН 1 Димекс ООД, ул.Димитър Каляшки 1","Тодорка 570гр Едросмляна Л-ца","8445","49","3.02","0.00"
"41112","МАГАЗИН 1 Димекс ООД, ул.Димитър Каляшки 1","Фамилия Кори за баница 500 гр","289","5","1.53","0.00"
"41112","МАГАЗИН 1 Димекс ООД, ул.Димитър Каляшки 1","Белииса Прясно мляко 3.2/1л","5924","6","1.17","0.00"
"41112","МАГАЗИН 1 Димекс ООД, ул.Димитър Каляшки 1","Маслини 1кг Турски в зехтин кофа Olivius","2900","62","3.99","0.00"
"41112","МАГАЗИН 1 Димекс ООД, ул.Димитър Каляшки 1","Кристал Б-ти обикн.130гр","1169","66","0.56","0.00"
"41112","МАГАЗИН 1 Димекс ООД, ул.Димитър Каляшки 1","Чипита Кроасан Макс Какао 92гр","5612","67","0.64","0.00"
"41112","МАГАЗИН 1 Димекс ООД, ул.Димитър Каляшки 1","Диана Баница 500гр","1993","68","2.45","0.00"
"41112","МАГАЗИН 1 Димекс ООД, ул.Димитър Каляшки 1","МЛЕЧЕН Шоколад 80гр/25","1849","69","1.10","0.00"
"41112","МАГАЗИН 1 Димекс ООД, ул.Димитър Каляшки 1","МИЛКА Алпийско мляко 90 гр","3011","69","1.48","0.00"
"41112","МАГАЗИН 1 Димекс ООД, ул.Димитър Каляшки 1","Домлян 500гр Кис.мляко 2","104","7","0.59","0.00"
"41112","МАГАЗИН 1 Димекс ООД, ул.Димитър Каляшки 1","Домлян 500гр Кис.мляко 3.6","105","7","0.69","0.00"
"41112","МАГАЗИН 1 Димекс ООД, ул.Димитър Каляшки 1","Ралица Кисело мляко 2/400гр","11781","7","0.66","0.00"
"41112","МАГАЗИН 1 Димекс ООД, ул.Димитър Каляшки 1","Ралица Кисело мляко 4.5/400гр","11782","7","0.74","0.00"
"41112","МАГАЗИН 1 Димекс ООД, ул.Димитър Каляшки 1","Наше Село Кисело мляко 2/400гр","11844","7","0.58","0.00"
"41112","МАГАЗИН 1 Димекс ООД, ул.Димитър Каляшки 1","Наше Село Кисело мляко 3.6/400гр","11845","7","0.65","0.00"
"41112","МАГАЗИН 1 Димекс ООД, ул.Димитър Каляшки 1","Булгарче Гигант Кис.мляко 2/400гр","419","7","0.55","0.00"
"41112","МАГАЗИН 1 Димекс ООД, ул.Димитър Каляшки 1","БУЛГАРЧЕ Кисело мляко 2/ 370гр","4903","7","0.50","0.00"
"41112","МАГАЗИН 1 Димекс ООД, ул.Димитър Каляшки 1","Ралица Кисело мляко 3.6/400гр","4943","7","0.70","0.00"
"41112","МАГАЗИН 1 Димекс ООД, ул.Димитър Каляшки 1","НОВА БРАЗИЛИЯ Кафе класик 200 гр","1356","70","3.43","0.00"
"41112","МАГАЗИН 1 Димекс ООД, ул.Димитър Каляшки 1","ЕЛИС Чай Вечерен 30гр","4712","72","0.51","0.00"
"41112","МАГАЗИН 1 Димекс ООД, ул.Димитър Каляшки 1","Михалково Изворна вода 1.5л","2200","73","0.45","0.00"
"41112","МАГАЗИН 1 Димекс ООД, ул.Димитър Каляшки 1","Каменица Бира 2.2л","7676","74","1.22","0.00"
"41112","МАГАЗИН 1 Димекс ООД, ул.Димитър Каляшки 1","6.00 KARELIA 100s BLUE","3302","78","3.07","0.00"
"41112","МАГАЗИН 1 Димекс ООД, ул.Димитър Каляшки 1","Веро Медикс Power 415","17638","79","0.89","0.00"
"41112","МАГАЗИН 1 Димекс ООД, ул.Димитър Каляшки 1","ТОПИЛА Сирене Краве 8 кг-/12.70/1кг","264","8","51.95","0.00"
"41112","МАГАЗИН 1 Димекс ООД, ул.Димитър Каляшки 1","Бяла Черква С-не 8 кг","37","8","53.17","0.00"
"41112","МАГАЗИН 1 Димекс ООД, ул.Димитър Каляшки 1","Бачо Илия 8кг/13.00лв/1кг","9833","8","53.17","0.00"
"41112","МАГАЗИН 1 Димекс ООД, ул.Димитър Каляшки 1","Четка за зъби Колгейт Зиг Заг","17639","80","0.84","0.00"
"41112","МАГАЗИН 1 Димекс ООД, ул.Димитър Каляшки 1","Паста за зъби Колгейт 50мл","17640","81","0.92","0.00"
"41112","МАГАЗИН 1 Димекс ООД, ул.Димитър Каляшки 1","Паста за зъби Колгейт 100мл","17641","81","1.51","0.00"
"41112","МАГАЗИН 1 Димекс ООД, ул.Димитър Каляшки 1","Шампоан HS 330мл","17642","82","3.22","0.00"
"41112","МАГАЗИН 1 Димекс ООД, ул.Димитър Каляшки 1","Шампоан Panten 250 мл","17643","82","2.30","0.00"
"41112","МАГАЗИН 1 Димекс ООД, ул.Димитър Каляшки 1","Сапун Тео 70гр","17646","83","0.43","0.00"
"41112","МАГАЗИН 1 Димекс ООД, ул.Димитър Каляшки 1","Сапун Лукс 80гр","17647","83","0.46","0.00"
"41112","МАГАЗИН 1 Димекс ООД, ул.Димитър Каляшки 1","Мокри кърпи Sleepy 120бр","17644","84","1.07","0.00"
"41112","МАГАЗИН 1 Димекс ООД, ул.Димитър Каляшки 1","Тоалетна хартия Малива 8 бр","17645","85","2.20","0.00"
"41112","МАГАЗИН 1 Димекс ООД, ул.Димитър Каляшки 1","Бяла Черква С-не 350гр вак.","10662","9","2.51","0.00"
"41112","МАГАЗИН 1 Димекс ООД, ул.Димитър Каляшки 1","Наше Село Краве сирене 200гр","11389","9","1.66","0.00"
"41112","МАГАЗИН 1 Димекс ООД, ул.Димитър Каляшки 1","Ралица Краве сирене 900гр пвц","11894","9","7.64","0.00"
"41112","МАГАЗИН 1 Димекс ООД, ул.Димитър Каляшки 1","Наше Село Краве сирене 400гр","11905","9","3.27","0.00"
"41112","МАГАЗИН 1 Димекс ООД, ул.Димитър Каляшки 1","Наше Село Краве сирене в саламура 800гр","12232","9","7.57","0.00"
"41112","МАГАЗИН 1 Димекс ООД, ул.Димитър Каляшки 1","ТОПИЛА Сирене Краве вакум","265","9","7.52","0.00"
"41112","МАГАЗИН 1 Димекс ООД, ул.Димитър Каляшки 1","Домлян С-не Краве 800гр вак.","272","9","6.88","0.00"
"41112","МАГАЗИН 1 Димекс ООД, ул.Димитър Каляшки 1","Домлян С-не Краве 200гр вакум","42","9","1.79","0.00"
"41112","МАГАЗИН 1 Димекс ООД, ул.Димитър Каляшки 1","Домлян С-не Краве 500 гр вакум","43","9","4.32","0.00"
"41112","МАГАЗИН 1 Димекс ООД, ул.Димитър Каляшки 1","Бачо Илия Сирене кръг вак.250гр","8471","9","1.89","0.00"
"41112","МАГАЗИН 1 Димекс ООД, ул.Димитър Каляшки 1","Бачо Илия Сирене 350гр вак","9313","9","2.51","0.00"
"41112","МАГАЗИН 1 Димекс ООД, ул.Димитър Каляшки 1","Мероне кр.с-не 800гр вак.","9699","9","5.50","0.00"
"41112","Магазин за хранителни стоки ТИЗКОМ Димекс ООД, ул.Димитър Каляшки 1","Демеа Хляб Бял 650гр","9659","1","1.00","0.00"
"41112","Магазин за хранителни стоки ТИЗКОМ Димекс ООД, ул.Димитър Каляшки 1","Наше Село К-л тост","11387","10","8.90","0.00"
"41112","Магазин за хранителни стоки ТИЗКОМ Димекс ООД, ул.Димитър Каляшки 1","Домлян К-л г.п.","4753","10","10.43","0.00"
"41112","Магазин за хранителни стоки ТИЗКОМ Димекс ООД, ул.Димитър Каляшки 1","БУЛГАРЧЕ К-л тост","4880","10","7.41","0.00"
"41112","Магазин за хранителни стоки ТИЗКОМ Димекс ООД, ул.Димитър Каляшки 1","Нивего К-л тост","52","10","9.36","0.00"
"41112","Магазин за хранителни стоки ТИЗКОМ Димекс ООД, ул.Димитър Каляшки 1","Нивего К-л 1кг","54","10","9.74","0.00"
"41112","Магазин за хранителни стоки ТИЗКОМ Димекс ООД, ул.Димитър Каляшки 1","НАБОРЪ Кашкавал  тост","62","10","7.64","0.00"
"41112","Магазин за хранителни стоки ТИЗКОМ Димекс ООД, ул.Димитър Каляшки 1","Нивего К-л плочка","53","11","9.80","0.00"
"41112","Магазин за хранителни стоки ТИЗКОМ Димекс ООД, ул.Димитър Каляшки 1","Домлян Кашкавал 230гр","6309","11","2.53","0.00"
"41112","Магазин за хранителни стоки ТИЗКОМ Димекс ООД, ул.Димитър Каляшки 1","Бачо Илия К-л 24бр х 0.2гр кръг","6686","11","2.20","0.00"
"41112","Магазин за хранителни стоки ТИЗКОМ Димекс ООД, ул.Димитър Каляшки 1","Мероне К-л 320гр триъг.","8636","11","3.83","0.00"
"41112","Магазин за хранителни стоки ТИЗКОМ Димекс ООД, ул.Димитър Каляшки 1","Мероне К-л 800гр","9068","11","9.36","0.00"
"41112","Магазин за хранителни стоки ТИЗКОМ Димекс ООД, ул.Димитър Каляшки 1","Наше село Масло 82/125гр","11039","12","1.51","0.00"
"41112","Магазин за хранителни стоки ТИЗКОМ Димекс ООД, ул.Димитър Каляшки 1","ДОМЛЯН Масло 125 гр","291","12","1.57","0.00"
"41112","Магазин за хранителни стоки ТИЗКОМ Димекс ООД, ул.Димитър Каляшки 1","НЕМСКО Масло жълто 250 гр","298","12","2.70","0.00"
"41112","Магазин за хранителни стоки ТИЗКОМ Димекс ООД, ул.Димитър Каляшки 1","БУЛГАРЧЕ Масло 125гр","4902","12","0.79","0.00"
"41112","Магазин за хранителни стоки ТИЗКОМ Димекс ООД, ул.Димитър Каляшки 1","Домлян Извара 5 кг","352","13","1.23","0.00"
"41112","Магазин за хранителни стоки ТИЗКОМ Димекс ООД, ул.Димитър Каляшки 1","Домлян Извара 450 гр","351","14","1.28","0.00"
"41112","Магазин за хранителни стоки ТИЗКОМ Димекс ООД, ул.Димитър Каляшки 1","Пил.филе без кожа Доля","17634","16","8.79","0.00"
"41112","Магазин за хранителни стоки ТИЗКОМ Димекс ООД, ул.Димитър Каляшки 1","Пилешки бут с част от гърба","17633","17","3.17","0.00"
"41112","Магазин за хранителни стоки ТИЗКОМ Димекс ООД, ул.Димитър Каляшки 1","Лазаров Мес Свинска плешка","3890","18","4.20","0.00"
"41112","Магазин за хранителни стоки ТИЗКОМ Димекс ООД, ул.Димитър Каляшки 1","Лазаров Мес Свински бут без кост","4392","19","4.20","0.00"
"41112","Магазин за хранителни стоки ТИЗКОМ Димекс ООД, ул.Димитър Каляшки 1","Демеа Хляб Добруджа 650гр","6941","2","1.00","0.00"
"41112","Магазин за хранителни стоки ТИЗКОМ Димекс ООД, ул.Димитър Каляшки 1","Лазаров Мес Свински Шол","17635","20","5.88","0.00"
"41112","Магазин за хранителни стоки ТИЗКОМ Димекс ООД, ул.Димитър Каляшки 1","Лазаров Мес Св.врат без кост","9005","21","7.11","0.00"
"41112","Магазин за хранителни стоки ТИЗКОМ Димекс ООД, ул.Димитър Каляшки 1","Лазаров Мес Св.месо за готвене","5327","22","5.11","0.00"
"41112","Магазин за хранителни стоки ТИЗКОМ Димекс ООД, ул.Димитър Каляшки 1","Лазаров Мес Телешки шол","17636","23","13.55","0.00"
"41112","Магазин за хранителни стоки ТИЗКОМ Димекс ООД, ул.Димитър Каляшки 1","Лазаров Мес Тел. месо за готвене","17637","24","10.22","0.00"
"41112","Магазин за хранителни стоки ТИЗКОМ Димекс ООД, ул.Димитър Каляшки 1","Лазаров Мес Кайма 1кг","17648","25","5.52","0.00"
"41112","Магазин за хранителни стоки ТИЗКОМ Димекс ООД, ул.Димитър Каляшки 1","Градус Кр.Пилешки","123","26","3.04","0.00"
"41112","Магазин за хранителни стоки ТИЗКОМ Димекс ООД, ул.Димитър Каляшки 1","Житница Кренвирш","126","26","4.95","0.00"
"41112","Магазин за хранителни стоки ТИЗКОМ Димекс ООД, ул.Димитър Каляшки 1","БОНИ Кренвирш","129","26","4.55","0.00"
"41112","Магазин за хранителни стоки ТИЗКОМ Димекс ООД, ул.Димитър Каляшки 1","БРАВО Кренвирш Пилешки","3822","26","3.02","0.00"
"41112","Магазин за хранителни стоки ТИЗКОМ Димекс ООД, ул.Димитър Каляшки 1","ФЕРМАТА Колбас Телешки 750 гр","431","27","2.25","0.00"
"41112","Магазин за хранителни стоки ТИЗКОМ Димекс ООД, ул.Димитър Каляшки 1","НАРОДЕН Колбас тип Телешки 300 гр","435","27","1.49","0.00"
"41112","Магазин за хранителни стоки ТИЗКОМ Димекс ООД, ул.Димитър Каляшки 1","Елко Сервилат Московски вак.","11225","28","8.77","0.00"
"41112","Магазин за хранителни стоки ТИЗКОМ Димекс ООД, ул.Димитър Каляшки 1","Чичовци Сервилат 300гр","12149","28","2.10","0.00"
"41112","Магазин за хранителни стоки ТИЗКОМ Димекс ООД, ул.Димитър Каляшки 1","БОНИ Шпек Бургас класик 220гр","1800","28","2.63","0.00"
"41112","Магазин за хранителни стоки ТИЗКОМ Димекс ООД, ул.Димитър Каляшки 1","БОНИ Деликатесен салам 240гр","1801","28","3.22","0.00"
"41112","Магазин за хранителни стоки ТИЗКОМ Димекс ООД, ул.Димитър Каляшки 1","Минев Шпек Алпийски","1803","28","7.66","0.00"
"41112","Магазин за хранителни стоки ТИЗКОМ Димекс ООД, ул.Димитър Каляшки 1","Минев Шпек Бургас Лукс","1804","28","10.99","0.00"
"41112","Магазин за хранителни стоки ТИЗКОМ Димекс ООД, ул.Димитър Каляшки 1","БОНИ Шпек Сандвич 330гр","3692","28","3.32","0.00"
"41112","Магазин за хранителни стоки ТИЗКОМ Димекс ООД, ул.Димитър Каляшки 1","Житница Шпек Деликатесен 400гр","6821","28","3.88","0.00"
"41112","Магазин за хранителни стоки ТИЗКОМ Димекс ООД, ул.Димитър Каляшки 1","ПЪСТЪРВА  почистена","1653","29","7.52","0.00"
"41112","Магазин за хранителни стоки ТИЗКОМ Димекс ООД, ул.Димитър Каляшки 1","Риба СКУМРИЯ","217","29","4.91","0.00"
"41112","Магазин за хранителни стоки ТИЗКОМ Димекс ООД, ул.Димитър Каляшки 1","Яйца L","4","32","0.23","0.00"
"41112","Магазин за хранителни стоки ТИЗКОМ Димекс ООД, ул.Димитър Каляшки 1","Крина Боб традиционен 1кг Nat choice","9728","33","2.74","0.00"
"41112","Магазин за хранителни стоки ТИЗКОМ Димекс ООД, ул.Димитър Каляшки 1","ОБЕРОН Леща 1 кг","467","34","2.20","0.00"
"41112","Магазин за хранителни стоки ТИЗКОМ Димекс ООД, ул.Димитър Каляшки 1","КРИНА ОРИЗ БЯЛ/БИСЕРЕН/1КГ","10398","35","1.43","0.00"
"41112","Магазин за хранителни стоки ТИЗКОМ Димекс ООД, ул.Димитър Каляшки 1","КРЪСТЕВ Ориз Бисерен 1кг х 8бр","4508","35","1.79","0.00"
"41112","Магазин за хранителни стоки ТИЗКОМ Димекс ООД, ул.Димитър Каляшки 1","СПЕКТЪР Макарони 500 гр","1448","36","1.10","0.00"
"41112","Магазин за хранителни стоки ТИЗКОМ Димекс ООД, ул.Димитър Каляшки 1","КРЪСТЕВ Макарони къси 400 гр","2638","36","0.59","0.00"
"41112","Магазин за хранителни стоки ТИЗКОМ Димекс ООД, ул.Димитър Каляшки 1","Миско Макарони/спирали/панделки/миди 500гр","5704","36","1.28","0.00"
"41112","Магазин за хранителни стоки ТИЗКОМ Димекс ООД, ул.Димитър Каляшки 1","Златен Клас Макарони прави/спирали 400гр ф6","6268","36","0.61","0.00"
"41112","Магазин за хранителни стоки ТИЗКОМ Димекс ООД, ул.Димитър Каляшки 1","ДЕРОНИ Спагети № 10 - 400гр","1446","37","0.92","0.00"
"41112","Магазин за хранителни стоки ТИЗКОМ Димекс ООД, ул.Димитър Каляшки 1","Барила спагети №3 500гр","8453","37","1.38","0.00"
"41112","Магазин за хранителни стоки ТИЗКОМ Димекс ООД, ул.Димитър Каляшки 1","Барила спагети №5 500гр","8454","37","1.38","0.00"
"41112","Магазин за хранителни стоки ТИЗКОМ Димекс ООД, ул.Димитър Каляшки 1","МИТЕКС Захар 1 кг","511","38","0.81","0.00"
"41112","Магазин за хранителни стоки ТИЗКОМ Димекс ООД, ул.Димитър Каляшки 1","Митекс Сол Готварска 1 кг","509","39","0.41","0.00"
"41112","Магазин за хранителни стоки ТИЗКОМ Димекс ООД, ул.Димитър Каляшки 1","ДЕМЕА Хляб Типов 700гр","2005","4","1.00","0.00"
"41112","Магазин за хранителни стоки ТИЗКОМ Димекс ООД, ул.Димитър Каляшки 1","Софиямел Брашно 1 кг","489","40","0.95","0.00"
"41112","Магазин за хранителни стоки ТИЗКОМ Димекс ООД, ул.Димитър Каляшки 1","Риламел Брашно 1кг","7980","40","0.74","0.00"
"41112","Магазин за хранителни стоки ТИЗКОМ Димекс ООД, ул.Димитър Каляшки 1","КАЛИАКРА Олио 1л","172","42","1.84","0.00"
"41112","Магазин за хранителни стоки ТИЗКОМ Димекс ООД, ул.Димитър Каляшки 1","Ахат Олио 1л","5154","42","1.76","0.00"
"41112","Магазин за хранителни стоки ТИЗКОМ Димекс ООД, ул.Димитър Каляшки 1","Кристал Олио 1л","618","42","1.61","0.00"
"41112","Магазин за хранителни стоки ТИЗКОМ Димекс ООД, ул.Димитър Каляшки 1","Дел алма Зехтин помас 1л","848","43","7.64","0.00"
"41112","Магазин за хранителни стоки ТИЗКОМ Димекс ООД, ул.Димитър Каляшки 1","Веда Кисел продукт винен 700мл","10872","44","0.43","0.00"
"41112","Магазин за хранителни стоки ТИЗКОМ Димекс ООД, ул.Димитър Каляшки 1","КУЛИНАР 700мл Оцет Винен","183","44","1.05","0.00"
"41112","Магазин за хранителни стоки ТИЗКОМ Димекс ООД, ул.Димитър Каляшки 1","Веда Кисел продукт Ябълков 700мл","10873","45","0.43","0.00"
"41112","Магазин за хранителни стоки ТИЗКОМ Димекс ООД, ул.Димитър Каляшки 1","КУЛИНАР 700мл Оцет Ябълков","184","45","1.05","0.00"
"41112","Магазин за хранителни стоки ТИЗКОМ Димекс ООД, ул.Димитър Каляшки 1","ВЕСИ Грах 400гр кут","1003","47","0.66","0.00"
"41112","Магазин за хранителни стоки ТИЗКОМ Димекс ООД, ул.Димитър Каляшки 1","ВЕСИ Грах 800гр кут","1004","47","1.30","0.00"
"41112","Магазин за хранителни стоки ТИЗКОМ Димекс ООД, ул.Димитър Каляшки 1","Домати 680гр","1011","48","0.86","0.00"
"41112","Магазин за хранителни стоки ТИЗКОМ Димекс ООД, ул.Димитър Каляшки 1","ДЕРОНИ Лютеница Домашна 525гр","1028","49","2.86","0.00"
"41112","Магазин за хранителни стоки ТИЗКОМ Димекс ООД, ул.Димитър Каляшки 1","ДЕРОНИ Лютеница Едросмляна 520гр","1031","49","3.55","0.00"
"41112","Магазин за хранителни стоки ТИЗКОМ Димекс ООД, ул.Димитър Каляшки 1","Олинеза 520гр Традиционна Л-ца","1040","49","2.53","0.00"
"41112","Магазин за хранителни стоки ТИЗКОМ Димекс ООД, ул.Димитър Каляшки 1","Тодорка 570гр Едросмляна Л-ца","8445","49","3.02","0.00"
"41112","Магазин за хранителни стоки ТИЗКОМ Димекс ООД, ул.Димитър Каляшки 1","Фамилия Кори за баница 500 гр","289","5","1.53","0.00"
"41112","Магазин за хранителни стоки ТИЗКОМ Димекс ООД, ул.Димитър Каляшки 1","Белииса Прясно мляко 3.2/1л","5924","6","1.17","0.00"
"41112","Магазин за хранителни стоки ТИЗКОМ Димекс ООД, ул.Димитър Каляшки 1","Маслини 1кг Турски в зехтин кофа Olivius","2900","62","3.99","0.00"
"41112","Магазин за хранителни стоки ТИЗКОМ Димекс ООД, ул.Димитър Каляшки 1","Кристал Б-ти обикн.130гр","1169","66","0.56","0.00"
"41112","Магазин за хранителни стоки ТИЗКОМ Димекс ООД, ул.Димитър Каляшки 1","Чипита Кроасан Макс Какао 92гр","5612","67","0.64","0.00"
"41112","Магазин за хранителни стоки ТИЗКОМ Димекс ООД, ул.Димитър Каляшки 1","Диана Баница 500гр","1993","68","2.45","0.00"
"41112","Магазин за хранителни стоки ТИЗКОМ Димекс ООД, ул.Димитър Каляшки 1","МЛЕЧЕН Шоколад 80гр/25","1849","69","1.10","0.00"
"41112","Магазин за хранителни стоки ТИЗКОМ Димекс ООД, ул.Димитър Каляшки 1","МИЛКА Алпийско мляко 90 гр","3011","69","1.48","0.00"
"41112","Магазин за хранителни стоки ТИЗКОМ Димекс ООД, ул.Димитър Каляшки 1","Домлян 500гр Кис.мляко 2","104","7","0.59","0.00"
"41112","Магазин за хранителни стоки ТИЗКОМ Димекс ООД, ул.Димитър Каляшки 1","Домлян 500гр Кис.мляко 3.6","105","7","0.69","0.00"
"41112","Магазин за хранителни стоки ТИЗКОМ Димекс ООД, ул.Димитър Каляшки 1","Ралица Кисело мляко 2/400гр","11781","7","0.66","0.00"
"41112","Магазин за хранителни стоки ТИЗКОМ Димекс ООД, ул.Димитър Каляшки 1","Ралица Кисело мляко 4.5/400гр","11782","7","0.74","0.00"
"41112","Магазин за хранителни стоки ТИЗКОМ Димекс ООД, ул.Димитър Каляшки 1","Наше Село Кисело мляко 2/400гр","11844","7","0.58","0.00"
"41112","Магазин за хранителни стоки ТИЗКОМ Димекс ООД, ул.Димитър Каляшки 1","Наше Село Кисело мляко 3.6/400гр","11845","7","0.65","0.00"
"41112","Магазин за хранителни стоки ТИЗКОМ Димекс ООД, ул.Димитър Каляшки 1","Булгарче Гигант Кис.мляко 2/400гр","419","7","0.55","0.00"
"41112","Магазин за хранителни стоки ТИЗКОМ Димекс ООД, ул.Димитър Каляшки 1","БУЛГАРЧЕ Кисело мляко 2/ 370гр","4903","7","0.50","0.00"
"41112","Магазин за хранителни стоки ТИЗКОМ Димекс ООД, ул.Димитър Каляшки 1","Ралица Кисело мляко 3.6/400гр","4943","7","0.70","0.00"
"41112","Магазин за хранителни стоки ТИЗКОМ Димекс ООД, ул.Димитър Каляшки 1","НОВА БРАЗИЛИЯ Кафе класик 200 гр","1356","70","3.43","0.00"
"41112","Магазин за хранителни стоки ТИЗКОМ Димекс ООД, ул.Димитър Каляшки 1","ЕЛИС Чай Вечерен 30гр","4712","72","0.51","0.00"
"41112","Магазин за хранителни стоки ТИЗКОМ Димекс ООД, ул.Димитър Каляшки 1","Михалково Изворна вода 1.5л","2200","73","0.45","0.00"
"41112","Магазин за хранителни стоки ТИЗКОМ Димекс ООД, ул.Димитър Каляшки 1","Каменица Бира 2.2л","7676","74","1.22","0.00"
"41112","Магазин за хранителни стоки ТИЗКОМ Димекс ООД, ул.Димитър Каляшки 1","6.00 KARELIA 100s BLUE","3302","78","3.07","0.00"
"41112","Магазин за хранителни стоки ТИЗКОМ Димекс ООД, ул.Димитър Каляшки 1","Веро Медикс Power 415","17638","79","0.89","0.00"
"41112","Магазин за хранителни стоки ТИЗКОМ Димекс ООД, ул.Димитър Каляшки 1","ТОПИЛА Сирене Краве 8 кг-/12.70/1кг","264","8","51.95","0.00"
"41112","Магазин за хранителни стоки ТИЗКОМ Димекс ООД, ул.Димитър Каляшки 1","Бяла Черква С-не 8 кг","37","8","53.17","0.00"
"41112","Магазин за хранителни стоки ТИЗКОМ Димекс ООД, ул.Димитър Каляшки 1","Бачо Илия 8кг/13.00лв/1кг","9833","8","53.17","0.00"
"41112","Магазин за хранителни стоки ТИЗКОМ Димекс ООД, ул.Димитър Каляшки 1","Четка за зъби Колгейт Зиг Заг","17639","80","0.84","0.00"
"41112","Магазин за хранителни стоки ТИЗКОМ Димекс ООД, ул.Димитър Каляшки 1","Паста за зъби Колгейт 50мл","17640","81","0.92","0.00"
"41112","Магазин за хранителни стоки ТИЗКОМ Димекс ООД, ул.Димитър Каляшки 1","Паста за зъби Колгейт 100мл","17641","81","1.51","0.00"
"41112","Магазин за хранителни стоки ТИЗКОМ Димекс ООД, ул.Димитър Каляшки 1","Шампоан HS 330мл","17642","82","3.22","0.00"
"41112","Магазин за хранителни стоки ТИЗКОМ Димекс ООД, ул.Димитър Каляшки 1","Шампоан Panten 250 мл","17643","82","2.30","0.00"
"41112","Магазин за хранителни стоки ТИЗКОМ Димекс ООД, ул.Димитър Каляшки 1","Сапун Тео 70гр","17646","83","0.43","0.00"
"41112","Магазин за хранителни стоки ТИЗКОМ Димекс ООД, ул.Димитър Каляшки 1","Сапун Лукс 80гр","17647","83","0.46","0.00"
"41112","Магазин за хранителни стоки ТИЗКОМ Димекс ООД, ул.Димитър Каляшки 1","Мокри кърпи Sleepy 120бр","17644","84","1.07","0.00"
"41112","Магазин за хранителни стоки ТИЗКОМ Димекс ООД, ул.Димитър Каляшки 1","Тоалетна хартия Малива 8 бр","17645","85","2.20","0.00"
"41112","Магазин за хранителни стоки ТИЗКОМ Димекс ООД, ул.Димитър Каляшки 1","Бяла Черква С-не 350гр вак.","10662","9","2.51","0.00"
"41112","Магазин за хранителни стоки ТИЗКОМ Димекс ООД, ул.Димитър Каляшки 1","Наше Село Краве сирене 200гр","11389","9","1.66","0.00"
"41112","Магазин за хранителни стоки ТИЗКОМ Димекс ООД, ул.Димитър Каляшки 1","Ралица Краве сирене 900гр пвц","11894","9","7.64","0.00"
"41112","Магазин за хранителни стоки ТИЗКОМ Димекс ООД, ул.Димитър Каляшки 1","Наше Село Краве сирене 400гр","11905","9","3.27","0.00"
"41112","Магазин за хранителни стоки ТИЗКОМ Димекс ООД, ул.Димитър Каляшки 1","Наше Село Краве сирене в саламура 800гр","12232","9","7.57","0.00"
"41112","Магазин за хранителни стоки ТИЗКОМ Димекс ООД, ул.Димитър Каляшки 1","ТОПИЛА Сирене Краве вакум","265","9","7.52","0.00"
"41112","Магазин за хранителни стоки ТИЗКОМ Димекс ООД, ул.Димитър Каляшки 1","Домлян С-не Краве 800гр вак.","272","9","6.88","0.00"
"41112","Магазин за хранителни стоки ТИЗКОМ Димекс ООД, ул.Димитър Каляшки 1","Домлян С-не Краве 200гр вакум","42","9","1.79","0.00"
"41112","Магазин за хранителни стоки ТИЗКОМ Димекс ООД, ул.Димитър Каляшки 1","Домлян С-не Краве 500 гр вакум","43","9","4.32","0.00"
"41112","Магазин за хранителни стоки ТИЗКОМ Димекс ООД, ул.Димитър Каляшки 1","Бачо Илия Сирене кръг вак.250гр","8471","9","1.89","0.00"
"41112","Магазин за хранителни стоки ТИЗКОМ Димекс ООД, ул.Димитър Каляшки 1","Бачо Илия Сирене 350гр вак","9313","9","2.51","0.00"
"41112","Магазин за хранителни стоки ТИЗКОМ Димекс ООД, ул.Димитър Каляшки 1","Мероне кр.с-не 800гр вак.","9699","9","5.50","0.00"
