"Населено място","Търговски обект","Наименование на продукта","Код на продукта","Категория","Цена на дребно","Цена в промоция"
"52009","СУПЕРМАРКЕТ - УЛ.ОСВОБОДИТЕЛ 33","ХЛЯБ РПК 500ГР","000002","1","0.85",""
"52009","СУПЕРМАРКЕТ - УЛ.ОСВОБОДИТЕЛ 33","ХЛЯБ ДЕМЕА 650ГР.","000003","2","0.89",""
"52009","СУПЕРМАРКЕТ - УЛ.ОСВОБОДИТЕЛ 33","ПИЛЕ ГРАДУС ОХЛАДЕНО","000045","15","4.60",""
"52009","СУПЕРМАРКЕТ - УЛ.ОСВОБОДИТЕЛ 33","ПИЛЕШКИ КРЕНВИРШИ ГРАДУС","000182","26","3.06",""
"52009","СУПЕРМАРКЕТ - УЛ.ОСВОБОДИТЕЛ 33","КРАСТАВИЦИ ГЪРЦИЯ","000402","58","4.09","3.79"
"52009","СУПЕРМАРКЕТ - УЛ.ОСВОБОДИТЕЛ 33","ДОМАТИ ГЪРЦИЯ","000404","54","2.89",""
"52009","СУПЕРМАРКЕТ - УЛ.ОСВОБОДИТЕЛ 33","ЗЕЛЕ БЪЛГАРИЯ","000405","57","0.66",""
"52009","СУПЕРМАРКЕТ - УЛ.ОСВОБОДИТЕЛ 33","КАРТОФИ ГЕРМАНИЯ","000410","61","0.76","0.51"
"52009","СУПЕРМАРКЕТ - УЛ.ОСВОБОДИТЕЛ 33","ЛУК ГЕРМАНИЯ","000411","55","0.75","0.69"
"52009","СУПЕРМАРКЕТ - УЛ.ОСВОБОДИТЕЛ 33","МОРКОВИ ТУРЦИЯ","000412","56","0.90",""
"52009","СУПЕРМАРКЕТ - УЛ.ОСВОБОДИТЕЛ 33","ЧЕСЪН ТУРЦИЯ","000413","59","5.11","4.70"
"52009","СУПЕРМАРКЕТ - УЛ.ОСВОБОДИТЕЛ 33","ГЪБИ НАСИПНИ ПОЛША","000414","60","4.34",""
"52009","СУПЕРМАРКЕТ - УЛ.ОСВОБОДИТЕЛ 33","БАНАНИ ЕКВАДОР","000423","52","1.84","1.68"
"52009","СУПЕРМАРКЕТ - УЛ.ОСВОБОДИТЕЛ 33","ЛИМОНИ ТУРЦИЯ","000424","50","2.59",""
"52009","СУПЕРМАРКЕТ - УЛ.ОСВОБОДИТЕЛ 33","ПОРТОКАЛИ ГЪРЦИЯ","000427","51","2.04","1.45"
"52009","СУПЕРМАРКЕТ - УЛ.ОСВОБОДИТЕЛ 33","ЯБЪЛКИ ЧЕРВЕНИ ПОЛША","000437","53","1.53","1.39"
"52009","СУПЕРМАРКЕТ - УЛ.ОСВОБОДИТЕЛ 33","ИЗВАРА МАНОЯ / БРАТЯ ПЕЕВИ НА КГ","000546","13","2.65","2.40"
"52009","СУПЕРМАРКЕТ - УЛ.ОСВОБОДИТЕЛ 33","ПИЛЕШКО ФИЛЕ БРАТЯ МАНОЛОВИ","000621","16","7.15","6.90"
"52009","СУПЕРМАРКЕТ - УЛ.ОСВОБОДИТЕЛ 33","МАСЛИНИ САНТЕ ЧЕРНИ ЕДРИ НА КГ","000733","62","3.93","3.68"
"52009","СУПЕРМАРКЕТ - УЛ.ОСВОБОДИТЕЛ 33","ПИЛЕШКИ БУТЧЕТА ОХЛАДЕНИ НА КГ АМЕТА","000745","17","3.06",""
"52009","СУПЕРМАРКЕТ - УЛ.ОСВОБОДИТЕЛ 33","БЯЛО САЛАМУРЕНО КРАВЕ СИРЕНЕ КИСЕЛОВО","000827","8","6.90","6.44"
"52009","СУПЕРМАРКЕТ - УЛ.ОСВОБОДИТЕЛ 33","МИН.ВОДА ДЕВИН 1.5Л","001004","73","0.54","0.46"
"52009","СУПЕРМАРКЕТ - УЛ.ОСВОБОДИТЕЛ 33","МАКАРОНИ ОХЛЮВИ ЗЛАТЕН КЛАС 400ГР.","001060","36","0.66","0.51"
"52009","СУПЕРМАРКЕТ - УЛ.ОСВОБОДИТЕЛ 33","ЗАХАР 1 КГ КУЛЧЕВИ","001065","38","0.89","0.86"
"52009","СУПЕРМАРКЕТ - УЛ.ОСВОБОДИТЕЛ 33","БИРА БОЛЯРКА 2 Л.","001086","74","1.12",""
"52009","СУПЕРМАРКЕТ - УЛ.ОСВОБОДИТЕЛ 33","ПРЯСНО МЛЯКО МЕГЛЕ 3.2 % 1Л.","001091","6","1.63","1.32"
"52009","СУПЕРМАРКЕТ - УЛ.ОСВОБОДИТЕЛ 33","ТОЧЕНИ КОРИ ТРАКИЙСКИ 400ГР","001950","5","1.32",""
"52009","СУПЕРМАРКЕТ - УЛ.ОСВОБОДИТЕЛ 33","ТОЧЕНИ КОРИ ФАМИЛИЯ 500ГР","001951","5","1.94",""
"52009","СУПЕРМАРКЕТ - УЛ.ОСВОБОДИТЕЛ 33","ЧЕТКА ЗА ЗЪБИ КОЛГЕЙТ ПРЕМИЕР КЛИЙН","002169","80","0.86",""
"52009","СУПЕРМАРКЕТ - УЛ.ОСВОБОДИТЕЛ 33","ИЗВОРНА ВОДА ДЕВИН 1,5Л 6БР/СТЕК","002875","73","3.16","2.76"
"52009","СУПЕРМАРКЕТ - УЛ.ОСВОБОДИТЕЛ 33","СТЕЛЛА СПАГЕТИНИ № 10 500ГР.","003057","37","1.43",""
"52009","СУПЕРМАРКЕТ - УЛ.ОСВОБОДИТЕЛ 33","НОВА БРАЗИЛИЯ 200ГР. КЛАСИК ВАК.","003149","70","3.78",""
"52009","СУПЕРМАРКЕТ - УЛ.ОСВОБОДИТЕЛ 33","НОВА БРАЗИЛИЯ 1КГ. ПРИВИЛЕГИЯ","003151","71","17.89",""
"52009","СУПЕРМАРКЕТ - УЛ.ОСВОБОДИТЕЛ 33","СВОГЕ 80ГР МЛЕЧЕН","003179","69","1.27",""
"52009","СУПЕРМАРКЕТ - УЛ.ОСВОБОДИТЕЛ 33","СВИНСКИ ВРАТ БЕЗ КОСТ МЕСОКОМБИНАТ ТОЛБУХИН","003232","21","7.00","6.10"
"52009","СУПЕРМАРКЕТ - УЛ.ОСВОБОДИТЕЛ 33","СВИНСКО МЕСО ЗА ГОТВЕНЕ НА КГ МЕСОКОМБИНАТ ТОЛБУХИН","003350","22","6.59","6.05"
"52009","СУПЕРМАРКЕТ - УЛ.ОСВОБОДИТЕЛ 33","РИБА СКУМРИЯ 400/600 НОРВЕГИЯ ПАКЕТ","003529","29","5.62",""
"52009","СУПЕРМАРКЕТ - УЛ.ОСВОБОДИТЕЛ 33","СВИНСКИ БУТ БЕЗ КОСТ МЕСОКОМБИНАТ ТОЛБУХИН","003590","19","6.13","5.95"
"52009","СУПЕРМАРКЕТ - УЛ.ОСВОБОДИТЕЛ 33","СВИНСКА ПЛЕШКА МЕСОКОМБИНАТ ТОЛБУХИН","003770","18","5.98",""
"52009","СУПЕРМАРКЕТ - УЛ.ОСВОБОДИТЕЛ 33","ДОМАШЕН КАШКАВАЛ БРАТЯ ПЕЕВИ ТОСТ НА КГ","003841","10","10.22","9.56"
"52009","СУПЕРМАРКЕТ - УЛ.ОСВОБОДИТЕЛ 33","ЧАЙ БИОПРОГРАМА АЛПИНИСТ","004387","72","0.76",""
"52009","СУПЕРМАРКЕТ - УЛ.ОСВОБОДИТЕЛ 33","ЛЕЩА КРЪСТЕВ 1КГ","004788","34","2.55",""
"52009","СУПЕРМАРКЕТ - УЛ.ОСВОБОДИТЕЛ 33","БОБ НАРОДЕН 1КГ КРЪСТЕВ","004903","33","2.91","2.55"
"52009","СУПЕРМАРКЕТ - УЛ.ОСВОБОДИТЕЛ 33","БОБ КЛИО БЯЛ 540ГР БУРКАН","005250","46","1.22","1.12"
"52009","СУПЕРМАРКЕТ - УЛ.ОСВОБОДИТЕЛ 33","КРОАСАН 22 КАРАТА 52ГР КРЕМ БРЮЛЕ","005329","67","0.30","0.26"
"52009","СУПЕРМАРКЕТ - УЛ.ОСВОБОДИТЕЛ 33","ЛЮТЕНИЦА ФИЛИКОН 600ГР ЕКСТРА","006039","49","2.45","2.04"
"52009","СУПЕРМАРКЕТ - УЛ.ОСВОБОДИТЕЛ 33","СЛЪНЧО МЛЕЧНА КАША ЕЛДА С ПЛОДОВЕ 200ГР 6+М","006099","63","2.96",""
"52009","СУПЕРМАРКЕТ - УЛ.ОСВОБОДИТЕЛ 33","ОРИЗ БИСЕРЕН КРЪСТЕВ 1КГ","006135","35","1.89","1.63"
"52009","СУПЕРМАРКЕТ - УЛ.ОСВОБОДИТЕЛ 33","ОБ.БИСКВИТИ МОНИ 130ГР","007125","66","0.56","0.51"
"52009","СУПЕРМАРКЕТ - УЛ.ОСВОБОДИТЕЛ 33","ХЛЯБ ЗЛАТНА ДОБРУДЖА 500ГР РЪЖЕН ТОСТЕР","007315","3","1.17",""
"52009","СУПЕРМАРКЕТ - УЛ.ОСВОБОДИТЕЛ 33","КАЙМА СМЕС 60/40 РОДОПА - БРАТЯ МАНОЛОВИ НА КГ","007596","25","7.31","6.13"
"52009","СУПЕРМАРКЕТ - УЛ.ОСВОБОДИТЕЛ 33","ТЕЛЕШКО МЕСО ЗА ГОТВЕНЕ КУБЧЕ ПИГИ","008297","24","10.53",""
"52009","СУПЕРМАРКЕТ - УЛ.ОСВОБОДИТЕЛ 33","КАШКАВАЛ СТАРА ПЛАНИНА КРАВЕ ТОСТ НА КГ","008384","10","6.39","5.87"
"52009","СУПЕРМАРКЕТ - УЛ.ОСВОБОДИТЕЛ 33","ВЕРО БИНГО 400МЛ ВИДОВЕ","010508","79","0.76",""
"52009","СУПЕРМАРКЕТ - УЛ.ОСВОБОДИТЕЛ 33","ТОАЛ.ХАРТИЯ ЕМЕКА 8БР ПЛАНИНСКА СВЕЖЕСТ","010526","85","2.96","2.45"
"52009","СУПЕРМАРКЕТ - УЛ.ОСВОБОДИТЕЛ 33","СОЛ ЕКСТРА 1 КГ.БОМЕСТ","010612","39","0.51",""
"52009","СУПЕРМАРКЕТ - УЛ.ОСВОБОДИТЕЛ 33","П.З.КОЛГЕЙТ 50 МЛ ВИСТА - ВИДОВЕ","010690","81","0.92",""
"52009","СУПЕРМАРКЕТ - УЛ.ОСВОБОДИТЕЛ 33","КИС.МЛЯКО БОЛЯРЧЕ 3.6% 400ГР","011056","7","0.71",""
"52009","СУПЕРМАРКЕТ - УЛ.ОСВОБОДИТЕЛ 33","ШАМПОАН ПАЛМОЛИВ 350МЛ.","011353","82","2.81","1.63"
"52009","СУПЕРМАРКЕТ - УЛ.ОСВОБОДИТЕЛ 33","БРАШНО СОФИЯ МЕЛ 1КГ ЕКСТРА","012676","41","1.12",""
"52009","СУПЕРМАРКЕТ - УЛ.ОСВОБОДИТЕЛ 33","МОКРИ КЪРПИ ТИТО БЕЙБИ 120БР С КАПАК    /БОНИТА/","014962","84","1.02","0.81"
"52009","СУПЕРМАРКЕТ - УЛ.ОСВОБОДИТЕЛ 33","ОБ.БИСКВИТИ КРИСТАЛ 190ГР","015388","66","0.92",""
"52009","СУПЕРМАРКЕТ - УЛ.ОСВОБОДИТЕЛ 33","САПУН ТЕО БУКЕТ 70ГР КАМЕЛИЯ БЯЛ","017133","83","0.43",""
"52009","СУПЕРМАРКЕТ - УЛ.ОСВОБОДИТЕЛ 33","ХЛЯБ ТИПОВ 500ГР МИО","018284","4","0.76","0.71"
"52009","СУПЕРМАРКЕТ - УЛ.ОСВОБОДИТЕЛ 33","БЕБЕЛАН ПЮРЕ ЯБЪЛКИ И ПРАСКОВИ БЕЗ ЗАХАР 190ГР 4+М","019625","64","1.17",""
"52009","СУПЕРМАРКЕТ - УЛ.ОСВОБОДИТЕЛ 33","ЯМБОЛСКА ГРОЗДОВА 0.7Л.","020008","77","6.44","5.62"
"52009","СУПЕРМАРКЕТ - УЛ.ОСВОБОДИТЕЛ 33","ВИНО ТЪРГОВИЩЕ 0,75Л ШАРДОНЕ","020021","75","4.34","4.19"
"52009","СУПЕРМАРКЕТ - УЛ.ОСВОБОДИТЕЛ 33","ВИНО ТЪРГОВИЩЕ 0.75Л МЕРЛО СОФИЯ","020023","76","4.75",""
"52009","СУПЕРМАРКЕТ - УЛ.ОСВОБОДИТЕЛ 33","ЕВА VOGUE YELLOW UNIQUE 97ММ - ЖЪЛТА","030022","78","3.58",""
"52009","СУПЕРМАРКЕТ - УЛ.ОСВОБОДИТЕЛ 33","КРАВЕ СИРЕНЕ ВЕРЕЯ 400ГР ВАК","040440","9","4.85","4.39"
"52009","СУПЕРМАРКЕТ - УЛ.ОСВОБОДИТЕЛ 33","КРАВЕ МАСЛО 125ГР СИТОВО","040912","12","1.94","1.68"
"52009","СУПЕРМАРКЕТ - УЛ.ОСВОБОДИТЕЛ 33","ОЦЕТ ВЕДА ЯБЪЛКОВ 700МЛ НАТУРАЛЕН С ДОЗАТОР","041199","45","1.32","1.17"
"52009","СУПЕРМАРКЕТ - УЛ.ОСВОБОДИТЕЛ 33","ИЗВАРА БРАТЯ ПЕЕВИ 1КГ","042354","14","3.32","3.11"
"52009","СУПЕРМАРКЕТ - УЛ.ОСВОБОДИТЕЛ 33","СУРОВА НАДЕНИЦА КЛАСИК ПИКАНТ 480ГР ОХЛАДЕНА","042481","27","3.57",""
"52009","СУПЕРМАРКЕТ - УЛ.ОСВОБОДИТЕЛ 33","ДОМАТИ ЦЕЛИ НЕБЕЛЕНИ 680ГР ФИЛИКОН","043129","48","1.22",""
"52009","СУПЕРМАРКЕТ - УЛ.ОСВОБОДИТЕЛ 33","ОЦЕТ ВЕДА ВИНЕН 6% 700МЛ","044251","44","1.32","1.17"
"52009","СУПЕРМАРКЕТ - УЛ.ОСВОБОДИТЕЛ 33","ГРАХ 425ГР ФИЛИКОН","044972","47","1.53",""
"52009","СУПЕРМАРКЕТ - УЛ.ОСВОБОДИТЕЛ 33","ХЛЯБ КУЛЧЕВИ 600ГР","046235","2","0.71",""
"52009","СУПЕРМАРКЕТ - УЛ.ОСВОБОДИТЕЛ 33","БРАШНО КЛИО 1КГ ТИП 500","048699","40","0.76","0.65"
"52009","СУПЕРМАРКЕТ - УЛ.ОСВОБОДИТЕЛ 33","МАСЛИНОВО МАСЛО РЕГИНА 1Л ЕКСТРА ВЪРДЖИН","055033","43","13.54",""
"52009","СУПЕРМАРКЕТ - УЛ.ОСВОБОДИТЕЛ 33","ОЛИО КАЛИАКРА ПЪРВА ПРЕСА 1Л","056010","42","1.84","1.68"
"52009","СУПЕРМАРКЕТ - УЛ.ОСВОБОДИТЕЛ 33","КАШКАВАЛ МЕРОНЕ 320ГР ТРИЪГЪЛЕН","059590","11","4.39",""
"52009","СУПЕРМАРКЕТ - УЛ.ОСВОБОДИТЕЛ 33","ЛАКИС БАНИЦА ТК СТАНДАРТ СИРЕНЕ 140ГР","060023","68","0.71",""
"52009","СУПЕРМАРКЕТ - УЛ.ОСВОБОДИТЕЛ 33","ЯЙЦА ВИВАН / БОРАК РАЗМЕР L 6БР","060727","32","1.63",""
"52009","СУПЕРМАРКЕТ - УЛ.ОСВОБОДИТЕЛ 33","ЯЙЦА ВИВАН / БОРАК РАЗМЕР М 6БР","060728","31","1.53",""
"52009","СУПЕРМАРКЕТ - УЛ.ОСВОБОДИТЕЛ 33","НАН 2 400ГР ПРЕХОДНО МЛЯКО 6+М","061663","65","14.06",""
"52009","СУПЕРМАРКЕТ - УЛ.ОСВОБОДИТЕЛ 33","КИС.МЛЯКО НА ХОРОТО 400ГР 2%","063270","7","0.56","0.49"
"52009","СУПЕРМАРКЕТ - УЛ.ОСВОБОДИТЕЛ 33","СТЕФАНОВ ДЕЛИКАТЕСЕН КОЛБАС 330ГР","063770","28","3.47",""
"52009","СУПЕРМАРКЕТ - УЛ.ОСВОБОДИТЕЛ 33","МИЛКА 100ГР МЛЕЧЕН ШОКОЛАД С КАРАМЕЛ","064436","69","1.84","0.81"
"52009","МАГАЗИН ПЕНИ - УЛ.ОБОРИЩЕ 22","ХЛЯБ РПК 500ГР","000002","1","0.85",""
"52009","МАГАЗИН ПЕНИ - УЛ.ОБОРИЩЕ 22","ХЛЯБ ДЕМЕА 650ГР.","000003","2","0.89",""
"52009","МАГАЗИН ПЕНИ - УЛ.ОБОРИЩЕ 22","ПИЛЕ ГРАДУС ОХЛАДЕНО","000045","15","4.60",""
"52009","МАГАЗИН ПЕНИ - УЛ.ОБОРИЩЕ 22","ПИЛЕШКИ КРЕНВИРШИ ГРАДУС","000182","26","3.06",""
"52009","МАГАЗИН ПЕНИ - УЛ.ОБОРИЩЕ 22","КРАСТАВИЦИ ГЪРЦИЯ","000402","58","4.09","3.79"
"52009","МАГАЗИН ПЕНИ - УЛ.ОБОРИЩЕ 22","ДОМАТИ ГЪРЦИЯ","000404","54","2.89",""
"52009","МАГАЗИН ПЕНИ - УЛ.ОБОРИЩЕ 22","ЗЕЛЕ БЪЛГАРИЯ","000405","57","0.66",""
"52009","МАГАЗИН ПЕНИ - УЛ.ОБОРИЩЕ 22","КАРТОФИ ГЕРМАНИЯ","000410","61","0.76","0.51"
"52009","МАГАЗИН ПЕНИ - УЛ.ОБОРИЩЕ 22","ЛУК ГЕРМАНИЯ","000411","55","0.75","0.69"
"52009","МАГАЗИН ПЕНИ - УЛ.ОБОРИЩЕ 22","МОРКОВИ ТУРЦИЯ","000412","56","0.90",""
"52009","МАГАЗИН ПЕНИ - УЛ.ОБОРИЩЕ 22","ЧЕСЪН ТУРЦИЯ","000413","59","5.11","4.70"
"52009","МАГАЗИН ПЕНИ - УЛ.ОБОРИЩЕ 22","ГЪБИ НАСИПНИ ПОЛША","000414","60","4.34",""
"52009","МАГАЗИН ПЕНИ - УЛ.ОБОРИЩЕ 22","БАНАНИ ЕКВАДОР","000423","52","1.84","1.68"
"52009","МАГАЗИН ПЕНИ - УЛ.ОБОРИЩЕ 22","ЛИМОНИ ТУРЦИЯ","000424","50","2.59",""
"52009","МАГАЗИН ПЕНИ - УЛ.ОБОРИЩЕ 22","ПОРТОКАЛИ ГЪРЦИЯ","000427","51","2.04","1.45"
"52009","МАГАЗИН ПЕНИ - УЛ.ОБОРИЩЕ 22","ЯБЪЛКИ ЧЕРВЕНИ ПОЛША","000437","53","1.53","1.39"
"52009","МАГАЗИН ПЕНИ - УЛ.ОБОРИЩЕ 22","ИЗВАРА МАНОЯ / БРАТЯ ПЕЕВИ НА КГ","000546","13","2.65","2.40"
"52009","МАГАЗИН ПЕНИ - УЛ.ОБОРИЩЕ 22","ПИЛЕШКО ФИЛЕ БРАТЯ МАНОЛОВИ","000621","16","7.15","6.90"
"52009","МАГАЗИН ПЕНИ - УЛ.ОБОРИЩЕ 22","МАСЛИНИ САНТЕ ЧЕРНИ ЕДРИ НА КГ","000733","62","3.93","3.68"
"52009","МАГАЗИН ПЕНИ - УЛ.ОБОРИЩЕ 22","ПИЛЕШКИ БУТЧЕТА ОХЛАДЕНИ НА КГ АМЕТА","000745","17","3.06",""
"52009","МАГАЗИН ПЕНИ - УЛ.ОБОРИЩЕ 22","БЯЛО САЛАМУРЕНО КРАВЕ СИРЕНЕ КИСЕЛОВО","000827","8","6.90","6.44"
"52009","МАГАЗИН ПЕНИ - УЛ.ОБОРИЩЕ 22","МИН.ВОДА ДЕВИН 1.5Л","001004","73","0.54",""
"52009","МАГАЗИН ПЕНИ - УЛ.ОБОРИЩЕ 22","МАКАРОНИ ОХЛЮВИ ЗЛАТЕН КЛАС 400ГР.","001060","36","0.66","0.51"
"52009","МАГАЗИН ПЕНИ - УЛ.ОБОРИЩЕ 22","ЗАХАР 1 КГ КУЛЧЕВИ","001065","38","0.89","0.86"
"52009","МАГАЗИН ПЕНИ - УЛ.ОБОРИЩЕ 22","БИРА БОЛЯРКА 2 Л.","001086","74","1.12",""
"52009","МАГАЗИН ПЕНИ - УЛ.ОБОРИЩЕ 22","ПРЯСНО МЛЯКО МЕГЛЕ 3.2 % 1Л.","001091","6","1.63","1.32"
"52009","МАГАЗИН ПЕНИ - УЛ.ОБОРИЩЕ 22","ТОЧЕНИ КОРИ ТРАКИЙСКИ 400ГР","001950","5","1.32",""
"52009","МАГАЗИН ПЕНИ - УЛ.ОБОРИЩЕ 22","ТОЧЕНИ КОРИ ФАМИЛИЯ 500ГР","001951","5","1.94",""
"52009","МАГАЗИН ПЕНИ - УЛ.ОБОРИЩЕ 22","ЧЕТКА ЗА ЗЪБИ КОЛГЕЙТ ПРЕМИЕР КЛИЙН","002169","80","0.86",""
"52009","МАГАЗИН ПЕНИ - УЛ.ОБОРИЩЕ 22","ИЗВОРНА ВОДА ДЕВИН 1,5Л 6БР/СТЕК","002875","73","3.16",""
"52009","МАГАЗИН ПЕНИ - УЛ.ОБОРИЩЕ 22","СТЕЛЛА СПАГЕТИНИ № 10 500ГР.","003057","37","1.43",""
"52009","МАГАЗИН ПЕНИ - УЛ.ОБОРИЩЕ 22","НОВА БРАЗИЛИЯ 200ГР. КЛАСИК ВАК.","003149","70","3.78",""
"52009","МАГАЗИН ПЕНИ - УЛ.ОБОРИЩЕ 22","НОВА БРАЗИЛИЯ 1КГ. ПРИВИЛЕГИЯ","003151","71","17.89",""
"52009","МАГАЗИН ПЕНИ - УЛ.ОБОРИЩЕ 22","СВОГЕ 80ГР МЛЕЧЕН","003179","69","1.27",""
"52009","МАГАЗИН ПЕНИ - УЛ.ОБОРИЩЕ 22","СВИНСКИ ВРАТ БЕЗ КОСТ МЕСОКОМБИНАТ ТОЛБУХИН","003232","21","7.00","6.10"
"52009","МАГАЗИН ПЕНИ - УЛ.ОБОРИЩЕ 22","СВИНСКО МЕСО ЗА ГОТВЕНЕ НА КГ МЕСОКОМБИНАТ ТОЛБУХИН","003350","22","6.59","6.05"
"52009","МАГАЗИН ПЕНИ - УЛ.ОБОРИЩЕ 22","РИБА СКУМРИЯ 400/600 НОРВЕГИЯ ПАКЕТ","003529","29","5.62",""
"52009","МАГАЗИН ПЕНИ - УЛ.ОБОРИЩЕ 22","СВИНСКИ БУТ БЕЗ КОСТ МЕСОКОМБИНАТ ТОЛБУХИН","003590","19","6.13","5.95"
"52009","МАГАЗИН ПЕНИ - УЛ.ОБОРИЩЕ 22","СВИНСКА ПЛЕШКА МЕСОКОМБИНАТ ТОЛБУХИН","003770","18","5.98",""
"52009","МАГАЗИН ПЕНИ - УЛ.ОБОРИЩЕ 22","ДОМАШЕН КАШКАВАЛ БРАТЯ ПЕЕВИ ТОСТ НА КГ","003841","10","10.22","9.56"
"52009","МАГАЗИН ПЕНИ - УЛ.ОБОРИЩЕ 22","ЧАЙ БИОПРОГРАМА АЛПИНИСТ","004387","72","0.76",""
"52009","МАГАЗИН ПЕНИ - УЛ.ОБОРИЩЕ 22","ЛЕЩА КРЪСТЕВ 1КГ","004788","34","2.55",""
"52009","МАГАЗИН ПЕНИ - УЛ.ОБОРИЩЕ 22","БОБ НАРОДЕН 1КГ КРЪСТЕВ","004903","33","2.91","2.55"
"52009","МАГАЗИН ПЕНИ - УЛ.ОБОРИЩЕ 22","БОБ КЛИО БЯЛ 540ГР БУРКАН","005250","46","1.22","1.12"
"52009","МАГАЗИН ПЕНИ - УЛ.ОБОРИЩЕ 22","КРОАСАН 22 КАРАТА 52ГР КРЕМ БРЮЛЕ","005329","67","0.30","0.26"
"52009","МАГАЗИН ПЕНИ - УЛ.ОБОРИЩЕ 22","ЛЮТЕНИЦА ФИЛИКОН 600ГР ЕКСТРА","006039","49","2.45","2.04"
"52009","МАГАЗИН ПЕНИ - УЛ.ОБОРИЩЕ 22","СЛЪНЧО МЛЕЧНА КАША ЕЛДА С ПЛОДОВЕ 200ГР 6+М","006099","63","2.96",""
"52009","МАГАЗИН ПЕНИ - УЛ.ОБОРИЩЕ 22","ОРИЗ БИСЕРЕН КРЪСТЕВ 1КГ","006135","35","1.89","1.63"
"52009","МАГАЗИН ПЕНИ - УЛ.ОБОРИЩЕ 22","ОБ.БИСКВИТИ МОНИ 130ГР","007125","66","0.56","0.51"
"52009","МАГАЗИН ПЕНИ - УЛ.ОБОРИЩЕ 22","ХЛЯБ ЗЛАТНА ДОБРУДЖА 500ГР РЪЖЕН ТОСТЕР","007315","3","1.17",""
"52009","МАГАЗИН ПЕНИ - УЛ.ОБОРИЩЕ 22","КАЙМА СМЕС 60/40 РОДОПА - БРАТЯ МАНОЛОВИ НА КГ","007596","25","7.31","6.13"
"52009","МАГАЗИН ПЕНИ - УЛ.ОБОРИЩЕ 22","ТЕЛЕШКО МЕСО ЗА ГОТВЕНЕ КУБЧЕ ПИГИ","008297","24","10.53",""
"52009","МАГАЗИН ПЕНИ - УЛ.ОБОРИЩЕ 22","КАШКАВАЛ СТАРА ПЛАНИНА КРАВЕ ТОСТ НА КГ","008384","10","6.39","5.87"
"52009","МАГАЗИН ПЕНИ - УЛ.ОБОРИЩЕ 22","ВЕРО БИНГО 400МЛ ВИДОВЕ","010508","79","0.76",""
"52009","МАГАЗИН ПЕНИ - УЛ.ОБОРИЩЕ 22","ТОАЛ.ХАРТИЯ ЕМЕКА 8БР ПЛАНИНСКА СВЕЖЕСТ","010526","85","2.96","2.45"
"52009","МАГАЗИН ПЕНИ - УЛ.ОБОРИЩЕ 22","СОЛ ЕКСТРА 1 КГ.БОМЕСТ","010612","39","0.51",""
"52009","МАГАЗИН ПЕНИ - УЛ.ОБОРИЩЕ 22","П.З.КОЛГЕЙТ 50 МЛ ВИСТА - ВИДОВЕ","010690","81","0.92",""
"52009","МАГАЗИН ПЕНИ - УЛ.ОБОРИЩЕ 22","КИС.МЛЯКО БОЛЯРЧЕ 3.6% 400ГР","011056","7","0.71",""
"52009","МАГАЗИН ПЕНИ - УЛ.ОБОРИЩЕ 22","ШАМПОАН ПАЛМОЛИВ 350МЛ.","011353","82","2.81","1.63"
"52009","МАГАЗИН ПЕНИ - УЛ.ОБОРИЩЕ 22","БРАШНО СОФИЯ МЕЛ 1КГ ЕКСТРА","012676","41","1.12",""
"52009","МАГАЗИН ПЕНИ - УЛ.ОБОРИЩЕ 22","МОКРИ КЪРПИ ТИТО БЕЙБИ 120БР С КАПАК    /БОНИТА/","014962","84","1.02","0.81"
"52009","МАГАЗИН ПЕНИ - УЛ.ОБОРИЩЕ 22","ОБ.БИСКВИТИ КРИСТАЛ 190ГР","015388","66","0.92",""
"52009","МАГАЗИН ПЕНИ - УЛ.ОБОРИЩЕ 22","САПУН ТЕО БУКЕТ 70ГР КАМЕЛИЯ БЯЛ","017133","83","0.43",""
"52009","МАГАЗИН ПЕНИ - УЛ.ОБОРИЩЕ 22","ХЛЯБ ТИПОВ 500ГР МИО","018284","4","0.76","0.71"
"52009","МАГАЗИН ПЕНИ - УЛ.ОБОРИЩЕ 22","БЕБЕЛАН ПЮРЕ ЯБЪЛКИ И ПРАСКОВИ БЕЗ ЗАХАР 190ГР 4+М","019625","64","1.17",""
"52009","МАГАЗИН ПЕНИ - УЛ.ОБОРИЩЕ 22","ЯМБОЛСКА ГРОЗДОВА 0.7Л.","020008","77","6.44","5.62"
"52009","МАГАЗИН ПЕНИ - УЛ.ОБОРИЩЕ 22","ВИНО ТЪРГОВИЩЕ 0,75Л ШАРДОНЕ","020021","75","4.34","4.19"
"52009","МАГАЗИН ПЕНИ - УЛ.ОБОРИЩЕ 22","ВИНО ТЪРГОВИЩЕ 0.75Л МЕРЛО СОФИЯ","020023","76","4.75",""
"52009","МАГАЗИН ПЕНИ - УЛ.ОБОРИЩЕ 22","ЕВА VOGUE YELLOW UNIQUE 97ММ - ЖЪЛТА","030022","78","3.58",""
"52009","МАГАЗИН ПЕНИ - УЛ.ОБОРИЩЕ 22","КРАВЕ СИРЕНЕ ВЕРЕЯ 400ГР ВАК","040440","9","4.85","4.39"
"52009","МАГАЗИН ПЕНИ - УЛ.ОБОРИЩЕ 22","КРАВЕ МАСЛО 125ГР СИТОВО","040912","12","1.94","1.68"
"52009","МАГАЗИН ПЕНИ - УЛ.ОБОРИЩЕ 22","ОЦЕТ ВЕДА ЯБЪЛКОВ 700МЛ НАТУРАЛЕН С ДОЗАТОР","041199","45","1.32","1.17"
"52009","МАГАЗИН ПЕНИ - УЛ.ОБОРИЩЕ 22","ИЗВАРА БРАТЯ ПЕЕВИ 1КГ","042354","14","3.32","3.11"
"52009","МАГАЗИН ПЕНИ - УЛ.ОБОРИЩЕ 22","СУРОВА НАДЕНИЦА КЛАСИК ПИКАНТ 480ГР ОХЛАДЕНА","042481","27","3.57",""
"52009","МАГАЗИН ПЕНИ - УЛ.ОБОРИЩЕ 22","ДОМАТИ ЦЕЛИ НЕБЕЛЕНИ 680ГР ФИЛИКОН","043129","48","1.22",""
"52009","МАГАЗИН ПЕНИ - УЛ.ОБОРИЩЕ 22","ОЦЕТ ВЕДА ВИНЕН 6% 700МЛ","044251","44","1.32","1.17"
"52009","МАГАЗИН ПЕНИ - УЛ.ОБОРИЩЕ 22","ГРАХ 425ГР ФИЛИКОН","044972","47","1.53",""
"52009","МАГАЗИН ПЕНИ - УЛ.ОБОРИЩЕ 22","ХЛЯБ КУЛЧЕВИ 600ГР","046235","2","0.71",""
"52009","МАГАЗИН ПЕНИ - УЛ.ОБОРИЩЕ 22","БРАШНО КЛИО 1КГ ТИП 500","048699","40","0.76","0.65"
"52009","МАГАЗИН ПЕНИ - УЛ.ОБОРИЩЕ 22","МАСЛИНОВО МАСЛО РЕГИНА 1Л ЕКСТРА ВЪРДЖИН","055033","43","13.54",""
"52009","МАГАЗИН ПЕНИ - УЛ.ОБОРИЩЕ 22","ОЛИО КАЛИАКРА ПЪРВА ПРЕСА 1Л","056010","42","1.84","1.68"
"52009","МАГАЗИН ПЕНИ - УЛ.ОБОРИЩЕ 22","КАШКАВАЛ МЕРОНЕ 320ГР ТРИЪГЪЛЕН","059590","11","4.39",""
"52009","МАГАЗИН ПЕНИ - УЛ.ОБОРИЩЕ 22","ЛАКИС БАНИЦА ТК СТАНДАРТ СИРЕНЕ 140ГР","060023","68","0.71",""
"52009","МАГАЗИН ПЕНИ - УЛ.ОБОРИЩЕ 22","ЯЙЦА ВИВАН / БОРАК РАЗМЕР L 6БР","060727","32","1.63",""
"52009","МАГАЗИН ПЕНИ - УЛ.ОБОРИЩЕ 22","ЯЙЦА ВИВАН / БОРАК РАЗМЕР М 6БР","060728","31","1.53",""
"52009","МАГАЗИН ПЕНИ - УЛ.ОБОРИЩЕ 22","НАН 2 400ГР ПРЕХОДНО МЛЯКО 6+М","061663","65","14.06",""
"52009","МАГАЗИН ПЕНИ - УЛ.ОБОРИЩЕ 22","КИС.МЛЯКО НА ХОРОТО 400ГР 2%","063270","7","0.56","0.49"
"52009","МАГАЗИН ПЕНИ - УЛ.ОБОРИЩЕ 22","СТЕФАНОВ ДЕЛИКАТЕСЕН КОЛБАС 330ГР","063770","28","3.47",""
"52009","МАГАЗИН ПЕНИ - УЛ.ОБОРИЩЕ 22","МИЛКА 100ГР МЛЕЧЕН ШОКОЛАД С КАРАМЕЛ","064436","69","1.84","0.81"
