﻿"Населено място","Търговски обект","Наименование на продукта","Код на продукта","Категория","Цена на дребно","Цена в промоция"
"56784","СУПЕРМАРКЕТ СЛЪНЧЕВИ ЛЪЧИ ФАМИЛИЯ БУЛ.НИКОЛА ВАПЦАРОВ 23","ХЛЯБ КАРИНА ФОЛИРАН","61299","1","0.95","0"
"56784","СУПЕРМАРКЕТ СЛЪНЧЕВИ ЛЪЧИ УЛ МИХАЛАКИ ГЕОРГИЕВ 25","ХЛЯБ КАРИНА ФОЛИРАН","61299","1","0.95","0"
"56784","СУПЕРМАРКЕТ СЛЪНЧЕВИ ЛЪЧИ ФАМИЛИЯ БУЛ.НИКОЛА ВАПЦАРОВ 23","ХЛЯБ ДОБРУДЖА СИМИД 650 ГР","8549","2","0.95","0"
"56784","СУПЕРМАРКЕТ СЛЪНЧЕВИ ЛЪЧИ УЛ МИХАЛАКИ ГЕОРГИЕВ 25","ХЛЯБ ДОБРУДЖА СИМИД 650 ГР","8549","2","0.95","0"
"56784","СУПЕРМАРКЕТ СЛЪНЧЕВИ ЛЪЧИ ФАМИЛИЯ БУЛ.НИКОЛА ВАПЦАРОВ 23","ХЛЯБ БАВАРСКИ РЪЖЕН РИТЪРН 500гр.","60074","3","1.20","0"
"56784","СУПЕРМАРКЕТ СЛЪНЧЕВИ ЛЪЧИ УЛ МИХАЛАКИ ГЕОРГИЕВ 25","ХЛЯБ БАВАРСКИ РЪЖЕН РИТЪРН 500гр.","60074","3","1.20","0"
"56784","СУПЕРМАРКЕТ СЛЪНЧЕВИ ЛЪЧИ ФАМИЛИЯ БУЛ.НИКОЛА ВАПЦАРОВ 23","ХЛЯБ ТИПОВ НАРЯЗАН СИМИД 650гр.","14676","4","0.95","0"
"56784","СУПЕРМАРКЕТ СЛЪНЧЕВИ ЛЪЧИ УЛ МИХАЛАКИ ГЕОРГИЕВ 25","ХЛЯБ ТИПОВ НАРЯЗАН СИМИД 650гр.","14676","4","0.95","0"
"56784","СУПЕРМАРКЕТ СЛЪНЧЕВИ ЛЪЧИ ФАМИЛИЯ БУЛ.НИКОЛА ВАПЦАРОВ 23","КОРИ ТОЧЕНИ  ФАМИЛИЯ 500ГР.","2363","5","2.06","0"
"56784","СУПЕРМАРКЕТ СЛЪНЧЕВИ ЛЪЧИ УЛ МИХАЛАКИ ГЕОРГИЕВ 25","КОРИ ТОЧЕНИ  ФАМИЛИЯ 500ГР.","2363","5","2.06","0"
"56784","СУПЕРМАРКЕТ СЛЪНЧЕВИ ЛЪЧИ ФАМИЛИЯ БУЛ.НИКОЛА ВАПЦАРОВ 23","ПРЯСНО МЛЯКО ВАРЕНО  БОР ЧВОР 3%","4724","6","1.12","0"
"56784","СУПЕРМАРКЕТ СЛЪНЧЕВИ ЛЪЧИ УЛ МИХАЛАКИ ГЕОРГИЕВ 25","ПРЯСНО МЛЯКО ВАРЕНО  БОР ЧВОР 3%","4724","6","1.12","0"
"56784","СУПЕРМАРКЕТ СЛЪНЧЕВИ ЛЪЧИ ФАМИЛИЯ БУЛ.НИКОЛА ВАПЦАРОВ 23","КИСЕЛО МЛЯКО БОР ЧВОР 2% 400ГР.","99015","7","0.54","0"
"56784","СУПЕРМАРКЕТ СЛЪНЧЕВИ ЛЪЧИ УЛ МИХАЛАКИ ГЕОРГИЕВ 25","КИСЕЛО МЛЯКО БОР ЧВОР 2% 400ГР.","99015","7","0.54","0"
"56784","СУПЕРМАРКЕТ СЛЪНЧЕВИ ЛЪЧИ ФАМИЛИЯ БУЛ.НИКОЛА ВАПЦАРОВ 23","КРАВЕ СИРЕНЕ ЧЕПЕЛАРЕ КГ.","1137","8","6.33","0"
"56784","СУПЕРМАРКЕТ СЛЪНЧЕВИ ЛЪЧИ УЛ МИХАЛАКИ ГЕОРГИЕВ 25","КРАВЕ СИРЕНЕ ЧЕПЕЛАРЕ КГ.","1137","8","6.33","0"
"56784","СУПЕРМАРКЕТ СЛЪНЧЕВИ ЛЪЧИ ФАМИЛИЯ БУЛ.НИКОЛА ВАПЦАРОВ 23","СИРЕНЕ КРАВЕ ЕЛИТ 1кг","0724","9","8.18","0"
"56784","СУПЕРМАРКЕТ СЛЪНЧЕВИ ЛЪЧИ УЛ МИХАЛАКИ ГЕОРГИЕВ 25","СИРЕНЕ КРАВЕ ЕЛИТ 1кг","0724","9","8.18","0"
"56784","СУПЕРМАРКЕТ СЛЪНЧЕВИ ЛЪЧИ ФАМИЛИЯ БУЛ.НИКОЛА ВАПЦАРОВ 23","КАШКАВАЛ МЕЧИ ЧАЛ Г.П","1248","10","7.00","0"
"56784","СУПЕРМАРКЕТ СЛЪНЧЕВИ ЛЪЧИ УЛ МИХАЛАКИ ГЕОРГИЕВ 25","КАШКАВАЛ МЕЧИ ЧАЛ Г.П","1248","10","7.00","0"
"56784","СУПЕРМАРКЕТ СЛЪНЧЕВИ ЛЪЧИ ФАМИЛИЯ БУЛ.НИКОЛА ВАПЦАРОВ 23","КАШКАВАЛ РОЖЕН ВАКУУМ","2369","11","10.74","0"
"56784","СУПЕРМАРКЕТ СЛЪНЧЕВИ ЛЪЧИ УЛ МИХАЛАКИ ГЕОРГИЕВ 25","КАШКАВАЛ РОЖЕН ВАКУУМ","2369","11","10.74","0"
"56784","СУПЕРМАРКЕТ СЛЪНЧЕВИ ЛЪЧИ ФАМИЛИЯ БУЛ.НИКОЛА ВАПЦАРОВ 23","КРАВЕ МАСЛО САЯНА 250ГР","98649","12","2.86","0"
"56784","СУПЕРМАРКЕТ СЛЪНЧЕВИ ЛЪЧИ УЛ МИХАЛАКИ ГЕОРГИЕВ 25","КРАВЕ МАСЛО САЯНА 250ГР","98649","12","2.86","0"
"56784","СУПЕРМАРКЕТ СЛЪНЧЕВИ ЛЪЧИ ФАМИЛИЯ БУЛ.НИКОЛА ВАПЦАРОВ 23","ИЗВАРА КАЙМАКАНИ КГ,","2268","13","2.07","0"
"56784","СУПЕРМАРКЕТ СЛЪНЧЕВИ ЛЪЧИ УЛ МИХАЛАКИ ГЕОРГИЕВ 25","ИЗВАРА КАЙМАКАНИ КГ,","2268","13","2.07","0"
"56784","СУПЕРМАРКЕТ СЛЪНЧЕВИ ЛЪЧИ ФАМИЛИЯ БУЛ.НИКОЛА ВАПЦАРОВ 23","ИЗВАРА МАДЖАРОВ КГ.","99012","13","3.58","0"
"56784","СУПЕРМАРКЕТ СЛЪНЧЕВИ ЛЪЧИ УЛ МИХАЛАКИ ГЕОРГИЕВ 25","ИЗВАРА МАДЖАРОВ КГ.","99012","13","3.58","0"
"56784","СУПЕРМАРКЕТ СЛЪНЧЕВИ ЛЪЧИ ФАМИЛИЯ БУЛ.НИКОЛА ВАПЦАРОВ 23","ИЗВАРА МЕРОНЕ 400ГР.","3714","14","1.53","0"
"56784","СУПЕРМАРКЕТ СЛЪНЧЕВИ ЛЪЧИ УЛ МИХАЛАКИ ГЕОРГИЕВ 25","ИЗВАРА МЕРОНЕ 400ГР.","3714","14","1.53","0"
"56784","СУПЕРМАРКЕТ СЛЪНЧЕВИ ЛЪЧИ ФАМИЛИЯ БУЛ.НИКОЛА ВАПЦАРОВ 23","ПИЛЕ ОХЛАДЕНО ЛУДОГОРСКО КГ","6196","15","3.22","0"
"56784","СУПЕРМАРКЕТ СЛЪНЧЕВИ ЛЪЧИ УЛ МИХАЛАКИ ГЕОРГИЕВ 25","ПИЛЕ ОХЛАДЕНО ЛУДОГОРСКО КГ","6196","15","3.22","0"
"56784","СУПЕРМАРКЕТ СЛЪНЧЕВИ ЛЪЧИ ФАМИЛИЯ БУЛ.НИКОЛА ВАПЦАРОВ 23","ПИЛЕШКО ФИЛЕ ОХЛАДЕНО КГ.","6204","16","6.69","0"
"56784","СУПЕРМАРКЕТ СЛЪНЧЕВИ ЛЪЧИ УЛ МИХАЛАКИ ГЕОРГИЕВ 25","ПИЛЕШКО ФИЛЕ ОХЛАДЕНО КГ.","6204","16","6.69","0"
"56784","СУПЕРМАРКЕТ СЛЪНЧЕВИ ЛЪЧИ ФАМИЛИЯ БУЛ.НИКОЛА ВАПЦАРОВ 23","ОХЛАДЕНИ ПИЛЕШКИ БУТЧЕТА НАНЮК КГ.","0766","17","3.89","0"
"56784","СУПЕРМАРКЕТ СЛЪНЧЕВИ ЛЪЧИ УЛ МИХАЛАКИ ГЕОРГИЕВ 25","ОХЛАДЕНИ ПИЛЕШКИ БУТЧЕТА НАНЮК КГ.","0766","17","3.89","0"
"56784","СУПЕРМАРКЕТ СЛЪНЧЕВИ ЛЪЧИ ФАМИЛИЯ БУЛ.НИКОЛА ВАПЦАРОВ 23","СВИНСКА ПЛЕШКА БЕЗ КОСТ","0776","18","5.47","0"
"56784","СУПЕРМАРКЕТ СЛЪНЧЕВИ ЛЪЧИ УЛ МИХАЛАКИ ГЕОРГИЕВ 25","СВИНСКА ПЛЕШКА БЕЗ КОСТ","0776","18","5.47","0"
"56784","СУПЕРМАРКЕТ СЛЪНЧЕВИ ЛЪЧИ ФАМИЛИЯ БУЛ.НИКОЛА ВАПЦАРОВ 23","СВИНСКИ БУТ БЕЗ КОСТ","0554","19","5.27","0"
"56784","СУПЕРМАРКЕТ СЛЪНЧЕВИ ЛЪЧИ УЛ МИХАЛАКИ ГЕОРГИЕВ 25","СВИНСКИ БУТ БЕЗ КОСТ","0554","19","5.27","0"
"56784","СУПЕРМАРКЕТ СЛЪНЧЕВИ ЛЪЧИ ФАМИЛИЯ БУЛ.НИКОЛА ВАПЦАРОВ 23","СВИНСКИ ШОЛ","1098","20","5.42","0"
"56784","СУПЕРМАРКЕТ СЛЪНЧЕВИ ЛЪЧИ УЛ МИХАЛАКИ ГЕОРГИЕВ 25","СВИНСКИ ШОЛ","1098","20","5.42","0"
"56784","СУПЕРМАРКЕТ СЛЪНЧЕВИ ЛЪЧИ ФАМИЛИЯ БУЛ.НИКОЛА ВАПЦАРОВ 23","СВИНСКИ ВРАТ С КОСТ","0551","21","6.13","0"
"56784","СУПЕРМАРКЕТ СЛЪНЧЕВИ ЛЪЧИ УЛ МИХАЛАКИ ГЕОРГИЕВ 25","СВИНСКИ ВРАТ С КОСТ","0551","21","6.13","0"
"56784","СУПЕРМАРКЕТ СЛЪНЧЕВИ ЛЪЧИ ФАМИЛИЯ БУЛ.НИКОЛА ВАПЦАРОВ 23","СВИНСКО ЗА ГОТВЕНЕ","0561","22","6.08","0"
"56784","СУПЕРМАРКЕТ СЛЪНЧЕВИ ЛЪЧИ УЛ МИХАЛАКИ ГЕОРГИЕВ 25","СВИНСКО ЗА ГОТВЕНЕ","0561","22","6.08","0"
"56784","СУПЕРМАРКЕТ СЛЪНЧЕВИ ЛЪЧИ ФАМИЛИЯ БУЛ.НИКОЛА ВАПЦАРОВ 23","ТЕЛЕШКИ ШОЛ","0564","23","11.29","0"
"56784","СУПЕРМАРКЕТ СЛЪНЧЕВИ ЛЪЧИ УЛ МИХАЛАКИ ГЕОРГИЕВ 25","ТЕЛЕШКИ ШОЛ","0564","23","11.29","0"
"56784","СУПЕРМАРКЕТ СЛЪНЧЕВИ ЛЪЧИ ФАМИЛИЯ БУЛ.НИКОЛА ВАПЦАРОВ 23","ТЕЛЕШКО МЕСО ЗА ГОТВЕНЕ","2253","24","11.45","0"
"56784","СУПЕРМАРКЕТ СЛЪНЧЕВИ ЛЪЧИ УЛ МИХАЛАКИ ГЕОРГИЕВ 25","ТЕЛЕШКО МЕСО ЗА ГОТВЕНЕ","2253","24","11.45","0"
"56784","СУПЕРМАРКЕТ СЛЪНЧЕВИ ЛЪЧИ ФАМИЛИЯ БУЛ.НИКОЛА ВАПЦАРОВ 23","КАЙМА СМЕС II-60/40","0632","25","6.39","0"
"56784","СУПЕРМАРКЕТ СЛЪНЧЕВИ ЛЪЧИ УЛ МИХАЛАКИ ГЕОРГИЕВ 25","КАЙМА СМЕС II-60/40","0632","25","6.39","0"
"56784","СУПЕРМАРКЕТ СЛЪНЧЕВИ ЛЪЧИ ФАМИЛИЯ БУЛ.НИКОЛА ВАПЦАРОВ 23","КРЕНВИРШ ПИЛЕШКИ НАРОДЕН КГ.","8548","26","3.25","0"
"56784","СУПЕРМАРКЕТ СЛЪНЧЕВИ ЛЪЧИ УЛ МИХАЛАКИ ГЕОРГИЕВ 25","КРЕНВИРШ ПИЛЕШКИ НАРОДЕН КГ.","8548","26","3.25","0"
"56784","СУПЕРМАРКЕТ СЛЪНЧЕВИ ЛЪЧИ ФАМИЛИЯ БУЛ.НИКОЛА ВАПЦАРОВ 23","ТЕЛЕШКИ КЛАСИКА КЕН КГ.","0038","27","4.12","0"
"56784","СУПЕРМАРКЕТ СЛЪНЧЕВИ ЛЪЧИ УЛ МИХАЛАКИ ГЕОРГИЕВ 25","ТЕЛЕШКИ КЛАСИКА КЕН КГ.","0038","27","4.12","0"
"56784","СУПЕРМАРКЕТ СЛЪНЧЕВИ ЛЪЧИ ФАМИЛИЯ БУЛ.НИКОЛА ВАПЦАРОВ 23","БУРГАС ЕЛКО КГ,","0238","28","8.85","0"
"56784","СУПЕРМАРКЕТ СЛЪНЧЕВИ ЛЪЧИ УЛ МИХАЛАКИ ГЕОРГИЕВ 25","БУРГАС ЕЛКО КГ,","0238","28","8.85","0"
"56784","СУПЕРМАРКЕТ СЛЪНЧЕВИ ЛЪЧИ ФАМИЛИЯ БУЛ.НИКОЛА ВАПЦАРОВ 23","СКУМРИЯ 300/500 КГ.-НОРВЕГИЯ","1711","29","6.05","0"
"56784","СУПЕРМАРКЕТ СЛЪНЧЕВИ ЛЪЧИ УЛ МИХАЛАКИ ГЕОРГИЕВ 25","СКУМРИЯ 300/500 КГ.-НОРВЕГИЯ","1711","29","6.05","0"
"56784","СУПЕРМАРКЕТ СЛЪНЧЕВИ ЛЪЧИ ФАМИЛИЯ БУЛ.НИКОЛА ВАПЦАРОВ 23","ОХЛАДЕНА НОРВЕЖКА СКУМРИЯ КГ.","1123","30","6.14","0"
"56784","СУПЕРМАРКЕТ СЛЪНЧЕВИ ЛЪЧИ УЛ МИХАЛАКИ ГЕОРГИЕВ 25","ОХЛАДЕНА НОРВЕЖКА СКУМРИЯ КГ.","1123","30","6.14","0"
"56784","СУПЕРМАРКЕТ СЛЪНЧЕВИ ЛЪЧИ ФАМИЛИЯ БУЛ.НИКОЛА ВАПЦАРОВ 23","ЯЙЦА ФЕМИЛИ РАЗМЕР М 10БР","98780","31","2.88","0"
"56784","СУПЕРМАРКЕТ СЛЪНЧЕВИ ЛЪЧИ УЛ МИХАЛАКИ ГЕОРГИЕВ 25","ЯЙЦА ФЕМИЛИ РАЗМЕР М 10БР","98780","31","2.88","0"
"56784","СУПЕРМАРКЕТ СЛЪНЧЕВИ ЛЪЧИ ФАМИЛИЯ БУЛ.НИКОЛА ВАПЦАРОВ 23","ЯЙЦА ФЕМИЛИ  РАЗМЕР L 6","99094","32","1.80","0"
"56784","СУПЕРМАРКЕТ СЛЪНЧЕВИ ЛЪЧИ УЛ МИХАЛАКИ ГЕОРГИЕВ 25","ЯЙЦА ФЕМИЛИ  РАЗМЕР L 6","99094","32","1.80","0"
"56784","СУПЕРМАРКЕТ СЛЪНЧЕВИ ЛЪЧИ ФАМИЛИЯ БУЛ.НИКОЛА ВАПЦАРОВ 23","БОБ ФАМИЛЕКС ДОБРУДЖАНКА 1КГ.","50233","33","3.22","0"
"56784","СУПЕРМАРКЕТ СЛЪНЧЕВИ ЛЪЧИ УЛ МИХАЛАКИ ГЕОРГИЕВ 25","БОБ ФАМИЛЕКС ДОБРУДЖАНКА 1КГ.","50233","33","3.22","0"
"56784","СУПЕРМАРКЕТ СЛЪНЧЕВИ ЛЪЧИ ФАМИЛИЯ БУЛ.НИКОЛА ВАПЦАРОВ 23","ЛЕЩА КЛАСИК АРИВА 1кг.","63863","34","2.43","0"
"56784","СУПЕРМАРКЕТ СЛЪНЧЕВИ ЛЪЧИ УЛ МИХАЛАКИ ГЕОРГИЕВ 25","ЛЕЩА КЛАСИК АРИВА 1кг.","63863","34","2.43","0"
"56784","СУПЕРМАРКЕТ СЛЪНЧЕВИ ЛЪЧИ ФАМИЛИЯ БУЛ.НИКОЛА ВАПЦАРОВ 23","ОРИЗ НАЦИОНАЛ БЪЛГАРСКИ 1КГ.","63703","35","1.48","0"
"56784","СУПЕРМАРКЕТ СЛЪНЧЕВИ ЛЪЧИ УЛ МИХАЛАКИ ГЕОРГИЕВ 25","ОРИЗ НАЦИОНАЛ БЪЛГАРСКИ 1КГ.","63703","35","1.48","0"
"56784","СУПЕРМАРКЕТ СЛЪНЧЕВИ ЛЪЧИ ФАМИЛИЯ БУЛ.НИКОЛА ВАПЦАРОВ 23","МАКАРОНИ/СПАГЕТИ/ФИДЕ/КУС КУС АРБЕЛА/ПАСТАВИЛА 400/500ГР.","18814","36","0.66","0"
"56784","СУПЕРМАРКЕТ СЛЪНЧЕВИ ЛЪЧИ УЛ МИХАЛАКИ ГЕОРГИЕВ 25","МАКАРОНИ/СПАГЕТИ/ФИДЕ/КУС КУС АРБЕЛА/ПАСТАВИЛА 400/500ГР.","18814","36","0.66","0"
"56784","СУПЕРМАРКЕТ СЛЪНЧЕВИ ЛЪЧИ ФАМИЛИЯ БУЛ.НИКОЛА ВАПЦАРОВ 23","СПАГЕТИ ФИОРЕ 400ГР.","19607","37","0.75","0"
"56784","СУПЕРМАРКЕТ СЛЪНЧЕВИ ЛЪЧИ УЛ МИХАЛАКИ ГЕОРГИЕВ 25","СПАГЕТИ ФИОРЕ 400ГР.","19607","37","0.75","0"
"56784","СУПЕРМАРКЕТ СЛЪНЧЕВИ ЛЪЧИ ФАМИЛИЯ БУЛ.НИКОЛА ВАПЦАРОВ 23","ЗАХАР ФИОРРЕ 1КГ","63653","38","0.92","0"
"56784","СУПЕРМАРКЕТ СЛЪНЧЕВИ ЛЪЧИ УЛ МИХАЛАКИ ГЕОРГИЕВ 25","ЗАХАР ФИОРРЕ 1КГ","63653","38","0.92","0"
"56784","СУПЕРМАРКЕТ СЛЪНЧЕВИ ЛЪЧИ ФАМИЛИЯ БУЛ.НИКОЛА ВАПЦАРОВ 23","СОЛ ЕКСТРА ФИОРЕ 1КГ.","8983","39","0.40","0"
"56784","СУПЕРМАРКЕТ СЛЪНЧЕВИ ЛЪЧИ УЛ МИХАЛАКИ ГЕОРГИЕВ 25","СОЛ ЕКСТРА ФИОРЕ 1КГ.","8983","39","0.40","0"
"56784","СУПЕРМАРКЕТ СЛЪНЧЕВИ ЛЪЧИ ФАМИЛИЯ БУЛ.НИКОЛА ВАПЦАРОВ 23","БРАШНО БЯЛО СИМИД 1КГ.","8820","40","0.81","0"
"56784","СУПЕРМАРКЕТ СЛЪНЧЕВИ ЛЪЧИ УЛ МИХАЛАКИ ГЕОРГИЕВ 25","БРАШНО БЯЛО СИМИД 1КГ.","8820","40","0.81","0"
"56784","СУПЕРМАРКЕТ СЛЪНЧЕВИ ЛЪЧИ ФАМИЛИЯ БУЛ.НИКОЛА ВАПЦАРОВ 23","БРАШНО СОФИМЕЛ 1КГ.ЕКСТРА","3720","41","1.02","0"
"56784","СУПЕРМАРКЕТ СЛЪНЧЕВИ ЛЪЧИ УЛ МИХАЛАКИ ГЕОРГИЕВ 25","БРАШНО СОФИМЕЛ 1КГ.ЕКСТРА","3720","41","1.02","0"
"56784","СУПЕРМАРКЕТ СЛЪНЧЕВИ ЛЪЧИ ФАМИЛИЯ БУЛ.НИКОЛА ВАПЦАРОВ 23","ОЛИО КАЛИАКРА ПЪРВА ПРЕСА 1Л.","5980","42","2.04","0"
"56784","СУПЕРМАРКЕТ СЛЪНЧЕВИ ЛЪЧИ УЛ МИХАЛАКИ ГЕОРГИЕВ 25","ОЛИО КАЛИАКРА ПЪРВА ПРЕСА 1Л.","5980","42","2.04","0"
"56784","СУПЕРМАРКЕТ СЛЪНЧЕВИ ЛЪЧИ ФАМИЛИЯ БУЛ.НИКОЛА ВАПЦАРОВ 23","МАСЛИН. МАСЛО ОМЕГА ЕКСТРА  ВЪРДЖИН 1Л.","14143","43","7.36","0"
"56784","СУПЕРМАРКЕТ СЛЪНЧЕВИ ЛЪЧИ УЛ МИХАЛАКИ ГЕОРГИЕВ 25","МАСЛИН. МАСЛО ОМЕГА ЕКСТРА  ВЪРДЖИН 1Л.","14143","43","7.36","0"
"56784","СУПЕРМАРКЕТ СЛЪНЧЕВИ ЛЪЧИ ФАМИЛИЯ БУЛ.НИКОЛА ВАПЦАРОВ 23","ВИНЕН ОЦЕТ ФАМИЛЕКС 700мл.","11889","44","1.31","0"
"56784","СУПЕРМАРКЕТ СЛЪНЧЕВИ ЛЪЧИ УЛ МИХАЛАКИ ГЕОРГИЕВ 25","ВИНЕН ОЦЕТ ФАМИЛЕКС 700мл.","11889","44","1.31","0"
"56784","СУПЕРМАРКЕТ СЛЪНЧЕВИ ЛЪЧИ ФАМИЛИЯ БУЛ.НИКОЛА ВАПЦАРОВ 23","ЯБЪЛКОВ ОЦЕТ ФАМИЛЕКС 700МЛ.","760","45","1.39","0"
"56784","СУПЕРМАРКЕТ СЛЪНЧЕВИ ЛЪЧИ УЛ МИХАЛАКИ ГЕОРГИЕВ 25","ЯБЪЛКОВ ОЦЕТ ФАМИЛЕКС 700МЛ.","760","45","1.39","0"
"56784","СУПЕРМАРКЕТ СЛЪНЧЕВИ ЛЪЧИ ФАМИЛИЯ БУЛ.НИКОЛА ВАПЦАРОВ 23","БОБ МАСЛЕН ФИОРЕ 400ГР. КОНСЕРВА","50121","46","0.93","0"
"56784","СУПЕРМАРКЕТ СЛЪНЧЕВИ ЛЪЧИ УЛ МИХАЛАКИ ГЕОРГИЕВ 25","БОБ МАСЛЕН ФИОРЕ 400ГР. КОНСЕРВА","50121","46","0.93","0"
"56784","СУПЕРМАРКЕТ СЛЪНЧЕВИ ЛЪЧИ ФАМИЛИЯ БУЛ.НИКОЛА ВАПЦАРОВ 23","ГРАХ АРИВА 400гр. МЕТ.КУТ.","63335","47","1.12","0"
"56784","СУПЕРМАРКЕТ СЛЪНЧЕВИ ЛЪЧИ УЛ МИХАЛАКИ ГЕОРГИЕВ 25","ГРАХ АРИВА 400гр. МЕТ.КУТ.","63335","47","1.12","0"
"56784","СУПЕРМАРКЕТ СЛЪНЧЕВИ ЛЪЧИ ФАМИЛИЯ БУЛ.НИКОЛА ВАПЦАРОВ 23","ДОМАТИ БЕЛЕНИ НА КУБЧЕТА АРТЕ 0,400ГР.","100090","48","0.92","0"
"56784","СУПЕРМАРКЕТ СЛЪНЧЕВИ ЛЪЧИ УЛ МИХАЛАКИ ГЕОРГИЕВ 25","ДОМАТИ БЕЛЕНИ НА КУБЧЕТА АРТЕ 0,400ГР.","100090","48","0.92","0"
"56784","СУПЕРМАРКЕТ СЛЪНЧЕВИ ЛЪЧИ ФАМИЛИЯ БУЛ.НИКОЛА ВАПЦАРОВ 23","ЛЮТЕНИЦА ПЪРВОМАЙСКИ ОРКЕСТЪР 0,560ГР.","4834","49","2.06","0"
"56784","СУПЕРМАРКЕТ СЛЪНЧЕВИ ЛЪЧИ УЛ МИХАЛАКИ ГЕОРГИЕВ 25","ЛЮТЕНИЦА ПЪРВОМАЙСКИ ОРКЕСТЪР 0,560ГР.","4834","49","2.06","0"
"56784","СУПЕРМАРКЕТ СЛЪНЧЕВИ ЛЪЧИ ФАМИЛИЯ БУЛ.НИКОЛА ВАПЦАРОВ 23","ЛИМОН","0618","50","2.52","0"
"56784","СУПЕРМАРКЕТ СЛЪНЧЕВИ ЛЪЧИ УЛ МИХАЛАКИ ГЕОРГИЕВ 25","ЛИМОН","0618","50","2.52","0"
"56784","СУПЕРМАРКЕТ СЛЪНЧЕВИ ЛЪЧИ ФАМИЛИЯ БУЛ.НИКОЛА ВАПЦАРОВ 23","ПОРТОКАЛ","0617","51","1.17","0"
"56784","СУПЕРМАРКЕТ СЛЪНЧЕВИ ЛЪЧИ УЛ МИХАЛАКИ ГЕОРГИЕВ 25","ПОРТОКАЛ","0617","51","1.17","0"
"56784","СУПЕРМАРКЕТ СЛЪНЧЕВИ ЛЪЧИ ФАМИЛИЯ БУЛ.НИКОЛА ВАПЦАРОВ 23","БАНАНИ","0615","52","1.62","0"
"56784","СУПЕРМАРКЕТ СЛЪНЧЕВИ ЛЪЧИ УЛ МИХАЛАКИ ГЕОРГИЕВ 25","БАНАНИ","0615","52","1.62","0"
"56784","СУПЕРМАРКЕТ СЛЪНЧЕВИ ЛЪЧИ ФАМИЛИЯ БУЛ.НИКОЛА ВАПЦАРОВ 23","ЯБЪЛКИ  КГ.","1205","53","1.46","0"
"56784","СУПЕРМАРКЕТ СЛЪНЧЕВИ ЛЪЧИ УЛ МИХАЛАКИ ГЕОРГИЕВ 25","ЯБЪЛКИ  КГ.","1205","53","1.46","0"
"56784","СУПЕРМАРКЕТ СЛЪНЧЕВИ ЛЪЧИ ФАМИЛИЯ БУЛ.НИКОЛА ВАПЦАРОВ 23","ДОМАТИ  КГ.","3460","54","2.59","0"
"56784","СУПЕРМАРКЕТ СЛЪНЧЕВИ ЛЪЧИ УЛ МИХАЛАКИ ГЕОРГИЕВ 25","ДОМАТИ  КГ.","3460","54","2.59","0"
"56784","СУПЕРМАРКЕТ СЛЪНЧЕВИ ЛЪЧИ ФАМИЛИЯ БУЛ.НИКОЛА ВАПЦАРОВ 23","СТАР ЛУК","0614","55","0.57","0"
"56784","СУПЕРМАРКЕТ СЛЪНЧЕВИ ЛЪЧИ УЛ МИХАЛАКИ ГЕОРГИЕВ 25","СТАР ЛУК","0614","55","0.57","0"
"56784","СУПЕРМАРКЕТ СЛЪНЧЕВИ ЛЪЧИ ФАМИЛИЯ БУЛ.НИКОЛА ВАПЦАРОВ 23","МОРКОВИ","0621","56","0.76","0"
"56784","СУПЕРМАРКЕТ СЛЪНЧЕВИ ЛЪЧИ УЛ МИХАЛАКИ ГЕОРГИЕВ 25","МОРКОВИ","0621","56","0.76","0"
"56784","СУПЕРМАРКЕТ СЛЪНЧЕВИ ЛЪЧИ ФАМИЛИЯ БУЛ.НИКОЛА ВАПЦАРОВ 23","ЗЕЛЕ КГ.","1239","57","0.72","0"
"56784","СУПЕРМАРКЕТ СЛЪНЧЕВИ ЛЪЧИ УЛ МИХАЛАКИ ГЕОРГИЕВ 25","ЗЕЛЕ КГ.","1239","57","0.72","0"
"56784","СУПЕРМАРКЕТ СЛЪНЧЕВИ ЛЪЧИ ФАМИЛИЯ БУЛ.НИКОЛА ВАПЦАРОВ 23","КРАСТАВИЦА  КГ.","0860","58","3.65","0"
"56784","СУПЕРМАРКЕТ СЛЪНЧЕВИ ЛЪЧИ УЛ МИХАЛАКИ ГЕОРГИЕВ 25","КРАСТАВИЦА  КГ.","0860","58","3.65","0"
"56784","СУПЕРМАРКЕТ СЛЪНЧЕВИ ЛЪЧИ ФАМИЛИЯ БУЛ.НИКОЛА ВАПЦАРОВ 23","ЧЕСЪН НА КГ.","0608","59","4.35","0"
"56784","СУПЕРМАРКЕТ СЛЪНЧЕВИ ЛЪЧИ УЛ МИХАЛАКИ ГЕОРГИЕВ 25","ЧЕСЪН НА КГ.","0608","59","4.35","0"
"56784","СУПЕРМАРКЕТ СЛЪНЧЕВИ ЛЪЧИ ФАМИЛИЯ БУЛ.НИКОЛА ВАПЦАРОВ 23","ГЪБИ","0528","60","3.91","0"
"56784","СУПЕРМАРКЕТ СЛЪНЧЕВИ ЛЪЧИ УЛ МИХАЛАКИ ГЕОРГИЕВ 25","ГЪБИ","0528","60","3.91","0"
"56784","СУПЕРМАРКЕТ СЛЪНЧЕВИ ЛЪЧИ ФАМИЛИЯ БУЛ.НИКОЛА ВАПЦАРОВ 23","КАРТОФИ  КГ.","2012","61","0.54","0"
"56784","СУПЕРМАРКЕТ СЛЪНЧЕВИ ЛЪЧИ УЛ МИХАЛАКИ ГЕОРГИЕВ 25","КАРТОФИ  КГ.","2012","61","0.54","0"
"56784","СУПЕРМАРКЕТ СЛЪНЧЕВИ ЛЪЧИ ФАМИЛИЯ БУЛ.НИКОЛА ВАПЦАРОВ 23","МАСЛИНИ ТУРСКИ НАТУРАЛНИ ОСЛУ","1225","62","4.55","0"
"56784","СУПЕРМАРКЕТ СЛЪНЧЕВИ ЛЪЧИ УЛ МИХАЛАКИ ГЕОРГИЕВ 25","МАСЛИНИ ТУРСКИ НАТУРАЛНИ ОСЛУ","1225","62","4.55","0"
"56784","СУПЕРМАРКЕТ СЛЪНЧЕВИ ЛЪЧИ ФАМИЛИЯ БУЛ.НИКОЛА ВАПЦАРОВ 23","МЛЕЧНА КАША ЗЪРНИН 8 ГАНЧЕВ 200ГР.","14644","63","2.53","0"
"56784","СУПЕРМАРКЕТ СЛЪНЧЕВИ ЛЪЧИ УЛ МИХАЛАКИ ГЕОРГИЕВ 25","МЛЕЧНА КАША ЗЪРНИН 8 ГАНЧЕВ 200ГР.","14644","63","2.53","0"
"56784","СУПЕРМАРКЕТ СЛЪНЧЕВИ ЛЪЧИ ФАМИЛИЯ БУЛ.НИКОЛА ВАПЦАРОВ 23","ПЮРЕ ОТ БАНАНИ ГАНЧЕВ 190ГР.","3415","64","1.04","0"
"56784","СУПЕРМАРКЕТ СЛЪНЧЕВИ ЛЪЧИ УЛ МИХАЛАКИ ГЕОРГИЕВ 25","ПЮРЕ ОТ БАНАНИ ГАНЧЕВ 190ГР.","3415","64","1.04","0"
"56784","СУПЕРМАРКЕТ СЛЪНЧЕВИ ЛЪЧИ ФАМИЛИЯ БУЛ.НИКОЛА ВАПЦАРОВ 23","АДАПТИРАНО МЛЯКО АПТАМИЛ 400 ГР.","2613","65","12.24","0"
"56784","СУПЕРМАРКЕТ СЛЪНЧЕВИ ЛЪЧИ УЛ МИХАЛАКИ ГЕОРГИЕВ 25","АДАПТИРАНО МЛЯКО АПТАМИЛ 400 ГР.","2613","65","12.24","0"
"56784","СУПЕРМАРКЕТ СЛЪНЧЕВИ ЛЪЧИ ФАМИЛИЯ БУЛ.НИКОЛА ВАПЦАРОВ 23","БИСКВИТИ ОБИКНОВЕННИ КРИСТАЛ","4128","66","0.67","0"
"56784","СУПЕРМАРКЕТ СЛЪНЧЕВИ ЛЪЧИ УЛ МИХАЛАКИ ГЕОРГИЕВ 25","БИСКВИТИ ОБИКНОВЕННИ КРИСТАЛ","4128","66","0.67","0"
"56784","СУПЕРМАРКЕТ СЛЪНЧЕВИ ЛЪЧИ ФАМИЛИЯ БУЛ.НИКОЛА ВАПЦАРОВ 23","КРОАСАН ТУДЕЙ 55ГР.","14816","67","0.26","0"
"56784","СУПЕРМАРКЕТ СЛЪНЧЕВИ ЛЪЧИ УЛ МИХАЛАКИ ГЕОРГИЕВ 25","КРОАСАН ТУДЕЙ 55ГР.","14816","67","0.26","0"
"56784","СУПЕРМАРКЕТ СЛЪНЧЕВИ ЛЪЧИ ФАМИЛИЯ БУЛ.НИКОЛА ВАПЦАРОВ 23","БАНИЧКИ ОТ ТОЧЕНИ КОРИ БЕЛЛА СЪС СИРЕНЕ 8х60гр.","15723","68","2.04","0"
"56784","СУПЕРМАРКЕТ СЛЪНЧЕВИ ЛЪЧИ УЛ МИХАЛАКИ ГЕОРГИЕВ 25","БАНИЧКИ ОТ ТОЧЕНИ КОРИ БЕЛЛА СЪС СИРЕНЕ 8х60гр.","15723","68","2.04","0"
"56784","СУПЕРМАРКЕТ СЛЪНЧЕВИ ЛЪЧИ ФАМИЛИЯ БУЛ.НИКОЛА ВАПЦАРОВ 23","ШОКОЛАД МЛЕЧЕН 80ГР","18731","69","1.10","0"
"56784","СУПЕРМАРКЕТ СЛЪНЧЕВИ ЛЪЧИ УЛ МИХАЛАКИ ГЕОРГИЕВ 25","ШОКОЛАД МЛЕЧЕН 80ГР","18731","69","1.10","0"
"56784","СУПЕРМАРКЕТ СЛЪНЧЕВИ ЛЪЧИ ФАМИЛИЯ БУЛ.НИКОЛА ВАПЦАРОВ 23","КАФЕ ЛАВАЦА КРЕМА Е ГУСТО 250ГР.","4794","70","6.44","0"
"56784","СУПЕРМАРКЕТ СЛЪНЧЕВИ ЛЪЧИ УЛ МИХАЛАКИ ГЕОРГИЕВ 25","КАФЕ ЛАВАЦА КРЕМА Е ГУСТО 250ГР.","4794","70","6.44","0"
"56784","СУПЕРМАРКЕТ СЛЪНЧЕВИ ЛЪЧИ ФАМИЛИЯ БУЛ.НИКОЛА ВАПЦАРОВ 23","КАФЕ НОВА БРАЗИЛИЯ НА ЗЪРНА 1КГ.","19191","71","19.68","0"
"56784","СУПЕРМАРКЕТ СЛЪНЧЕВИ ЛЪЧИ УЛ МИХАЛАКИ ГЕОРГИЕВ 25","КАФЕ НОВА БРАЗИЛИЯ НА ЗЪРНА 1КГ.","19191","71","19.68","0"
"56784","СУПЕРМАРКЕТ СЛЪНЧЕВИ ЛЪЧИ ФАМИЛИЯ БУЛ.НИКОЛА ВАПЦАРОВ 23","ЧАЙОВЕ АСОРТИ БИОСЕТ-20БР.","12531","72","1.15","0"
"56784","СУПЕРМАРКЕТ СЛЪНЧЕВИ ЛЪЧИ УЛ МИХАЛАКИ ГЕОРГИЕВ 25","ЧАЙОВЕ АСОРТИ БИОСЕТ-20БР.","12531","72","1.15","0"
"56784","СУПЕРМАРКЕТ СЛЪНЧЕВИ ЛЪЧИ ФАМИЛИЯ БУЛ.НИКОЛА ВАПЦАРОВ 23","МИН. ВОДА ГОРНА БАНЯ 1.5Л.","50180","73","0.54","0"
"56784","СУПЕРМАРКЕТ СЛЪНЧЕВИ ЛЪЧИ УЛ МИХАЛАКИ ГЕОРГИЕВ 25","МИН. ВОДА ГОРНА БАНЯ 1.5Л.","50180","73","0.54","0"
"56784","СУПЕРМАРКЕТ СЛЪНЧЕВИ ЛЪЧИ ФАМИЛИЯ БУЛ.НИКОЛА ВАПЦАРОВ 23","БИРА АСТИКА 2л./2.300МЛ","60372","74","1.61","0"
"56784","СУПЕРМАРКЕТ СЛЪНЧЕВИ ЛЪЧИ УЛ МИХАЛАКИ ГЕОРГИЕВ 25","БИРА АСТИКА 2л./2.300МЛ","60372","74","1.61","0"
"56784","СУПЕРМАРКЕТ СЛЪНЧЕВИ ЛЪЧИ ФАМИЛИЯ БУЛ.НИКОЛА ВАПЦАРОВ 23","ВИНО МЕХАНДЖИЙСКО 0.75 КАРНОБАТ","9224","75","1.65","0"
"56784","СУПЕРМАРКЕТ СЛЪНЧЕВИ ЛЪЧИ УЛ МИХАЛАКИ ГЕОРГИЕВ 25","ВИНО МЕХАНДЖИЙСКО 0.75 КАРНОБАТ","9224","75","1.65","0"
"56784","СУПЕРМАРКЕТ СЛЪНЧЕВИ ЛЪЧИ ФАМИЛИЯ БУЛ.НИКОЛА ВАПЦАРОВ 23","ВИНО СОФИЯ МЕРЛО КАРНОБАТ 0.7Л.","3937","76","2.28","0"
"56784","СУПЕРМАРКЕТ СЛЪНЧЕВИ ЛЪЧИ УЛ МИХАЛАКИ ГЕОРГИЕВ 25","ВИНО СОФИЯ МЕРЛО КАРНОБАТ 0.7Л.","3937","76","2.28","0"
"56784","СУПЕРМАРКЕТ СЛЪНЧЕВИ ЛЪЧИ ФАМИЛИЯ БУЛ.НИКОЛА ВАПЦАРОВ 23","РАКИЯ БУРГАСКА ГРОЗДОВА 0,7Л.","10141","77","7.66","0"
"56784","СУПЕРМАРКЕТ СЛЪНЧЕВИ ЛЪЧИ УЛ МИХАЛАКИ ГЕОРГИЕВ 25","РАКИЯ БУРГАСКА ГРОЗДОВА 0,7Л.","10141","77","7.66","0"
"56784","СУПЕРМАРКЕТ СЛЪНЧЕВИ ЛЪЧИ ФАМИЛИЯ БУЛ.НИКОЛА ВАПЦАРОВ 23","ЦИГАРИ МЕРИЛИН СЛИМ РОЗОВ","18892","78","3.17","0"
"56784","СУПЕРМАРКЕТ СЛЪНЧЕВИ ЛЪЧИ УЛ МИХАЛАКИ ГЕОРГИЕВ 25","ЦИГАРИ МЕРИЛИН СЛИМ РОЗОВ","18892","78","3.17","0"
"56784","СУПЕРМАРКЕТ СЛЪНЧЕВИ ЛЪЧИ ФАМИЛИЯ БУЛ.НИКОЛА ВАПЦАРОВ 23","ВЕРО МЕДИКС КЛАСИК 500МЛ.","50566","79","0.73","0"
"56784","СУПЕРМАРКЕТ СЛЪНЧЕВИ ЛЪЧИ УЛ МИХАЛАКИ ГЕОРГИЕВ 25","ВЕРО МЕДИКС КЛАСИК 500МЛ.","50566","79","0.73","0"
"56784","СУПЕРМАРКЕТ СЛЪНЧЕВИ ЛЪЧИ ФАМИЛИЯ БУЛ.НИКОЛА ВАПЦАРОВ 23","ПАСТА ЗА ЗЪБИ ПОМОРИН 100МЛ.","10680","80","1.35","0"
"56784","СУПЕРМАРКЕТ СЛЪНЧЕВИ ЛЪЧИ УЛ МИХАЛАКИ ГЕОРГИЕВ 25","ПАСТА ЗА ЗЪБИ ПОМОРИН 100МЛ.","10680","80","1.35","0"
"56784","СУПЕРМАРКЕТ СЛЪНЧЕВИ ЛЪЧИ ФАМИЛИЯ БУЛ.НИКОЛА ВАПЦАРОВ 23","ЧЕТКА ЗА ЗЪБИ ПОМОРИН ТРИПЪЛ ЕФЕКТ МЕДИУМ/СОФТ","99608","80","1.38","0"
"56784","СУПЕРМАРКЕТ СЛЪНЧЕВИ ЛЪЧИ УЛ МИХАЛАКИ ГЕОРГИЕВ 25","ЧЕТКА ЗА ЗЪБИ ПОМОРИН ТРИПЪЛ ЕФЕКТ МЕДИУМ/СОФТ","99608","80","1.38","0"
"56784","СУПЕРМАРКЕТ СЛЪНЧЕВИ ЛЪЧИ ФАМИЛИЯ БУЛ.НИКОЛА ВАПЦАРОВ 23","ШАМПОАН МИЛ МИЛ ДЕТСКИ 400мл.","5648","82","2.48","0"
"56784","СУПЕРМАРКЕТ СЛЪНЧЕВИ ЛЪЧИ УЛ МИХАЛАКИ ГЕОРГИЕВ 25","ШАМПОАН МИЛ МИЛ ДЕТСКИ 400мл.","5648","82","2.48","0"
"56784","СУПЕРМАРКЕТ СЛЪНЧЕВИ ЛЪЧИ ФАМИЛИЯ БУЛ.НИКОЛА ВАПЦАРОВ 23","САПУН ТЕО СУПЕРМАКС 140гр.","19327","83","0.88","0"
"56784","СУПЕРМАРКЕТ СЛЪНЧЕВИ ЛЪЧИ УЛ МИХАЛАКИ ГЕОРГИЕВ 25","САПУН ТЕО СУПЕРМАКС 140гр.","19327","83","0.88","0"
"56784","СУПЕРМАРКЕТ СЛЪНЧЕВИ ЛЪЧИ ФАМИЛИЯ БУЛ.НИКОЛА ВАПЦАРОВ 23","МОКРИ КЪРПИ СПРИНГ 90БР. С КАПАК","13931","84","0.95","0"
"56784","СУПЕРМАРКЕТ СЛЪНЧЕВИ ЛЪЧИ УЛ МИХАЛАКИ ГЕОРГИЕВ 25","МОКРИ КЪРПИ СПРИНГ 90БР. С КАПАК","13931","84","0.95","0"
"56784","СУПЕРМАРКЕТ СЛЪНЧЕВИ ЛЪЧИ ФАМИЛИЯ БУЛ.НИКОЛА ВАПЦАРОВ 23","ФАМИЛИЯ ТОАЛЕТНА ХАРТИЯ 8-ЦА","62659","85","2.65","0"
"56784","СУПЕРМАРКЕТ СЛЪНЧЕВИ ЛЪЧИ УЛ МИХАЛАКИ ГЕОРГИЕВ 25","ФАМИЛИЯ ТОАЛЕТНА ХАРТИЯ 8-ЦА","62659","85","2.65","0"
