"Населено място","Търговски обект","Наименование на продукта","Код на продукта","Категория","Цена на дребно","Цена в промоция"
"55155","Супермаркет ""ТАРИТА"" №001, гр.Пазарджик ,ул.Болнична 416","СВИНСКА ПЛЕШКА И БУТ пр:БЪЛГАРИЯ","232","18","3.57",""
"55155","Супермаркет ""ТАРИТА"" №001, гр.Пазарджик ,ул.Болнична 416","Ракия Пещера ""Гроздова"" 700мл.","101034","77","7.15",""
"55155","Супермаркет ""ТАРИТА"" №001, гр.Пазарджик ,ул.Болнична 416","КРЕНВИРШ КЕН кг","10","26","6.36",""
"55155","Супермаркет ""ТАРИТА"" №001, гр.Пазарджик ,ул.Болнична 416","СВИНСКИ БУТ КАРЕ ЗА СКАРА кг","15","19","6.53",""
"55155","Супермаркет ""ТАРИТА"" №001, гр.Пазарджик ,ул.Болнична 416","БАНАНИ БОНИТА","30","52","1.74",""
"55155","Супермаркет ""ТАРИТА"" №001, гр.Пазарджик ,ул.Болнична 416","ПЛОД Портокали  кг","31","51","1.69",""
"55155","Супермаркет ""ТАРИТА"" №001, гр.Пазарджик ,ул.Болнична 416","ДОМАТИ кг.","32","54","2.30",""
"55155","Супермаркет ""ТАРИТА"" №001, гр.Пазарджик ,ул.Болнична 416","Лимони Фреш  кг.","34","50","2.03",""
"55155","Супермаркет ""ТАРИТА"" №001, гр.Пазарджик ,ул.Болнична 416","Шоколад МЛЕЧЕН 80г","2619","69","0.90",""
"55155","Супермаркет ""ТАРИТА"" №001, гр.Пазарджик ,ул.Болнична 416","Белла  Точени Кори Фини 400гр","3460","5","1.70",""
"55155","Супермаркет ""ТАРИТА"" №001, гр.Пазарджик ,ул.Болнична 416","ОЛИО КАРИНА 1л.","3444","42","1.59",""
"55155","Супермаркет ""ТАРИТА"" №001, гр.Пазарджик ,ул.Болнична 416","Краставица кг","258","58","2.81",""
"55155","Супермаркет ""ТАРИТА"" №001, гр.Пазарджик ,ул.Болнична 416","Кашкавал Силистра Милитан Тост   кг","261","11","12.26",""
"55155","Супермаркет ""ТАРИТА"" №001, гр.Пазарджик ,ул.Болнична 416","СКУМРИЯ ЕДРА 4-6 БЛОК  кг","3521","29","6.65",""
"55155","Супермаркет ""ТАРИТА"" №001, гр.Пазарджик ,ул.Болнична 416","НАСИПНА ГЪБА  кг","3549","60","4.08",""
"55155","Супермаркет ""ТАРИТА"" №001, гр.Пазарджик ,ул.Болнична 416","КАШКАВАЛ БОРИНО триъгълник кг","816","11","12.77",""
"55155","Супермаркет ""ТАРИТА"" №001, гр.Пазарджик ,ул.Болнична 416","Моркови кг.","333","56","0.66",""
"55155","Супермаркет ""ТАРИТА"" №001, гр.Пазарджик ,ул.Болнична 416","ЧИСТЕНА ЦИПУРА  пр:ГЪРЦИЯ","5109","30","14.20",""
"55155","Супермаркет ""ТАРИТА"" №001, гр.Пазарджик ,ул.Болнична 416","Ябълки кг.","370","53","1.01",""
"55155","Супермаркет ""ТАРИТА"" №001, гр.Пазарджик ,ул.Болнична 416","Извара   РАВНОГОР  кг","398","13","1.66",""
"55155","Супермаркет ""ТАРИТА"" №001, гр.Пазарджик ,ул.Болнична 416","ПИЛЕ ОХЛАДЕНО кг.","445","15","4.26",""
"55155","Супермаркет ""ТАРИТА"" №001, гр.Пазарджик ,ул.Болнична 416","ПИЛЕШКО БУТЧЕ ОХЛАДЕНО","446","17","2.34",""
"55155","Супермаркет ""ТАРИТА"" №001, гр.Пазарджик ,ул.Болнична 416","ОХЛАДЕН СВИНСКИ ВРАТ","994","21","4.08",""
"55155","Супермаркет ""ТАРИТА"" №001, гр.Пазарджик ,ул.Болнична 416","Кромид Лук кг.","103","55","0.89",""
"55155","Супермаркет ""ТАРИТА"" №001, гр.Пазарджик ,ул.Болнична 416","ЗЕЛЕ кг","1069","57","0.38",""
"55155","Супермаркет ""ТАРИТА"" №001, гр.Пазарджик ,ул.Болнична 416","СИРЕНЕ ВАКУУМ Ситово КЛАСИК Краве кг.","4647","9","9.19",""
"55155","Супермаркет ""ТАРИТА"" №001, гр.Пазарджик ,ул.Болнична 416","Брашно Софиямел  Екстра 1кг/1.1кг","4798","41","1.24",""
"55155","Супермаркет ""ТАРИТА"" №001, гр.Пазарджик ,ул.Болнична 416","КАЙМА ЛУКСА 70-30 кг.","1166","25","4.37",""
"55155","Супермаркет ""ТАРИТА"" №001, гр.Пазарджик ,ул.Болнична 416","Чесън кг","624","59","5.10",""
"55155","Супермаркет ""ТАРИТА"" №001, гр.Пазарджик ,ул.Болнична 416","Родопчанка Кашкавал Клин кг","545","11","12.26",""
"55155","Супермаркет ""ТАРИТА"" №001, гр.Пазарджик ,ул.Болнична 416","САЯНА Краве Сирене  кг.","6021","8","6.13",""
"55155","Супермаркет ""ТАРИТА"" №001, гр.Пазарджик ,ул.Болнична 416","Картоф кг","6221","61","0.72",""
"55155","Супермаркет ""ТАРИТА"" №001, гр.Пазарджик ,ул.Болнична 416","ВИНО ШАТО КАРНОБАТ  видове 750мл.","101570","76","4.54",""
"55155","Супермаркет ""ТАРИТА"" №001, гр.Пазарджик ,ул.Болнична 416","Брашно Софимел Тип 500 /  1кг/1.1кг","11575","40","1.19",""
"55155","Супермаркет ""ТАРИТА"" №001, гр.Пазарджик ,ул.Болнична 416","Народен  Малотраен Колбас 300г ВИДОВЕ","12674","27","1.73",""
"55155","Супермаркет ""ТАРИТА"" №001, гр.Пазарджик ,ул.Болнична 416","ЛЮТЕНИЦА ТОДОРКА ТРАДИЦИОННА 575г","12853","49","2.71",""
"55155","Супермаркет ""ТАРИТА"" №001, гр.Пазарджик ,ул.Болнична 416","МАСЛИНИ УСЛУ - НАЛОЖЕНИ В ЗЕХТИН пр:ТУРЦИЯ","245","62","2.84",""
"55155","Супермаркет ""ТАРИТА"" №001, гр.Пазарджик ,ул.Болнична 416","Del Alma Оцет 6% Винен 700мл.","2341","44","1.53",""
"55155","Супермаркет ""ТАРИТА"" №001, гр.Пазарджик ,ул.Болнична 416","DEL ALMA ОЦЕТ 6% ЯБЪЛКОВ 700мл.","2342","45","1.75",""
"55155","Супермаркет ""ТАРИТА"" №001, гр.Пазарджик ,ул.Болнична 416","ЕЛИТ Краве Сирене Вакум","815","9","9.14",""
"55155","Супермаркет ""ТАРИТА"" №001, гр.Пазарджик ,ул.Болнична 416","Охладено Пилешко Филе кг","693","16","6.64",""
"55155","Супермаркет ""ТАРИТА"" №001, гр.Пазарджик ,ул.Болнична 416","Кисело Мляко Бор Чвор 400гр. 2%","14206","7","0.45",""
"55155","Супермаркет ""ТАРИТА"" №001, гр.Пазарджик ,ул.Болнична 416","Кисело Мляко Бор Чвор 400мл 3.6%","14207","7","0.45",""
"55155","Супермаркет ""ТАРИТА"" №001, гр.Пазарджик ,ул.Болнична 416","Краве Масло МАРКЕНБУТЕР  250гр.","14995","12","3.60",""
"55155","Супермаркет ""ТАРИТА"" №001, гр.Пазарджик ,ул.Болнична 416","Бондюел Грах 800г","15099","47","2.84",""
"55155","Супермаркет ""ТАРИТА"" №001, гр.Пазарджик ,ул.Болнична 416","Хранинвест Смес 125г.","15225","12","0.62",""
"55155","Супермаркет ""ТАРИТА"" №001, гр.Пазарджик ,ул.Болнична 416","ОБИКНОВЕНИ Бисквити Кристал 130гр","17896","66","0.63",""
"55155","Супермаркет ""ТАРИТА"" №001, гр.Пазарджик ,ул.Болнична 416","ТЕЛЕШКО МЕСО СЛАЙС кг","7122","24","8.86",""
"55155","Супермаркет ""ТАРИТА"" №001, гр.Пазарджик ,ул.Болнична 416","АПТАМИЛ ПРО НАТУР 2 400","21404","65","11.30",""
"55155","Супермаркет ""ТАРИТА"" №001, гр.Пазарджик ,ул.Болнична 416","БИОСЕТ  ЧАЙ /Плодов,Билков,Черен/","21923","72","1.12",""
"55155","Супермаркет ""ТАРИТА"" №001, гр.Пазарджик ,ул.Болнична 416","Краве Масло Родопчанка 180гр","25133","12","2.71",""
"55155","Супермаркет ""ТАРИТА"" №001, гр.Пазарджик ,ул.Болнична 416","Сеифгард Сапун 90г","25199","83","1.18",""
"55155","Супермаркет ""ТАРИТА"" №001, гр.Пазарджик ,ул.Болнична 416","МЕДИКС МАКС ПАУЪР ЗА СЪДОВЕ 415мл","25286","79","0.70",""
"55155","Супермаркет ""ТАРИТА"" №001, гр.Пазарджик ,ул.Болнична 416","МАСЛИНИ СУПЕР СУПЕР МАМУТ пр:ГЪРЦИЯ","222","62","4.59",""
"55155","Супермаркет ""ТАРИТА"" №001, гр.Пазарджик ,ул.Болнична 416","ФИОРЕ Ориз Бисерен 1кг.","27568","35","1.52",""
"55155","Супермаркет ""ТАРИТА"" №001, гр.Пазарджик ,ул.Болнична 416","ФИОРЕ Боб 1кг","27911","33","2.33",""
"55155","Супермаркет ""ТАРИТА"" №001, гр.Пазарджик ,ул.Болнична 416","Сигмен   Краве Сирене Вакуум кг.","7769","9","10.53",""
"55155","Супермаркет ""ТАРИТА"" №001, гр.Пазарджик ,ул.Болнична 416","Кафе Wiener Extra  250g","30874","70","3.57",""
"55155","Супермаркет ""ТАРИТА"" №001, гр.Пазарджик ,ул.Болнична 416","ВИНО САЙКЪЛ 750мл","32539","75","5.79",""
"55155","Супермаркет ""ТАРИТА"" №001, гр.Пазарджик ,ул.Болнична 416","AF ЧЕТКА ЗА ЗЪБИ КЛИЙН КОНТРОЛ /ИН БИТУИН/ ЕВРИДЕЙ КЛИЙН","33977","80","1.56",""
"55155","Супермаркет ""ТАРИТА"" №001, гр.Пазарджик ,ул.Болнична 416","ОХЛАДЕНО СВИНСКО МЕСО ЗА ГОТВЕНЕ","392","22","4.08",""
"55155","Супермаркет ""ТАРИТА"" №001, гр.Пазарджик ,ул.Болнична 416","Слънчо Млечна Каша  АСОРТИ 4 плода 200г","36905","63","2.78",""
"55155","Супермаркет ""ТАРИТА"" №001, гр.Пазарджик ,ул.Болнична 416","Чичовци Бургас  400гр.","38592","28","3.41",""
"55155","Супермаркет ""ТАРИТА"" №001, гр.Пазарджик ,ул.Болнична 416","ФИОРЕ ЛЕЩА КАНАДА 1кг.","40377","34","2.03",""
"55155","Супермаркет ""ТАРИТА"" №001, гр.Пазарджик ,ул.Болнична 416","КИСЕЛО МЛЯКО РОДОПСКО 3.6% 500г","42818","7","0.67",""
"55155","Супермаркет ""ТАРИТА"" №001, гр.Пазарджик ,ул.Болнична 416","ШАМПОАН ЕЛСЕВ 400мл","43425","82","5.10",""
"55155","Супермаркет ""ТАРИТА"" №001, гр.Пазарджик ,ул.Болнична 416","ПРЯСНО МЛЯКО БОР-ЧВОР  ВАРЕНО 3% 1л","44123","6","0.85",""
"55155","Супермаркет ""ТАРИТА"" №001, гр.Пазарджик ,ул.Болнична 416","OVKO Бебелан Пилешко със Зеленчуци 190гр.","45530","64","1.24",""
"55155","Супермаркет ""ТАРИТА"" №001, гр.Пазарджик ,ул.Болнична 416","Равногор Извара 400гр.","46322","14","1.43",""
"55155","Супермаркет ""ТАРИТА"" №001, гр.Пазарджик ,ул.Болнична 416","КРИНА ДОМАТИ БЕЛЕНИ РЯЗАНИ 400гр.","102546","48","1.01",""
"55155","Супермаркет ""ТАРИТА"" №001, гр.Пазарджик ,ул.Болнична 416","ЗАХАР ФИОРЕ  1кг","102797","38","0.75",""
"55155","Супермаркет ""ТАРИТА"" №001, гр.Пазарджик ,ул.Болнична 416","БЕБЕЛАН  Мокри кърпи с АЛОЕ/СМРАДЛИКА и ЛАЙКА 80бр/пак","48227","84","1.52",""
"55155","Супермаркет ""ТАРИТА"" №001, гр.Пазарджик ,ул.Болнична 416","Паста за Зъби КОЛГЕЙТ MAX WHITE ONE чарк,оптик,луминъс 75ml","103689","81","2.49",""
"55155","Супермаркет ""ТАРИТА"" №001, гр.Пазарджик ,ул.Болнична 416","ЛОЗАНА ХЛЯБ БЯЛ  830г.","49143","1","0.96",""
"55155","Супермаркет ""ТАРИТА"" №001, гр.Пазарджик ,ул.Болнична 416","ПИРИНСКО 2.3л","104296","74","1.52",""
"55155","Супермаркет ""ТАРИТА"" №001, гр.Пазарджик ,ул.Болнична 416","ФАМИЛЕКС БОБ ЗА САЛАТА КОНСЕРВА 400г","106118","46","0.67",""
"55155","Супермаркет ""ТАРИТА"" №001, гр.Пазарджик ,ул.Болнична 416","СОЛ ВАКУУМНО ИЗПАРЕНА МКМ 1кг.","106276","39","0.56",""
"55155","Супермаркет ""ТАРИТА"" №001, гр.Пазарджик ,ул.Болнична 416","ФИНИ ТОЧЕНИ КОРИ ЗЛАТНАТА ЦАРИЦА  500г","106689","5","2.03",""
"55155","Супермаркет ""ТАРИТА"" №001, гр.Пазарджик ,ул.Болнична 416","КРОАСАН 7 ДЕЙС МАКС  ВАНИЛИЯ с ВИШНА  92g","57104","67","0.59",""
"55155","Супермаркет ""ТАРИТА"" №001, гр.Пазарджик ,ул.Болнична 416","ХЛЯБ МИО УТВЪРДЕН СТАНДАРТ 650г","110900","1","0.85",""
"55155","Супермаркет ""ТАРИТА"" №001, гр.Пазарджик ,ул.Болнична 416","ЯЙЦА   10бр","111010","32","2.56",""
"55155","Супермаркет ""ТАРИТА"" №001, гр.Пазарджик ,ул.Болнична 416","РОДОПСКО МЛЯКО 3.2% UHT 1l","58387","6","1.24",""
"55155","Супермаркет ""ТАРИТА"" №001, гр.Пазарджик ,ул.Болнична 416","САНТОС КАФЕ  НАТУРАЛ  1кг  на зърна","111570","71","15.07",""
"55155","Супермаркет ""ТАРИТА"" №001, гр.Пазарджик ,ул.Болнична 416","Т.Х.  ЕМЕКА 8 бр. ВИДОВЕ","112785","85","2.13",""
"55155","Супермаркет ""ТАРИТА"" №001, гр.Пазарджик ,ул.Болнична 416","UHT МЛЯКО БОЖАНА 3% 1л","113995","6","1.01",""
"55155","Супермаркет ""ТАРИТА"" №001, гр.Пазарджик ,ул.Болнична 416","ХЛЯБ ДОБРУДЖА 650г.","60049","2","0.79",""
"55155","Супермаркет ""ТАРИТА"" №001, гр.Пазарджик ,ул.Болнична 416","PASTAVILLA 500гр. ВИДОВЕ","114802","37","0.67",""
"55155","Супермаркет ""ТАРИТА"" №001, гр.Пазарджик ,ул.Болнична 416","МАЕСТРО МАКАРОНЕНИ ИЗДЕЛИЯ 400g","60466","36","0.72",""
"55155","Супермаркет ""ТАРИТА"" №001, гр.Пазарджик ,ул.Болнична 416","БУЛТЕС ХЛЯБ ХЛЯБ ТИПОВ С ТИКВЕНИ СЕМКИ 500гр.","60526","4","1.01",""
"55155","Супермаркет ""ТАРИТА"" №001, гр.Пазарджик ,ул.Болнична 416","ЕХО ПРЕПАРАТ ЗА СЪДОВЕ 400ml ВИДОВЕ","115133","79","1.01",""
"55155","Супермаркет ""ТАРИТА"" №001, гр.Пазарджик ,ул.Болнична 416","МАСЛИНОВО МАСЛО ЕКСТРА ВЪРДЖИН 1л.","116767","43","8.17",""
"55155","Супермаркет ""ТАРИТА"" №001, гр.Пазарджик ,ул.Болнична 416","БУЛТЕС ХЛЯБ ЗЛАТЕН КЛАС 700г","117146","1","0.79",""
"55155","Супермаркет ""ТАРИТА"" №001, гр.Пазарджик ,ул.Болнична 416","Закуска ИСИМ2 ЕООД Видове","117786","68","1.01",""
"55155","Супермаркет ""ТАРИТА"" №001, гр.Пазарджик ,ул.Болнична 416","БУЛТЕС РЪЖЕНО ПШЕНИЧЕН ХЛЯБ 500гр.","117900","3","0.79",""
"55155","Супермаркет ""ТАРИТА"" №001, гр.Пазарджик ,ул.Болнична 416","ТОЧЕНИ КОРИ ТРЯВНА 500г.","118146","5","1.12",""
"55155","Супермаркет ""ТАРИТА"" №001, гр.Пазарджик ,ул.Болнична 416","ЦИГАРИ КОРСЕТ ВИДОВЕ","118306","78","3.22",""
"55155","Супермаркет ""ТАРИТА"" №001, гр.Пазарджик ,ул.Болнична 416","ЦИГАРИ КИНГ КЪС","118356","78","3.07",""
"55155","Супермаркет ""ТАРИТА"" №002, гр.Пазарджик, ул.Райко Алексиев 20","СВИНСКА ПЛЕШКА И БУТ пр:БЪЛГАРИЯ","232","18","3.57",""
"55155","Супермаркет ""ТАРИТА"" №002, гр.Пазарджик, ул.Райко Алексиев 20","Ракия Пещера ""Гроздова"" 700мл.","101034","77","7.15",""
"55155","Супермаркет ""ТАРИТА"" №002, гр.Пазарджик, ул.Райко Алексиев 20","КРЕНВИРШ КЕН кг","10","26","6.36",""
"55155","Супермаркет ""ТАРИТА"" №002, гр.Пазарджик, ул.Райко Алексиев 20","СВИНСКИ БУТ КАРЕ ЗА СКАРА кг","15","19","6.53",""
"55155","Супермаркет ""ТАРИТА"" №002, гр.Пазарджик, ул.Райко Алексиев 20","БАНАНИ БОНИТА","30","52","1.74",""
"55155","Супермаркет ""ТАРИТА"" №002, гр.Пазарджик, ул.Райко Алексиев 20","ПЛОД Портокали  кг","31","51","1.69",""
"55155","Супермаркет ""ТАРИТА"" №002, гр.Пазарджик, ул.Райко Алексиев 20","ДОМАТИ кг.","32","54","2.30",""
"55155","Супермаркет ""ТАРИТА"" №002, гр.Пазарджик, ул.Райко Алексиев 20","Лимони Фреш  кг.","34","50","2.03",""
"55155","Супермаркет ""ТАРИТА"" №002, гр.Пазарджик, ул.Райко Алексиев 20","Шоколад МЛЕЧЕН 80г","2619","69","0.90",""
"55155","Супермаркет ""ТАРИТА"" №002, гр.Пазарджик, ул.Райко Алексиев 20","Белла  Точени Кори Фини 400гр","3460","5","1.70",""
"55155","Супермаркет ""ТАРИТА"" №002, гр.Пазарджик, ул.Райко Алексиев 20","ОЛИО КАРИНА 1л.","3444","42","1.59",""
"55155","Супермаркет ""ТАРИТА"" №002, гр.Пазарджик, ул.Райко Алексиев 20","Краставица кг","258","58","2.81",""
"55155","Супермаркет ""ТАРИТА"" №002, гр.Пазарджик, ул.Райко Алексиев 20","Кашкавал Силистра Милитан Тост   кг","261","11","12.26",""
"55155","Супермаркет ""ТАРИТА"" №002, гр.Пазарджик, ул.Райко Алексиев 20","СКУМРИЯ ЕДРА 4-6 БЛОК  кг","3521","29","6.65",""
"55155","Супермаркет ""ТАРИТА"" №002, гр.Пазарджик, ул.Райко Алексиев 20","НАСИПНА ГЪБА  кг","3549","60","4.08",""
"55155","Супермаркет ""ТАРИТА"" №002, гр.Пазарджик, ул.Райко Алексиев 20","КАШКАВАЛ БОРИНО триъгълник кг","816","11","12.77",""
"55155","Супермаркет ""ТАРИТА"" №002, гр.Пазарджик, ул.Райко Алексиев 20","Моркови кг.","333","56","0.66",""
"55155","Супермаркет ""ТАРИТА"" №002, гр.Пазарджик, ул.Райко Алексиев 20","ЧИСТЕНА ЦИПУРА  пр:ГЪРЦИЯ","5109","30","14.20",""
"55155","Супермаркет ""ТАРИТА"" №002, гр.Пазарджик, ул.Райко Алексиев 20","Ябълки кг.","370","53","1.01",""
"55155","Супермаркет ""ТАРИТА"" №002, гр.Пазарджик, ул.Райко Алексиев 20","Извара   РАВНОГОР  кг","398","13","1.66",""
"55155","Супермаркет ""ТАРИТА"" №002, гр.Пазарджик, ул.Райко Алексиев 20","ПИЛЕ ОХЛАДЕНО кг.","445","15","4.26",""
"55155","Супермаркет ""ТАРИТА"" №002, гр.Пазарджик, ул.Райко Алексиев 20","ПИЛЕШКО БУТЧЕ ОХЛАДЕНО","446","17","2.34",""
"55155","Супермаркет ""ТАРИТА"" №002, гр.Пазарджик, ул.Райко Алексиев 20","ОХЛАДЕН СВИНСКИ ВРАТ","994","21","4.08",""
"55155","Супермаркет ""ТАРИТА"" №002, гр.Пазарджик, ул.Райко Алексиев 20","Кромид Лук кг.","103","55","0.89",""
"55155","Супермаркет ""ТАРИТА"" №002, гр.Пазарджик, ул.Райко Алексиев 20","ЗЕЛЕ кг","1069","57","0.38",""
"55155","Супермаркет ""ТАРИТА"" №002, гр.Пазарджик, ул.Райко Алексиев 20","СИРЕНЕ ВАКУУМ Ситово КЛАСИК Краве кг.","4647","9","9.19",""
"55155","Супермаркет ""ТАРИТА"" №002, гр.Пазарджик, ул.Райко Алексиев 20","Брашно Софиямел  Екстра 1кг/1.1кг","4798","41","1.24",""
"55155","Супермаркет ""ТАРИТА"" №002, гр.Пазарджик, ул.Райко Алексиев 20","КАЙМА ЛУКСА 70-30 кг.","1166","25","4.37",""
"55155","Супермаркет ""ТАРИТА"" №002, гр.Пазарджик, ул.Райко Алексиев 20","Чесън кг","624","59","5.10",""
"55155","Супермаркет ""ТАРИТА"" №002, гр.Пазарджик, ул.Райко Алексиев 20","Родопчанка Кашкавал Клин кг","545","11","12.26",""
"55155","Супермаркет ""ТАРИТА"" №002, гр.Пазарджик, ул.Райко Алексиев 20","САЯНА Краве Сирене  кг.","6021","8","6.13",""
"55155","Супермаркет ""ТАРИТА"" №002, гр.Пазарджик, ул.Райко Алексиев 20","Картоф кг","6221","61","0.72",""
"55155","Супермаркет ""ТАРИТА"" №002, гр.Пазарджик, ул.Райко Алексиев 20","ВИНО ШАТО КАРНОБАТ  видове 750мл.","101570","76","4.54",""
"55155","Супермаркет ""ТАРИТА"" №002, гр.Пазарджик, ул.Райко Алексиев 20","Брашно Софимел Тип 500 /  1кг/1.1кг","11575","40","1.19",""
"55155","Супермаркет ""ТАРИТА"" №002, гр.Пазарджик, ул.Райко Алексиев 20","Народен  Малотраен Колбас 300г ВИДОВЕ","12674","27","1.73",""
"55155","Супермаркет ""ТАРИТА"" №002, гр.Пазарджик, ул.Райко Алексиев 20","ЛЮТЕНИЦА ТОДОРКА ТРАДИЦИОННА 575г","12853","49","2.71",""
"55155","Супермаркет ""ТАРИТА"" №002, гр.Пазарджик, ул.Райко Алексиев 20","МАСЛИНИ УСЛУ - НАЛОЖЕНИ В ЗЕХТИН пр:ТУРЦИЯ","245","62","2.84",""
"55155","Супермаркет ""ТАРИТА"" №002, гр.Пазарджик, ул.Райко Алексиев 20","Del Alma Оцет 6% Винен 700мл.","2341","44","1.53",""
"55155","Супермаркет ""ТАРИТА"" №002, гр.Пазарджик, ул.Райко Алексиев 20","DEL ALMA ОЦЕТ 6% ЯБЪЛКОВ 700мл.","2342","45","1.75",""
"55155","Супермаркет ""ТАРИТА"" №002, гр.Пазарджик, ул.Райко Алексиев 20","ЕЛИТ Краве Сирене Вакум","815","9","9.14",""
"55155","Супермаркет ""ТАРИТА"" №002, гр.Пазарджик, ул.Райко Алексиев 20","Охладено Пилешко Филе кг","693","16","6.64",""
"55155","Супермаркет ""ТАРИТА"" №002, гр.Пазарджик, ул.Райко Алексиев 20","Кисело Мляко Бор Чвор 400гр. 2%","14206","7","0.45",""
"55155","Супермаркет ""ТАРИТА"" №002, гр.Пазарджик, ул.Райко Алексиев 20","Кисело Мляко Бор Чвор 400мл 3.6%","14207","7","0.45",""
"55155","Супермаркет ""ТАРИТА"" №002, гр.Пазарджик, ул.Райко Алексиев 20","Краве Масло МАРКЕНБУТЕР  250гр.","14995","12","3.60",""
"55155","Супермаркет ""ТАРИТА"" №002, гр.Пазарджик, ул.Райко Алексиев 20","Бондюел Грах 800г","15099","47","2.84",""
"55155","Супермаркет ""ТАРИТА"" №002, гр.Пазарджик, ул.Райко Алексиев 20","Хранинвест Смес 125г.","15225","12","0.62",""
"55155","Супермаркет ""ТАРИТА"" №002, гр.Пазарджик, ул.Райко Алексиев 20","ОБИКНОВЕНИ Бисквити Кристал 130гр","17896","66","0.63",""
"55155","Супермаркет ""ТАРИТА"" №002, гр.Пазарджик, ул.Райко Алексиев 20","ТЕЛЕШКО МЕСО СЛАЙС кг","7122","24","8.86",""
"55155","Супермаркет ""ТАРИТА"" №002, гр.Пазарджик, ул.Райко Алексиев 20","АПТАМИЛ ПРО НАТУР 2 400","21404","65","11.30",""
"55155","Супермаркет ""ТАРИТА"" №002, гр.Пазарджик, ул.Райко Алексиев 20","БИОСЕТ  ЧАЙ /Плодов,Билков,Черен/","21923","72","1.12",""
"55155","Супермаркет ""ТАРИТА"" №002, гр.Пазарджик, ул.Райко Алексиев 20","Краве Масло Родопчанка 180гр","25133","12","2.71",""
"55155","Супермаркет ""ТАРИТА"" №002, гр.Пазарджик, ул.Райко Алексиев 20","Сеифгард Сапун 90г","25199","83","1.18",""
"55155","Супермаркет ""ТАРИТА"" №002, гр.Пазарджик, ул.Райко Алексиев 20","МЕДИКС МАКС ПАУЪР ЗА СЪДОВЕ 415мл","25286","79","0.70",""
"55155","Супермаркет ""ТАРИТА"" №002, гр.Пазарджик, ул.Райко Алексиев 20","МАСЛИНИ СУПЕР СУПЕР МАМУТ пр:ГЪРЦИЯ","222","62","4.59",""
"55155","Супермаркет ""ТАРИТА"" №002, гр.Пазарджик, ул.Райко Алексиев 20","ФИОРЕ Ориз Бисерен 1кг.","27568","35","1.52",""
"55155","Супермаркет ""ТАРИТА"" №002, гр.Пазарджик, ул.Райко Алексиев 20","ФИОРЕ Боб 1кг","27911","33","2.33",""
"55155","Супермаркет ""ТАРИТА"" №002, гр.Пазарджик, ул.Райко Алексиев 20","Сигмен   Краве Сирене Вакуум кг.","7769","9","10.53",""
"55155","Супермаркет ""ТАРИТА"" №002, гр.Пазарджик, ул.Райко Алексиев 20","Кафе Wiener Extra  250g","30874","70","3.57",""
"55155","Супермаркет ""ТАРИТА"" №002, гр.Пазарджик, ул.Райко Алексиев 20","ВИНО САЙКЪЛ 750мл","32539","75","5.79",""
"55155","Супермаркет ""ТАРИТА"" №002, гр.Пазарджик, ул.Райко Алексиев 20","AF ЧЕТКА ЗА ЗЪБИ КЛИЙН КОНТРОЛ /ИН БИТУИН/ ЕВРИДЕЙ КЛИЙН","33977","80","1.56",""
"55155","Супермаркет ""ТАРИТА"" №002, гр.Пазарджик, ул.Райко Алексиев 20","ОХЛАДЕНО СВИНСКО МЕСО ЗА ГОТВЕНЕ","392","22","4.08",""
"55155","Супермаркет ""ТАРИТА"" №002, гр.Пазарджик, ул.Райко Алексиев 20","Слънчо Млечна Каша  АСОРТИ 4 плода 200г","36905","63","2.78",""
"55155","Супермаркет ""ТАРИТА"" №002, гр.Пазарджик, ул.Райко Алексиев 20","Чичовци Бургас  400гр.","38592","28","3.41",""
"55155","Супермаркет ""ТАРИТА"" №002, гр.Пазарджик, ул.Райко Алексиев 20","ФИОРЕ ЛЕЩА КАНАДА 1кг.","40377","34","2.03",""
"55155","Супермаркет ""ТАРИТА"" №002, гр.Пазарджик, ул.Райко Алексиев 20","КИСЕЛО МЛЯКО РОДОПСКО 3.6% 500г","42818","7","0.67",""
"55155","Супермаркет ""ТАРИТА"" №002, гр.Пазарджик, ул.Райко Алексиев 20","ШАМПОАН ЕЛСЕВ 400мл","43425","82","5.10",""
"55155","Супермаркет ""ТАРИТА"" №002, гр.Пазарджик, ул.Райко Алексиев 20","ПРЯСНО МЛЯКО БОР-ЧВОР  ВАРЕНО 3% 1л","44123","6","0.85",""
"55155","Супермаркет ""ТАРИТА"" №002, гр.Пазарджик, ул.Райко Алексиев 20","OVKO Бебелан Пилешко със Зеленчуци 190гр.","45530","64","1.24",""
"55155","Супермаркет ""ТАРИТА"" №002, гр.Пазарджик, ул.Райко Алексиев 20","Равногор Извара 400гр.","46322","14","1.43",""
"55155","Супермаркет ""ТАРИТА"" №002, гр.Пазарджик, ул.Райко Алексиев 20","КРИНА ДОМАТИ БЕЛЕНИ РЯЗАНИ 400гр.","102546","48","1.01",""
"55155","Супермаркет ""ТАРИТА"" №002, гр.Пазарджик, ул.Райко Алексиев 20","ЗАХАР ФИОРЕ  1кг","102797","38","0.75",""
"55155","Супермаркет ""ТАРИТА"" №002, гр.Пазарджик, ул.Райко Алексиев 20","БЕБЕЛАН  Мокри кърпи с АЛОЕ/СМРАДЛИКА и ЛАЙКА 80бр/пак","48227","84","1.52",""
"55155","Супермаркет ""ТАРИТА"" №002, гр.Пазарджик, ул.Райко Алексиев 20","Паста за Зъби КОЛГЕЙТ MAX WHITE ONE чарк,оптик,луминъс 75ml","103689","81","2.49",""
"55155","Супермаркет ""ТАРИТА"" №002, гр.Пазарджик, ул.Райко Алексиев 20","ЛОЗАНА ХЛЯБ БЯЛ  830г.","49143","1","0.96",""
"55155","Супермаркет ""ТАРИТА"" №002, гр.Пазарджик, ул.Райко Алексиев 20","ПИРИНСКО 2.3л","104296","74","1.52",""
"55155","Супермаркет ""ТАРИТА"" №002, гр.Пазарджик, ул.Райко Алексиев 20","ФАМИЛЕКС БОБ ЗА САЛАТА КОНСЕРВА 400г","106118","46","0.67",""
"55155","Супермаркет ""ТАРИТА"" №002, гр.Пазарджик, ул.Райко Алексиев 20","СОЛ ВАКУУМНО ИЗПАРЕНА МКМ 1кг.","106276","39","0.56",""
"55155","Супермаркет ""ТАРИТА"" №002, гр.Пазарджик, ул.Райко Алексиев 20","ФИНИ ТОЧЕНИ КОРИ ЗЛАТНАТА ЦАРИЦА  500г","106689","5","2.03",""
"55155","Супермаркет ""ТАРИТА"" №002, гр.Пазарджик, ул.Райко Алексиев 20","КРОАСАН 7 ДЕЙС МАКС  ВАНИЛИЯ с ВИШНА  92g","57104","67","0.59",""
"55155","Супермаркет ""ТАРИТА"" №002, гр.Пазарджик, ул.Райко Алексиев 20","ХЛЯБ МИО УТВЪРДЕН СТАНДАРТ 650г","110900","1","0.85",""
"55155","Супермаркет ""ТАРИТА"" №002, гр.Пазарджик, ул.Райко Алексиев 20","ЯЙЦА   10бр","111010","32","2.56",""
"55155","Супермаркет ""ТАРИТА"" №002, гр.Пазарджик, ул.Райко Алексиев 20","РОДОПСКО МЛЯКО 3.2% UHT 1l","58387","6","1.24",""
"55155","Супермаркет ""ТАРИТА"" №002, гр.Пазарджик, ул.Райко Алексиев 20","САНТОС КАФЕ  НАТУРАЛ  1кг  на зърна","111570","71","15.07",""
"55155","Супермаркет ""ТАРИТА"" №002, гр.Пазарджик, ул.Райко Алексиев 20","Т.Х.  ЕМЕКА 8 бр. ВИДОВЕ","112785","85","2.13",""
"55155","Супермаркет ""ТАРИТА"" №002, гр.Пазарджик, ул.Райко Алексиев 20","UHT МЛЯКО БОЖАНА 3% 1л","113995","6","1.01",""
"55155","Супермаркет ""ТАРИТА"" №002, гр.Пазарджик, ул.Райко Алексиев 20","ХЛЯБ ДОБРУДЖА 650г.","60049","2","0.79",""
"55155","Супермаркет ""ТАРИТА"" №002, гр.Пазарджик, ул.Райко Алексиев 20","PASTAVILLA 500гр. ВИДОВЕ","114802","37","0.67",""
"55155","Супермаркет ""ТАРИТА"" №002, гр.Пазарджик, ул.Райко Алексиев 20","МАЕСТРО МАКАРОНЕНИ ИЗДЕЛИЯ 400g","60466","36","0.72",""
"55155","Супермаркет ""ТАРИТА"" №002, гр.Пазарджик, ул.Райко Алексиев 20","БУЛТЕС ХЛЯБ ХЛЯБ ТИПОВ С ТИКВЕНИ СЕМКИ 500гр.","60526","4","1.01",""
"55155","Супермаркет ""ТАРИТА"" №002, гр.Пазарджик, ул.Райко Алексиев 20","ЕХО ПРЕПАРАТ ЗА СЪДОВЕ 400ml ВИДОВЕ","115133","79","1.01",""
"55155","Супермаркет ""ТАРИТА"" №002, гр.Пазарджик, ул.Райко Алексиев 20","МАСЛИНОВО МАСЛО ЕКСТРА ВЪРДЖИН 1л.","116767","43","8.17",""
"55155","Супермаркет ""ТАРИТА"" №002, гр.Пазарджик, ул.Райко Алексиев 20","БУЛТЕС ХЛЯБ ЗЛАТЕН КЛАС 700г","117146","1","0.79",""
"55155","Супермаркет ""ТАРИТА"" №002, гр.Пазарджик, ул.Райко Алексиев 20","Закуска ИСИМ2 ЕООД Видове","117786","68","1.01",""
"55155","Супермаркет ""ТАРИТА"" №002, гр.Пазарджик, ул.Райко Алексиев 20","БУЛТЕС РЪЖЕНО ПШЕНИЧЕН ХЛЯБ 500гр.","117900","3","0.79",""
"55155","Супермаркет ""ТАРИТА"" №002, гр.Пазарджик, ул.Райко Алексиев 20","ТОЧЕНИ КОРИ ТРЯВНА 500г.","118146","5","1.12",""
"55155","Супермаркет ""ТАРИТА"" №002, гр.Пазарджик, ул.Райко Алексиев 20","ЦИГАРИ КОРСЕТ ВИДОВЕ","118306","78","3.22",""
"55155","Супермаркет ""ТАРИТА"" №002, гр.Пазарджик, ул.Райко Алексиев 20","ЦИГАРИ КИНГ КЪС","118356","78","3.07",""
"55155","Супермаркет ""ТАРИТА"" №003, гр.Пазарджик, ул.Завоя на Черна 11","СВИНСКА ПЛЕШКА И БУТ пр:БЪЛГАРИЯ","232","18","3.57",""
"55155","Супермаркет ""ТАРИТА"" №003, гр.Пазарджик, ул.Завоя на Черна 11","Ракия Пещера ""Гроздова"" 700мл.","101034","77","7.15",""
"55155","Супермаркет ""ТАРИТА"" №003, гр.Пазарджик, ул.Завоя на Черна 11","КРЕНВИРШ КЕН кг","10","26","6.36",""
"55155","Супермаркет ""ТАРИТА"" №003, гр.Пазарджик, ул.Завоя на Черна 11","СВИНСКИ БУТ КАРЕ ЗА СКАРА кг","15","19","6.53",""
"55155","Супермаркет ""ТАРИТА"" №003, гр.Пазарджик, ул.Завоя на Черна 11","БАНАНИ БОНИТА","30","52","1.74",""
"55155","Супермаркет ""ТАРИТА"" №003, гр.Пазарджик, ул.Завоя на Черна 11","ПЛОД Портокали  кг","31","51","1.69",""
"55155","Супермаркет ""ТАРИТА"" №003, гр.Пазарджик, ул.Завоя на Черна 11","ДОМАТИ кг.","32","54","2.30",""
"55155","Супермаркет ""ТАРИТА"" №003, гр.Пазарджик, ул.Завоя на Черна 11","Лимони Фреш  кг.","34","50","2.03",""
"55155","Супермаркет ""ТАРИТА"" №003, гр.Пазарджик, ул.Завоя на Черна 11","Шоколад МЛЕЧЕН 80г","2619","69","0.90",""
"55155","Супермаркет ""ТАРИТА"" №003, гр.Пазарджик, ул.Завоя на Черна 11","Белла  Точени Кори Фини 400гр","3460","5","1.70",""
"55155","Супермаркет ""ТАРИТА"" №003, гр.Пазарджик, ул.Завоя на Черна 11","ОЛИО КАРИНА 1л.","3444","42","1.59",""
"55155","Супермаркет ""ТАРИТА"" №003, гр.Пазарджик, ул.Завоя на Черна 11","Краставица кг","258","58","2.81",""
"55155","Супермаркет ""ТАРИТА"" №003, гр.Пазарджик, ул.Завоя на Черна 11","Кашкавал Силистра Милитан Тост   кг","261","11","12.26",""
"55155","Супермаркет ""ТАРИТА"" №003, гр.Пазарджик, ул.Завоя на Черна 11","СКУМРИЯ ЕДРА 4-6 БЛОК  кг","3521","29","6.65",""
"55155","Супермаркет ""ТАРИТА"" №003, гр.Пазарджик, ул.Завоя на Черна 11","НАСИПНА ГЪБА  кг","3549","60","4.08",""
"55155","Супермаркет ""ТАРИТА"" №003, гр.Пазарджик, ул.Завоя на Черна 11","КАШКАВАЛ БОРИНО триъгълник кг","816","11","12.77",""
"55155","Супермаркет ""ТАРИТА"" №003, гр.Пазарджик, ул.Завоя на Черна 11","Моркови кг.","333","56","0.66",""
"55155","Супермаркет ""ТАРИТА"" №003, гр.Пазарджик, ул.Завоя на Черна 11","ЧИСТЕНА ЦИПУРА  пр:ГЪРЦИЯ","5109","30","14.20",""
"55155","Супермаркет ""ТАРИТА"" №003, гр.Пазарджик, ул.Завоя на Черна 11","Ябълки кг.","370","53","1.01",""
"55155","Супермаркет ""ТАРИТА"" №003, гр.Пазарджик, ул.Завоя на Черна 11","Извара   РАВНОГОР  кг","398","13","1.66",""
"55155","Супермаркет ""ТАРИТА"" №003, гр.Пазарджик, ул.Завоя на Черна 11","ПИЛЕ ОХЛАДЕНО кг.","445","15","4.26",""
"55155","Супермаркет ""ТАРИТА"" №003, гр.Пазарджик, ул.Завоя на Черна 11","ПИЛЕШКО БУТЧЕ ОХЛАДЕНО","446","17","2.34",""
"55155","Супермаркет ""ТАРИТА"" №003, гр.Пазарджик, ул.Завоя на Черна 11","ОХЛАДЕН СВИНСКИ ВРАТ","994","21","4.08",""
"55155","Супермаркет ""ТАРИТА"" №003, гр.Пазарджик, ул.Завоя на Черна 11","Кромид Лук кг.","103","55","0.89",""
"55155","Супермаркет ""ТАРИТА"" №003, гр.Пазарджик, ул.Завоя на Черна 11","ЗЕЛЕ кг","1069","57","0.38",""
"55155","Супермаркет ""ТАРИТА"" №003, гр.Пазарджик, ул.Завоя на Черна 11","СИРЕНЕ ВАКУУМ Ситово КЛАСИК Краве кг.","4647","9","9.19",""
"55155","Супермаркет ""ТАРИТА"" №003, гр.Пазарджик, ул.Завоя на Черна 11","Брашно Софиямел  Екстра 1кг/1.1кг","4798","41","1.24",""
"55155","Супермаркет ""ТАРИТА"" №003, гр.Пазарджик, ул.Завоя на Черна 11","КАЙМА ЛУКСА 70-30 кг.","1166","25","4.37",""
"55155","Супермаркет ""ТАРИТА"" №003, гр.Пазарджик, ул.Завоя на Черна 11","Чесън кг","624","59","5.10",""
"55155","Супермаркет ""ТАРИТА"" №003, гр.Пазарджик, ул.Завоя на Черна 11","Родопчанка Кашкавал Клин кг","545","11","12.26",""
"55155","Супермаркет ""ТАРИТА"" №003, гр.Пазарджик, ул.Завоя на Черна 11","САЯНА Краве Сирене  кг.","6021","8","6.13",""
"55155","Супермаркет ""ТАРИТА"" №003, гр.Пазарджик, ул.Завоя на Черна 11","Картоф кг","6221","61","0.72",""
"55155","Супермаркет ""ТАРИТА"" №003, гр.Пазарджик, ул.Завоя на Черна 11","ВИНО ШАТО КАРНОБАТ  видове 750мл.","101570","76","4.54",""
"55155","Супермаркет ""ТАРИТА"" №003, гр.Пазарджик, ул.Завоя на Черна 11","Брашно Софимел Тип 500 /  1кг/1.1кг","11575","40","1.19",""
"55155","Супермаркет ""ТАРИТА"" №003, гр.Пазарджик, ул.Завоя на Черна 11","Народен  Малотраен Колбас 300г ВИДОВЕ","12674","27","1.73",""
"55155","Супермаркет ""ТАРИТА"" №003, гр.Пазарджик, ул.Завоя на Черна 11","ЛЮТЕНИЦА ТОДОРКА ТРАДИЦИОННА 575г","12853","49","2.71",""
"55155","Супермаркет ""ТАРИТА"" №003, гр.Пазарджик, ул.Завоя на Черна 11","МАСЛИНИ УСЛУ - НАЛОЖЕНИ В ЗЕХТИН пр:ТУРЦИЯ","245","62","2.84",""
"55155","Супермаркет ""ТАРИТА"" №003, гр.Пазарджик, ул.Завоя на Черна 11","Del Alma Оцет 6% Винен 700мл.","2341","44","1.53",""
"55155","Супермаркет ""ТАРИТА"" №003, гр.Пазарджик, ул.Завоя на Черна 11","DEL ALMA ОЦЕТ 6% ЯБЪЛКОВ 700мл.","2342","45","1.75",""
"55155","Супермаркет ""ТАРИТА"" №003, гр.Пазарджик, ул.Завоя на Черна 11","ЕЛИТ Краве Сирене Вакум","815","9","9.14",""
"55155","Супермаркет ""ТАРИТА"" №003, гр.Пазарджик, ул.Завоя на Черна 11","Охладено Пилешко Филе кг","693","16","6.64",""
"55155","Супермаркет ""ТАРИТА"" №003, гр.Пазарджик, ул.Завоя на Черна 11","Кисело Мляко Бор Чвор 400гр. 2%","14206","7","0.45",""
"55155","Супермаркет ""ТАРИТА"" №003, гр.Пазарджик, ул.Завоя на Черна 11","Кисело Мляко Бор Чвор 400мл 3.6%","14207","7","0.45",""
"55155","Супермаркет ""ТАРИТА"" №003, гр.Пазарджик, ул.Завоя на Черна 11","Краве Масло МАРКЕНБУТЕР  250гр.","14995","12","3.60",""
"55155","Супермаркет ""ТАРИТА"" №003, гр.Пазарджик, ул.Завоя на Черна 11","Бондюел Грах 800г","15099","47","2.84",""
"55155","Супермаркет ""ТАРИТА"" №003, гр.Пазарджик, ул.Завоя на Черна 11","Хранинвест Смес 125г.","15225","12","0.62",""
"55155","Супермаркет ""ТАРИТА"" №003, гр.Пазарджик, ул.Завоя на Черна 11","ОБИКНОВЕНИ Бисквити Кристал 130гр","17896","66","0.63",""
"55155","Супермаркет ""ТАРИТА"" №003, гр.Пазарджик, ул.Завоя на Черна 11","ТЕЛЕШКО МЕСО СЛАЙС кг","7122","24","8.86",""
"55155","Супермаркет ""ТАРИТА"" №003, гр.Пазарджик, ул.Завоя на Черна 11","АПТАМИЛ ПРО НАТУР 2 400","21404","65","11.30",""
"55155","Супермаркет ""ТАРИТА"" №003, гр.Пазарджик, ул.Завоя на Черна 11","БИОСЕТ  ЧАЙ /Плодов,Билков,Черен/","21923","72","1.12",""
"55155","Супермаркет ""ТАРИТА"" №003, гр.Пазарджик, ул.Завоя на Черна 11","Краве Масло Родопчанка 180гр","25133","12","2.71",""
"55155","Супермаркет ""ТАРИТА"" №003, гр.Пазарджик, ул.Завоя на Черна 11","Сеифгард Сапун 90г","25199","83","1.18",""
"55155","Супермаркет ""ТАРИТА"" №003, гр.Пазарджик, ул.Завоя на Черна 11","МЕДИКС МАКС ПАУЪР ЗА СЪДОВЕ 415мл","25286","79","0.70",""
"55155","Супермаркет ""ТАРИТА"" №003, гр.Пазарджик, ул.Завоя на Черна 11","МАСЛИНИ СУПЕР СУПЕР МАМУТ пр:ГЪРЦИЯ","222","62","4.59",""
"55155","Супермаркет ""ТАРИТА"" №003, гр.Пазарджик, ул.Завоя на Черна 11","ФИОРЕ Ориз Бисерен 1кг.","27568","35","1.52",""
"55155","Супермаркет ""ТАРИТА"" №003, гр.Пазарджик, ул.Завоя на Черна 11","ФИОРЕ Боб 1кг","27911","33","2.33",""
"55155","Супермаркет ""ТАРИТА"" №003, гр.Пазарджик, ул.Завоя на Черна 11","Сигмен   Краве Сирене Вакуум кг.","7769","9","10.53",""
"55155","Супермаркет ""ТАРИТА"" №003, гр.Пазарджик, ул.Завоя на Черна 11","Кафе Wiener Extra  250g","30874","70","3.57",""
"55155","Супермаркет ""ТАРИТА"" №003, гр.Пазарджик, ул.Завоя на Черна 11","ВИНО САЙКЪЛ 750мл","32539","75","5.79",""
"55155","Супермаркет ""ТАРИТА"" №003, гр.Пазарджик, ул.Завоя на Черна 11","AF ЧЕТКА ЗА ЗЪБИ КЛИЙН КОНТРОЛ /ИН БИТУИН/ ЕВРИДЕЙ КЛИЙН","33977","80","1.56",""
"55155","Супермаркет ""ТАРИТА"" №003, гр.Пазарджик, ул.Завоя на Черна 11","ОХЛАДЕНО СВИНСКО МЕСО ЗА ГОТВЕНЕ","392","22","4.08",""
"55155","Супермаркет ""ТАРИТА"" №003, гр.Пазарджик, ул.Завоя на Черна 11","Слънчо Млечна Каша  АСОРТИ 4 плода 200г","36905","63","2.78",""
"55155","Супермаркет ""ТАРИТА"" №003, гр.Пазарджик, ул.Завоя на Черна 11","Чичовци Бургас  400гр.","38592","28","3.41",""
"55155","Супермаркет ""ТАРИТА"" №003, гр.Пазарджик, ул.Завоя на Черна 11","ФИОРЕ ЛЕЩА КАНАДА 1кг.","40377","34","2.03",""
"55155","Супермаркет ""ТАРИТА"" №003, гр.Пазарджик, ул.Завоя на Черна 11","КИСЕЛО МЛЯКО РОДОПСКО 3.6% 500г","42818","7","0.67",""
"55155","Супермаркет ""ТАРИТА"" №003, гр.Пазарджик, ул.Завоя на Черна 11","ШАМПОАН ЕЛСЕВ 400мл","43425","82","5.10",""
"55155","Супермаркет ""ТАРИТА"" №003, гр.Пазарджик, ул.Завоя на Черна 11","ПРЯСНО МЛЯКО БОР-ЧВОР  ВАРЕНО 3% 1л","44123","6","0.85",""
"55155","Супермаркет ""ТАРИТА"" №003, гр.Пазарджик, ул.Завоя на Черна 11","OVKO Бебелан Пилешко със Зеленчуци 190гр.","45530","64","1.24",""
"55155","Супермаркет ""ТАРИТА"" №003, гр.Пазарджик, ул.Завоя на Черна 11","Равногор Извара 400гр.","46322","14","1.43",""
"55155","Супермаркет ""ТАРИТА"" №003, гр.Пазарджик, ул.Завоя на Черна 11","КРИНА ДОМАТИ БЕЛЕНИ РЯЗАНИ 400гр.","102546","48","1.01",""
"55155","Супермаркет ""ТАРИТА"" №003, гр.Пазарджик, ул.Завоя на Черна 11","ЗАХАР ФИОРЕ  1кг","102797","38","0.75",""
"55155","Супермаркет ""ТАРИТА"" №003, гр.Пазарджик, ул.Завоя на Черна 11","БЕБЕЛАН  Мокри кърпи с АЛОЕ/СМРАДЛИКА и ЛАЙКА 80бр/пак","48227","84","1.52",""
"55155","Супермаркет ""ТАРИТА"" №003, гр.Пазарджик, ул.Завоя на Черна 11","Паста за Зъби КОЛГЕЙТ MAX WHITE ONE чарк,оптик,луминъс 75ml","103689","81","2.49",""
"55155","Супермаркет ""ТАРИТА"" №003, гр.Пазарджик, ул.Завоя на Черна 11","ЛОЗАНА ХЛЯБ БЯЛ  830г.","49143","1","0.96",""
"55155","Супермаркет ""ТАРИТА"" №003, гр.Пазарджик, ул.Завоя на Черна 11","ПИРИНСКО 2.3л","104296","74","1.52",""
"55155","Супермаркет ""ТАРИТА"" №003, гр.Пазарджик, ул.Завоя на Черна 11","ФАМИЛЕКС БОБ ЗА САЛАТА КОНСЕРВА 400г","106118","46","0.67",""
"55155","Супермаркет ""ТАРИТА"" №003, гр.Пазарджик, ул.Завоя на Черна 11","СОЛ ВАКУУМНО ИЗПАРЕНА МКМ 1кг.","106276","39","0.56",""
"55155","Супермаркет ""ТАРИТА"" №003, гр.Пазарджик, ул.Завоя на Черна 11","ФИНИ ТОЧЕНИ КОРИ ЗЛАТНАТА ЦАРИЦА  500г","106689","5","2.03",""
"55155","Супермаркет ""ТАРИТА"" №003, гр.Пазарджик, ул.Завоя на Черна 11","КРОАСАН 7 ДЕЙС МАКС  ВАНИЛИЯ с ВИШНА  92g","57104","67","0.59",""
"55155","Супермаркет ""ТАРИТА"" №003, гр.Пазарджик, ул.Завоя на Черна 11","ХЛЯБ МИО УТВЪРДЕН СТАНДАРТ 650г","110900","1","0.85",""
"55155","Супермаркет ""ТАРИТА"" №003, гр.Пазарджик, ул.Завоя на Черна 11","ЯЙЦА   10бр","111010","32","2.56",""
"55155","Супермаркет ""ТАРИТА"" №003, гр.Пазарджик, ул.Завоя на Черна 11","РОДОПСКО МЛЯКО 3.2% UHT 1l","58387","6","1.24",""
"55155","Супермаркет ""ТАРИТА"" №003, гр.Пазарджик, ул.Завоя на Черна 11","САНТОС КАФЕ  НАТУРАЛ  1кг  на зърна","111570","71","15.07",""
"55155","Супермаркет ""ТАРИТА"" №003, гр.Пазарджик, ул.Завоя на Черна 11","Т.Х.  ЕМЕКА 8 бр. ВИДОВЕ","112785","85","2.13",""
"55155","Супермаркет ""ТАРИТА"" №003, гр.Пазарджик, ул.Завоя на Черна 11","UHT МЛЯКО БОЖАНА 3% 1л","113995","6","1.01",""
"55155","Супермаркет ""ТАРИТА"" №003, гр.Пазарджик, ул.Завоя на Черна 11","ХЛЯБ ДОБРУДЖА 650г.","60049","2","0.79",""
"55155","Супермаркет ""ТАРИТА"" №003, гр.Пазарджик, ул.Завоя на Черна 11","PASTAVILLA 500гр. ВИДОВЕ","114802","37","0.67",""
"55155","Супермаркет ""ТАРИТА"" №003, гр.Пазарджик, ул.Завоя на Черна 11","МАЕСТРО МАКАРОНЕНИ ИЗДЕЛИЯ 400g","60466","36","0.72",""
"55155","Супермаркет ""ТАРИТА"" №003, гр.Пазарджик, ул.Завоя на Черна 11","БУЛТЕС ХЛЯБ ХЛЯБ ТИПОВ С ТИКВЕНИ СЕМКИ 500гр.","60526","4","1.01",""
"55155","Супермаркет ""ТАРИТА"" №003, гр.Пазарджик, ул.Завоя на Черна 11","ЕХО ПРЕПАРАТ ЗА СЪДОВЕ 400ml ВИДОВЕ","115133","79","1.01",""
"55155","Супермаркет ""ТАРИТА"" №003, гр.Пазарджик, ул.Завоя на Черна 11","МАСЛИНОВО МАСЛО ЕКСТРА ВЪРДЖИН 1л.","116767","43","8.17",""
"55155","Супермаркет ""ТАРИТА"" №003, гр.Пазарджик, ул.Завоя на Черна 11","БУЛТЕС ХЛЯБ ЗЛАТЕН КЛАС 700г","117146","1","0.79",""
"55155","Супермаркет ""ТАРИТА"" №003, гр.Пазарджик, ул.Завоя на Черна 11","Закуска ИСИМ2 ЕООД Видове","117786","68","1.01",""
"55155","Супермаркет ""ТАРИТА"" №003, гр.Пазарджик, ул.Завоя на Черна 11","БУЛТЕС РЪЖЕНО ПШЕНИЧЕН ХЛЯБ 500гр.","117900","3","0.79",""
"55155","Супермаркет ""ТАРИТА"" №003, гр.Пазарджик, ул.Завоя на Черна 11","ТОЧЕНИ КОРИ ТРЯВНА 500г.","118146","5","1.12",""
"55155","Супермаркет ""ТАРИТА"" №003, гр.Пазарджик, ул.Завоя на Черна 11","ЦИГАРИ КОРСЕТ ВИДОВЕ","118306","78","3.22",""
"55155","Супермаркет ""ТАРИТА"" №003, гр.Пазарджик, ул.Завоя на Черна 11","ЦИГАРИ КИНГ КЪС","118356","78","3.07",""
