"Населено място","Търговски обект","Наименование на продукта","Код на продукта","Категория","Цена на дребно","Цена в промоция"
"14218","магазин 2+2 Габрово Младост","банан КЗ","s00201","52","1.95","0.00"
"14218","магазин 2+2 Габрово Младост","бира Загорка специално 2 л. КЗ","s3800022402021","74","1.53","0.00"
"14218","магазин 2+2 Габрово Младост","бисквити Изгрев 190 гр. обикновени сини КЗ","s3800008600540","66","0.86","0.00"
"14218","магазин 2+2 Габрово Младост","боб Клио 540гр. бял буркан КЗ","s8410268002838","46","1.32","0.00"
"14218","магазин 2+2 Габрово Младост","боб Натура 1кг. екстра КЗ","s3800225663076","33","2.99","0.00"
"14218","магазин 2+2 Габрово Младост","брашно Софимел Екстра 1 кг. КЗ","s3800019102132","41","1.22","0.00"
"14218","магазин 2+2 Габрово Младост","бяло вино Керацуда логодаж 0.750л. КЗ","s3800097109269","75","3.06","0.00"
"14218","магазин 2+2 Габрово Младост","веро Ехо 400мл. КЗ","s3800024046650","79","1.53","0.00"
"14218","магазин 2+2 Габрово Младост","винен оцет 0.700 л.В.Търново КЗ","s3800084604067","44","1.53","0.00"
"14218","магазин 2+2 Габрово Младост","вити банички Белла 480гр. със сирене КЗ","s3800047700133","68","2.30","0.00"
"14218","магазин 2+2 Габрово Младост","грах Клио 720гр. буркан КЗ","s4840748004351","47","1.84","0.00"
"14218","магазин 2+2 Габрово Младост","домат К","s00310","54","2.60","0.00"
"14218","магазин 2+2 Габрово Младост","домати на кубчета Филикон 400 гр. КЗ","s3800014226017","48","1.12","0.00"
"14218","магазин 2+2 Габрово Младост","захар Г. Оряховица 1 кг. КЗ","s3800217142039","38","1.12","0.00"
"14218","магазин 2+2 Габрово Младост","зеле КЗ","s00300","57","0.39","0.00"
"14218","магазин 2+2 Габрово Младост","зехтин Александър 1л. КЗ","s5202272000374","43","7.97","0.00"
"14218","магазин 2+2 Габрово Младост","извара Олимпус 400гр. КЗ","s5202178000775","14","2.14","0.00"
"14218","магазин 2+2 Габрово Младост","кафе Лаваца 1кг. суерте зърна КЗ","s8000070021747","71","20.45","0.00"
"14218","магазин 2+2 Габрово Младост","Кафе Нова Бразилия 200 гр. класик КЗ","s3800005182056","70","4.34","0.00"
"14218","магазин 2+2 Габрово Младост","кашкавал Боженци 220 гр. КЗ","s3800207821098","11","2.81","0.00"
"14218","магазин 2+2 Габрово Младост","Кинг 100 червен КЗ","s3800221968663","78","3.07","0.00"
"14218","магазин 2+2 Габрово Младост","кисело мляко Елена 2 пр. КЗ","s3800201451147","7","0.71","0.00"
"14218","магазин 2+2 Габрово Младост","кори за баница Тракийски 400 гр. КЗ","s3800047707095","5","1.43","0.00"
"14218","магазин 2+2 Габрово Младост","краве масло 125 гр. Вълчев КЗ","s3800209300034","12","2.19","0.00"
"14218","магазин 2+2 Габрово Младост","краве сирене Верея 200 гр. КЗ","s3800748060697","9","3.16","0.00"
"14218","магазин 2+2 Габрово Младост","краставица КЗ","s00301","58","3.29","0.00"
"14218","магазин 2+2 Габрово Младост","кроасан Бест 50гр. какао КЗ","s5208077910016","67","0.35","0.00"
"14218","магазин 2+2 Габрово Младост","леща Крина 1 кг. екстра КЗ","s3800106402008","34","3.57","0.00"
"14218","магазин 2+2 Габрово Младост","лимон КЗ","s00204","50","2.49","0.00"
"14218","магазин 2+2 Габрово Младост","лук КЗ","s00304","55","0.79","0.00"
"14218","магазин 2+2 Габрово Младост","Лютеница Дерони домашна финносмляна 525 гр. КЗ","s3800740031510","49","3.37","0.00"
"14218","магазин 2+2 Габрово Младост","макарони Златен клас 400 гр. миди К","s3800014640103","36","0.64","0.00"
"14218","магазин 2+2 Габрово Младост","маслини Ефес 201-260 в зехтин К","s00156","62","5.36","0.00"
"14218","магазин 2+2 Габрово Младост","минерална вода Велинград 1.5л. К","s3800091500130","73","0.54","0.00"
"14218","магазин 2+2 Габрово Младост","мляко НАН 1 Оптипро 400 гр. К","s7613036363211","65","9.71","0.00"
"14218","магазин 2+2 Габрово Младост","мокри кърпи Тренди 72бр. с капак К","s3800144801368","84","1.00","0.00"
"14218","магазин 2+2 Габрово Младост","морков К","s00305","56","0.89","0.00"
"14218","магазин 2+2 Габрово Младост","олио Кехлибар 1л. К","s3800103610017","42","2.14","0.00"
"14218","магазин 2+2 Габрово Младост","оцет ябълков 0.700 л. В.Търново К","s3800084605064","45","1.43","0.00"
"14218","магазин 2+2 Габрово Младост","паста за зъби Колгейт 50 мл. тройно действие К","s6920354839016","81","0.97","0.00"
"14218","магазин 2+2 Габрово Младост","портокал К","s00202","51","1.59","0.00"
"14218","магазин 2+2 Габрово Младост","пресни картофи К","s00317","61","0.89","0.00"
"14218","магазин 2+2 Габрово Младост","прясно мляко Горна Росица 1л. 2 пр. К","s3800217252592","6","1.32","0.00"
"14218","магазин 2+2 Габрово Младост","ракия Карнобатска 0,7л. К","s3800008906024","77","6.90","0.00"
"14218","магазин 2+2 Габрово Младост","салам Телешки Народен 320гр. К","s3800206520268","27","2.09","0.00"
"14218","магазин 2+2 Габрово Младост","салам Чичовци 330 гр. пресен шпек К","s3800779030720","28","3.16","0.00"
"14218","магазин 2+2 Габрово Младост","сапун Dove 90гр. К","s8717163607268","83","1.12","0.00"
"14218","магазин 2+2 Габрово Младост","свински врат без кост Троянска скара К","s00657","21","11.24","0.00"
"14218","магазин 2+2 Габрово Младост","сол Клио екстра 1кг. К","s38011986","39","0.51","0.00"
"14218","магазин 2+2 Габрово Младост","спагети Стела 500 гр. №10 К","s5201193186013","37","1.39","0.00"
"14218","магазин 2+2 Габрово Младост","хляб Нектар 650 гр. фолиран К","s3800204390269","1","0.89","0.00"
"14218","магазин 2+2 Габрово Младост","хляб типов Мелничарски с квас Нектар 500 гр. К","s3800204390160","4","1.05","0.00"
"14218","магазин 2+2 Габрово Младост","хляб Тостер ръжен 500 гр. К","s3800082911303","3","1.12","0.00"
"14218","магазин 2+2 Габрово Младост","ч. вино Вила Ямбол 0,750 л. мавруд К","s3800206569540","76","4.34","0.00"
"14218","магазин 2+2 Габрово Младост","Чай БЧК мента К","s3800222790065","72","1.12","0.00"
"14218","магазин 2+2 Габрово Младост","чесън К","s00313","59","4.49","0.00"
"14218","магазин 2+2 Габрово Младост","четка за зъби Колгейт 360 К","s6001067015079","80","1.94","0.00"
"14218","магазин 2+2 Габрово Младост","шампоан Head & Shoulders 250 мл. К","s4084500105782","82","2.55","0.00"
"14218","магазин 2+2 Габрово Младост","шоколад Млечен 80 гр. К","s7622300785925","69","1.17","0.00"
"14218","магазин 2+2 Габрово Младост","ябълка червена К","s00214","53","1.49","0.00"
"14218","магазин 2+2 Габрово Младост","яйца М 10бр. селски К","s3800501139080","31","2.69","0.00"
"14218","магазин 2+2 Габрово Младост","яйца М 6 бр. селски К","s3800501139066","31","1.59","0.00"
"14218","магазин 2+2 Габрово Център","банан КЗ","s00201","52","1.95","0.00"
"14218","магазин 2+2 Габрово Център","бира Загорка специално 2 л. КЗ","s3800022402021","74","1.53","0.00"
"14218","магазин 2+2 Габрово Център","бисквити Изгрев 190 гр. обикновени сини КЗ","s3800008600540","66","0.86","0.00"
"14218","магазин 2+2 Габрово Център","боб Клио 540гр. бял буркан КЗ","s8410268002838","46","1.32","0.00"
"14218","магазин 2+2 Габрово Център","боб Натура 1кг. екстра КЗ","s3800225663076","33","2.99","0.00"
"14218","магазин 2+2 Габрово Център","брашно Софимел Екстра 1 кг. КЗ","s3800019102132","41","1.22","0.00"
"14218","магазин 2+2 Габрово Център","бяло вино Керацуда логодаж 0.750л. КЗ","s3800097109269","75","3.06","0.00"
"14218","магазин 2+2 Габрово Център","веро Ехо 400мл. КЗ","s3800024046650","79","1.53","0.00"
"14218","магазин 2+2 Габрово Център","винен оцет 0.700 л.В.Търново КЗ","s3800084604067","44","1.53","0.00"
"14218","магазин 2+2 Габрово Център","вити банички Белла 480гр. със сирене КЗ","s3800047700133","68","2.30","0.00"
"14218","магазин 2+2 Габрово Център","грах Клио 720гр. буркан КЗ","s4840748004351","47","1.84","0.00"
"14218","магазин 2+2 Габрово Център","домат К","s00310","54","2.60","0.00"
"14218","магазин 2+2 Габрово Център","домати на кубчета Филикон 400 гр. КЗ","s3800014226017","48","1.12","0.00"
"14218","магазин 2+2 Габрово Център","захар Г. Оряховица 1 кг. КЗ","s3800217142039","38","1.12","0.00"
"14218","магазин 2+2 Габрово Център","зеле КЗ","s00300","57","0.39","0.00"
"14218","магазин 2+2 Габрово Център","зехтин Александър 1л. КЗ","s5202272000374","43","7.97","0.00"
"14218","магазин 2+2 Габрово Център","извара Олимпус 400гр. КЗ","s5202178000775","14","2.14","0.00"
"14218","магазин 2+2 Габрово Център","кафе Лаваца 1кг. суерте зърна КЗ","s8000070021747","71","20.45","0.00"
"14218","магазин 2+2 Габрово Център","Кафе Нова Бразилия 200 гр. класик КЗ","s3800005182056","70","4.34","0.00"
"14218","магазин 2+2 Габрово Център","кашкавал Боженци 220 гр. КЗ","s3800207821098","11","2.81","0.00"
"14218","магазин 2+2 Габрово Център","Кинг 100 червен КЗ","s3800221968663","78","3.07","0.00"
"14218","магазин 2+2 Габрово Център","кисело мляко Елена 2 пр. КЗ","s3800201451147","7","0.71","0.00"
"14218","магазин 2+2 Габрово Център","кори за баница Тракийски 400 гр. КЗ","s3800047707095","5","1.43","0.00"
"14218","магазин 2+2 Габрово Център","краве масло 125 гр. Вълчев КЗ","s3800209300034","12","2.19","0.00"
"14218","магазин 2+2 Габрово Център","краве сирене Верея 200 гр. КЗ","s3800748060697","9","3.16","0.00"
"14218","магазин 2+2 Габрово Център","краставица КЗ","s00301","58","3.29","0.00"
"14218","магазин 2+2 Габрово Център","кроасан Бест 50гр. какао КЗ","s5208077910016","67","0.35","0.00"
"14218","магазин 2+2 Габрово Център","леща Крина 1 кг. екстра КЗ","s3800106402008","34","3.57","0.00"
"14218","магазин 2+2 Габрово Център","лимон КЗ","s00204","50","2.49","0.00"
"14218","магазин 2+2 Габрово Център","лук КЗ","s00304","55","0.79","0.00"
"14218","магазин 2+2 Габрово Център","Лютеница Дерони домашна финносмляна 525 гр. КЗ","s3800740031510","49","3.37","0.00"
"14218","магазин 2+2 Габрово Център","макарони Златен клас 400 гр. миди К","s3800014640103","36","0.64","0.00"
"14218","магазин 2+2 Габрово Център","маслини Ефес 201-260 в зехтин К","s00156","62","5.36","0.00"
"14218","магазин 2+2 Габрово Център","минерална вода Велинград 1.5л. К","s3800091500130","73","0.54","0.00"
"14218","магазин 2+2 Габрово Център","мляко НАН 1 Оптипро 400 гр. К","s7613036363211","65","9.71","0.00"
"14218","магазин 2+2 Габрово Център","мокри кърпи Тренди 72бр. с капак К","s3800144801368","84","1.00","0.00"
"14218","магазин 2+2 Габрово Център","морков К","s00305","56","0.89","0.00"
"14218","магазин 2+2 Габрово Център","олио Кехлибар 1л. К","s3800103610017","42","2.14","0.00"
"14218","магазин 2+2 Габрово Център","оцет ябълков 0.700 л. В.Търново К","s3800084605064","45","1.43","0.00"
"14218","магазин 2+2 Габрово Център","паста за зъби Колгейт 50 мл. тройно действие К","s6920354839016","81","0.97","0.00"
"14218","магазин 2+2 Габрово Център","портокал К","s00202","51","1.59","0.00"
"14218","магазин 2+2 Габрово Център","пресни картофи К","s00317","61","0.89","0.00"
"14218","магазин 2+2 Габрово Център","прясно мляко Горна Росица 1л. 2 пр. К","s3800217252592","6","1.32","0.00"
"14218","магазин 2+2 Габрово Център","ракия Карнобатска 0,7л. К","s3800008906024","77","6.90","0.00"
"14218","магазин 2+2 Габрово Център","салам Телешки Народен 320гр. К","s3800206520268","27","2.09","0.00"
"14218","магазин 2+2 Габрово Център","салам Чичовци 330 гр. пресен шпек К","s3800779030720","28","3.16","0.00"
"14218","магазин 2+2 Габрово Център","сапун Dove 90гр. К","s8717163607268","83","1.12","0.00"
"14218","магазин 2+2 Габрово Център","свински врат без кост Троянска скара К","s00657","21","11.24","0.00"
"14218","магазин 2+2 Габрово Център","сол Клио екстра 1кг. К","s38011986","39","0.51","0.00"
"14218","магазин 2+2 Габрово Център","спагети Стела 500 гр. №10 К","s5201193186013","37","1.39","0.00"
"14218","магазин 2+2 Габрово Център","хляб Нектар 650 гр. фолиран К","s3800204390269","1","0.89","0.00"
"14218","магазин 2+2 Габрово Център","хляб типов Мелничарски с квас Нектар 500 гр. К","s3800204390160","4","1.05","0.00"
"14218","магазин 2+2 Габрово Център","хляб Тостер ръжен 500 гр. К","s3800082911303","3","1.12","0.00"
"14218","магазин 2+2 Габрово Център","ч. вино Вила Ямбол 0,750 л. мавруд К","s3800206569540","76","4.34","0.00"
"14218","магазин 2+2 Габрово Център","Чай БЧК мента К","s3800222790065","72","1.12","0.00"
"14218","магазин 2+2 Габрово Център","чесън К","s00313","59","4.49","0.00"
"14218","магазин 2+2 Габрово Център","четка за зъби Колгейт 360 К","s6001067015079","80","1.94","0.00"
"14218","магазин 2+2 Габрово Център","шампоан Head & Shoulders 250 мл. К","s4084500105782","82","2.55","0.00"
"14218","магазин 2+2 Габрово Център","шоколад Млечен 80 гр. К","s7622300785925","69","1.17","0.00"
"14218","магазин 2+2 Габрово Център","ябълка червена К","s00214","53","1.49","0.00"
"14218","магазин 2+2 Габрово Център","яйца М 10бр. селски К","s3800501139080","31","2.69","0.00"
"14218","магазин 2+2 Габрово Център","яйца М 6 бр. селски К","s3800501139066","31","1.59","0.00"
"65927","магазин 2+2 Севлиево","банан КЗ","s00201","52","1.95","0.00"
"65927","магазин 2+2 Севлиево","бира Загорка специално 2 л. КЗ","s3800022402021","74","1.53","0.00"
"65927","магазин 2+2 Севлиево","бисквити Изгрев 190 гр. обикновени сини КЗ","s3800008600540","66","0.86","0.00"
"65927","магазин 2+2 Севлиево","боб Клио 540гр. бял буркан КЗ","s8410268002838","46","1.32","0.00"
"65927","магазин 2+2 Севлиево","боб Натура 1кг. екстра КЗ","s3800225663076","33","2.99","0.00"
"65927","магазин 2+2 Севлиево","брашно Софимел Екстра 1 кг. КЗ","s3800019102132","41","1.22","0.00"
"65927","магазин 2+2 Севлиево","бяло вино Керацуда логодаж 0.750л. КЗ","s3800097109269","75","3.06","0.00"
"65927","магазин 2+2 Севлиево","веро Ехо 400мл. КЗ","s3800024046650","79","1.53","0.00"
"65927","магазин 2+2 Севлиево","винен оцет 0.700 л.В.Търново КЗ","s3800084604067","44","1.53","0.00"
"65927","магазин 2+2 Севлиево","вити банички Белла 480гр. със сирене КЗ","s3800047700133","68","2.30","0.00"
"65927","магазин 2+2 Севлиево","грах Клио 720гр. буркан КЗ","s4840748004351","47","1.84","0.00"
"65927","магазин 2+2 Севлиево","домат К","s00310","54","2.60","0.00"
"65927","магазин 2+2 Севлиево","домати на кубчета Филикон 400 гр. КЗ","s3800014226017","48","1.12","0.00"
"65927","магазин 2+2 Севлиево","захар Г. Оряховица 1 кг. КЗ","s3800217142039","38","1.12","0.00"
"65927","магазин 2+2 Севлиево","зеле КЗ","s00300","57","0.39","0.00"
"65927","магазин 2+2 Севлиево","зехтин Александър 1л. КЗ","s5202272000374","43","7.97","0.00"
"65927","магазин 2+2 Севлиево","извара Олимпус 400гр. КЗ","s5202178000775","14","2.14","0.00"
"65927","магазин 2+2 Севлиево","кафе Лаваца 1кг. суерте зърна КЗ","s8000070021747","71","20.45","0.00"
"65927","магазин 2+2 Севлиево","Кафе Нова Бразилия 200 гр. класик КЗ","s3800005182056","70","4.34","0.00"
"65927","магазин 2+2 Севлиево","кашкавал Боженци 220 гр. КЗ","s3800207821098","11","2.81","0.00"
"65927","магазин 2+2 Севлиево","Кинг 100 червен КЗ","s3800221968663","78","3.07","0.00"
"65927","магазин 2+2 Севлиево","кисело мляко Елена 2 пр. КЗ","s3800201451147","7","0.71","0.00"
"65927","магазин 2+2 Севлиево","кори за баница Тракийски 400 гр. КЗ","s3800047707095","5","1.43","0.00"
"65927","магазин 2+2 Севлиево","краве масло 125 гр. Вълчев КЗ","s3800209300034","12","2.19","0.00"
"65927","магазин 2+2 Севлиево","краве сирене Верея 200 гр. КЗ","s3800748060697","9","3.16","0.00"
"65927","магазин 2+2 Севлиево","краставица КЗ","s00301","58","3.29","0.00"
"65927","магазин 2+2 Севлиево","кроасан Бест 50гр. какао КЗ","s5208077910016","67","0.35","0.00"
"65927","магазин 2+2 Севлиево","леща Крина 1 кг. екстра КЗ","s3800106402008","34","3.57","0.00"
"65927","магазин 2+2 Севлиево","лимон КЗ","s00204","50","2.49","0.00"
"65927","магазин 2+2 Севлиево","лук КЗ","s00304","55","0.79","0.00"
"65927","магазин 2+2 Севлиево","Лютеница Дерони домашна финносмляна 525 гр. КЗ","s3800740031510","49","3.37","0.00"
"65927","магазин 2+2 Севлиево","макарони Златен клас 400 гр. миди К","s3800014640103","36","0.64","0.00"
"65927","магазин 2+2 Севлиево","маслини Ефес 201-260 в зехтин К","s00156","62","5.36","0.00"
"65927","магазин 2+2 Севлиево","минерална вода Велинград 1.5л. К","s3800091500130","73","0.54","0.00"
"65927","магазин 2+2 Севлиево","мляко НАН 1 Оптипро 400 гр. К","s7613036363211","65","9.71","0.00"
"65927","магазин 2+2 Севлиево","мокри кърпи Тренди 72бр. с капак К","s3800144801368","84","1.00","0.00"
"65927","магазин 2+2 Севлиево","морков К","s00305","56","0.89","0.00"
"65927","магазин 2+2 Севлиево","олио Кехлибар 1л. К","s3800103610017","42","2.14","0.00"
"65927","магазин 2+2 Севлиево","оцет ябълков 0.700 л. В.Търново К","s3800084605064","45","1.43","0.00"
"65927","магазин 2+2 Севлиево","паста за зъби Колгейт 50 мл. тройно действие К","s6920354839016","81","0.97","0.00"
"65927","магазин 2+2 Севлиево","портокал К","s00202","51","1.59","0.00"
"65927","магазин 2+2 Севлиево","пресни картофи К","s00317","61","0.89","0.00"
"65927","магазин 2+2 Севлиево","прясно мляко Горна Росица 1л. 2 пр. К","s3800217252592","6","1.32","0.00"
"65927","магазин 2+2 Севлиево","ракия Карнобатска 0,7л. К","s3800008906024","77","6.90","0.00"
"65927","магазин 2+2 Севлиево","салам Телешки Народен 320гр. К","s3800206520268","27","2.09","0.00"
"65927","магазин 2+2 Севлиево","салам Чичовци 330 гр. пресен шпек К","s3800779030720","28","3.16","0.00"
"65927","магазин 2+2 Севлиево","сапун Dove 90гр. К","s8717163607268","83","1.12","0.00"
"65927","магазин 2+2 Севлиево","свински врат без кост Троянска скара К","s00657","21","11.24","0.00"
"65927","магазин 2+2 Севлиево","сол Клио екстра 1кг. К","s38011986","39","0.51","0.00"
"65927","магазин 2+2 Севлиево","спагети Стела 500 гр. №10 К","s5201193186013","37","1.39","0.00"
"65927","магазин 2+2 Севлиево","хляб Нектар 650 гр. фолиран К","s3800204390269","1","0.89","0.00"
"65927","магазин 2+2 Севлиево","хляб типов Мелничарски с квас Нектар 500 гр. К","s3800204390160","4","1.05","0.00"
"65927","магазин 2+2 Севлиево","хляб Тостер ръжен 500 гр. К","s3800082911303","3","1.12","0.00"
"65927","магазин 2+2 Севлиево","ч. вино Вила Ямбол 0,750 л. мавруд К","s3800206569540","76","4.34","0.00"
"65927","магазин 2+2 Севлиево","Чай БЧК мента К","s3800222790065","72","1.12","0.00"
"65927","магазин 2+2 Севлиево","чесън К","s00313","59","4.49","0.00"
"65927","магазин 2+2 Севлиево","четка за зъби Колгейт 360 К","s6001067015079","80","1.94","0.00"
"65927","магазин 2+2 Севлиево","шампоан Head & Shoulders 250 мл. К","s4084500105782","82","2.55","0.00"
"65927","магазин 2+2 Севлиево","шоколад Млечен 80 гр. К","s7622300785925","69","1.17","0.00"
"65927","магазин 2+2 Севлиево","ябълка червена К","s00214","53","1.49","0.00"
"65927","магазин 2+2 Севлиево","яйца М 10бр. селски К","s3800501139080","31","2.69","0.00"
"65927","магазин 2+2 Севлиево","яйца М 6 бр. селски К","s3800501139066","31","1.59","0.00"
"56784","магазин 2+2 Пловдив","банан К","p00201","52","1.99","0.00"
"56784","магазин 2+2 Пловдив","бира Каменица светло 2 л. К","p3800052390411","74","1.78","0.00"
"56784","магазин 2+2 Пловдив","бира Пиринско 2.3 л. К","p3800022701018","74","1.61","1.48"
"56784","магазин 2+2 Пловдив","бисквити Житен дар 120 гр. обкн. К","p3800020443231","66","0.76","0.00"
"56784","магазин 2+2 Пловдив","бисквити Житен дар 220 гр. обикновени К","p3800020429891","66","1.32","0.00"
"56784","магазин 2+2 Пловдив","боб Добруджанка Фамилекс 1 кг. К","p3800112201138","33","3.06","0.00"
"56784","магазин 2+2 Пловдив","брашно Софимел Екстра 1 кг. К","p3800019102132","41","1.32","0.00"
"56784","магазин 2+2 Пловдив","бял боб Фамилекс 570 гр. К","p3800112206737","46","1.48","0.00"
"56784","магазин 2+2 Пловдив","бяло вино Вила Ямбол 0,750 л. мускат К","p3800206569830","75","4.85","0.00"
"56784","магазин 2+2 Пловдив","бяло вино Керацуда Карнобат 0.75л. К","p3800008910038","75","3.47","0.00"
"56784","магазин 2+2 Пловдив","бяло вино Керацуда Логодаж 0.7 л. К","p3800097109269","75","3.32","0.00"
"56784","магазин 2+2 Пловдив","веро Ехо 400мл. К","p3800024025440","79","1.68","0.00"
"56784","магазин 2+2 Пловдив","веро Медикс 400 мл  кръгло К","p3800069405092","79","0.89","0.00"
"56784","магазин 2+2 Пловдив","домат К","p00310","54","1.99","0.00"
"56784","магазин 2+2 Пловдив","домати на кубчета Фамилекс 400 г. К","p3800112206645","48","1.15","0.00"
"56784","магазин 2+2 Пловдив","захар Национал 1 кг. К","p3800203290119","38","1.27","0.00"
"56784","магазин 2+2 Пловдив","захар Фамилекс 1 кг. К","p3800112201053","38","1.51","0.00"
"56784","магазин 2+2 Пловдив","зелен грах Крина 690 гр. буркан К","p3800106406082","47","1.61","0.00"
"56784","магазин 2+2 Пловдив","зехтин Елиа Помас 1 л. К","p3800085111502","43","7.66","0.00"
"56784","магазин 2+2 Пловдив","извара Олимпус 400 гр. К","p5202178000775","14","2.19","0.00"
"56784","магазин 2+2 Пловдив","картоф пресен К","p00308","61","0.81","0.00"
"56784","магазин 2+2 Пловдив","кафе Лаваца 1 кг. Суерте К","p8000070021747","71","20.96","0.00"
"56784","магазин 2+2 Пловдив","Кафе Нова Бразилия 200 гр. класик К","p3800005182056","70","4.60","0.00"
"56784","магазин 2+2 Пловдив","кашкавал Боженци 220 гр. К","p3800207821098","11","2.91","0.00"
"56784","магазин 2+2 Пловдив","кашкавал Боженци 390 гр. К","p3800207821241","11","5.01","0.00"
"56784","магазин 2+2 Пловдив","кашкавал Верея 400 гр. К","p3800748051091","11","6.64","0.00"
"56784","магазин 2+2 Пловдив","Кинг 100 червен К","p3800221960797","78","3.07","0.00"
"56784","магазин 2+2 Пловдив","кисело мляко Боженци 400 гр. 2 процента К","p3800207820282","7","0.86","0.00"
"56784","магазин 2+2 Пловдив","кисело мляко Елит 400 гр. 2 процента К","p38005268","7","0.81","0.00"
"56784","магазин 2+2 Пловдив","кисело мляко Тертер 400 гр. 2.9 процента К","p3800024030710","7","0.76","0.00"
"56784","магазин 2+2 Пловдив","кори за баница Тракийски 400 гр. К","p3800047707095","5","1.53","0.00"
"56784","магазин 2+2 Пловдив","краве масло Вълчев 125 гр. К","p3800209300034","12","2.04","0.00"
"56784","магазин 2+2 Пловдив","краве масло Вълчев 250 гр. К","p3800209300058","12","4.03","0.00"
"56784","магазин 2+2 Пловдив","краве сирене Боженци 200 гр. К","p3800207821074","9","2.30","0.00"
"56784","магазин 2+2 Пловдив","краставица К","p00301","58","3.52","0.00"
"56784","магазин 2+2 Пловдив","кренвирш Леки 300 гр. К","p3800206521326","27","2.70","0.00"
"56784","магазин 2+2 Пловдив","кроасан 22 карата шоколад 55 гр. К","p3800202330076","67","0.35","0.00"
"56784","магазин 2+2 Пловдив","кроасан 7 дейс макс 92 гр. какао К","p5201360112166","67","0.81","0.00"
"56784","магазин 2+2 Пловдив","Леща Фамилекс 1 кг. К","p3800112201091","34","3.06","0.00"
"56784","магазин 2+2 Пловдив","лимон К","p00204","50","2.40","0.00"
"56784","магазин 2+2 Пловдив","лосион Dove 360/400 мл. К","p8710522764381","82","4.60","0.00"
"56784","магазин 2+2 Пловдив","лук К","p00304","55","0.89","0.00"
"56784","магазин 2+2 Пловдив","Лютеница Дерони едросмл. 520 гр. К","p3800740016760","49","4.09","0.00"
"56784","магазин 2+2 Пловдив","лютеница Олинеза 520 гр. традиционна К","p3800012191126","49","3.01","0.00"
"56784","магазин 2+2 Пловдив","макарони Дерони Пене Ригате 400 гр. К","p3800740084356","36","1.07","0.00"
"56784","магазин 2+2 Пловдив","макарони Дерони фусили 400 гр. К","p3800740084325","36","1.07","0.00"
"56784","магазин 2+2 Пловдив","макарони Стела 500 гр. звездички К","p5201077016061","36","1.53","0.00"
"56784","магазин 2+2 Пловдив","минерална вода Велинград 1.5 л. К","p3800091500130","73","0.56","0.00"
"56784","магазин 2+2 Пловдив","мокри кърпи Май Комфорт 120 бр. К","p3800233690286","84","1.38","0.00"
"56784","магазин 2+2 Пловдив","мокри кърпи Силклайн Кеър Софт 3-ри цвята 15 бр. К","p8699037500212","84","0.25","0.00"
"56784","магазин 2+2 Пловдив","морков К","p00305","56","0.86","0.00"
"56784","магазин 2+2 Пловдив","олио Калиакра 1 л. К","p5948990130039","42","2.40","0.00"
"56784","магазин 2+2 Пловдив","олио Фамилекс 1л. К","p3800112201244","42","2.19","0.00"
"56784","магазин 2+2 Пловдив","оцет Кулинар 700 мл. винен К","p3800128570013","44","1.27","0.00"
"56784","магазин 2+2 Пловдив","оцет Фамилекс 700 мл. ябълков К","p3800112201510","45","1.27","0.00"
"56784","магазин 2+2 Пловдив","паста за зъби Аквафреш 50 мл. синя К","p5999518578017","81","1.53","0.00"
"56784","магазин 2+2 Пловдив","паста за зъби Колгейт 75мл. Max White К","p8718951313835","81","3.06","0.00"
"56784","магазин 2+2 Пловдив","портокал К","p00202","51","1.73","0.00"
"56784","магазин 2+2 Пловдив","прясно мляко Олимпус 1л. 3.7 процента К","p5941875905227","6","1.78","0.00"
"56784","магазин 2+2 Пловдив","прясно мляко Тертер 1л. 3.6 процента К","p3800207823016","6","1.53","0.00"
"56784","магазин 2+2 Пловдив","ракия Грозден 0,7л. К","p3800008906062","77","6.64","0.00"
"56784","магазин 2+2 Пловдив","ракия Пещерска 0,7л. обикновена К","p3800032070012","77","7.66","5.79"
"56784","магазин 2+2 Пловдив","ракия Ямболска гроздова 0,7л. К","p3800206560011","77","6.74","0.00"
"56784","магазин 2+2 Пловдив","салам Чичовци 330 гр. пресен шпек К","p3800779030720","28","3.37","0.00"
"56784","магазин 2+2 Пловдив","сапун Дав 90/100 гр К","p8711600804357","83","1.27","0.00"
"56784","магазин 2+2 Пловдив","сапун Тео букет 70 гр. К","p3800024013157","83","0.51","0.00"
"56784","магазин 2+2 Пловдив","сол Фамилекс синя 1 кг. К","p3800112201022","39","0.61","0.00"
"56784","магазин 2+2 Пловдив","спагети Стела 500 гр. №10 К","p5201193186013","37","1.48","0.00"
"56784","магазин 2+2 Пловдив","хляб Симид 500 гр. нарязан бял К","p3800203680163","1","0.86","0.00"
"56784","магазин 2+2 Пловдив","хляб Симид 500 гр. ръжен К","p3800209204110","3","1.15","0.00"
"56784","магазин 2+2 Пловдив","хляб Симид 650 гр. типов заводски К","p3800203680149","4","1.02","0.00"
"56784","магазин 2+2 Пловдив","ч. вино Вила Ямбол мерло 750 мл. К","p3800206569878","76","4.85","0.00"
"56784","магазин 2+2 Пловдив","ч. вино Домейн Бояр  0.75 л. каберне К","p3800008160051","76","4.60","0.00"
"56784","магазин 2+2 Пловдив","ч. вино Механджийско 0.75 л. К","p3800008910557","76","1.68","0.00"
"56784","магазин 2+2 Пловдив","Чай Горски Кът К","p3800022800544","72","1.27","0.00"
"56784","магазин 2+2 Пловдив","чесън К","p00313","59","4.03","0.00"
"56784","магазин 2+2 Пловдив","четка за зъби Аквафреш Стандарт К","p5054563006707","80","1.02","0.00"
"56784","магазин 2+2 Пловдив","шампоан Тео 350мл. К","p3800024022333","82","1.94","0.00"
"56784","магазин 2+2 Пловдив","шоколад Млечен 80 гр. К","p7622300218195","69","1.38","0.00"
"56784","магазин 2+2 Пловдив","ябълка жълта К","p00206","53","1.89","0.00"
"56784","магазин 2+2 Пловдив","яйца кутия 10 бр. К","p3800217310049","31","3.14","0.00"
"56784","магазин 2+2 Пловдив","яйца Л 6 бр. кутия К","p3800215231308","32","1.84","0.00"