﻿"Населено място","Търговски обект","Наименование на продукта","Код на продукта","Категория","Цена на дребно","Цена в промоция"
"17395"," FRESH MARKET","Мокри кърпи Малива 72бр","10020","84","1.05",""
"17395"," FRESH MARKET","Занаятчийски хляб Многозърнест/Лимец/Немски 400гр","10040","4","1.30",""
"17395"," FRESH MARKET","Деликатесен продукт Дянково вакум","10041","9","2.86",""
"17395"," FRESH MARKET","Хляб Иванов Грахам 500гр.","10104","4","1.02",""
"17395"," FRESH MARKET","Кашкавал БДС Пирин вакум Предел","10169","10","11.50",""
"17395"," FRESH MARKET","Кашкавал Домлян БДС 400гр","10230","11","5.42",""
"17395"," FRESH MARKET","Сирене Тера 800гр метална кутия","10245","11","8.85",""
"17395"," FRESH MARKET","Яйца Л ","103","32","6.75",""
"17395"," FRESH MARKET","Бял боб Весу 400гр","10326","46","0.84",""
"17395"," FRESH MARKET","Боб черен Кампезе 400гр","10327","46","1.12",""
"17395"," FRESH MARKET","Лютеница Тодорка едросмляна домашна 570гр","10379","49","2.81",""
"17395"," FRESH MARKET","Яйца М ","104","31","6.29",""
"17395"," FRESH MARKET","Маслен боб Vesu 400гр","10454","46","0.92",""
"17395"," FRESH MARKET","Маслиново масло Минерва 1л","10478","43","9.61",""
"17395"," FRESH MARKET","Грах Дегусто 420гр","10513","47","1.35",""
"17395"," FRESH MARKET","Бял боб консерва Фамилекс 400гр","10570","46","0.79",""
"17395"," FRESH MARKET","Домати на кубчета Кръстев 400гр","10580","48","1.05",""
"17395"," FRESH MARKET","Маслини Гемлик Селе 1кг.","10605","62","5.42",""
"17395"," FRESH MARKET","Червен боб Дегусто 400гр.","10792","46","1.07",""
"17395"," FRESH MARKET","Краставици-България","108","58","2.95",""
"17395"," FRESH MARKET","Бял боб консерва Крина 400гр","10934","46","0.69",""
"17395"," FRESH MARKET","Маслен боб консерва Крина 400гр","10935","46","0.74",""
"17395"," FRESH MARKET","Червен боб консерва Крина 400гр","10936","46","0.74",""
"17395"," FRESH MARKET","Грах Тат консерва 420гр.","10938","47","0.95",""
"17395"," FRESH MARKET","Кашкавал Родопчанка Полумесец","11","10","9.82",""
"17395"," FRESH MARKET","Червени домати-Гърция","110","53","2.45",""
"17395"," FRESH MARKET","Мокри кърпи Мерси 120бр.","11035","84","0.86",""
"17395"," FRESH MARKET","Хляб Сатовча ръчен селски,царевичен, типов","11038","3","1.02",""
"17395"," FRESH MARKET","Хляб Бонус Живот 700гр.","11047","1","0.87",""
"17395"," FRESH MARKET","Шампоан Syoss 440/500мл.","1106","82","4.19",""
"17395"," FRESH MARKET","Четка за зъби Trisa Focus","1107","80","0.97",""
"17395"," FRESH MARKET","Четка за зъби Trisa Perfect/Bracket","1108","80","2.45",""
"17395"," FRESH MARKET","Четка за зъби Trisa FeelGood 2бр","1109","80","2.30",""
"17395"," FRESH MARKET","Моркови","111","56","0.82",""
"17395"," FRESH MARKET","Четка за зъби Difas Bamboo ","1112","80","2.15",""
"17395"," FRESH MARKET","Телешки кренвирши Браво","11125","26","5.22",""
"17395"," FRESH MARKET","Бира Загорка 2л","11171","74","1.51",""
"17395"," FRESH MARKET","Кроасани  Елмас Макс 80гр","11179","67","0.56",""
"17395"," FRESH MARKET","Портокали Фреш-Гърция","112","51","1.64",""
"17395"," FRESH MARKET","Краве масло 125гр. Бор-Чвор","11211","12","1.99",""
"17395"," FRESH MARKET","Пълнозърнести кори Белла 400гр","11215","5","1.76",""
"17395"," FRESH MARKET","Краве масло 250гр. Бор-Чвор","11234","12","3.83",""
"17395"," FRESH MARKET","Прясно мляко Булгарче 3.2% 1л","11241","6","1.18",""
"17395"," FRESH MARKET","Пасти за зъби Дентал Дрийм 75мл","11243","81","1.76",""
"17395"," FRESH MARKET","Кроасани Без захар Антонели 42гр","11251","67","0.66",""
"17395"," FRESH MARKET","Паста за зъби Oral-B PRO 75мл","11268","81","2.30",""
"17395"," FRESH MARKET","Паста за зъби Oral-B Comp+ 75мл","11269","81","1.74",""
"17395"," FRESH MARKET","Лимони-Турция","113","50","2.35",""
"17395"," FRESH MARKET","Феъри за съдове 450мл","11386","79","1.53",""
"17395"," FRESH MARKET","Лютеница едросмляна Божурка 550","11398","49","4.60",""
"17395"," FRESH MARKET","Райска Ябълка - България","114","53","1.84",""
"17395"," FRESH MARKET","Олио Фамилекс 1л Drop Stop","11432","42","1.69",""
"17395"," FRESH MARKET","Масло Моето Здраве 250гр","11443","12","4.19",""
"17395"," FRESH MARKET","Краве сирене Мургаш 500гр мет.кут.","11552","9","5.01",""
"17395"," FRESH MARKET","Жълти Ябълки - Италия","116","53","1.89",""
"17395"," FRESH MARKET","Четка за зъби Trisa 2бр + паста","1160","80","2.63",""
"17395"," FRESH MARKET","Четка за зъби Trisa детска 3-6 години","1161","80","2.25",""
"17395"," FRESH MARKET","Паста за зъби Колгейт Max White Crystal 125мл.","1162","80","3.53",""
"17395"," FRESH MARKET","Четка за зъби Trisa ултра софт/Flexible","1163","80","1.53",""
"17395"," FRESH MARKET","Четка за зъби Trisa Flexible 2бр.","1165","80","0.82",""
"17395"," FRESH MARKET","Обикновени бисквити Кристал без захар 130гр","11658","66","0.77",""
"17395"," FRESH MARKET","Четка за зъби Trisa pearl soft/Matrix","1167","80","1.05",""
"17395"," FRESH MARKET","Зелени Ябълки Гърция","117","53","1.53",""
"17395"," FRESH MARKET","Мокри кърпи Бебелан 80бр","11756","84","1.89",""
"17395"," FRESH MARKET","Талиатели Ариги 500гр","11789","36","1.79",""
"17395"," FRESH MARKET","Деликатесен салам Молерите 220гр","11801","28","3.83",""
"17395"," FRESH MARKET","Оцет Ябълков Крина 700мл","11817","45","1.10",""
"17395"," FRESH MARKET","Инстантни спагети Reeva 5бр","11819","36","2.02",""
"17395"," FRESH MARKET","Краве сирене Саяна кутия 400 гр.","11836","9","3.27",""
"17395"," FRESH MARKET","Паста за зъби Колгейт Макс Фреш 100мл./Charcoal 75мл","1189","81","1.79",""
"17395"," FRESH MARKET","Кафе Борбоне 1кг","11896","71","14.42",""
"17395"," FRESH MARKET","Краве сирене Саяна 800гр кутия","11930","9","5.88",""
"17395"," FRESH MARKET","Бял хляб Неврокопски 700гр.","11951","1","1.05",""
"17395"," FRESH MARKET","Зехтин Екстра Върджин Елиа 1л","11984","43","11.71",""
"17395"," FRESH MARKET","Краве сирене Осиково вакуум","1226","9","7.67",""
"17395"," FRESH MARKET","Четка за зъби Астера","1260","80","1.30",""
"17395"," FRESH MARKET","Паста за зъби Астера 100/110мл.","1287","81","1.20",""
"17395"," FRESH MARKET","Четка за зъби  Аквафреш стандарт","1291","80","0.72",""
"17395"," FRESH MARKET","Четка за зъби  Аквафреш Everyday/clean","1292","80","1.69",""
"17395"," FRESH MARKET","Четка за зъби Аквафреш 2бр/3бр clean&flex","1293","80","2.04",""
"17395"," FRESH MARKET","Четка за зъби Аквафреш динамик","1294","80","0.92",""
"17395"," FRESH MARKET","Шампоан Стилена 400мл.","1295","82","1.64",""
"17395"," FRESH MARKET","Паста за зъби Аквафреш 125мл синя/зелена/хербал/лилава","1296","81","1.89",""
"17395"," FRESH MARKET","Четка за зъби Oral-B 3D Fresh","1315","80","1.89",""
"17395"," FRESH MARKET","Кромид Лук-България","133","55","0.72",""
"17395"," FRESH MARKET","Паста за зъби Астера 150мл.","1330","81","1.64",""
"17395"," FRESH MARKET","Чесън-България","135","59","3.99",""
"17395"," FRESH MARKET","Фея 400мл","1356","79","0.84",""
"17395"," FRESH MARKET","Детска паста Sensodyne 2+6г / 6-12г","1359","81","3.02",""
"17395"," FRESH MARKET","Шампоан Head & Shoulders 200мл.","13655","82","2.20",""
"17395"," FRESH MARKET","Четка за зъби Trisa Baby 0-3г","1366","80","1.64",""
"17395"," FRESH MARKET","Четка за зъби Trisa детска 6+","1367","80","2.45",""
"17395"," FRESH MARKET","Вешелица","1373","19","6.90",""
"17395"," FRESH MARKET","Четка за зъби Sensodyne Genitle Care","1397","80","3.63",""
"17395"," FRESH MARKET","Шампоан Wash&Go 360мл","1407","82","2.66",""
"17395"," FRESH MARKET","Паста за зъби Бочко банан/ягода","1421","81","1.64",""
"17395"," FRESH MARKET","Паста за зъби Бочко 3+ 75мл синя/розова/зелена","1422","81","1.43",""
"17395"," FRESH MARKET","Шампоан и душ гел Бочко 2в1 250мл.","1424","82","2.02",""
"17395"," FRESH MARKET","Шампоан Бочко 200мл.","1425","82","1.94",""
"17395"," FRESH MARKET","Шампоан Арома Натурал 400мл","1439","82","1.69",""
"17395"," FRESH MARKET","Картофи България","144","61","0.61",""
"17395"," FRESH MARKET","Паста за зъби Пародонтакс 75мл/100мл","1452","81","3.53",""
"17395"," FRESH MARKET","Шампоан Здраве 390мл.","1453","82","4.55",""
"17395"," FRESH MARKET","Банани - Еквадор","146","52","1.78",""
"17395"," FRESH MARKET","Шампоан  Глис 250мл.","1462","82","3.43",""
"17395"," FRESH MARKET","Краве масло Бор-Чвор","1495","12","11.04",""
"17395"," FRESH MARKET","Скумрия с глава Норвегия 500-600гр","1510","29","4.96",""
"17395"," FRESH MARKET","Пъстърва Калибрована замразена","1515","29","7.57",""
"17395"," FRESH MARKET","Свински Бут охладен","1519","19","5.62",""
"17395"," FRESH MARKET","Кренвирши Житница","1524","26","5.73",""
"17395"," FRESH MARKET","Кашкавал Борино 1кг","1533","10","10.12",""
"17395"," FRESH MARKET","Краве сирене Наборъ вакум","1535","9","4.45",""
"17395"," FRESH MARKET","Свинска Плешка","1537","18","5.57",""
"17395"," FRESH MARKET","Кашкавал Наборъ Пита","1539","10","7.36",""
"17395"," FRESH MARKET","Прясно мляко Балкан 3% 1л","15522","6","1.84",""
"17395"," FRESH MARKET","Кашкавал Родопска сълзица 250гр./500гр.","1560","11","10.53",""
"17395"," FRESH MARKET","Пилешко филе охладено ","1566","16","7.26",""
"17395"," FRESH MARKET","Маслини Каламата Оливиа","1569","62","5.37",""
"17395"," FRESH MARKET","Краве Сирене Матанд БДС тенекия","1572","8","8.28",""
"17395"," FRESH MARKET","Телешка Кайма Месомания","1577","24","4.76",""
"17395"," FRESH MARKET","Пиле охладено ","1578","15","3.89",""
"17395"," FRESH MARKET","Кренвирш Градус ","1579","26","2.97",""
"17395"," FRESH MARKET","Портокали едри - Гърция","159","51","1.84",""
"17395"," FRESH MARKET","Италиански маслини без костилка","1590","62","11.20",""
"17395"," FRESH MARKET","Свинска флейка охладена","1594","22","7.41",""
"17395"," FRESH MARKET","Черни маслини Мамут Стефаника 2.5кг","1598","62","5.32",""
"17395"," FRESH MARKET","Масло Милтекс 125гр","1609","12","0.61",""
"17395"," FRESH MARKET","Прясно зеле - България","162","57","0.56",""
"17395"," FRESH MARKET","Краве Сирене Ралица 8кг.","1621","8","7.57",""
"17395"," FRESH MARKET","Сирене Краве Наборъ 8кг","1626","8","4.06",""
"17395"," FRESH MARKET","Краве сирене прясно/солено Моето здраве вакум","1650","9","10.94",""
"17395"," FRESH MARKET","Червени ябълки - Гърция","169","53","1.89",""
"17395"," FRESH MARKET","Пилешки Кренвирши Браво ~1кг.","1691","26","3.06",""
"17395"," FRESH MARKET","Сунгурларска отлежала ракия 700мл","17005","77","7.41",""
"17395"," FRESH MARKET","Ракия Кайсиева Исперих 700мл","17034","77","15.19",""
"17395"," FRESH MARKET","Вино Фрутино Пино Гриджо 750мл","17046","75","3.57",""
"17395"," FRESH MARKET","Совиньон блан Домейн Бойар 750мл","17047","75","3.99",""
"17395"," FRESH MARKET","Шампоан Кря-кря 170мл.","1742","82","1.00",""
"17395"," FRESH MARKET","Паста за зъби Билка дент експерт 75мл.","1773","81","2.35",""
"17395"," FRESH MARKET","Гъби тарелка - България","180","60","1.07",""
"17395"," FRESH MARKET","Масло Президент 125гр.","1845","12","3.83",""
"17395"," FRESH MARKET","Масло Президент 250гр.","1846","12","7.31",""
"17395"," FRESH MARKET","Сапун Крис 125гр.","1849","83","0.61",""
"17395"," FRESH MARKET","Кашкавал царевица Домлян ~300гр.","1865","11","13.14",""
"17395"," FRESH MARKET","Шпек Бургас червен етикет слайс 160гр. Екомес","1875","28","1.94",""
"17395"," FRESH MARKET","Кашкавал с орехи Лещен","1876","10","13.75",""
"17395"," FRESH MARKET","Четка за зъби Колгейт Екстра Клийн 1+1","1877","80","1.38",""
"17395"," FRESH MARKET","Четка за зъби колгейт Слим Софт ","1878","80","3.17",""
"17395"," FRESH MARKET","Краве сирене Верея 900гр.","1884","9","11.66",""
"17395"," FRESH MARKET","Шарена Ябълка - България","191","53","1.07",""
"17395"," FRESH MARKET","Картофи","192","61","0.61",""
"17395"," FRESH MARKET","Сапун Криспа 150гр","1974","83","0.92",""
"17395"," FRESH MARKET","Бисквити Кристал","20000","66","0.51",""
"17395"," FRESH MARKET","Кафе Нова Бразилия Джезве 200 гр.","20014","70","3.04",""
"17395"," FRESH MARKET","Кафе Нова Бразилия Класик 200 гр.","20015","70","3.04",""
"17395"," FRESH MARKET","Кроасан Тудей","2002","67","0.18",""
"17395"," FRESH MARKET","Бисквити Закуска с Мляко 315гр. 24бр в кашон","20023","66","1.22",""
"17395"," FRESH MARKET","Боб Фамилекс 1кг","20028","33","2.61",""
"17395"," FRESH MARKET","Кроасан Густо с Шоколад 55 гр.22бр/к","20032","67","0.24",""
"17395"," FRESH MARKET","Кори за баница София Мел 470гр","20033","5","1.89",""
"17395"," FRESH MARKET","Олио Калиакра 1л.","20034","42","2.04",""
"17395"," FRESH MARKET","Зехтин Амфора/Фреско 1 л. ","20037","43","4.40",""
"17395"," FRESH MARKET","Кори Фамилия точени кори 500гр.","20039","5","1.94",""
"17395"," FRESH MARKET","Оцет ябълков 700мл Плевен","20041","45","0.43",""
"17395"," FRESH MARKET","Оцет винен 700мл Плевен","20042","44","0.43",""
"17395"," FRESH MARKET","Грах кутия 850г Арива","20046","47","1.69",""
"17395"," FRESH MARKET","Шоколад Милка 90/100гр.","2005","69","1.29",""
"17395"," FRESH MARKET","Кори Одрински 500 гр.","20057","5","1.51",""
"17395"," FRESH MARKET","Брашно Житко Топаз Мел 1кг.","20070","40","0.84",""
"17395"," FRESH MARKET","Сол зелена Фамилекс 1кг.","20071","39","0.51",""
"17395"," FRESH MARKET","Брашно София мел екстра 1кг.","20079","41","1.02",""
"17395"," FRESH MARKET","Кафе Нова Бразилия 900гр/1кг. на зърна","20111","71","15.95",""
"17395"," FRESH MARKET","Оцет ябълков 700мл. Кулинар","20124","45","1.18",""
"17395"," FRESH MARKET","Оцет винен 700мл Кулинар","20125","44","1.18",""
"17395"," FRESH MARKET","Шампоан Tresemme 400мл.","20144","82","4.45",""
"17395"," FRESH MARKET","Четка за зъби Дентал Anti Bacterial","20146","80","1.82",""
"17395"," FRESH MARKET","Четка за зъби Bamboo Аквафреш ","20156","80","2.76",""
"17395"," FRESH MARKET","Зехтин Помас Весу 1л.","20192","43","6.64",""
"17395"," FRESH MARKET","Грах 400 гр. VESU","20204","47","0.69",""
"17395"," FRESH MARKET","Грах 800 гр. VESU 12бр. в стек","20205","47","1.35",""
"17395"," FRESH MARKET","Паста за зъби Блендамед PRO 75мл.","20212","81","2.04",""
"17395"," FRESH MARKET","Четка за зъби Астера актив","20224","80","0.76",""
"17395"," FRESH MARKET","Шампоан Head & Shoulders 360/400мл.","20235","82","4.24",""
"17395"," FRESH MARKET","Кашкавал Борино 200гр. тапа","20241","11","9.97",""
"17395"," FRESH MARKET","Лютеница Първомай 525 гр.","20250","49","2.33",""
"17395"," FRESH MARKET","Лютеница Първомай 265 гр.","20251","49","1.23",""
"17395"," FRESH MARKET","Лютеница Олинезко 520 гр.","20259","49","2.58",""
"17395"," FRESH MARKET","Лютеница Дерони староселска финосмялна 520гр.","20290","49","3.12",""
"17395"," FRESH MARKET","Лютеница Староселска 520гр. Дерони","20292","49","4.35",""
"17395"," FRESH MARKET","Лютеница традиционна Тодорка 575гр. ","20295","49","2.45",""
"17395"," FRESH MARKET","Лютеница традиционна Дерони 520гр.","20308","49","2.76",""
"17395"," FRESH MARKET","Лютеница домашна Дерони 525гр.","20309","49","2.94",""
"17395"," FRESH MARKET","Лютеница пикантна Дерони 520гр.","20310","49","2.94",""
"17395"," FRESH MARKET","Лютеница едросмляна Дерони 520гр.","20311","49","3.60",""
"17395"," FRESH MARKET","Лютеница Велика Дерони 515г","20316","49","5.32",""
"17395"," FRESH MARKET","Лютеница традиционна Петел 575гр.","20318","49","1.74",""
"17395"," FRESH MARKET","Грах консерва Фамилекс 400гр.","20329","47","0.79",""
"17395"," FRESH MARKET","Зехтин Екстра Върджин Сан Лазаро 1л","20330","43","13.04",""
"17395"," FRESH MARKET","Зехтин Памис Сан Лазаро 1л.","20331","43","4.88",""
"17395"," FRESH MARKET","Кафе Лаваца РОСА 250гр. пакетче","20337","70","5.88",""
"17395"," FRESH MARKET","Кафе Лаваца ОРО 250гр. кутия","20338","70","6.42",""
"17395"," FRESH MARKET","Кафе Лаваца РОСА 250гр. кутия","20339","70","8.75",""
"17395"," FRESH MARKET","Колгейт Max white 75мл./125","20358","81","2.97",""
"17395"," FRESH MARKET","Сапун Нивея","20364","83","1.12",""
"17395"," FRESH MARKET","Четка за зъби Астера пародонт","20366","80","2.65",""
"17395"," FRESH MARKET","Четка за зъби Колгейт 360 1+1/Слим","20367","80","3.63",""
"17395"," FRESH MARKET","Паста за зъби Дентал детска 50мл ","20396","81","0.95",""
"17395"," FRESH MARKET","Четка за зъби Колгейт 360 Optic White","20397","80","3.53",""
"17395"," FRESH MARKET","Четка за зъби Колгейт 3D Density","20398","80","2.35",""
"17395"," FRESH MARKET","Четка за зъби Дентал Medium T.CL.Double","20417","80","1.23",""
"17395"," FRESH MARKET","Четка за зъби Дентал Gold Power","20418","80","1.23",""
"17395"," FRESH MARKET","Четка за зъби Дентал за деца","20419","80","1.23",""
"17395"," FRESH MARKET","Макарони Диетични Мулти 350гр.","20443","36","0.64",""
"17395"," FRESH MARKET","Инстантни спагети Indomie 5+1x70гр.","20444","36","1.76",""
"17395"," FRESH MARKET","Бяло брашно Клио 1кг.","20445","40","0.61",""
"17395"," FRESH MARKET","Макарони Панделки Мулти 500гр.","20448","36","0.64",""
"17395"," FRESH MARKET","Кафе Тчибо Фамилия Eduscho 250гр.","20490","70","5.01",""
"17395"," FRESH MARKET","Кафе Едушон Wiener Extra 250гр.","20502","70","3.83",""
"17395"," FRESH MARKET","Кафе Тчибо Еспресо Сицилия 250гр.","20503","70","6.16",""
"17395"," FRESH MARKET","Кафе Тчибо Еспресо Милано 250гр.","20504","70","6.16",""
"17395"," FRESH MARKET","Сапун Бочко","20516","83","0.82",""
"17395"," FRESH MARKET","Мокри кърпи Бочко 20бр.","20524","84","0.54",""
"17395"," FRESH MARKET","Поморийска гроздова обиновена 700мл.","20556","77","6.29",""
"17395"," FRESH MARKET","Поморийска гроздова мускатова 700мл","20557","77","8.03",""
"17395"," FRESH MARKET","Поморийска гроздова специална 700мл","20558","77","6.90",""
"17395"," FRESH MARKET","Бургаска мускатова ракия 700мл.","20563","77","8.50",""
"17395"," FRESH MARKET","Кафе Тчибо зърна 1кг","20565","71","21.47",""
"17395"," FRESH MARKET","Чай Туайнигс 20/ 25бр.","20567","72","4.60",""
"17395"," FRESH MARKET","Четка за Зъби Детска Oral-B Winnie 2-4 год./6-12г./3-5г./","20599","80","1.97",""
"17395"," FRESH MARKET","Четка за зъби Oral-B Детска 8+","20600","80","1.59",""
"17395"," FRESH MARKET","Четка за Зъби Детска Oral-B 5-7 год.","20601","80","1.59",""
"17395"," FRESH MARKET","Четки за зъби Oral-B Complete 5-Way Clean/3D white 1+1","20603","80","2.51",""
"17395"," FRESH MARKET","Четка за Зъби Oral-B 3D White Fresh 1+1","20604","80","3.17",""
"17395"," FRESH MARKET","Четка за Зъби Oral-B Classic","20605","80","1.28",""
"17395"," FRESH MARKET","Четка за Зъби детска Oral-B 3+","20606","80","1.97",""
"17395"," FRESH MARKET","Деликатесен продукт Евредика 400гр. 18 бр. каш.","20626","9","1.79",""
"17395"," FRESH MARKET","Шардоне Platinum Д.Бойар 0.750","20629","75","10.58",""
"17395"," FRESH MARKET","Мерло Platinum Д.Бойар 750мл.","20630","76","13.70",""
"17395"," FRESH MARKET","Каберне Совиньон Platinum Д.Бойар 750","20631","75","13.70",""
"17395"," FRESH MARKET","Вино Квантум Д.Бойар совиньон блан  750мл.","20632","75","4.96",""
"17395"," FRESH MARKET","Вино Квантум Домейн Бойар траминер 750мл.","20633","75","4.96",""
"17395"," FRESH MARKET","Вино Квантум Домейн Бойар мавруд/мерло 750мл.","20634","76","4.96",""
"17395"," FRESH MARKET","Вино Квантум  Кабарне совиньон 750мл.","20636","75","4.96",""
"17395"," FRESH MARKET","Вино Квантум Домейн Бойар сира/каберне 750мл.","20637","76","4.76",""
"17395"," FRESH MARKET","Шардоне Домейн Бойар Трапезно 750мл.","20638","75","4.30",""
"17395"," FRESH MARKET","Мускат Домейн Бойар Трапезно 750мл.","20639","76","4.30",""
"17395"," FRESH MARKET","Траминер Селекшън Д.Бойар 750мл.","20640","75","3.99",""
"17395"," FRESH MARKET","Каберне резерва Домейн Бояр 750мл.","20641","75","3.99",""
"17395"," FRESH MARKET","Мерло/Мавруд Трапезно Д.Бояр 750мл.","20642","76","3.99",""
"17395"," FRESH MARKET","Каберне Трапезно Д.Бойар 750мл.","20643","75","3.99",""
"17395"," FRESH MARKET","Шардоне Фрутино праск.и манго 750мл.-8,5%","20644","75","3.70",""
"17395"," FRESH MARKET","BOUTIQUE Мерло & Малбек 750мл. Колекция Червено","20647","76","8.86",""
"17395"," FRESH MARKET","Nobilo Собиньон Блан Рег.Сел. 750мл. Н.Зел. Д.Бойар","20651","75","7.46",""
"17395"," FRESH MARKET","Вино Чиленсис Совиньон Блан 750мл.","20652","75","6.90",""
"17395"," FRESH MARKET","Вино Чиленсис Каберне/от Чили/ 750мл.Д.Бойар","20654","76","6.90",""
"17395"," FRESH MARKET","Пещерска Гроздова Ракия 700мл.","20670","77","5.47",""
"17395"," FRESH MARKET","Пещерска Отлежала Ракия 700мл.","20674","77","7.11",""
"17395"," FRESH MARKET","Кайлъшка Ракия 700мл.","20676","77","6.90",""
"17395"," FRESH MARKET","Кайлъшка Мускатова Ракия 700мл.","20678","77","8.03",""
"17395"," FRESH MARKET","Кайлъшка Сливова Ракия 700мл.","20679","77","7.31",""
"17395"," FRESH MARKET","Ямболска Гроздова Ракия 700мл.","20681","77","5.57",""
"17395"," FRESH MARKET","Стралджанска Ракия Prim 700мл.","20683","77","6.14",""
"17395"," FRESH MARKET","Мерло Вила Ямбол 750мл.","20693","76","3.83",""
"17395"," FRESH MARKET","Кабарне Совиньон Вила Ямбол 750мл.","20694","75","3.83",""
"17395"," FRESH MARKET","Шардоне Вила Ямбол 750мл.","20696","75","3.83",""
"17395"," FRESH MARKET","Мускат Вила Ямбол 750мл.","20697","76","3.83",""
"17395"," FRESH MARKET","Мавруд Вила Ямбол 750мл.","20698","76","3.83",""
"17395"," FRESH MARKET","Верано Азур Сов.Бл./Шардоне Вионие 750мл.","20703","75","5.52",""
"17395"," FRESH MARKET","Верано Азур Сира и Марсела 750мл. Пещера","20705","76","5.52",""
"17395"," FRESH MARKET","Паста за зъби Sensodyne Clinical Repair 75мл","20721","81","5.06",""
"17395"," FRESH MARKET","Шампоан Дав 250мл","20728","82","3.32",""
"17395"," FRESH MARKET","Паста за зъби Aquafresh Intense Clean whitening","20751","81","2.61",""
"17395"," FRESH MARKET","Паста за зъби Sensodyne Fluoride/Cavity","20753","81","3.53",""
"17395"," FRESH MARKET","Паста за зъби Sensodyne whitening/тотал","20754","81","3.53",""
"17395"," FRESH MARKET","Шампоан Нивеа  400ml","20768","82","4.76",""
"17395"," FRESH MARKET","Детска четка за зъби Колгейт ","20775","81","2.07",""
"17395"," FRESH MARKET","Тоалетна хартия Малива 8бр","20780","85","2.61",""
"17395"," FRESH MARKET","Кафе Лаваца ОРО 250г. пакетче","2079","70","6.49",""
"17395"," FRESH MARKET","Шампоан за коса ELSEVE 250мл.","20807","82","3.68",""
"17395"," FRESH MARKET","Шампоан за коса ELSEVE 400мл.","20817","82","5.01",""
"17395"," FRESH MARKET","Кафе Тчибо Фамилия на зърна 1кг.","20863","71","18.97",""
"17395"," FRESH MARKET","Вино Мелник 55 Логодаж 750мл.","20884","76","6.64",""
"17395"," FRESH MARKET","Вино Мезек Мерло 750мл","20885","76","5.32",""
"17395"," FRESH MARKET","Вино Мезек Шардоне 750мл","20886","75","5.32",""
"17395"," FRESH MARKET","Вино Мезек Мавруд 750мл","20887","76","5.32",""
"17395"," FRESH MARKET","Вино Керацуда 750мл","20888","75","2.33",""
"17395"," FRESH MARKET","Вино Търговище Шардоне 750мл","20890","75","3.81",""
"17395"," FRESH MARKET","Вино Търговище Мускат 750мл","20891","75","3.81",""
"17395"," FRESH MARKET","Вино Търговище Траминер 750мл","20892","75","4.45",""
"17395"," FRESH MARKET","Вино Търговище Мерло Резерва 750мл","20893","76","3.81",""
"17395"," FRESH MARKET","Вино Търговище Кабарне Совиньон Резерва 750мл","20894","75","3.81",""
"17395"," FRESH MARKET","Вино Търговище  Магарешко мляко 750 мл","20895","75","1.35",""
"17395"," FRESH MARKET","Вино Квантум Шардоне Д.Бояр 750мл.","20920","75","4.96",""
"17395"," FRESH MARKET","Кафе Лаваца Суерте 1кг","20925","71","16.77",""
"17395"," FRESH MARKET","Зелен чай Биопрограма 20бр","20926","72","0.84",""
"17395"," FRESH MARKET","Чай Ахмад","20929","72","2.94",""
"17395"," FRESH MARKET","Шампоан Клиър  225/250 мл","20959","82","3.43",""
"17395"," FRESH MARKET","Паста за зъби Сплат 100мл","20960","81","4.14",""
"17395"," FRESH MARKET","Мокри кърпи Памперс Фреш/сенситив","20978","84","1.38",""
"17395"," FRESH MARKET","Четка за зъби Колгейт Зиг Заг","20999","80","1.89",""
"17395"," FRESH MARKET","Четка за зъби Колгейт premier clean","21000","80","0.97",""
"17395"," FRESH MARKET","Четка за зъби Пародонтакс класик софт","21001","80","2.10",""
"17395"," FRESH MARKET","Четка за зъби Пародонтакс екстра софт","21002","80","3.63",""
"17395"," FRESH MARKET","Паста за зъби Сплат  75мл.","21007","81","6.80",""
"17395"," FRESH MARKET","Троянска Сливова ракия 3г. 700мл","21009","77","8.64",""
"17395"," FRESH MARKET","Троянска Сливова обикновена 700мл","21011","77","7.57",""
"17395"," FRESH MARKET","Сунгурларска гроздова ракия 700мл.","21012","77","6.95",""
"17395"," FRESH MARKET","Кафе Лаваца Крема арома Expert 1кг.","21016","71","23.62",""
"17395"," FRESH MARKET","Чай Алеко ","21027","72","0.74",""
"17395"," FRESH MARKET","Чай Елис Микс 20бр","21033","72","0.51",""
"17395"," FRESH MARKET","Чай Г.Д. Vantea/Амая Маестро ","21034","72","0.59",""
"17395"," FRESH MARKET","Ориз Трапезен/Бисерен 1кг. Маестро","21048","35","1.27",""
"17395"," FRESH MARKET","Боб Екстра/Супер 1кг. Маестро","21052","33","2.33",""
"17395"," FRESH MARKET","Кисело мляко Предела 3.6% 400гр.","21109","7","0.77",""
"17395"," FRESH MARKET","Лютеница Велика финосмляна 525гр. Дерони","21143","49","3.68",""
"17395"," FRESH MARKET","Кисело мляко Предел 2% 400гр.","21145","7","0.72",""
"17395"," FRESH MARKET","Троянска Кайсия Ракия700мл","21146","77","8.90",""
"17395"," FRESH MARKET","Сунгурларска ракия специална 700мл","21159","77","9.84",""
"17395"," FRESH MARKET","Кафе  Якобс Монарх 100гр.","21170","70","5.01",""
"17395"," FRESH MARKET","Четка за зъби  Аквафреш 6+г","21172","80","2.97",""
"17395"," FRESH MARKET","Четка за зъби Аквафреш 0-2г","21173","80","2.97",""
"17395"," FRESH MARKET","Четка за зъби Аквафреш 3-6г","21174","80","2.97",""
"17395"," FRESH MARKET","Паста за зъби Аквафреш Complete care exra fresh","21175","81","1.48",""
"17395"," FRESH MARKET","Паста за зъи Аквафреш All in one Protection 75","21176","81","2.66",""
"17395"," FRESH MARKET","Паста за зъби Аквафреш за деца 6+ big teeth","21177","81","2.61",""
"17395"," FRESH MARKET","Паста за зъби Аквафреш за деца 3-8год. little teeth","21179","81","2.61",""
"17395"," FRESH MARKET","Паста за зъби Sensodyne whitening/sensitivity gum","21182","81","5.06",""
"17395"," FRESH MARKET","Паста за зъби Sensodyne complete protection 75 ml","21183","81","5.06",""
"17395"," FRESH MARKET","Четка за зъби Сенсодин 2+1 Велизара","21184","80","3.43",""
"17395"," FRESH MARKET","Шампоан Нивеа  250мл","21207","82","3.17",""
"17395"," FRESH MARKET","Боб маслен Кампезе 400гр.","21221","46","1.12",""
"17395"," FRESH MARKET","Боб микс Кампезе 4 вида 400гр.","21222","46","1.12",""
"17395"," FRESH MARKET","Леща Крина екстра 1кг.","21229","34","2.28",""
"17395"," FRESH MARKET","Боб червен Весу 400гр.","21230","46","0.89",""
"17395"," FRESH MARKET","Паста за зъби Колгейт Тотал Whitening 50мл.","21250","81","0.69",""
"17395"," FRESH MARKET","Шампоан Schauma 400мл","21253","82","2.71",""
"17395"," FRESH MARKET","Шампоан Клиър 360мл","21365","82","4.50",""
"17395"," FRESH MARKET","Сапун Чисто 100гр","21370","83","1.00",""
"17395"," FRESH MARKET","Сапун Дав 90гр.","21381","83","0.92",""
"17395"," FRESH MARKET","Паста за зъби Аквафреш 50мл","21385","81","1.30",""
"17395"," FRESH MARKET","Олио Бисер 1л.","21395","42","2.04",""
"17395"," FRESH MARKET","Грах кутия 400гр. Кампезе","21399","47","1.38",""
"17395"," FRESH MARKET","Краве сирене Осиково","214","8","7.41",""
"17395"," FRESH MARKET","Шампоан Narsya 500мл","21409","82","1.64",""
"17395"," FRESH MARKET","Мокри кърпи Pure 120бр.","21422","84","1.02",""
"17395"," FRESH MARKET","Четка за зъби Парадонтакс 2+1","21427","80","4.65",""
"17395"," FRESH MARKET","Тоалетна Хартия Милде 8бр","21432","85","4.04",""
"17395"," FRESH MARKET","Мокри кърпи Pure бели 120бр.","21477","84","0.87",""
"17395"," FRESH MARKET","Извара Мургаш 350гр","21508","14","1.84",""
"17395"," FRESH MARKET","Кафе Рема Форте зърна 1кг","21516","71","20.61",""
"17395"," FRESH MARKET","Леща Народна Фамилекс 1кг ","21525","34","2.61",""
"17395"," FRESH MARKET","Ориз Бисерен Кръстев 1кг.","21531","35","1.76",""
"17395"," FRESH MARKET","Ориз Бисерен Арива 1кг","21560","35","1.84",""
"17395"," FRESH MARKET","Брашно София Мел Класик 1кг.","21568","40","0.97",""
"17395"," FRESH MARKET","Захар Кристална 1кг. Хепи Агро","21571","38","0.84",""
"17395"," FRESH MARKET","Сол Хепи Агро Евтина 1кг.","21572","39","0.27",""
"17395"," FRESH MARKET","Домати на кубчета Фамилекс 400гр.","21578","48","1.00",""
"17395"," FRESH MARKET","Оцет ябълков Фамилекс 700мл.","21585","45","1.18",""
"17395"," FRESH MARKET","Оцет винен Фамилекс 700мл.","21586","44","1.12",""
"17395"," FRESH MARKET","Вила Ямбол Резерва Каб.Севин. 750мл","21604","75","3.57",""
"17395"," FRESH MARKET","Вила Ямбол Резерва Мерло 750мл","21605","76","3.57",""
"17395"," FRESH MARKET","Захар Фамилекс 1кг.","21607","38","0.92",""
"17395"," FRESH MARKET","Пшенично Брашно 1кг. Дупница/Съединени","21608","40","0.61",""
"17395"," FRESH MARKET","Грах консерва 400гр. Арива ","21636","47","1.28",""
"17395"," FRESH MARKET","Олио Нети /Fresh Market 1л.","21655","42","1.69",""
"17395"," FRESH MARKET","Деликатесен продукт Евредика 1кг.","21676","8","3.73",""
"17395"," FRESH MARKET","Деликатесен продукт Родопи 1кг.","21677","8","3.96",""
"17395"," FRESH MARKET","Кафе Рема Арабика Голд зърна 1кг","21697","71","29.15",""
"17395"," FRESH MARKET","Кисело мляко Утро 400гр","21800","7","0.72",""
"17395"," FRESH MARKET","Обик.Бисквити Детство мое 200г","2181","66","0.82",""
"17395"," FRESH MARKET","Обик.Бисквити детство мое Обогатени 330 гр.","2182","66","1.43",""
"17395"," FRESH MARKET","Кисело мляко Мургаш ЗНП 2% 400гр.    ","21855","7","0.66",""
"17395"," FRESH MARKET","Прясно мляко УХТ Лачиате 3.2%","21859","6","1.18",""
"17395"," FRESH MARKET","Кафе EDUSCHO 1кг","21887","71","22.80",""
"17395"," FRESH MARKET","Кафе EDUSCHO инстант 200гр","21888","70","12.02",""
"17395"," FRESH MARKET","Кафе EDUSCHO мляно 250гр","21889","70","5.37",""
"17395"," FRESH MARKET","Кафе Лор на зърна 1кг","21892","71","29.25",""
"17395"," FRESH MARKET","Кашкавал  Матанд триъгълник","21941","11","11.66",""
"17395"," FRESH MARKET","Кашкавал -Матанд 500г","21942","11","6.75",""
"17395"," FRESH MARKET","Кашкавал Матанд тапа","21943","11","11.24",""
"17395"," FRESH MARKET","Кашкавал Матанд плоча","21944","11","11.66",""
"17395"," FRESH MARKET","Краве масло Матанд -300гр","21945","12","13.04",""
"17395"," FRESH MARKET","Масло Булгарче 250гр.","21977","12","1.33",""
"17395"," FRESH MARKET","Краве сирене Президент вакум 550гр.","21981","9","7.31",""
"17395"," FRESH MARKET","Прясно Мляко Белииса 3.2% 1л.","21991","6","1.27",""
"17395"," FRESH MARKET","Кренвирши Кен","22","26","5.20",""
"17395"," FRESH MARKET","Кашкавал от краве мляко Д.Маджаров 380гр. БДС","22010","11","7.06",""
"17395"," FRESH MARKET","Сирене Елит - вакум  400г","22014","9","9.05",""
"17395"," FRESH MARKET","Обикн. бисквити Житен Дар 220гр.","2205","66","1.05",""
"17395"," FRESH MARKET","Сирене Краве Вакуум Матанд","22054","9","7.67",""
"17395"," FRESH MARKET","Краве сирене Ситово тенекия 800гр.","22069","9","8.49",""
"17395"," FRESH MARKET","Прясно мляко Май Дей 3.5% 1л","22074","6","1.71",""
"17395"," FRESH MARKET","Кашкавал Родопчанка ~ 250/400/500гр. плочка/тапа/триъгълник","22180","11","10.48",""
"17395"," FRESH MARKET","Маслини Каламон премиум ","222","62","6.95",""
"17395"," FRESH MARKET","Чай Лойд 20бр","22207","72","1.94",""
"17395"," FRESH MARKET","Кафе Инка Фе 150гр.","22268","70","1.87",""
"17395"," FRESH MARKET","Шоколад Линдт класик син 100гр.","2227","69","3.17",""
"17395"," FRESH MARKET","Яйца М 10бр./кут. ","22284","31","2.20",""
"17395"," FRESH MARKET","Яйца Л 10бр./кут. ","22285","32","2.35",""
"17395"," FRESH MARKET","Зехтин Екстра Върджин Хермес 1л.","22294","43","12.60",""
"17395"," FRESH MARKET","Шоколад Линдт Линдор червен млечен 100гр.","2231","69","3.32",""
"17395"," FRESH MARKET","Прясно мляко Верея 3% 1л.","22352","6","1.74",""
"17395"," FRESH MARKET","Извара Мероне 400гр.","22394","14","1.84",""
"17395"," FRESH MARKET","Зехтин Весу Екстра Вържин 1л.","22403","43","12.17",""
"17395"," FRESH MARKET","Кафе Лаваца Оро зърна 1кг","22444","71","26.74",""
"17395"," FRESH MARKET","Кафе Лаваца Крема Густо 250гр пакетче","22468","70","4.86",""
"17395"," FRESH MARKET","Кафе Лаваца Крема Густо 250гр кутия","22469","70","7.15",""
"17395"," FRESH MARKET","Спагети Златен клас 400гр.","22529","37","0.59",""
"17395"," FRESH MARKET","Вино Мезек суит пинк Портокал 750мл","22536","75","4.35",""
"17395"," FRESH MARKET","Вино Мезек суит пинк Лимон 750мл","22537","75","4.35",""
"17395"," FRESH MARKET","Вино Мезек суит пинк Грейпфрут 750мл","22551","75","4.35",""
"17395"," FRESH MARKET","Кафе Лаваца Топ Клас зърна 1кг ","22552","71","26.64",""
"17395"," FRESH MARKET","Шампоан Гарниер Фруктис 400мл ","22555","82","3.89",""
"17395"," FRESH MARKET","Кроасан с крем лешник 65гр. Симид","2256","67","0.46",""
"17395"," FRESH MARKET","Извара Матанд ","22623","14","3.83",""
"17395"," FRESH MARKET","Кафе Нова Бразилия еспресо голд 200гр","22653","70","3.04",""
"17395"," FRESH MARKET","Кашкавал Милки 400гр кръгъл","22655","11","3.78",""
"17395"," FRESH MARKET","Краве масло Саяна 125гр","22657","12","1.71",""
"17395"," FRESH MARKET","Краве масло Саяна 250гр","22658","12","2.40",""
"17395"," FRESH MARKET","Ябълков оцет с Мед Дел Алма 700мл","22670","45","1.74",""
"17395"," FRESH MARKET","Вино Болгаре Домейн Бойар мускат 750мл","22679","75","3.17",""
"17395"," FRESH MARKET","Четка за зъби Аквафреш Complete care","22680","80","2.43",""
"17395"," FRESH MARKET","Шампоан Гарниер Фруктис 250мл","22681","82","2.81",""
"17395"," FRESH MARKET","Сапун Clonex 140гр.","22686","83","0.54",""
"17395"," FRESH MARKET","Вино Болгаре Домейн Бойар шардоне 750мл","22690","75","3.44",""
"17395"," FRESH MARKET","Вино Болгаре Домейн Бойар мавруд 750мл","22691","76","3.17",""
"17395"," FRESH MARKET","Вино Болгаре Домейн Бойар мерло 750мл","22692","76","3.43",""
"17395"," FRESH MARKET","Траминер Домейн Бойар 750мл тракийска низина","22740","75","3.99",""
"17395"," FRESH MARKET","Чай лукчета 24гр.","22775","72","0.82",""
"17395"," FRESH MARKET","Шоколад Млечен 80гр.","2278","69","1.02",""
"17395"," FRESH MARKET","Кафе Лаваца Крема е Арома кафява 1кг зърно","22799","71","22.34",""
"17395"," FRESH MARKET","Кафе Лаваца крема е арома блу 1кг зърно","22814","71","23.78",""
"17395"," FRESH MARKET","Краве сирене Матанд вакуум/шайба","22816","8","9.51",""
"17395"," FRESH MARKET","Кафе Якобс Еспресо 1кг","22820","71","23.21",""
"17395"," FRESH MARKET","Кафе Якобс Монарх 1кг","22821","71","23.21",""
"17395"," FRESH MARKET","Бяло Брашно екстра Маестро 1кг","22825","41","0.77",""
"17395"," FRESH MARKET","Чай с конец Tea Moments 20бр","22828","72","1.94",""
"17395"," FRESH MARKET","Кафе Лаваца Гранд Еспресо 1кг","22838","71","23.78",""
"17395"," FRESH MARKET","Чай Ассо 12 бр/стек","22926","72","0.66",""
"17395"," FRESH MARKET","Вино Мезек Каберне Совиньон 750мл","22929","76","5.32",""
"17395"," FRESH MARKET","Кафе Лаваца Безкофеиново 250гр пакетче","22976","70","8.13",""
"17395"," FRESH MARKET","Бял боб Екстра Кръстев 1кг","22978","33","2.76",""
"17395"," FRESH MARKET","Бяло брашно Кръстев 1кг","22979","41","0.92",""
"17395"," FRESH MARKET","Четка за зъби Oral-B delicate white 2бр.","23009","80","1.25",""
"17395"," FRESH MARKET","Шампоан Schauma 250мл","23015","82","1.94",""
"17395"," FRESH MARKET","Баница със сирене 100гр. Симид","2303","68","0.49",""
"17395"," FRESH MARKET","Кафе Сантос натурал 200гр","23056","70","3.37",""
"17395"," FRESH MARKET","Кроасан Карузо пита 82гр.","2311","67","0.69",""
"17395"," FRESH MARKET","Леща Кръстев 1кг","23114","34","2.40",""
"17395"," FRESH MARKET","Четка за Зъби Trisa focus 2бр","23133","80","1.33",""
"17395"," FRESH MARKET","Деликатесен шпек КФМ 220гр","23143","28","2.40",""
"17395"," FRESH MARKET","Чай Шипка Ассо ","23146","72","0.72",""
"17395"," FRESH MARKET","Четка за зъби Аквафреш 3бр","231544","80","1.66",""
"17395"," FRESH MARKET","Шампоан Регал 400мл","23165","82","1.69",""
"17395"," FRESH MARKET","Кашкавал Милки 250гр","23215","11","2.45",""
"17395"," FRESH MARKET","Паста за зъби Астера Парадонт 75мл","23235","81","3.12",""
"17395"," FRESH MARKET","Кафе Сантос Нова 200гр.","23242","70","3.17",""
"17395"," FRESH MARKET","Кафе Лаваца Крема Густо Форте 1кг","23245","71","20.35",""
"17395"," FRESH MARKET","Карнобатска Мускатова ракия 700 мл.","23260","77","7.16",""
"17395"," FRESH MARKET","Чай Цяръ 30бр","23344","72","2.97",""
"17395"," FRESH MARKET","Червено вино Логодаж 750мл","23382","76","6.14",""
"17395"," FRESH MARKET","Бяло брашно Екстра Фамилекс 1кг","23428","41","0.61",""
"17395"," FRESH MARKET","Сол Хепи Агро 1кг.","23442","39","0.38",""
"17395"," FRESH MARKET","Кашкавалени Пръчици Матанд ","23460","11","12.68",""
"17395"," FRESH MARKET","Шампоан Elseve Purple 200мл","23475","82","4.55",""
"17395"," FRESH MARKET","Деликатесен продукт Матанд вакум ","23479","9","5.06",""
"17395"," FRESH MARKET","Кафе Кремозо зърна 1кг","23491","71","14.01",""
"17395"," FRESH MARKET","Вино Фрутино Маракуя и Киви 750мл","23527","75","3.57",""
"17395"," FRESH MARKET","Вино Фрутино Синя слива и смокиня 750мл","23528","76","3.57",""
"17395"," FRESH MARKET","Шпек Сервилат Чичовците 300гр","23541","28","2.55",""
"17395"," FRESH MARKET","Шпек Бургас Чичовците 400гр","23542","28","3.30",""
"17395"," FRESH MARKET","Четка за зъби Oral-B All-in-One 1+1","23625","80","3.37",""
"17395"," FRESH MARKET","Вино Верано Азур Глера 750мл","23666","75","5.52",""
"17395"," FRESH MARKET","Кафе Якобс Бариста 1кг","23673","71","27.09",""
"17395"," FRESH MARKET","Ракия Кортен отлежала мускатова 700мл ","23674","77","17.23",""
"17395"," FRESH MARKET","Вино Фрутино Мерло Боровинки и малини 750мл","23754","76","3.70",""
"17395"," FRESH MARKET","Кафе Тчибо Еxclusive 250гр","23755","70","6.29",""
"17395"," FRESH MARKET","Кафе Сантос зърна 1кг.","23796","71","16.49",""
"17395"," FRESH MARKET","Кафе Сантос Безкофеиново 200гр","23824","70","3.22",""
"17395"," FRESH MARKET","Карнобатска Гроздова ракия 700мл","23836","77","6.08",""
"17395"," FRESH MARKET","Ракия Кехлибар 700мл.","23873","77","7.69",""
"17395"," FRESH MARKET","Бяло вино Катарджина  Шопен Соната 750мл","23898","75","12.07",""
"17395"," FRESH MARKET","Вино Логодаж Папилон шардоне 750мл.","23915","75","3.43",""
"17395"," FRESH MARKET","Карнобатска Отлежала ракия 700мл","23918","77","7.79",""
"17395"," FRESH MARKET","Вино Логодаж Керацуда 750мл.","24035","75","2.76",""
"17395"," FRESH MARKET","Вино Логодаж Пино грижо 750мл.","24036","75","5.52",""
"17395"," FRESH MARKET","Вино Логодаж Совиньон блан Нобиле 750мл.","24037","75","6.90",""
"17395"," FRESH MARKET","Вино Логодаж червено Рубин Нобиле 750мл.","24038","76","8.39",""
"17395"," FRESH MARKET","Чай Каркаде Биопрограма 30гр.","24050","72","1.43",""
"17395"," FRESH MARKET","Кафе Тчибо Густо Традиционале/Фемили екстра стронг зърна 1кг.","24051","71","18.97",""
"17395"," FRESH MARKET","Кафе Лаваца крема е Густо Класико 1кг","24076","71","20.40",""
"17395"," FRESH MARKET","Четка за зъби Аквафреш екстр","24100","80","3.02",""
"17395"," FRESH MARKET","Чай Ассо Живей Здравословно  ","24113","72","0.97",""
"17395"," FRESH MARKET","Детска паста за зъби Астера 65мл","24148","81","1.53",""
"17395"," FRESH MARKET","Кафе на зърна Молини Firenze/Napoli/Torino 1кг","24333","71","15.08",""
"17395"," FRESH MARKET","Кафе Лаваца Густо Форте Expert 1кг","24343","71","18.46",""
"17395"," FRESH MARKET","Обикн. Бисквити Детство мое 130г","2441","66","0.59",""
"17395"," FRESH MARKET","Медикс веро за съдове 500гр обикн.","24415","79","0.66",""
"17395"," FRESH MARKET","Кафе Ковим Орокрема 1кг","24443","71","13.75",""
"17395"," FRESH MARKET","Кафе Нова Бразилия Интензивно 200гр","24466","70","3.53",""
"17395"," FRESH MARKET","Ракия Карнобатска Специална 700мл.","24475","77","8.33",""
"17395"," FRESH MARKET","Чак Царъ Ехинацея 30бр","24498","72","4.70",""
"17395"," FRESH MARKET","Шампоан Здраве бебе 250мл","24515","82","2.97",""
"17395"," FRESH MARKET","Четка за зъби Колгейт High Density 3бр.","24568","80","4.60",""
"17395"," FRESH MARKET","Шампоан Бочко 400мл","24570","82","2.86",""
"17395"," FRESH MARKET","Кафе Лаваца Gusto Pieno 1кг","24622","71","20.94",""
"17395"," FRESH MARKET","Шампоан Арома Фреш 400мл","24895","82","1.12",""
"17395"," FRESH MARKET","Четка за зъби Астера 1+1","24904","80","1.12",""
"17395"," FRESH MARKET","Деликатесен колбас Тандем 200гр","25459","28","4.29",""
"17395"," FRESH MARKET","Кашкавал Мероне 250гр. кръгла","25481","11","3.57",""
"17395"," FRESH MARKET","Кашкавал Мероне 500гр кръгла","25482","11","6.49",""
"17395"," FRESH MARKET","Български краве кашкавал Мероне 400гр","25483","11","6.34",""
"17395"," FRESH MARKET","Шоколад Линдт Екселенс 100гр","2570","69","3.63",""
"17395"," FRESH MARKET","Мокри кърпи Юмуш 120бр.","25783","84","0.86",""
"17395"," FRESH MARKET","Детска паста за зъби Pro Oral-B 75мл","25785","81","2.20",""
"17395"," FRESH MARKET","Шампоан Глис 400мл","26400","82","4.04",""
"17395"," FRESH MARKET","Барила Фусилии 500гр.","27000","36","1.33",""
"17395"," FRESH MARKET","Барила Фарфале панделки 500г ","27001","36","1.33",""
"17395"," FRESH MARKET","Барила Пене Ригате набраздени/тортильони 500г","27002","36","1.33",""
"17395"," FRESH MARKET","Спагети Барила  №5","27006","37","1.43",""
"17395"," FRESH MARKET","Спагети Барила  № 7","27007","37","1.43",""
"17395"," FRESH MARKET","Спагети Барила №3","27008","37","1.43",""
"17395"," FRESH MARKET","Спагети Барила лингуини №13 500г","27009","37","1.43",""
"17395"," FRESH MARKET","Спагети Барила №5 5кг","27010","37","11.50",""
"17395"," FRESH MARKET","Спагети безглутенови Барила 400г","27011","37","2.71",""
"17395"," FRESH MARKET","Спагети Барила Капелини №1 500гр","27024","37","1.43",""
"17395"," FRESH MARKET","Грах Бондюел 400гр 1/2","27059","47","2.15",""
"17395"," FRESH MARKET","Пълнозърнести спагети №5 500гр. Барила","27064","37","1.64",""
"17395"," FRESH MARKET","Пълнозърнести фусили 500гр. Барила","27065","36","1.97",""
"17395"," FRESH MARKET","Пълнозърнести макарони пене 500гр. Барила","27066","36","1.97",""
"17395"," FRESH MARKET","Червен боб Бондюел 400гр.","27094","46","2.07",""
"17395"," FRESH MARKET","Обикновени бисквити роден край 120гр.","2783","66","0.61",""
"17395"," FRESH MARKET","Обикновени бисквити роден край 190гр.","2784","66","0.92",""
"17395"," FRESH MARKET","Кроасан 22 карата Мега 100гр.","2795","67","0.51",""
"17395"," FRESH MARKET","Зелени маслини с краставички Стефаника","28","62","6.29",""
"17395"," FRESH MARKET","Кроасан 7 days MAX Горски/фъстък/Кокос и како 80гр.","28000","67","0.81",""
"17395"," FRESH MARKET","Кроасан 7 Days MAX 92гр./70гр.","28004","67","0.66",""
"17395"," FRESH MARKET","Кроасан 7 Days 60гр.","28011","67","0.51",""
"17395"," FRESH MARKET","Кроасан 7 Days Мини 185гр.","28012","67","1.95",""
"17395"," FRESH MARKET","Кроасан 7 Days 110гр.","28015","67","0.97",""
"17395"," FRESH MARKET","Кроасан 7 Days Мини 60гр.","28016","67","0.76",""
"17395"," FRESH MARKET","Кроасан Чипикао мини  60гр","28033","67","0.76",""
"17395"," FRESH MARKET","Кроасан Чипикао 60гр","28034","67","0.77",""
"17395"," FRESH MARKET","Кроасан 7days Борсето  80гр","28082","67","0.71",""
"17395"," FRESH MARKET","Шоколад ION Break 85гр","2815","69","0.61",""
"17395"," FRESH MARKET","Кроасан 22 карата Дуо/ Гранд 80гр.","2847","67","0.40",""
"17395"," FRESH MARKET","Шоколад Мерси 100гр.","2866","69","2.30",""
"17395"," FRESH MARKET","Мокри кърпи Грийн Лайф 15бр.","2959","84","0.23",""
"17395"," FRESH MARKET","Кроасан 22 Карата 55гр./52гр.","2980","67","0.28",""
"17395"," FRESH MARKET","Макарони ""Буквички"" Златна Добруджа","3000","36","0.56",""
"17395"," FRESH MARKET","Спагети Зл.Добруджа","3001","37","0.59",""
"17395"," FRESH MARKET","Масло Милтекс 1кг.","30011","12","4.29",""
"17395"," FRESH MARKET","Краве масло голд 250гр. Милтекс","30015","12","3.37",""
"17395"," FRESH MARKET","Прав макарон Фидела (15бр. в стек)","3002","36","0.51",""
"17395"," FRESH MARKET","Юфка  Фидела (15бр. в стек)","3003","36","0.51",""
"17395"," FRESH MARKET","Макарина Фидела 15бр. в стек","3004","36","0.51",""
"17395"," FRESH MARKET","Фиде Фидела тънко/дебело (15бр. в стек)","3005","36","0.51",""
"17395"," FRESH MARKET","Макарони мида малка Златен клас 400гр.","3006","36","0.56",""
"17395"," FRESH MARKET","Малка мида Фидела 15бр. в стек","3007","36","0.51",""
"17395"," FRESH MARKET","Спирала Фидела (15бр. в стек)","3008","36","0.51",""
"17395"," FRESH MARKET","Кус-Кус Фидела 20бр. в стек","3009","36","0.51",""
"17395"," FRESH MARKET","Фиде Навито Загария 25 бр.","3010","36","1.00",""
"17395"," FRESH MARKET","Макарони Златен Клас панделка","3011","36","0.76",""
"17395"," FRESH MARKET","Спирала З. Добруджа/Златен клас 400гр.","3012","36","0.56",""
"17395"," FRESH MARKET","Прав макарон Златен Клас 400гр.","3013","36","0.56",""
"17395"," FRESH MARKET","Охлювчета Златна Добруджа 400гр.","3014","36","0.54",""
"17395"," FRESH MARKET","Рогчета Златна Добруджа 400гр.","3015","36","0.46",""
"17395"," FRESH MARKET","Юфка З. Добруджа/Златен клас400гр.","3016","36","0.56",""
"17395"," FRESH MARKET","Кус-Кус Зл.Добруджа/Зл.Клас 400гр.","3017","36","0.56",""
"17395"," FRESH MARKET","Фиде Златна Добруджа/Златен клас 400гр.","3018","36","0.56",""
"17395"," FRESH MARKET","Домашна юфка Теди","3019","36","0.66",""
"17395"," FRESH MARKET","Макарони Олим 300гр.","3020","36","0.28",""
"17395"," FRESH MARKET","Макарони Маестро 400гр.","3021","36","0.59",""
"17395"," FRESH MARKET","Юфка традиц./пълнозърнеста Маестро 200гр.","3022","36","0.59",""
"17395"," FRESH MARKET","Юфка Инко от еднозърнест лимец 200гр","3023","36","1.48",""
"17395"," FRESH MARKET","Юфка Инко пълнозърнеста 200гр. ","3024","36","1.00",""
"17395"," FRESH MARKET","Навито фиде Теди 400гр.","3025","36","0.46",""
"17395"," FRESH MARKET","Макарони мида голяма Златен клас 400гр.","3026","36","0.56",""
"17395"," FRESH MARKET","Спагети Мелини 400гр.","3027","37","0.79",""
"17395"," FRESH MARKET","Макарони Мелини спирала","3028","36","0.79",""
"17395"," FRESH MARKET","Макарони Мелини миди","3029","36","0.79",""
"17395"," FRESH MARKET","Макарони Мелини прав макарон","3030","36","0.79",""
"17395"," FRESH MARKET","Фиде Мелини ","3031","36","0.79",""
"17395"," FRESH MARKET","Кус-кус Мелини","3032","36","0.79",""
"17395"," FRESH MARKET","Фиде дебело Кръстев 400гр. 12бр. в стек","3033","36","0.51",""
"17395"," FRESH MARKET","Макарони Кръстев прав 400гр. 12бр. в стек","3034","36","0.51",""
"17395"," FRESH MARKET","Макарони Кръстев спирала 400гр. 12бр. в стек","3035","36","0.51",""
"17395"," FRESH MARKET","Юфка на Кръстев 400гр. 12бр. в стек","3036","36","0.51",""
"17395"," FRESH MARKET","Спагети Кръстев 400гр. 28бр. в кашон","3037","37","0.51",""
"17395"," FRESH MARKET","Макарони Мелиса Пене Ригате 500гр.","3038","36","1.43",""
"17395"," FRESH MARKET","Макарони Мелиса прав макарон 500гр.","3039","36","1.43",""
"17395"," FRESH MARKET","Макарони Мелиса панделки 500гр.","3040","36","1.43",""
"17395"," FRESH MARKET","Мелиса Орзо 500г","3042","36","0.95",""
"17395"," FRESH MARKET","Домашна юфка от лимец Етър 200гр.","3043","36","1.18",""
"17395"," FRESH MARKET","Спагети Мелиса №6/7/10","3044","36","1.43",""
"17395"," FRESH MARKET","Макарони Стела Кофто 500гр.","3045","36","1.33",""
"17395"," FRESH MARKET","Спагети Миско №6","3046","37","1.30",""
"17395"," FRESH MARKET","Спагети Миско №10","3047","37","1.30",""
"17395"," FRESH MARKET","Спагети Миско №12","3048","37","1.30",""
"17395"," FRESH MARKET","Спагети Миско- мискотини ","3049","37","1.30",""
"17395"," FRESH MARKET","Макарони Миско-спирала ","3050","36","1.30",""
"17395"," FRESH MARKET","Макарони Миско скосени/големи тръбички 500гр.","3051","36","1.30",""
"17395"," FRESH MARKET","Макарони Миско - панделки","3052","36","1.30",""
"17395"," FRESH MARKET","Талиатели Миско ","3053","36","1.89",""
"17395"," FRESH MARKET","Фиде навито Миско №13","3054","36","1.12",""
"17395"," FRESH MARKET","Макарони Стела №3 500г","3055","36","1.33",""
"17395"," FRESH MARKET","Спагети Стела -гроси №6 500г","3056","37","1.35",""
"17395"," FRESH MARKET","Спагети Стела №7 500г","3057","37","1.35",""
"17395"," FRESH MARKET","Спагети Стела специални №11 500г","3058","37","1.35",""
"17395"," FRESH MARKET","Макарони Стела Лингуини 500г","3059","36","1.35",""
"17395"," FRESH MARKET","Кори за Лазаня Стела 500г","3060","36","2.53",""
"17395"," FRESH MARKET","Макарони Стела панделки 500гр.","3061","36","1.33",""
"17395"," FRESH MARKET","Кус-Кус Стела-звездички 500г","3062","36","1.33",""
"17395"," FRESH MARKET","Кус-кус Стела 500г критараки ","3063","36","1.33",""
"17395"," FRESH MARKET","Кус-кус Стела 500г","3064","36","1.33",""
"17395"," FRESH MARKET","Макорони Стела аморозо 500гр.","3065","36","1.33",""
"17395"," FRESH MARKET","Макарони Стела трицветни 500г","3066","36","1.69",""
"17395"," FRESH MARKET","Макарони Стела Тортелиони 500гр.","3067","36","1.33",""
"17395"," FRESH MARKET","Макарони Стела 500г пене ","3068","36","1.33",""
"17395"," FRESH MARKET","Макарони Стела спирала 500гр.","3069","36","1.33",""
"17395"," FRESH MARKET","Фиде Стела 250гр.","3070","36","1.33",""
"17395"," FRESH MARKET","Кори за лазаня 500гр. Мелиса","3071","36","3.06",""
"17395"," FRESH MARKET","Спагети италиански Арива 500гр.","3072","37","0.95",""
"17395"," FRESH MARKET","Спагети Арива 400гр.","3073","37","0.92",""
"17395"," FRESH MARKET","Макарони Спирала Загария 400гр. 25бр./стек","3074","36","0.95",""
"17395"," FRESH MARKET","Макарони Юфка Загария 400гр. 25 бр./стек","3075","36","0.95",""
"17395"," FRESH MARKET"," Маргаритки / Кус-Кус Загария 400гр. 25 бр./стек","3076","36","0.95",""
"17395"," FRESH MARKET","Спагети Загария №8  30 бр.400гр.","3077","37","0.95",""
"17395"," FRESH MARKET","Макарони Прави Загария 400гр. 25 бр.","3078","36","0.95",""
"17395"," FRESH MARKET","Домашна Юфка Инко 15бр./стек","3079","36","1.76",""
"17395"," FRESH MARKET","Макарони Делта прав/пене 400гр.","3080","36","0.68",""
"17395"," FRESH MARKET","Макарони Манти Делта 400гр. 10бр./стек","3081","36","0.68",""
"17395"," FRESH MARKET","Фиде Делта 400гр. 10бр./стек","3082","36","0.71",""
"17395"," FRESH MARKET","Спагети Делта 400гр. 10бр./каш.","3083","37","0.71",""
"17395"," FRESH MARKET","Макарони Мида/Охльов  Делта 400г 10бт/стек","3084","36","0.68",""
"17395"," FRESH MARKET","Фиде Стела 500гр.","3085","36","1.33",""
"17395"," FRESH MARKET","Пълнозърнести макарони Фидела 400гр","3086","36","0.59",""
"17395"," FRESH MARKET","Навито фиде Кръстев 250гр. 25бр/стек","3087","36","0.76",""
"17395"," FRESH MARKET","Фиде тънко Кръстев 400г 25бр/стек","3088","36","0.51",""
"17395"," FRESH MARKET","Кус-кус Кръстев 400г 12бр/стек ","3089","36","0.51",""
"17395"," FRESH MARKET","Сол фина  Крина 1кг","3090","36","0.43",""
"17395"," FRESH MARKET","Нудълси Вермишел 45гр.","3091","36","0.33",""
"17395"," FRESH MARKET","Кус-кус Аро 3кг.","3092","36","3.99",""
"17395"," FRESH MARKET","Макарони с фибри Габрово 250гр.","3093","36","0.69",""
"17395"," FRESH MARKET","Талиатели Зара 500гр.","3094","36","1.64",""
"17395"," FRESH MARKET","Пълнозърнести спагети Стела 500г","3096","36","1.02",""
"17395"," FRESH MARKET","фээфффффф","3097","36","4.09",""
"17395"," FRESH MARKET","тгтгтггттг","3098","36","4.09",""
"17395"," FRESH MARKET","Спагети Reeva чаша 70гр.","3099","37","0.49",""
"17395"," FRESH MARKET","Кадаиф Невзат/Хастел 400гр","3100","36","2.91",""
"17395"," FRESH MARKET","Спагети Стела №10","3101","37","1.33",""
"17395"," FRESH MARKET","Дребна Мида Загария 400гр","3102","36","0.95",""
"17395"," FRESH MARKET","Спагети пълнозърнести Миско №6","3103","37","1.53",""
"17395"," FRESH MARKET","Пълнозърнести макарони Миско 500гр","3104","36","1.53",""
"17395"," FRESH MARKET","Макарони буквички Фидела 20бр./стек","3105","36","0.51",""
"17395"," FRESH MARKET","Макарони Кръстев Пене 400гр 12бр/стек","3106","36","0.51",""
"17395"," FRESH MARKET","Макарони Кръстев Охльови 400гр 12бр/стек","3107","36","0.51",""
"17395"," FRESH MARKET","Макарони Кръстев Раковина 400гр 12бр/стек","3108","36","0.51",""
"17395"," FRESH MARKET","Макарони Миско прав макарон 500гр","3109","36","1.30",""
"17395"," FRESH MARKET","Макарони Миско Орзо 500гр","3110","36","1.30",""
"17395"," FRESH MARKET","Спагети Reeva купа 75гр.","3111","37","1.07",""
"17395"," FRESH MARKET","Инстантни спагети Reeva 60гр","3112","37","0.40",""
"17395"," FRESH MARKET","Спагети Фидела 400гр 25бр стек","3113","37","0.59",""
"17395"," FRESH MARKET","Детски макарони Laurance животни 400гр.","3114","36","0.51",""
"17395"," FRESH MARKET","Макарони Делта спирала 400гр","3115","36","0.68",""
"17395"," FRESH MARKET","Ризо Фидела 400гр. 20бр./стек","3116","36","0.51",""
"17395"," FRESH MARKET","Кус кус Миско/звездички 500гр","3117","36","1.30",""
"17395"," FRESH MARKET","Макарони Мидички/охльовчета Миско 500гр","3118","36","1.30",""
"17395"," FRESH MARKET","Фиде дебело  Олим 300гр","3119","36","0.28",""
"17395"," FRESH MARKET","Кус кус Олим 400гр","3120","36","0.28",""
"17395"," FRESH MARKET","Макарони Звездички Олим 400гр","3121","36","0.28",""
"17395"," FRESH MARKET","Крутони Фидела 60гр","3122","36","0.31",""
"17395"," FRESH MARKET","Макарони Стела мидички 500гр","3123","36","1.33",""
"17395"," FRESH MARKET","Спагети Стела 1кг","3124","37","2.10",""
"17395"," FRESH MARKET","Макарони Звездички Фидела 400гр. ","3125","36","0.51",""
"17395"," FRESH MARKET","Прав макарон Марела Кръстев 500гр","3126","36","0.72",""
"17395"," FRESH MARKET","Макарони Пене Регате Марела Кръстев 500гр","3127","36","0.72",""
"17395"," FRESH MARKET","Макарони Спирала Марела Кръстев 500гр","3128","36","0.72",""
"17395"," FRESH MARKET","Макарони Раковина Марела Кръстев 500гр","3129","36","0.72",""
"17395"," FRESH MARKET","Спагети Марела Кръстев 500гр","3130","37","0.72",""
"17395"," FRESH MARKET","Тиалетели Марела Кръстев 500гр","3131","36","0.72",""
"17395"," FRESH MARKET","Макарони Корали Стела 500гр","3132","36","1.33",""
"17395"," FRESH MARKET","Детски макарони Загария 400гр","3133","36","0.95",""
"17395"," FRESH MARKET","Кус кус Мелиса 500гр","3134","36","1.43",""
"17395"," FRESH MARKET","Стелине Мелиса 500гр","3135","36","1.33",""
"17395"," FRESH MARKET","Трицветни макарони Мелиса 500гр","3136","36","1.69",""
"17395"," FRESH MARKET","Макарина Делта 400гр","3137","36","0.68",""
"17395"," FRESH MARKET","Юфка Домашна с мляко и яйца Кръстев 200гр","3138","36","0.82",""
"17395"," FRESH MARKET","Юфка домашна Кръстев 200гр","3139","36","0.74",""
"17395"," FRESH MARKET","Свински Врат Без Кост охладен","314","21","7.98",""
"17395"," FRESH MARKET","Макарони Звездички Кръстев 400гр","3140","36","0.51",""
"17395"," FRESH MARKET","Навито фиде Арива 200гр.","3141","36","0.77",""
"17395"," FRESH MARKET","Кус Кус Юлкер 500гр","3142","36","0.61",""
"17395"," FRESH MARKET","Кроасан Густо Гранде 110гр.","3149","67","0.41",""
"17395"," FRESH MARKET","Кисело мляко Моето Здраве 400гр.","3179","7","1.02",""
"17395"," FRESH MARKET","Прясно мляко Моето здраве 1л.","3180","6","2.02",""
"17395"," FRESH MARKET","Обикновени бисквити Кристал 190гр.","31879","66","0.74",""
"17395"," FRESH MARKET","Папарделе  Примо Густо 250гр","3196","36","1.69",""
"17395"," FRESH MARKET","Талиатели с яйца Мелиса 500гр","3197","36","2.30",""
"17395"," FRESH MARKET","Макарони Спирали Мелиса 500гр","3198","36","1.43",""
"17395"," FRESH MARKET","Кашкавал Осиково","32","10","9.82",""
"17395"," FRESH MARKET","Кашкавал Домлян слайс 200гр.","3208","11","2.76",""
"17395"," FRESH MARKET","Вино Мезек Совиньон блан/Пино Грижо 750мл","32224","75","5.32",""
"17395"," FRESH MARKET","Вино Катаржина Лез Амандие шардоне/совиньон 750мл","32225","75","18.00",""
"17395"," FRESH MARKET","Вино Контемплейшън Мерло и Малбек 750мл.","32226","76","7.82",""
"17395"," FRESH MARKET","Вино Катаржина Анкор Сира 750мл","32227","76","18.00",""
"17395"," FRESH MARKET","Вино Катаржина Ле Бланк Совиньон  блан 750мл","32230","75","10.12",""
"17395"," FRESH MARKET","Вино Катаржина Ле Руж Мерло/Каберне 750мл","32231","76","10.12",""
"17395"," FRESH MARKET","Вино Шевал Де Катарджина Шардоне 750мл","32236","75","5.65",""
"17395"," FRESH MARKET","Вино Шевал Де Катарджина Рубин 750мл","32238","76","5.32",""
"17395"," FRESH MARKET","Вино Шевал Де Катарджина Сов. Блан 750мл","32239","75","5.32",""
"17395"," FRESH MARKET","Вино Калисто Био Мерло/Сира 750мл","32240","76","5.32",""
"17395"," FRESH MARKET","Вино Шевал Де Катарджина Мерло 750мл","32260","76","5.32",""
"17395"," FRESH MARKET","Макарони Миско Корали 500гр","3261","36","1.30",""
"17395"," FRESH MARKET","Сирене Лещен ","327","8","10.02",""
"17395"," FRESH MARKET","Детска паста за зъби Билка 50мл","3293","81","2.10",""
"17395"," FRESH MARKET","Риба Ципура","335","29","7.67",""
"17395"," FRESH MARKET","Шпек Сервилат Орехите 230гр","33896","28","3.68",""
"17395"," FRESH MARKET","Свинско За Готвене Милица","342","22","5.62",""
"17395"," FRESH MARKET","Мокри кърпи Тео Бебе 72бр","3424","84","1.20",""
"17395"," FRESH MARKET","Телешки шол ","343","23","10.74",""
"17395"," FRESH MARKET","Макарони дребни Кръстев 400гр.","3441","36","0.51",""
"17395"," FRESH MARKET","Гриловани зелени маслини с подправки/чили Стефаника","346","62","5.01",""
"17395"," FRESH MARKET","Четка за зъби Trisa Pearl 2бр.","3471","80","1.61",""
"17395"," FRESH MARKET","Домашна юфка Фидела 200гр ","3489","36","0.56",""
"17395"," FRESH MARKET","Талиатели Загария 400гр","3498","36","0.82",""
"17395"," FRESH MARKET","Обикновени бисквити класик 180 гр.","3509","66","1.00",""
"17395"," FRESH MARKET","Риба Лаврак","352","29","10.07",""
"17395"," FRESH MARKET","Шоколад Своге 80гр.","36039","69","1.22",""
"17395"," FRESH MARKET","Кроасан Милка 50гр","36040","67","0.89",""
"17395"," FRESH MARKET","Домашно кисело мляко Родопчанка 2% 370гр.","3645","7","0.49",""
"17395"," FRESH MARKET","Пиринско галон 2.3л","3650","74","1.30",""
"17395"," FRESH MARKET","Бира Ариана 2.3л.","3652","74","1.51",""
"17395"," FRESH MARKET","Детска четка за зъби + паста Батман/Барби","36599","80","2.86",""
"17395"," FRESH MARKET","Мокри кърпи Бейби Турко 120бр.","36963","84","0.95",""
"17395"," FRESH MARKET","Кашкавал Борино 200гр. плоча","372","11","10.43",""
"17395"," FRESH MARKET","Обикн.Бисвити Детство мое с масло 130гр","3768","66","0.77",""
"17395"," FRESH MARKET","Шампоан Wash&Go 180мл.","3770","82","2.04",""
"17395"," FRESH MARKET","Шампоан SERI 300мл.","3773","82","5.01",""
"17395"," FRESH MARKET","Тоалетна хартия Фамилия 8бр","3787","85","2.15",""
"17395"," FRESH MARKET","Лютеница Олинеза традиц. 520гр.","3812","49","2.58",""
"17395"," FRESH MARKET","Лютеница Олинеза домашна 515гр.","3814","49","3.22",""
"17395"," FRESH MARKET","Сапун Криспа бебе 100гр","3850","83","0.77",""
"17395"," FRESH MARKET","Четка за зъби Астера Актив Трио ","3851","80","1.69",""
"17395"," FRESH MARKET","Шпек Сервилат/Бургас Кен 200гр","3860","28","2.15",""
"17395"," FRESH MARKET","Зехтин Помас Дел Алма 1л.","3861","43","8.00",""
"17395"," FRESH MARKET","Краве сирене Верея","388","8","10.25",""
"17395"," FRESH MARKET","Краве Сирене Родопчанка ","39","10","6.03",""
"17395"," FRESH MARKET","Пилешки Кренвирш Меркез","392","26","3.12",""
"17395"," FRESH MARKET","Домашна Юфка Цвета 185гр","3957","36","0.31",""
"17395"," FRESH MARKET","Маслини черни Оливиа 1кг.","406","62","4.45",""
"17395"," FRESH MARKET","Бира Каменица 2л.","4133","74","1.65",""
"17395"," FRESH MARKET","Маслини черни със зехтин Оливия","423","62","3.99",""
"17395"," FRESH MARKET","Мокри кърпи Sleepy/Yess Baby 120бр.","44444","84","0.95",""
"17395"," FRESH MARKET","Маслини без костилка 111/120 Стефаника","448","62","6.54",""
"17395"," FRESH MARKET","Оцет винен Дел Алма 700мл","456","44","1.25",""
"17395"," FRESH MARKET","Бира Шуменско 2.2л","4597","74","1.61",""
"17395"," FRESH MARKET","Рапан Фидела 400гр 15бр/стек ","4611","36","0.51",""
"17395"," FRESH MARKET","Тоалетна хартия Зебра 8бр","4613","85","2.66",""
"17395"," FRESH MARKET","Детски макарони PastaVila 500гр","4627","36","1.07",""
"17395"," FRESH MARKET","Паста за зъби Trisa 75 мл+ xylitol","4642","81","3.73",""
"17395"," FRESH MARKET","Кренвирш Бони насипен","484","26","5.42",""
"17395"," FRESH MARKET","Вити макарони Миско Голд 500гр","4863","36","1.53",""
"17395"," FRESH MARKET","Тестен Ориз Миско Голд 500гр","4864","36","1.53",""
"17395"," FRESH MARKET","Спагети Миско Голд 500гр","4865","37","1.48",""
"17395"," FRESH MARKET","Салам Деликатесен Меркез 200гр","4871","28","1.82",""
"17395"," FRESH MARKET","Мокри кърпи Здраве 64бр","4883","84","1.43",""
"17395"," FRESH MARKET","Макарони Делта Юфка 400гр","4950","36","0.68",""
"17395"," FRESH MARKET","Талиатели Pasta Del Levante 500гр.","4978","36","1.33",""
"17395"," FRESH MARKET","Мокри Кърпи Inci Fresh 120бр.","516","84","0.95",""
"17395"," FRESH MARKET","Зехтин Foufas Екстра вържин 1л.","5263","43","15.75",""
"17395"," FRESH MARKET","Паста за зъби Дентал Дрийм 100мл/75мл.","5360","81","1.38",""
"17395"," FRESH MARKET","Четка за зъби Дентал Charcoal","5361","80","1.79",""
"17395"," FRESH MARKET","Кашкавал ръчен Сърница ","540","10","14.32",""
"17395"," FRESH MARKET","Четка за зъби Trisa extra pro clean 1+1","5406","80","3.32",""
"17395"," FRESH MARKET","Четка за зъби Биомед","5435","80","2.97",""
"17395"," FRESH MARKET","Извара Моето здраве 500гр","5440","14","2.30",""
"17395"," FRESH MARKET","Баница с локум Суити 340гр.","5445","68","2.35",""
"17395"," FRESH MARKET","Кус Кус Делта 400гр","5473","36","0.68",""
"17395"," FRESH MARKET","Хляб Бонус  Геров","5500","4","1.46",""
"17395"," FRESH MARKET","Хляб Резина Геров 700гр","5506","1","1.07",""
"17395"," FRESH MARKET","Бял хляб ръчен Резина 700гр Геров","5508","1","1.07",""
"17395"," FRESH MARKET","Типов хляб Резина 500гр Геров","5509","4","0.90",""
"17395"," FRESH MARKET","Тъмен Хляб Резина 500гр.","5513","4","1.05",""
"17395"," FRESH MARKET","Хляб Резина Геров топъл 700гр","5514","1","0.95",""
"17395"," FRESH MARKET","Хляб грахам 0.500гр Геров","5515","4","0.97",""
"17395"," FRESH MARKET","Гръцки хляб Геров 500гр","5516","1","0.79",""
"17395"," FRESH MARKET","Черен хляб със семена 500гр. Геров","5517","4","1.39",""
"17395"," FRESH MARKET","Царевичен хляб 0.500 кг. Геров","5518","4","1.10",""
"17395"," FRESH MARKET","Типов хляб  Пирина 700гр","5519","4","1.10",""
"17395"," FRESH MARKET","Бял хляб Пирина 700гр","5520","1","1.10",""
"17395"," FRESH MARKET","Жълт Селски Хляб Геров 500гр","5533","1","1.49",""
"17395"," FRESH MARKET","Ръчен Хляб Пирина 700гр.","5537","1","1.10",""
"17395"," FRESH MARKET","Типов хляб Неврокопски 700гр.","5540","4","0.84",""
"17395"," FRESH MARKET","Хляб Тостер Геров","5543","1","1.07",""
"17395"," FRESH MARKET","Десерт/Каши Ганчев 190гр","5575","63","1.05",""
"17395"," FRESH MARKET","Инстантна каша Ганчев","5579","63","2.04",""
"17395"," FRESH MARKET","Мокри кърпи Ганчев 72бр","5581","84","1.25",""
"17395"," FRESH MARKET","Зеленчукови пюрета Ганчев","5586","64","1.10",""
"17395"," FRESH MARKET","Месни пюрета,риба,заешко Ганчев 190гр.","5588","64","1.38",""
"17395"," FRESH MARKET","Плодови пюрета Ганчев","5590","64","1.02",""
"17395"," FRESH MARKET","Шампоан Тео ","560","82","1.56",""
"17395"," FRESH MARKET","Деликатесен шпек Кен 300гр","56367","28","3.83",""
"17395"," FRESH MARKET","Шпек Бургас Кен 300гр","56368","28","3.43",""
"17395"," FRESH MARKET","Шампоан Ботаник Терапия 250мл","567","82","2.91",""
"17395"," FRESH MARKET","Тестени","5672","36","0.41",""
"17395"," FRESH MARKET","Инстантна каша Ганчев 200гр","5677","63","2.20",""
"17395"," FRESH MARKET","Шампоан Ботаник Терапия 400мл","568","82","3.68",""
"17395"," FRESH MARKET","Канелони Стела 250гр","5682","36","1.18",""
"17395"," FRESH MARKET","Кисело мляко Олимпус 3.6% 400гр.","5689","7","0.79",""
"17395"," FRESH MARKET","Извара 400гр. Олимпус","5697","14","1.84",""
"17395"," FRESH MARKET","Спагети Чойс 85гр","5703","36","1.05",""
"17395"," FRESH MARKET","Макарони Гночи/Аморосо Мелиса 500гр","5723","36","1.43",""
"17395"," FRESH MARKET","Сапун Тео букет 70гр","5733","83","0.38",""
"17395"," FRESH MARKET","Прясно мляко Булгарче 3.2% 1л бут.","5766","6","1.35",""
"17395"," FRESH MARKET","Бинго за съдове 400/500мл.","581","79","0.72",""
"17395"," FRESH MARKET","Паста за зъби Sensodyne Rapid Relief","584","81","5.06",""
"17395"," FRESH MARKET","Шоколад Кит Кат 90гр","5877","69","1.92",""
"17395"," FRESH MARKET","Сапун Малиция 90гр","5935","83","0.72",""
"17395"," FRESH MARKET","Ехо за съдове 400мл.","597","79","1.18",""
"17395"," FRESH MARKET","Сапун Савана 120гр./150гр.","5976","83","0.87",""
"17395"," FRESH MARKET","Краве Сирене Саяна","6","8","6.13",""
"17395"," FRESH MARKET","Спагети Миско № 2 500гр","6012","37","1.30",""
"17395"," FRESH MARKET","Макарони тръбички Миско 500гр","6013","36","1.30",""
"17395"," FRESH MARKET","Зехтин Арголис стъкло 1л","6036","43","7.66",""
"17395"," FRESH MARKET","Свежо сирене Салакис 500гр","6080","9","7.93",""
"17395"," FRESH MARKET","Свежо сирене Салакис Президент 250гр.","6081","9","4.35",""
"17395"," FRESH MARKET","Масло Президент кутия 250гр","6083","12","6.90",""
"17395"," FRESH MARKET","Тоалетна х-я Емека 8бр","610","85","2.30",""
"17395"," FRESH MARKET","Шампоан Роза Импекс 250мл","6160","82","1.59",""
"17395"," FRESH MARKET","Медикс веро макс гел 415мл.","619","79","0.82",""
"17395"," FRESH MARKET","Хляб Вита Баланс 9 супер зърна 450гр","6193","3","1.74",""
"17395"," FRESH MARKET","Хляб Вита Силует 6 супер зърна 400гр.","6194","3","1.74",""
"17395"," FRESH MARKET","Хляб Вита Фитнес 400гр.","6195","3","2.35",""
"17395"," FRESH MARKET","Добружански хляб Трапезен лимец/мнозърнест","6199","2","1.23",""
"17395"," FRESH MARKET","Зехтин Екстра Върджин Дел Алма 1л","6209","43","12.37",""
"17395"," FRESH MARKET","Мокри кърпи Молфикс 60бр.","630","84","0.97",""
"17395"," FRESH MARKET","Бисквити СЛ с масло 200гр","6300","66","0.92",""
"17395"," FRESH MARKET","Прясно мляко Олимпус 3.7% 1л","6320","6","1.82",""
"17395"," FRESH MARKET","Масло Монарх 250гр","6331","12","3.57",""
"17395"," FRESH MARKET","Спагети за Лазаня Миско 500гр","6342","36","1.30",""
"17395"," FRESH MARKET","Веро ABC 500мл.","635","79","0.51",""
"17395"," FRESH MARKET","Кашкавал Саяна 400гр.","6359","11","4.09",""
"17395"," FRESH MARKET","Четка за зъби Oral-B Charcoal 2бр.","6440","80","2.97",""
"17395"," FRESH MARKET","Мокри кърпи Пуфис 64бр","6491","84","1.38",""
"17395"," FRESH MARKET","Шпек Сервилат дълъг Еко мес 290гр. ","6497","28","1.69",""
"17395"," FRESH MARKET","Краве Сирене Житница","65","10","7.21",""
"17395"," FRESH MARKET","Талиатели Делита 1.5кг","6528","36","12.68",""
"17395"," FRESH MARKET","Кашкавал Родопчанка 1кг","65452","11","9.97",""
"17395"," FRESH MARKET","Маслини стафида Стефаника","655","62","4.45",""
"17395"," FRESH MARKET","Краве сирене Мургаш ","66","10","6.39",""
"17395"," FRESH MARKET","Мокри кърпи Фамилия 90бр","660","84","1.02",""
"17395"," FRESH MARKET","Бира Бургаско 2.3л.","6601","84","1.59",""
"17395"," FRESH MARKET","Зехтин Монини Класик/Деликато 1л","6632","43","12.53",""
"17395"," FRESH MARKET","Макарони Пръстен Делта","6753","36","0.68",""
"17395"," FRESH MARKET","Кисело мляко Верея Чудно 2.5%","6860","7","0.87",""
"17395"," FRESH MARKET","Шампоан с катран/хвощ Herbal Time 240мл.","6872","82","3.12",""
"17395"," FRESH MARKET","Сапун Event 90гр.","6875","83","0.61",""
"17395"," FRESH MARKET","Сапун Хималая 75гр","6896","83","1.30",""
"17395"," FRESH MARKET","Тортелини Рана 250гр","6942","36","2.51",""
"17395"," FRESH MARKET","Талиатели Рана 250гр","6943","36","1.99",""
"17395"," FRESH MARKET","Сапун Рубис 140гр.","6945","83","0.61",""
"17395"," FRESH MARKET","Бисквити Петит Хазал 150гр","6952","66","0.36",""
"17395"," FRESH MARKET","Четка за зъби + паста Хималая ","6961","80","2.66",""
"17395"," FRESH MARKET","Фиде Арпа Кръстев 400гр","6969","36","0.51",""
"17395"," FRESH MARKET","Гюбек с шарена сол Медковец","7","11","12.85",""
"17395"," FRESH MARKET","Мерилин слим розова","7000","78","3.17",""
"17395"," FRESH MARKET","Цигари Кинг Car Core Neon ","7001","78","3.07",""
"17395"," FRESH MARKET","Мерилин слим синя ","7002","78","3.17",""
"17395"," FRESH MARKET","Мерилин слим бяла ","7003","78","3.17",""
"17395"," FRESH MARKET","Цигари Мерилин Кристал Розови ","7004","78","3.17",""
"17395"," FRESH MARKET","Цигари Кинг Compact Nimbo","7005","78","2.56",""
"17395"," FRESH MARKET","Мерилин плюс червена 100мм","7006","78","3.22",""
"17395"," FRESH MARKET","Мерилин плюс синя 100мм","7007","78","3.22",""
"17395"," FRESH MARKET","Корсет розов 97мм","7008","78","3.07",""
"17395"," FRESH MARKET","Корсет лилав 97мм","7009","78","3.22",""
"17395"," FRESH MARKET","Кинг червен  X-Cut 100мм","7010","78","3.17",""
"17395"," FRESH MARKET","Кинг син X-Cut 100мм","7011","78","3.17",""
"17395"," FRESH MARKET","Цигари Кинг Син 100 S","7012","78","2.86",""
"17395"," FRESH MARKET","Кинг червен класик 84мм","7013","78","3.07",""
"17395"," FRESH MARKET","Цигари Корсет BLACK PEARL SHELL","7014","78","3.22",""
"17395"," FRESH MARKET","Кинг червен 100 мм","7015","78","3.07",""
"17395"," FRESH MARKET","Цигари ESSE Red SS FP","7016","78","3.58",""
"17395"," FRESH MARKET","Цигари Мерилин Кристал Сини","7017","78","3.17",""
"17395"," FRESH MARKET","Цигари Корсет Марине","7018","78","3.22",""
"17395"," FRESH MARKET","Цигари Корсет Корал","7019","78","2.86",""
"17395"," FRESH MARKET","Цигари Корсет Перла","7020","78","3.22",""
"17395"," FRESH MARKET","Цигари ESSE Blue SS FP","7021","78","3.58",""
"17395"," FRESH MARKET","Цигари Кинг Оникс centrio denim","7022","78","3.17",""
"17395"," FRESH MARKET","Цигари Кинг Оникс centrio sky 100","7023","78","3.17",""
"17395"," FRESH MARKET","Цигари Корсет Pink SS FP","7061","78","3.22",""
"17395"," FRESH MARKET","Цигари Корсет Marine/Lilac Hollow ","7062","78","3.43",""
"17395"," FRESH MARKET","Цигари Кинг Capsule 100's","7069","78","2.66",""
"17395"," FRESH MARKET","Шпек Деликатесен Житница 400гр.","7127","28","4.45",""
"17395"," FRESH MARKET","Зехтин Елиа Delikatos 1л","7141","43","7.15",""
"17395"," FRESH MARKET","Четка за зъби Kids Bio Care","7247","80","1.56",""
"17395"," FRESH MARKET","Макарони Фиорелла 400гр","7262","36","0.41",""
"17395"," FRESH MARKET","Спагети Фиорелла 400гр","7263","36","0.41",""
"17395"," FRESH MARKET","Цигари Корсет СС Mauve Shellpack 97мм. ","7348","78","2.86",""
"17395"," FRESH MARKET","Цигари Корсет СС Lilac Shellpack 97мм.","7349","78","2.97",""
"17395"," FRESH MARKET","Фиде навито Мелиса 250гр.","7453","36","1.02",""
"17395"," FRESH MARKET","Детски макарони Златен клас 400гр.","7628","36","0.59",""
"17395"," FRESH MARKET","Паста за зъби Астера микрогранули 75мл.","7632","81","1.64",""
"17395"," FRESH MARKET","Ориз Бисерен Натура 1кг.","7658","35","1.87",""
"17395"," FRESH MARKET","Макарон тирбушон Фидела 400гр.","7659","36","0.51",""
"17395"," FRESH MARKET","Шампоан Фруктис 350мл","7676","82","4.50",""
"17395"," FRESH MARKET","Кашкавал Мургаш 400гр","7678","11","5.37",""
"17395"," FRESH MARKET","Кашкавал Мургаш 200гр","7679","11","2.76",""
"17395"," FRESH MARKET","Сапун Тео 90гр.","770","83","0.61",""
"17395"," FRESH MARKET","Макарони Фусили Загария 400гр.","7703","36","0.95",""
"17395"," FRESH MARKET","Сирене Бор Чвор тенекия 800гр","7704","9","5.52",""
"17395"," FRESH MARKET","Ръчен хляб с квас Пирина 500гр.","7711","1","1.10",""
"17395"," FRESH MARKET","Талиатели Стела 500гр","7719","36","2.07",""
"17395"," FRESH MARKET","Шоколад Рошен Лакми 80/90/100гр.","7745","69","1.00",""
"17395"," FRESH MARKET","Хляб Иванов 700гр","7747","1","1.02",""
"17395"," FRESH MARKET","Пълнозърнест хляб с моркови Симид 500гр","7750","4","1.18",""
"17395"," FRESH MARKET","Паста за зъби Аквафреш Senses 75мл.","7758","81","2.58",""
"17395"," FRESH MARKET","Бял хляб с квас Пирина 500гр.","7782","1","1.10",""
"17395"," FRESH MARKET","Сапун Ауи 65гр","779","83","0.30",""
"17395"," FRESH MARKET","Обикновени бисквити Ная 180гр","7874","66","0.87",""
"17395"," FRESH MARKET","Нудълс VIFON 60гр","7889","36","0.33",""
"17395"," FRESH MARKET","Хляб Пирина бял 500гр.","7926","1","0.80",""
"17395"," FRESH MARKET","Шампоан Хималая 400мл","7940","82","4.12",""
"17395"," FRESH MARKET","Обикновени бисквити Изненада 130гр","7969","66","0.49",""
"17395"," FRESH MARKET","Паста за зъби  Хималая 100гр","7997","81","3.57",""
"17395"," FRESH MARKET","Паста за зъби Хималая 75мл","8027","81","3.37",""
"17395"," FRESH MARKET","Шоколад Лава Беар 8бр","81","69","2.22",""
"17395"," FRESH MARKET","Кисело мляко Балкан 3.6% 400гр","8130","7","0.97",""
"17395"," FRESH MARKET","Сапун Марина 140гр","8262","83","0.61",""
"17395"," FRESH MARKET","Фиде навито Алексиев Теди/Национал 400гр.","8296","36","0.46",""
"17395"," FRESH MARKET","Юфка от червена леща 250гр.","8298","36","3.17",""
"17395"," FRESH MARKET","Инстантни спагети Биг Ланч  75гр.","8312","36","0.77",""
"17395"," FRESH MARKET","Прясно мляко UHT Мегле 3.2% 1л.","8356","6","1.59",""
"17395"," FRESH MARKET","Четка за зъби Парадонтакс Complete protection soft","8378","80","4.06",""
"17395"," FRESH MARKET","Мокри кърпи Малива 120бр","847","84","1.46",""
"17395"," FRESH MARKET","Паста за зъби Колгейт 50мл.","8472","81","0.82",""
"17395"," FRESH MARKET","Четка за зъби Колгейт детска 2-6/6-9години","8474","80","2.99",""
"17395"," FRESH MARKET","Хляб Пирина с пшенични трици 350гр.","8535","4","1.10",""
"17395"," FRESH MARKET","Лазаня плочки 5кг.","8544","36","22.60",""
"17395"," FRESH MARKET","Паста за зъби Колгейт Прополис 2х75мл.","8545","81","1.48",""
"17395"," FRESH MARKET","Сирене Фета Франция 500гр.","8574","9","2.15",""
"17395"," FRESH MARKET","Кори Медковец ръчно теглени 400гр.","8677","5","2.58",""
"17395"," FRESH MARKET","Кисело Мляко Мегле 3.6% 400гр.","8691","7","0.69",""
"17395"," FRESH MARKET","Кисело Мляко Мегле 2% 400гр.","8692","7","0.64",""
"17395"," FRESH MARKET","Кисело мляко Набор 3.6% 500гр.","8728","7","0.66",""
"17395"," FRESH MARKET","Фиде Дерони 400гр","8797","36","0.92",""
"17395"," FRESH MARKET","Олио Екстра/Клас/Зл.Добруджанско/ Родно/Вита Доро 1л","8833","42","1.69",""
"17395"," FRESH MARKET","Пълнозърнести макарони Стела 500гр","8884","36","1.43",""
"17395"," FRESH MARKET","Кисело мляко Набор 2%  500гр.","8889","7","0.56",""
"17395"," FRESH MARKET","Четка за зъби Колгейт Зиг Заг/Charcoal 2+1","8953","80","4.01",""
"17395"," FRESH MARKET","Кашкавал Булгарче 400гр","8968","11","4.29",""
"17395"," FRESH MARKET","Шампоан Дева 500мл.","905","82","2.15",""
"17395"," FRESH MARKET","Мокри кърпи Памперс Harmony Newborn 46бр.","907","84","1.43",""
"17395"," FRESH MARKET","Мюсли за деца Маестро 500гр","9093","36","1.07",""
"17395"," FRESH MARKET","Четка за зъби Sensodyne","911","80","3.99",""
"17395"," FRESH MARKET","Шпек Бургас червен етикет Кен  260гр.","9120","28","3.17",""
"17395"," FRESH MARKET","Четка за зъби Sensodyne compete","914","80","4.04",""
"17395"," FRESH MARKET","Паста за зъби Колгейт 75мл.","9142","81","1.43",""
"17395"," FRESH MARKET","Паста за зъби Блендамед 75мл.","9149","81","1.74",""
"17395"," FRESH MARKET","Макарони Загария Охлюв","9158","36","0.95",""
"17395"," FRESH MARKET","Мокри кърпи Бочко  84бр.","9227","84","1.53",""
"17395"," FRESH MARKET","Лимец Натура 500гр","9291","36","1.48",""
"17395"," FRESH MARKET","Хляб Здраве Симид 650гр.","9293","1","1.00",""
"17395"," FRESH MARKET","Хляб Зрънко Симид 600гр.","9294","1","1.10",""
"17395"," FRESH MARKET","Хляб тостер Симид пълнозърнест/ръжен 550гр.","9295","3","1.00",""
"17395"," FRESH MARKET","Хляб Енергия Симид 500гр.","9296","1","1.18",""
"17395"," FRESH MARKET","Хляб Селски Симид бял/пълнозърнест 600гр.","9297","1","0.97",""
"17395"," FRESH MARKET","Хляб Симид 500гр.","9298","1","0.77",""
"17395"," FRESH MARKET","Хляб Ръжен Симид 550гр.","9299","3","1.10",""
"17395"," FRESH MARKET","Сапун Факс 60гр.","930","83","0.38",""
"17395"," FRESH MARKET","Хляб Живена високопротеинов/100 % лимец 450гр./кето хляб","9301","3","1.87",""
"17395"," FRESH MARKET","Хляб Живена елда/ръж и сусам/тиква/сл. и чия  330/350гр.","9302","3","1.33",""
"17395"," FRESH MARKET","Хляб Живена с орехи и пшенични зърна 330гр.","9303","1","1.76",""
"17395"," FRESH MARKET","Шампоан Farcom HD 400мл","9335","82","3.83",""
"17395"," FRESH MARKET","Спагети Дерони 400гр","9364","36","0.92",""
"17395"," FRESH MARKET","Макарони Дерони 400гр","9365","36","0.92",""
"17395"," FRESH MARKET","Кус Кус Дерони 400гр","9366","36","0.92",""
"17395"," FRESH MARKET","Трицветни макарони Дерони 400гр","9367","36","1.15",""
"17395"," FRESH MARKET","Инстантни спагети Indomie 70гр.","9371","36","0.38",""
"17395"," FRESH MARKET","Паста за зъби Колгейт трипъл 125мл","9447","81","1.53",""
"17395"," FRESH MARKET","Мокри кърпи Бебо 72бр.","9458","84","1.69",""
"17395"," FRESH MARKET","Кашкавал Сакарела пита/тостер","950","10","7.00",""
"17395"," FRESH MARKET","Безмлечни каши Ганчев 250гр","95663","63","2.25",""
"17395"," FRESH MARKET","Медикс веро балсам 415мл","957","79","0.82",""
"17395"," FRESH MARKET","Пюре обедно меню Ганчев 220гр.","9634","64","1.43",""
"17395"," FRESH MARKET","Краве сирене Президент вакум 300гр","9643","9","3.91",""
"17395"," FRESH MARKET","Краве сирене Президент 330гр кутия","9644","9","6.24",""
"17395"," FRESH MARKET","Краве сирене Президент 770гр кутия","9645","9","13.70",""
"17395"," FRESH MARKET","Паста за зъби Колгейт Max Ultra 50мл","9648","81","3.73",""
"17395"," FRESH MARKET","Паста за зъби Колгейт тотал 100мл.","9654","81","3.12",""
"17395"," FRESH MARKET","Бисквити Детство мое 220гр","9683","66","1.00",""
"17395"," FRESH MARKET","Инстантни спагети Indomie 10x70гр.","9690","36","3.07",""
"17395"," FRESH MARKET","Шампоан Палмолив 350мл.","985","82","1.53",""
"17395"," FRESH MARKET","Четка за зъби Хималая","98500","80","1.99",""
"17395"," FRESH MARKET","Българска леща Крина 1кг","9867","34","2.17",""
"17395"," FRESH MARKET","Медикс веро Premium 415мл.","9869","79","1.07",""
