﻿"Населено място","Търговски обект","Наименование на продукта","Код на продукта","Категория","Цена на дребно","Цена в промоция"
"10447","CHERRY MARKET","ДБ КВАНТУМ МЕРЛО 0,750","155","76","5.11",""
"10447","CHERRY MARKET","ДБ КВАНТУМ СОВ.БЛАН 0,750","157","75","5.29",""
"10447","CHERRY MARKET","БРАТЯ МИНКОВИ ЧЕРВЕНО КЮВЕ 0,750","161","76","9.20",""
"10447","CHERRY MARKET","ВИЛА МАРИЯ СОВ.БЛАН 0,750","235","75","17.07",""
"10447","CHERRY MARKET","ЛАВАЦА СУПЕР КРЕМА 1КГ","255","71","28.63",""
"10447","CHERRY MARKET","ЯМБОЛСКА ГРОЗДОВА РАКИЯ 0.700","263","77","7.00",""
"10447","CHERRY MARKET","КОРСЕТ КОРАЛ","268","78","2.86",""
"10447","CHERRY MARKET","КОРСЕТ ЧЕРНА ТАБАКЕРА BLACK PEARL","269","78","3.22",""
"10447","CHERRY MARKET","ЛОЗОВА РАКИЯ 0,700","358","77","12.27",""
"10447","CHERRY MARKET","МЕРИЛИН ПИНК СЛИМС","545","78","3.17",""
"10447","CHERRY MARKET","МЕРИЛИН СЛИМ СИН","546","78","3.17",""
"10447","CHERRY MARKET","КИНГ X CUT RED","548","78","3.17",""
"10447","CHERRY MARKET","КИНГ CORE RED 100","553","78","3.07",""
"10447","CHERRY MARKET","КИНГ ЧЕРВЕН 84ММ","559","78","2.81",""
"10447","CHERRY MARKET","АЕ ЕЙНДЖЪЛ ШАРДОНЕ 0,75","563","75","6.64",""
"10447","CHERRY MARKET","КОРСЕТ ЛИЛАВ","568","78","3.07",""
"10447","CHERRY MARKET","КИНГ ОНИКС РЕД 84ММ","571","78","2.30",""
"10447","CHERRY MARKET","КИНГ ОНИКС 84 СИН","572","78","2.30",""
"10447","CHERRY MARKET","ЛАВАЦА КРЕМА Е ГУСТО 250 ГР","576","70","6.64",""
"10447","CHERRY MARKET","ЛАВАЦА ЕСПРЕСО 250ГР","579","70","8.02",""
"10447","CHERRY MARKET","ЛАВАЦА ОРО 250 ГР. МЛЯНО","580","70","7.66",""
"10447","CHERRY MARKET","ЛАВАЦА РОСА 250 ГР.","581","70","7.87",""
"10447","CHERRY MARKET","ЛАВАЦА ЕСПРЕСО МЕТ.КУТИЯ","584","70","8.99",""
"10447","CHERRY MARKET","ЛАВАЦА ОРО МЕТ.КУТИЯ","585","70","8.69",""
"10447","CHERRY MARKET","ЛАВАЦА РОСА МЕТ.КУТИЯ","586","70","8.12",""
"10447","CHERRY MARKET","ЛАВАЦА КРЕМА Е ГУСТО ФОРТЕ ЛАВАЦА 1КГ","589","71","24.03",""
"10447","CHERRY MARKET","ЛАВАЦА КРЕМА АРОМА 1КГ КАФЯВА","590","71","27.60",""
"10447","CHERRY MARKET","ЛАВАЦА ПРОНТО КРЕМА 1КГ","591","71","28.63",""
"10447","CHERRY MARKET","ЛАВАЦА РОСА 1КГ","592","71","26.58",""
"10447","CHERRY MARKET","КОРТЕН РЕЗЕРВА МУСКАТОВА РАКИЯ 0,700","668","77","22.49",""
"10447","CHERRY MARKET","ЛАВАЦА ГОЛД СЕЛЕКШЪН НА ЗЪРНА 1КГ","752","71","57.26",""
"10447","CHERRY MARKET","ВИЛА ЯМБОЛ КАБЕРНЕ 0,750","798","76","3.88",""
"10447","CHERRY MARKET","ВИЛА ЯМБОЛ ШАРДОНЕ 0,750","799","75","4.60",""
"10447","CHERRY MARKET","КОРСЕТ СИВ PEARL","871","78","3.02",""
"10447","CHERRY MARKET","КАМЕНИЦА 2 Л.","924","74","1.84",""
"10447","CHERRY MARKET","ЗАГОРКА 2 Л.","931","74","1.68",""
"10447","CHERRY MARKET","ШУМЕНСКО 2Л","966","74","1.73",""
"10447","CHERRY MARKET","ПИРИНСКО 2Л","967","74","1.53",""
"10447","CHERRY MARKET","БРАТЯ МИНКОВИ ШАРДОНЕ 0,750","1043","75","9.20",""
"10447","CHERRY MARKET","ЯКОБС МОНАРХ ЕСПРЕСО","1207","70","1.43",""
"10447","CHERRY MARKET","НОВА БРАЗИЛИЯ 200 ГР КЛАСИК","1230","70","3.98",""
"10447","CHERRY MARKET","НОВА БРАЗИЛИЯ 200ГР ДЖЕЗВЕ","1231","70","3.98",""
"10447","CHERRY MARKET","ТОБЛЕРОН КЛАСИК МЛЕЧЕН 100 ГР","1317","69","2.04",""
"10447","CHERRY MARKET","БЧК ЧЕРЕН ЧАЙ 20БР","1376","72","0.81",""
"10447","CHERRY MARKET","БЧК ЧАЙ ЛАЙКА, МЕД И ВАНИЛИЯ 20 БР","1378","72","1.02",""
"10447","CHERRY MARKET","ЧАЙ ТУИНИНГС СЕЛЕКЦИЯ","1386","72","4.35",""
"10447","CHERRY MARKET","ЧАЙ ТУАЙНИНГС 4 ЧЕРВЕНИ ПЛОДА","1388","72","6.08",""
"10447","CHERRY MARKET","ЧАЙ ТУАЙН ЛАЙКА МЕД ВАНИЛИЯ","1389","72","4.60",""
"10447","CHERRY MARKET","ЧАЙ ТУАЙН ЯГОДА И МАНГО","1390","72","4.35",""
"10447","CHERRY MARKET","ЧАЙ ТУАЙН ЗЕЛЕН С ЛИМОН","1391","72","4.35",""
"10447","CHERRY MARKET","ЧАЙ ТУАЙН ДИВИ ПЛОДОВЕ","1392","72","3.58",""
"10447","CHERRY MARKET","ЧАЙ ТУАЙН АНГЛИЙСКА ЗАКУСКА","1393","72","3.32",""
"10447","CHERRY MARKET","ЧАЙ ТУАЙНИНГ ЪРЛ ГРЕЙ","1394","72","3.32",""
"10447","CHERRY MARKET","КАРНОБАТСКА 0,700","1513","77","6.85",""
"10447","CHERRY MARKET","ПЕЩЕРСКА 0,700","1523","77","7.56",""
"10447","CHERRY MARKET","КАРНОБАТСКА ОТЛЕЖАЛА 0,700","1528","77","9.45",""
"10447","CHERRY MARKET","ТРОЯНСКА СЛИВОВА РАКИЯ 0.700","1542","77","8.07",""
"10447","CHERRY MARKET","ТРОЯНСКА СЛИВОВА РАКИЯ 3 ГОДИШНА 0,700","1544","77","10.22",""
"10447","CHERRY MARKET","МЛЯНО КАФЕ СТАРБЪКС 200ГР.","1562","70","3.48",""
"10447","CHERRY MARKET","ЧАЙ ТУАЙНИНГС МЕНТА","1586","72","4.04",""
"10447","CHERRY MARKET","ЧАЙ ЧАКРА АНАХАТА СЪРДЕЧНО-СЪДОВА СИСТЕМА","1613","72","3.88",""
"10447","CHERRY MARKET","КРОАСАН ЧИПИКАО 60ГР","1640","67","0.86",""
"10447","CHERRY MARKET","БОНДУЕЛ ЗРЯЛ ФАСУЛ 425ГР","1898","46","2.14",""
"10447","CHERRY MARKET","КРАВЕ СИРЕНЕ ЛЕСИДРЕН 200ГР.","1899","9","2.81",""
"10447","CHERRY MARKET","МОКРИ КЪРПИЧКИ ФРЕШ","1907","84","0.20",""
"10447","CHERRY MARKET","МЕРИЛИН WHITE SLIMS","1962","78","3.07",""
"10447","CHERRY MARKET","ЛИНД МЛЕЧЕН","2022","69","3.73",""
"10447","CHERRY MARKET","БАРИЛА СПАГЕТИ 5 500ГР","2058","37","1.94",""
"10447","CHERRY MARKET","СУНГУРЛАРСКА СПЕЦИАЛНА РАКИЯ 0.700","2090","77","11.75",""
"10447","CHERRY MARKET","ПРЯСНО МЛЯКО ЛАЧИАТЕ 3.2% 1Л","2121","6","1.53",""
"10447","CHERRY MARKET","КРАВЕ СИРЕНЕ ЛЕСИДРЕН 400ГР. ВАКУУМ","2145","9","5.01",""
"10447","CHERRY MARKET","КРАВЕ КАШКАВАЛ ЛЕСИДРЕН 400ГР.","2147","11","6.95",""
"10447","CHERRY MARKET","КРАВЕ СИРЕНЕ ЛЕСИДРЕН 400ГР.  КУТИЯ","2155","9","5.93",""
"10447","CHERRY MARKET","КРАВЕ МАСЛО ПРЕЗИДЕНТ 125ГР.","2157","12","5.31",""
"10447","CHERRY MARKET","ЛАВАЦА КРЕМА Е ГУСТО КЛАСИКО 1КГ","2224","71","23.97",""
"10447","CHERRY MARKET","БРАТЯ МИНКОВИ МЕРЛО","2263","76","9.20",""
"10447","CHERRY MARKET","БРАТЯ МИНКОВИ СИРА","2264","76","9.20",""
"10447","CHERRY MARKET","ЛАВАЦА ГРАНД ЕСПРЕСО 1КГ","2317","71","37.32",""
"10447","CHERRY MARKET","БЧК ЧАЙ ШИПКА 20БР","2372","72","0.97",""
"10447","CHERRY MARKET","ВИЛА ЯМБОЛ МАВРУД 0,750","2400","76","3.88",""
"10447","CHERRY MARKET","ВИЛА ЯМБОЛ МЕРЛО 0,750","2402","76","4.60",""
"10447","CHERRY MARKET","РЕНКЛИ МОКРИ КЪРПИ 72БР","2440","84","1.22",""
"10447","CHERRY MARKET","МЕРИЛИН БРИЙЗ","2602","78","2.66",""
"10447","CHERRY MARKET","КАФЕ ЕДУШО ФЕМИЛИ МЛЯНО 250ГР","2718","70","5.41",""
"10447","CHERRY MARKET","ДАВИДОФФ РИЧ АРОМА 250ГР","2720","70","8.69",""
"10447","CHERRY MARKET","ДАВИДОФ ЕСПРЕСО 250ГР","2721","70","8.69",""
"10447","CHERRY MARKET","ЧИБО СИЦИЛИЯ СТАЙЛ 250ГР","2723","70","6.39",""
"10447","CHERRY MARKET","ЧИБО МИЛАНО 250ГР","2724","70","6.39",""
"10447","CHERRY MARKET","ЛАВАЦА КРЕМА АРОМА ЕКСПЕРТ 1КГ","2748","71","26.58",""
"10447","CHERRY MARKET","НОВА БРАЗИЛИЯ КРЕМА 225ГР.","2774","70","2.55",""
"10447","CHERRY MARKET","КИНГ КОМПАКТ","2777","78","2.56",""
"10447","CHERRY MARKET","ДБ КВАНТУМ ШАРДОНЕ 0,750","2850","75","5.11",""
"10447","CHERRY MARKET","ДБ КВАНТУМ КАБЕРНЕ ФРАН 0,750","2851","76","5.11",""
"10447","CHERRY MARKET","МАКЕДОНСКА ЛЮТЕНИЦА  СОФРА 550ГР.","2858","49","4.80",""
"10447","CHERRY MARKET","ЧАЙ С ЛИМОН, ГИНКО И ДЖИНДЖИФИЛ","2873","72","0.86",""
"10447","CHERRY MARKET","ЛАВАЦА ОРО 1КГ","2893","71","20.45",""
"10447","CHERRY MARKET","ЛИНД КЛАСИК МЛЕЧЕН ДВОЙНО МЛЕЧЕН 100ГР","2966","69","3.68",""
"10447","CHERRY MARKET","МЕРИЛИН PLUS PINK 100","3268","78","3.22",""
"10447","CHERRY MARKET","МЕРИЛИН + СИН 100","3269","78","3.22",""
"10447","CHERRY MARKET","КИНГ БЛУ 100","3270","78","2.86",""
"10447","CHERRY MARKET","КРОАСАН IQ 110ГР НАР И БОРОВИНКА","3415","67","0.97",""
"10447","CHERRY MARKET","БРАТЯ МИНКОВИ КАБЕРНЕ 0,75","3468","76","11.75",""
"10447","CHERRY MARKET","ПОМИ ДОМАТИ НА КУБЧЕТА 0.5Л","3563","48","2.19",""
"10447","CHERRY MARKET","ЗАХАР СЛАДЕЯ 1КГ","3566","38","1.43",""
"10447","CHERRY MARKET","БРАШНО КЛАСИК СОФИЯ МЕЛ","3569","40","1.43",""
"10447","CHERRY MARKET","СОЛ ФИНА КРИНА","3570","39","0.66",""
"10447","CHERRY MARKET","ЧАЙ ШИПКА § КАРКАДЕ","3599","72","1.02",""
"10447","CHERRY MARKET","БОБ ЕКСТРА КРИНА 1КГ","3692","33","3.32",""
"10447","CHERRY MARKET","БОБ ТРАДИЦИОННЕ КРИНА 1 КГ","3693","33","3.01",""
"10447","CHERRY MARKET","БОБ ТРАПЕЗЕН КРИНА 1 КГ","3694","33","2.35",""
"10447","CHERRY MARKET","ЛЕЩА ЕКСТРА КРИНА 1 КГ","3697","34","2.40",""
"10447","CHERRY MARKET","ПАСТА МЕЛИСА ДЕТСКА  ПЕПА ПИГ 500 ГР","3800","36","1.84",""
"10447","CHERRY MARKET","ПРИМО ГУСТО ПЕНЕ РИГАТЕ 500 ГР","3827","36","1.75",""
"10447","CHERRY MARKET","ПРИМО ГУСТО ФУСИЛИ 500ГР","3829","36","1.75",""
"10447","CHERRY MARKET","ПРИМО ГУСТО ФУСИЛИ ТРИЦВЕТНИ 500ГР","3833","36","1.78",""
"10447","CHERRY MARKET","ПРИМО ГУСТО ФУСИЛИ ПЪЛНОЗЪРНЕСТИ 500ГР","3836","36","1.73",""
"10447","CHERRY MARKET","ПРИМО ГУСТО ПЕНЕ ПЪЛНОЗЪРНЕСТИ 500ГР","3837","36","1.78",""
"10447","CHERRY MARKET","ПРИМО ГУСТО ФАРФАЛЕ 500ГР","3841","36","1.73",""
"10447","CHERRY MARKET","ПРИМО ГУСТО МАЛКИ МИДИ 500ГР","3844","36","1.75",""
"10447","CHERRY MARKET","ПРИМО ГУСТО ЗВЕЗДИЧКИ 500ГР","3845","36","1.68",""
"10447","CHERRY MARKET","ПРИМО ГУСТО КУС КУС 500ГР","3848","36","1.68",""
"10447","CHERRY MARKET","АЕ ЕЙНДЖЪЛ СОВИНЬОН БЛАН 0,750","3856","75","6.64",""
"10447","CHERRY MARKET","АЕ ЕЙНДЖЪЛ МЕРЛО 0,750","3857","76","6.13",""
"10447","CHERRY MARKET","ДБ КВАНТУМ ТРАМИНЕР 0.750Л","3861","75","5.11",""
"10447","CHERRY MARKET","ПРИМО ГУСТО СПАГЕТИ ПЪЛНОЗЪРНЕСТИ 500ГР","3865","36","1.78",""
"10447","CHERRY MARKET","ПРИМО ГУСТО СПАГЕТИ 10 500ГР","3869","37","1.68",""
"10447","CHERRY MARKET","ЛОЙД ЧАЙ МАЛИНА И ЯГОДА","3912","72","2.30",""
"10447","CHERRY MARKET","ОЛИО РОСИНА 1Л","3976","42","2.60",""
"10447","CHERRY MARKET","БАРИЛА СПАГЕТИ 3 500ГР","3987","37","1.94",""
"10447","CHERRY MARKET","ЧАЙ ТУАЙНИНГС АНГЛИЙСКА ЗАКУСКА","4112","72","5.93",""
"10447","CHERRY MARKET","ЧАЙ ТУАЙНИНГС ДИВИ ПЛОДОВЕ","4113","72","6.54",""
"10447","CHERRY MARKET","ЧАЙ ТУАЙНИНГС ЗЕЛЕНС БОРОВИНКА","4114","72","4.60",""
"10447","CHERRY MARKET","ЧАЙ ТУАЙНИНГС МЕТАЛНА КУТИЯ","4115","72","7.62",""
"10447","CHERRY MARKET","ЧАЙ ТУАЙНИНГС ЛАЙКА И МЕНТА","4116","72","4.55",""
"10447","CHERRY MARKET","ЧАЙ ТУАЙНИНГС ЛАЙКА МЕД ВАНИЛИЯ","4118","72","4.55",""
"10447","CHERRY MARKET","ЧАЙ ТУАЙНИНГС ЯГОДА И МАНГО","4119","72","4.55",""
"10447","CHERRY MARKET","ЧАЙ ГОРСКИ ПЛОДОВЕ","4121","72","1.02",""
"10447","CHERRY MARKET","БЧК ЧАЙ МЕНТА 20БР","4123","72","0.97",""
"10447","CHERRY MARKET","ЧАЙ ЛИПА 20БР","4124","72","1.27",""
"10447","CHERRY MARKET","ЧАЙ ТУАЙНИНГС ЪРЪЛ ГРЕЙ 25БР","4132","72","4.34",""
"10447","CHERRY MARKET","ШЕФ ИС БОБ ЕДЪР САЛАТЕН БУРКАН 540ГР","4135","46","2.24",""
"10447","CHERRY MARKET","ШЕФ ГРАХ КОНСЕРВА 400 ГР","4182","47","1.63",""
"10447","CHERRY MARKET","ШЕФ ЕДЪР БОБ САЛ.400ГР","4183","46","1.17",""
"10447","CHERRY MARKET","ШЕФ БЯЛ БОБ КОНСЕРВА 400ГР","4184","46","1.12",""
"10447","CHERRY MARKET","ШЕФ ЧЕРВЕН БОБ КОНСЕРВА 400ГР","4189","46","1.12",""
"10447","CHERRY MARKET","БОНДУЕЛ ЗЕЛЕН ГРАХ 850 МЛ КОНСЕРВА","4195","47","3.93",""
"10447","CHERRY MARKET","БОНДУЕЛ ЧЕРВЕН ФАСУЛ КОНСЕРВА 425МЛ","4196","46","2.35",""
"10447","CHERRY MARKET","БОНДУЕЛ ГРАХ КОНСЕРВА 425МЛ","4198","47","2.04",""
"10447","CHERRY MARKET","ЛАВАЦА ГУСТО ФОРТЕ ЕКСПЕРТ 1КГ","4240","71","25.05",""
"10447","CHERRY MARKET","ШЕФ ИС  ДОМАТИ НА КУБЧЕТА КОНСЕРВА 400ГР","4286","48","1.43",""
"10447","CHERRY MARKET","ПЕЩЕРСКА ОТЛЕЖАЛА 0,700МЛ","4433","77","8.89",""
"10447","CHERRY MARKET","ТУАЙНИНГС ЗЕЛЕН ЧАЙ","4453","72","5.36",""
"10447","CHERRY MARKET","7 ДЕЙС КРОАСАН ЯГОДА ВАН.92ГР","4652","67","0.51",""
"10447","CHERRY MARKET","7 ДЕЙС КРОАСАН ВАН.+КАКАО 92ГР","4657","67","0.84",""
"10447","CHERRY MARKET","ПРЯСНО МЛЯКО ВЕРЕЯ 3%","4705","6","1.68",""
"10447","CHERRY MARKET","ОЛИО КАЛИАКРА 1Л","4728","42","2.35",""
"10447","CHERRY MARKET","БОБ НАТУРА 1 КГ","4733","33","2.70",""
"10447","CHERRY MARKET","ОЦЕТ В.ТЪРНОВО ВИНЕН 0.700","4763","44","1.53",""
"10447","CHERRY MARKET","БРЕАК Ш-Д МЛЕЧЕН 85ГР","4789","69","1.17",""
"10447","CHERRY MARKET","ИОН Ш-Д МЛЕЧЕН 100ГР","4811","69","1.43",""
"10447","CHERRY MARKET","БРАШНО СОФИЯ МЕЛ ЕКСТРА 1 КГ","4891","41","1.38",""
"10447","CHERRY MARKET","КИСЕЛО МЛЯКО ВЕРЕЯ 2,9%","4909","7","0.86",""
"10447","CHERRY MARKET","КИСЕЛО МЛЯКО ВЕРЕЯ 4,5%","4910","7","0.94",""
"10447","CHERRY MARKET","ОЛИО КЕХЛИБАР 1Л","4956","42","2.30",""
"10447","CHERRY MARKET","КРОАСАН  7 ДЕЙС 60ГР МИНИ КАКАО","5030","67","0.97",""
"10447","CHERRY MARKET","ПАЛМОЛИВ САПУН БАДЕМ","5107","83","0.81",""
"10447","CHERRY MARKET","САПУН ПАЛМОЛИВ ОРХИДЕЯ 90ГР","5108","83","0.86",""
"10447","CHERRY MARKET","ЧАЙ КАРКАДЕ","5111","72","1.02",""
"10447","CHERRY MARKET","ПЗ ЛАКАЛУТ АКТИВ 75МЛ","5224","81","3.73",""
"10447","CHERRY MARKET","ЛАКАЛУТ ПЗ АКТИВ ХЕРБАЛ 75МЛ","5225","81","3.73",""
"10447","CHERRY MARKET","ЛАКАЛУТ ПЗ ФЛОРА 75МЛ","5226","81","3.73",""
"10447","CHERRY MARKET","КИНГ ОНИКС СС КАПСУЛА","5247","78","2.66",""
"10447","CHERRY MARKET","ЛАВАЦА ГУСТО ПИЕНО 1КГ","5261","71","29.65",""
"10447","CHERRY MARKET","ЛАВАЦА ГРАНДЕ РИСТОРАЦИОНЕ 1КГ","5262","71","25.51",""
"10447","CHERRY MARKET","СЕНСОДИН ПЗ МУЛТИ КЕЪР 75МЛ","5268","81","3.27",""
"10447","CHERRY MARKET","ПАРАДОНТАКС ПЗ ЕКСТА ФРЕШ 75МЛ","5274","81","4.09",""
"10447","CHERRY MARKET","ПАРАДОНТАКС ПЗ ИЗБЕЛВАЩА 75МЛ","5277","81","4.09",""
"10447","CHERRY MARKET","ПАРАДОНТАКС ПЗ КЛАСИК 75МЛ","5280","81","4.09",""
"10447","CHERRY MARKET","НОВА БРАЗИЛИЯ ЕСПРЕСО ГОЛД 200ГР.","5532","70","2.20",""
"10447","CHERRY MARKET","НОВА БРАЗИЛИЯ АРОМА 200ГР.","5533","70","2.20",""
"10447","CHERRY MARKET","Б-ТИ ЖИТЕН ДАР ОБИК. С МАСЛО 120ГР","5544","66","0.76",""
"10447","CHERRY MARKET","Б-ТИ ЖИТЕН ДАР 220ГР ОБИКН.","5547","66","1.32",""
"10447","CHERRY MARKET","Б-ТИ ЖИТЕН ДАР ОБИКН.С КАКАО 210ГР","5549","66","1.43",""
"10447","CHERRY MARKET","КРОАСАН IQ 110ГР  ЛЕШНИК","5555","67","0.97",""
"10447","CHERRY MARKET","КРОАСАН IQ 110ГР НАР,ВАН. БОР.","5560","67","0.97",""
"10447","CHERRY MARKET","КРОАСАН IQ 110ГР КАКАО И ВАН","5561","67","0.97",""
"10447","CHERRY MARKET","КОРСЕТ СС MAUVE","5594","78","2.86",""
"10447","CHERRY MARKET","КОРСЕТ СС LILAC","5595","78","3.43",""
"10447","CHERRY MARKET","СВОГЕ МЛЕЧЕН 80ГР","5616","69","1.43",""
"10447","CHERRY MARKET","МЛЕЧЕН ШОКОЛАД 80 ГР","5637","69","1.32",""
"10447","CHERRY MARKET","ТРИЗА ПЗ КАРИЕС 75МЛ","5728","81","3.57",""
"10447","CHERRY MARKET","ТРИЗА ПЗ ИЗБЕЛВАЩА 75МЛ","5729","81","3.47",""
"10447","CHERRY MARKET","ТРИЗА ПЗ СЕНЗИТИВ 75МЛ","5730","81","3.47",""
"10447","CHERRY MARKET","МОКРИ КЪРПИ БЕЙБИ КЕЪР ЛАЙКА 72БР","5825","84","1.43",""
"10447","CHERRY MARKET","КИНГ ОНИКС CENTRIO DENIM","5895","78","2.91",""
"10447","CHERRY MARKET","КИНГ CENTRIO SKY BLUE 100","5896","78","3.07",""
"10447","CHERRY MARKET","КОРСЕТ DEUX","6072","78","2.86",""
"10447","CHERRY MARKET","ЧАЙ ТУАЙНИНГС ЯБЪЛКА И КАНЕЛА","6135","72","5.11",""
"10447","CHERRY MARKET","КИМБО АНТИКА ТРАДИЦИОНЕ 250ГР.","6161","70","5.62",""
"10447","CHERRY MARKET","КИМБО БЕЗКОФЕИНОВО 0,250","6163","70","6.08",""
"10447","CHERRY MARKET","КИМБО ГОЛД 0,250ГР.","6164","70","5.62",""
"10447","CHERRY MARKET","КИМБО ИНТЕНЗО 250 ГР","6165","70","5.93",""
"10447","CHERRY MARKET","КИМБО ИТАЛИАНО 0,250ГР.","6167","70","6.13",""
"10447","CHERRY MARKET","РЕНКЛИ МОКРИ КЪРПИ ЛУКС 80БР","6204","84","0.86",""
"10447","CHERRY MARKET","САПУН ДАВ КРЕМ","6224","83","1.22",""
"10447","CHERRY MARKET","ШОКОЛАД ГИНЕС МЛЕЧЕН 90ГР","6295","69","3.27",""
"10447","CHERRY MARKET","ШОКОЛАД ФЕРЕРО 90ГР МЛЕЧЕН","6517","69","3.06",""
"10447","CHERRY MARKET","ШОГЕТЕН ШОКОЛАД 100ГР МЛЕЧЕН","6729","69","1.68",""
"10447","CHERRY MARKET","ЧИБО ФЕМИЛИ ЕСПРЕСО 250ГР","6730","70","3.06",""
"10447","CHERRY MARKET","ХАИНЦ КОНСЕРВА ГРАХ 400ГР","6764","47","1.63",""
"10447","CHERRY MARKET","ХАИНЦ КОНСЕРВА ЧЕРВЕН БОБ 400ГР","6766","46","1.63",""
"10447","CHERRY MARKET","МЕРИЛИН КАПСУЛА","6858","78","2.71",""
"10447","CHERRY MARKET","СТЕЛЛА ТРОМПЕТИНИ 500ГР","6886","36","1.60",""
"10447","CHERRY MARKET","СТЕЛЛА ФУСИЛИ 500ГР","6887","36","1.48",""
"10447","CHERRY MARKET","СТЕЛЛА ТАЛИАТЕЛИ 500ГР","6889","36","2.45",""
"10447","CHERRY MARKET","СТЕЛЛА ФАРФАЛЕ 500ГР","6890","36","1.48",""
"10447","CHERRY MARKET","СТЕЛЛА АХИВАДАХИ 500ГР","6891","36","1.60",""
"10447","CHERRY MARKET","КИНГ CORE NEON","6893","78","3.07",""
"10447","CHERRY MARKET","КИНГ КАРБОН НИТРО","6894","78","2.56",""
"10447","CHERRY MARKET","СТЕЛЛА СПАГЕТИ 10 500ГР","6904","37","1.48",""
"10447","CHERRY MARKET","ЛАВАЦА СУПЕР ГУСТО 1КГ","6995","71","45.50",""
"10447","CHERRY MARKET","КИНГ КАПСУЛА","7000","78","2.66",""
"10447","CHERRY MARKET","ЧАЙ ТУАЙНИНГС ЛАЙКА","7009","72","5.77",""
"10447","CHERRY MARKET","ЧАЙ ТУАЙНИНГС ЯГОДА И МАНГО","7010","72","5.26",""
"10447","CHERRY MARKET","ЧАЙ ТУАЙНИНГС МЕНТА","7037","72","4.60",""
"10447","CHERRY MARKET","ВЕРАНО АЗУР СОВИНЬОН БЛАН 0,750","7045","75","6.54",""
"10447","CHERRY MARKET","ЧАЙ РОНЕФЕЛД МЕНТА 25БР","7109","72","6.95",""
"10447","CHERRY MARKET","ЛАВАЦА КРЕМА АРОМА  КАФЯВА","7248","70","18.36",""
"10447","CHERRY MARKET","КИНГ ОНИКС БЛУ 100","7475","78","2.61",""
"10447","CHERRY MARKET","ЕЛЕНА КИСЕЛО МЛЯКО 2 %","7650","7","0.92",""
"10447","CHERRY MARKET","ЛАВАЦА ТОП КЛАС 1КГ","7693","71","33.74",""
"10447","CHERRY MARKET","ЕЛЕНА КИСЕЛО МЛЯКО 3.6%","7706","7","0.97",""
"10447","CHERRY MARKET","ЕЛЕНА КРАВЕ СИРЕНЕ ШАЙБИ 400ГР","7751","9","6.13",""
"10447","CHERRY MARKET","ЕЛЕНА КРАВЕ КАШКАВАЛ","7777","11","16.36",""
"10447","CHERRY MARKET","ТАЛИАТЕЛИ РУМО 500ГР","7982","36","3.47",""
"10447","CHERRY MARKET","РУМО ПЕНЕ РИГАТИ 500 ГР","7983","36","3.27",""
"10447","CHERRY MARKET","РУМО СПАГЕТИ №5 500ГР","7984","37","2.76",""
"10447","CHERRY MARKET","ДЕЛ АЛМА ЯБЪЛКОВ ОЦЕТ 700МЛ","7989","45","1.89",""
"10447","CHERRY MARKET","КАПУТО БРАШНО КЛАСИК 1КГ","8004","40","3.01",""
"10447","CHERRY MARKET","ДЕЛ АЛМА ВИНЕН ОЦЕТ 700МЛ","8006","44","1.73",""
"10447","CHERRY MARKET","КРАВЕ МАСЛО МАРКЕНБУТЕР 250 ГР","8083","12","4.49",""
"10447","CHERRY MARKET","ТЮРИНГЕН КРАВЕ МАСЛО 125 ГР","8084","12","1.78",""
"10447","CHERRY MARKET","ТЮРИНГЕН КРАВЕ МАСЛО 250ГР","8085","12","3.57",""
"10447","CHERRY MARKET","ДЕРОНИ ЛЮТЕНИЦА СТАРОСЕЛСКА ФИНОСМЛЯНА 520ГР","8097","49","3.06",""
"10447","CHERRY MARKET","КИНГ ОНИКС Х CUT BLUE","8099","78","2.91",""
"10447","CHERRY MARKET","КОРСЕТ MARINE","8101","78","3.43",""
"10447","CHERRY MARKET","ДЕРОНИ ЛЮТЕНИЦА ТРАДИЦИОННА 520 ГР","8103","49","2.14",""
"10447","CHERRY MARKET","ДЕРОНИ ЛЮТЕНИЦА ФОНОСМЛЯНА 520ГР","8104","49","2.55",""
"10447","CHERRY MARKET","ДЕРОНИ ЛЮТЕНИЦА ГОРНОТРАКИЙСКА .ДОМАШНА ЕДРОСМЛЯНА 520ГР","8105","49","3.06",""
"10447","CHERRY MARKET","ДЕРОНИ ЛЮТЕНИЦА ДОМАШНА ЕДРОСМЛЯНА 520ГР","8106","49","3.57",""
"10447","CHERRY MARKET","ДЕРОНИ ЛЮТЕНИЦА СТАРОСЕЛСКА ЕДРОСМЛЯНА 520ГР","8107","49","4.09",""
"10447","CHERRY MARKET","БОЛЯРКА 2Л","8233","74","1.17",""
"10447","CHERRY MARKET","ПРЕЗИДЕНТ КРАВЕ МАСЛО 250ГР","8295","12","9.71",""
"10447","CHERRY MARKET","ЛЕСИДРЕН КРАВЕ МАСЛО 125ГР","8297","12","2.50",""
"10447","CHERRY MARKET","ОЛИМПУС ИЗВАРА 400ГР","8357","14","2.24",""
"10447","CHERRY MARKET","ОЛИМПУС КРАВЕ МАСЛО 82% 200ГР","8362","12","4.29",""
"10447","CHERRY MARKET","ЕЛЕНА КРАВЕ СИРЕНЕ","8424","9","10.48",""
"10447","CHERRY MARKET","ПАСТИР КРАВЕ СИРЕНЕ 200ГР","8444","9","3.27",""
"10447","CHERRY MARKET","ДИМИТЪР МАДЖАРОВ КРАВЕ СИРЕНЕ 200ГР","8455","9","3.52",""
"10447","CHERRY MARKET","ФЕРМЕР КИСЕЛО МЛЯКО КОЗЕ","8456","7","3.42",""
"10447","CHERRY MARKET","ФЕРМЕР КИСЕЛО МЛЯКО ОВЧЕ","8457","7","3.42",""
"10447","CHERRY MARKET","ФЕРМЕР КИСЕЛО МЛЯКО СМЕС","8458","7","3.42",""
"10447","CHERRY MARKET","ФЕРМЕР КИСЕЛО МЛЯКО БИВОЛСКО","8459","7","3.42",""
"10447","CHERRY MARKET","ХАРМОНИКА КИСЕЛО МЛЯКО 2% 400ГР","8470","7","1.48",""
"10447","CHERRY MARKET","ХАРМОНИКА КИСЕЛО МЛЯКО 3.6% 400ГР","8472","7","1.48",""
"10447","CHERRY MARKET","ХАРМОНИКА КОЗЕ ИЗВАРА 200ГР","8480","14","3.01",""
"10447","CHERRY MARKET","ХАРМОНИКА ОВЧЕ ИЗВАРА 200ГР","8481","14","3.01",""
"10447","CHERRY MARKET","СКУМРИЯ МИЧИК ЗАМРАЗЕНА ЦЯЛА 400-600ГР","8572","29","8.43",""
"10447","CHERRY MARKET","ПЪСТЪРВА ПРЕМИУМ ЗАМРАЗЕНА","8585","29","7.66",""
"10447","CHERRY MARKET","КРОАСАН 7 ДЕЙС  МАКС 92 ГР БРЮЛЕ","8681","67","0.80",""
"10447","CHERRY MARKET","КРОАСАН 7 ДЕЙС  МАКС 92 ГР ЧЕРЕША И ВАНИЛИЯ","8688","67","0.81",""
"10447","CHERRY MARKET","ХАРМАН КАШКАВАЛ КРАВЕ МЛЯКО ГОЛЯМ","8724","11","11.75",""
"10447","CHERRY MARKET","КРИЦИЯ ЯЙЦА 6 БР L","8786","32","1.99",""
"10447","CHERRY MARKET","ДОМАШНО СУХО ДЕЛИКАТЕСЕН САЛАМ","8801","28","24.03",""
"10447","CHERRY MARKET","ДОМАШНО СУХО ШПЕКОВ САЛАМ","8803","28","18.40",""
"10447","CHERRY MARKET","БАНАНИ ЕКВАДОР","8858","52","2.29",""
"10447","CHERRY MARKET","ЛИМОН ТУРЦИЯ","8900","50","2.99",""
"10447","CHERRY MARKET","МОРКОВ БЪЛГАРИЯ","8908","56","1.19",""
"10447","CHERRY MARKET","ПОРТОКАЛ ЕГИПЕТ","8919","51","2.30",""
"10447","CHERRY MARKET","ЯБЪЛКА ЧЕРВЕНА","8945","53","2.30",""
"10447","CHERRY MARKET","ЯБЪЛКА ЖЪЛТА ИТАЛИЯ","8946","53","2.42",""
"10447","CHERRY MARKET","ЯБЪЛКА ШАРЕНА","8948","53","1.90",""
"10447","CHERRY MARKET","Ш-Д РОШЕН ЛАКМИ МЛЕЧЕН 90 ГР","8964","69","1.22",""
"10447","CHERRY MARKET","УС ХЛЯБ БЪЛГАРИЯ СТРАЖИЦА","9042","1","0.97",""
"10447","CHERRY MARKET","ХЛЯБ ДОБРУДЖА СТРАЖИЦА","9048","2","0.92",""
"10447","CHERRY MARKET","ХЛЯБ СТАРА ЗАГОРА СТРАЖИЦА","9049","1","0.86",""
"10447","CHERRY MARKET","ТИПОВ ХЛЯБ СТРАЖИЦА","9050","4","0.81",""
"10447","CHERRY MARKET","РЪЖЕНО ПШЕНИЧЕН ХЛЯБ ЯНА РЕСЕН","9052","3","0.81",""
"10447","CHERRY MARKET","ХЛЯБ БЪЛГАРИЯ НАРЯЗАН 650 ГР. ЯНА РЕСЕН","9055","1","0.97",""
"10447","CHERRY MARKET","ХЛЯБ ДОБРУДЖА ЯНА РЕСЕН","9056","2","0.84",""
"10447","CHERRY MARKET","ТИПОВ ХЛЯБ ЯНА РЕСЕН","9058","4","0.97",""
"10447","CHERRY MARKET","ЗЕЛЕ БЪЛГАРИЯ","9086","57","0.75",""
"10447","CHERRY MARKET","ЧЕРВЕН ЛУК","9094","55","1.58",""
"10447","CHERRY MARKET","ЧЕСЪН БЪЛГАРИЯ","9099","59","5.93",""
"10447","CHERRY MARKET","ЛУК","9103","55","0.89",""
"10447","CHERRY MARKET","ОЛИМПУС КОЗЕ ПРЯСНО МЛЯКО 1Л","9126","6","3.22",""
"10447","CHERRY MARKET","БОЖЕНЦИ КИСЕЛО МЛЯКО 2.2%","9145","7","0.92",""
"10447","CHERRY MARKET","БРИТОС 2Л","9190","74","1.38",""
"10447","CHERRY MARKET","КРАСТАВИЦА ОРАНЖЕРИЙНА","9203","58","4.20",""
"10447","CHERRY MARKET","ХЛЯБ ВИТА СИЛУЕТ РЪЖЕН С ЦЕЛИ ЗЪРНА 400ГР","9391","3","1.99",""
"10447","CHERRY MARKET","ПРЕЗИДЕНТ КРАВЕ СИРЕНЕ КУТИЯ 330ГР","9490","9","7.92",""
"10447","CHERRY MARKET","ПАЛМОЛИВ САПУН МАСЛИНА ЗЕЛЕН","9597","83","0.81",""
"10447","CHERRY MARKET","ПАЛМОЛИВ САПУН СИН БРИЗ","9598","83","0.92",""
"10447","CHERRY MARKET","ПАЛМОЛИВ САПУН БЯЛ С ЛАЙКА","9599","83","0.86",""
"10447","CHERRY MARKET","ПАЛМОЛИВ САПУН БАДЕМ И МЛЯКО","9600","83","0.86",""
"10447","CHERRY MARKET","КРОАСАН IQ КАКАО И ВАФЛ.КРЕМ","9660","67","0.97",""
"10447","CHERRY MARKET","СПЛАТ ПЗ ЗЛАТНИ ЧАСТИЦИ 75МЛ","9857","81","6.13",""
"10447","CHERRY MARKET","СЕЙФГАРД САПУН ЛАЙКА 90ГР","9877","83","0.97",""
"10447","CHERRY MARKET","КРАВЕ СИРЕНЕ С ТРЮФЕЛ","10090","9","37.90",""
"10447","CHERRY MARKET","КОЗЛОВЕЦ КИСЕЛО МЛЯКО 3.6 %","10103","7","0.86",""
"10447","CHERRY MARKET","КОЗЛОВЕЦ КРАВЕ СИРЕНЕ","10107","9","7.97",""
"10447","CHERRY MARKET","КОЗЛОВЕЦ КАШКАВАЛ ОТ КРАВЕ МЛЯКО","10109","11","12.78",""
"10447","CHERRY MARKET","НИВЕЯ КРЕМ САПУН КРИЙМ СОФТ","10110","83","0.81",""
"10447","CHERRY MARKET","НИВЕЯ КРЕМ САПУН КРИЙМ КЕЪР","10111","83","0.81",""
"10447","CHERRY MARKET","КРОАСАН 22 КАРАТА ШОКОЛАД 80ГР","10183","67","0.46",""
"10447","CHERRY MARKET","КРОАСАН 22 КАРАТА КЛАСИК 55ГР","10184","67","0.25",""
"10447","CHERRY MARKET","ТЕРИС МЛЕЧЕН ШОКОЛАД 85ГР","10398","69","0.76",""
"10447","CHERRY MARKET","РОНЕФЕЛД ЧАЙ ШИПКА","10425","72","6.13",""
"10447","CHERRY MARKET","ЧАЙ РОНЕФЕЛД  ЛАЙКА 25БР","10426","72","6.95",""
"10447","CHERRY MARKET","КОЛГЕЙТ ПЗ ИЗБЕЛВАЩА 50МЛ","10495","81","0.97",""
"10447","CHERRY MARKET","КОЛГЕЙТ ПЗ ТРОЙНО ДЕЙСТВИЕ 50МЛ","10496","81","0.97",""
"10447","CHERRY MARKET","КОЛГЕЙТ ПЗ КАРИЕСИ 50МЛ","10497","81","0.97",""
"10447","CHERRY MARKET","КОЛГЕЙТ ЧЕТКА ЗА ЗЪБИ  ПРЕМИУМ MEDIUM","10500","80","0.97",""
"10447","CHERRY MARKET","САПУН ДАВ КРЕМ МЪЖЕ","10615","83","1.17",""
"10447","CHERRY MARKET","ДАВ КРЕМ САПУН ВИДОВЕ","10616","83","1.27",""
"10447","CHERRY MARKET","ДАВ КРЕМ САПУН РОЗОВ","10617","83","1.22",""
"10447","CHERRY MARKET","ДАВ КРЕМ САПУН КРИМ ОЙЛ","10618","83","1.22",""
"10447","CHERRY MARKET","СЕЙФГАРД САПУН 90 ГР АЛОЕ","10620","83","0.81",""
"10447","CHERRY MARKET","СЕЙФГАРД САПУН 90ГР КЛАСИК","10621","83","0.81",""
"10447","CHERRY MARKET","ШД РОШЕН АЕРО БАБЪЛ МЛЕЧЕН","10669","69","1.53",""
"10447","CHERRY MARKET","САПУН ДАВ РЕЛАКС С КОКОС","10792","83","1.22",""
"10447","CHERRY MARKET","САПУН ДАВ КРАСТАВИЦА","10793","83","1.22",""
"10447","CHERRY MARKET","САПУН ДАВ ШИЙ КАФЯВ","10794","83","1.22",""
"10447","CHERRY MARKET","САПУН ДАВ СОФТ ПИЛИНГ","10795","83","1.22",""
"10447","CHERRY MARKET","ПЗ ЛАКАЛУТ ХЕРБАЛ 8 БИЛКИ","10796","81","4.09",""
"10447","CHERRY MARKET","МОКРИ КЪРПИ БЕБО 72БР С КАПАК","10862","84","2.14",""
"10447","CHERRY MARKET","САПУН ПАЛМОЛИВ АЛОЕ И МАСЛИНА","10926","83","0.81",""
"10447","CHERRY MARKET","ПЗ КОЛГЕЙТ ПРОПОЛИС 100МЛ","11105","81","1.53",""
"10447","CHERRY MARKET","КРОАСАН 7 ДЕЙС ЧОКО КАКАО","11119","67","1.12",""
"10447","CHERRY MARKET","ЧАЙ ЛАЙКА, МЕД И ВАНИЛИЯ С КОНЕЦ","11124","72","2.04",""
"10447","CHERRY MARKET","ЧАЙ ЛАЙКА С КОНЕЦ","11125","72","2.04",""
"10447","CHERRY MARKET","ЧАЙ ЛИПА С КОНЕЦ","11126","72","2.04",""
"10447","CHERRY MARKET","ТОАЛ.ХАРТИЯ ПИКМИ 8 БР","11133","85","2.55",""
"10447","CHERRY MARKET","КИСЕЛО МЛЯКО МЕГГЛЕ 3,6%","11253","7","0.71",""
"10447","CHERRY MARKET","МЕГГЛЕ ПРЕМИУМ КРАВЕ МАСЛО  200ГР","11255","12","4.09",""
"10447","CHERRY MARKET","ПРЯСНО МЛЯКО МЕГГЛЕ БЕЗ ЛАКТОЗА 3,5%","11264","6","2.81",""
"10447","CHERRY MARKET","ПЗ ПАРАДОНТ АКТИВ 75МЛ","11297","81","3.22",""
"10447","CHERRY MARKET","ПЗ ПАРАДОНТ АКТИВ ПРЕБИОТИК 75МЛ","11298","81","3.22",""
"10447","CHERRY MARKET","ПЗ ПАРАДОНТ АКТИВ ЧЕРЕН ВЪГЛЕН 75МЛ","11299","81","3.22",""
"10447","CHERRY MARKET","САПУН ЗДРАВЕ БЕБЕ АЛОЕ","11308","83","1.17",""
"10447","CHERRY MARKET","САПУН ЗДРАВЕ БЕБЕ ЛАЙКА И СМРАДЛИКА","11309","83","1.17",""
"10447","CHERRY MARKET","САПУН ЗДРАВЕ БЕБЕ БАДЕМОВО МАСЛО","11310","83","1.17",""
"10447","CHERRY MARKET","САПУН ЧИСТО АКТИВ 100ГР","11323","83","1.07",""
"10447","CHERRY MARKET","ВЕРО ЕХО БЛЕЙЗИ МЕНТА 400МЛ","11450","79","1.53",""
"10447","CHERRY MARKET","ЧАЙ  ЯБЪЛКА И КАНЕЛА С КОНЕЦ","11490","72","2.04",""
"10447","CHERRY MARKET","7 ДЕЙС КРОАСАН ЧОКО ВАНИЛИЯ","11491","67","1.07",""
"10447","CHERRY MARKET","КАФЕ ЛАБРИЯ ВИОЛА 1 КГ ЗЪРНА","11501","71","14.82",""
"10447","CHERRY MARKET","ПЗ БОЧКО 75МЛ РОЗОВА","11525","81","1.25",""
"10447","CHERRY MARKET","ОЛИО ПЕРЛА 1Л","11605","42","2.96",""
"10447","CHERRY MARKET","ПЗ БОЧКО  3 +  75МЛ","11648","81","1.17",""
"10447","CHERRY MARKET","МЕГГЛЕ ПРЯСНО МЛЯКО 3,2%","11728","6","1.48",""
"10447","CHERRY MARKET","ВЕРО ЕХО БЛЕЙЗИ ЛИМОН 400МЛ","11739","79","1.53",""
"10447","CHERRY MARKET","КРАВЕ МАСЛО ЛЕСИДРЕН 250ГР","11829","12","3.22",""
"10447","CHERRY MARKET","ЧАЙ МЕНТА С КОНЕЦ","11860","72","2.04",""
"10447","CHERRY MARKET","ЧАЙ ЯГОДА С КОНЕЦ","11861","72","1.89",""
"10447","CHERRY MARKET","ЧАЙ ГОРСКИ ПЛОДОВЕ С КОНЕЦ","11862","72","2.04",""
"10447","CHERRY MARKET","ОЦЕТ ВЕДА ЯБЪЛКОВ 700МЛ","11879","45","1.17",""
"10447","CHERRY MARKET","ОЛИО БИСЕР 1Л","11897","42","2.40",""
"10447","CHERRY MARKET","САПУН ПАЛМОЛИВ 90ГР АНТИБ.","12013","83","1.07",""
"10447","CHERRY MARKET","ПАСТА МЕЛИСА ПЕС ПАТРУЛ","12057","36","1.89",""
"10447","CHERRY MARKET","БЕЗЛАКТОЗНО КРАВЕ СИРЕНЕ 200ГР","12106","9","5.26",""
"10447","CHERRY MARKET","ПРЯСНО МЛЯКО МЕГЛЕ БАРИСТА 3,5% 1Л","12115","6","2.04",""
"10447","CHERRY MARKET","МОКРИ КЪРПИ УНИ БЕЙБИ 72БР","12216","84","1.17",""
"10447","CHERRY MARKET","МОКРИ КЪРПИ УНИ УНИ БЕЙБИ 100 БР","12217","84","1.32",""
"10447","CHERRY MARKET","САПУН ДАВ СЕНЗИТИВ 90ГР","12261","83","1.22",""
"10447","CHERRY MARKET","КРАВЕ МАСЛО ЕЛЕНА 125ГР","12277","12","1.84",""
"10447","CHERRY MARKET","ПЗ КОЛГЕЙТ ЛИМОН 75МЛ","12476","81","3.06",""
"10447","CHERRY MARKET","КРАВЕ КАШКАВАЛ САКАРЕЛА 200ГР","12546","11","2.96",""
"10447","CHERRY MARKET","ЯЙЦА КРИЦИЯ 30БР ФОЛИО","12629","32","4.95",""
"10447","CHERRY MARKET","ПРИМО ГУСТО ГОЛЕМИ МИДИ 500ГР","12683","36","1.78",""
"10447","CHERRY MARKET","МЛЯНО КАФЕ КИМБО 250ГР","12713","70","3.06",""
"10447","CHERRY MARKET","ТОАЛЕТНА ХАРТИЯ СЕЛПАК 8 БРОЯ","12797","85","4.60",""
"10447","CHERRY MARKET","САПУН ЧИСТО СПОРТ 90ГР","12933","83","1.07",""
"10447","CHERRY MARKET","СКУМРИЯ МИЧИК ФИЛЕ ЗАМРАЗЕНА","12936","29","11.24",""
"10447","CHERRY MARKET","МОЕ ТВОЕ НАШЕ ИЗВАРА ПЛИК 500ГР","12991","14","2.35",""
"10447","CHERRY MARKET","КРОАСАН АНТОНЕЛИ ШОКОЛАД 50ГР","13034","67","0.61",""
"10447","CHERRY MARKET","КРОАСАН АНТОНЕЛИ ЯГОДА 50ГР","13035","67","0.61",""
"10447","CHERRY MARKET","КРОАСАН АНТОНЕЛИ ПИСТАЧИО 50ГР","13036","67","0.61",""
"10447","CHERRY MARKET","СОЛО ТОАЛЕТНА ХАРТИЯ 8 БР","13129","85","2.70",""
"10447","CHERRY MARKET","КРОАСАН 7 ДЕЙС КАКАО 60 ГР","13144","67","0.76",""
"10447","CHERRY MARKET","ПЗ КОЛГЕЙТ ТОТАЛ 7-12Г 50МЛ","13262","81","2.30",""
"10447","CHERRY MARKET","ОТ ЗИМНИКА ГРАХ 400ГР","13307","47","1.53",""
"10447","CHERRY MARKET","ОТ ЗИМНИКА ДОМАТИ БЕЛЕНИ НА КУБЧЕТА 400ГР","13308","48","1.17",""
"10447","CHERRY MARKET","КИСЕЛО МЛЯКО ОЛИМПУС 3,6% БДС","13328","7","0.87",""
"10447","CHERRY MARKET","ВАЛООР МЛЕЧЕН ШОКОЛАД  БЕЗ ЛАКТОЗА 100ГР","13386","69","3.42",""
"10447","CHERRY MARKET","ВАЛОР МЛЕЧЕН ШОКОЛАД БЕЗ ЗАХАР 100ГР","13387","69","3.73",""
"10447","CHERRY MARKET","ВАЛОР МЛЕЧЕН ШОКОЛАД С ЛЕШНИKОВ КРЕМ БЕЗ ЗАХАР 100ГР","13388","69","3.73",""
"10447","CHERRY MARKET","РЪЧЕН ТИПОВ ЯНА РЕСЕН 600ГР","13400","4","1.02",""
"10447","CHERRY MARKET","МОКРИ КЪРПИ ФРЕШ 120БР КАПАК","13467","84","1.27",""
"10447","CHERRY MARKET","МОКРИ КЪРПИ ФРЕШ 72 БРОЯ КАПАК","13560","84","0.76",""
"10447","CHERRY MARKET","ШАМПОАН ГЛИС ЗА НОРМАЛНА КОСА 250МЛ","13628","82","3.01",""
"10447","CHERRY MARKET","КИСЕЛО МЛЯКО ЕЛЕНА 3,3% ПРОБИОТИЧНО","13703","7","1.07",""
"10447","CHERRY MARKET","ПЗ ЛАКАЛУТ МУЛТИ ЕФЕКТ ПЛЮС","13791","81","3.73",""
"10447","CHERRY MARKET","ПЗ СЕНСОДИН 75МЛ ФЛУОРИД","13794","81","3.78",""
"10447","CHERRY MARKET","МОКРИ КЪРПИ ТИТО БЕБЕ 120БР","13828","84","2.04",""
"10447","CHERRY MARKET","ПЗ ЗА ЗЪБИ ПАРОДОНТ АКТИВ ВИДОВЕ","13852","81","3.22",""
"10447","CHERRY MARKET","ВЕРО ФЕРИ ЛАЙКА 400МЛ","13863","79","1.78",""
"10447","CHERRY MARKET","ВЕРО ФЕРИ  ПОРТОКАЛ 400МЛ","13864","79","1.78",""
"10447","CHERRY MARKET","ВЕРО ФЕРИ МЕНТА 400МЛ","13865","79","1.78",""
"10447","CHERRY MARKET","ПЗ КОЛГЕЙТ МАКС ОПТИК ЛАСТИНГ 75МЛ","13866","81","2.76",""
"10447","CHERRY MARKET","ПЗ КОЛГЕЙТ МАКС ОПТИК ИНСТАНТ 75МЛ","13867","81","2.76",""
"10447","CHERRY MARKET","ПЗ КОЛГЕЙТ МАКС ОПТИК СПАРКЛИНГ 75МЛ","13868","81","2.76",""
"10447","CHERRY MARKET","ПЗ КОЛГЕЙТ МАКС ОПТИК СПАРКЛИНГ 75МЛ","13869","81","2.35",""
"10447","CHERRY MARKET","ПЗ ПАРАДОНТАКС ЕКСТРА ФРЕШ","13884","81","2.04",""
"10447","CHERRY MARKET","ПЗ ПАРАДОНТ АКТИВ 1+1","13892","81","7.15",""
"10447","CHERRY MARKET","ВЕРО БИНГО 400МЛ","13893","79","0.81",""
"10447","CHERRY MARKET","ПРЯСНО МЛЯКО МИЛККОМ 3.6% 1Л","13960","6","1.27",""
"10447","CHERRY MARKET","КРАВЕ МАСЛО МЕГГЛЕ 125ГР","14024","12","2.30",""
"10447","CHERRY MARKET","ЧАЙ ЗЕЛЕН С КОНЕЦ","14084","72","2.04",""
"10447","CHERRY MARKET","ЧАЙ ТУАЙНИНГС МАЛИНА И НАР","14085","72","5.26",""
"10447","CHERRY MARKET","ЧАЙ ТУАЙНИНГС ЛИМОН И ДЖИНДЖИФИЛ","14086","72","5.26",""
"10447","CHERRY MARKET","БИОМЕД ЧЕТКА ЗА ЗЪБИ MEDIUM","14251","80","3.98",""
"10447","CHERRY MARKET","НАН 2 НЕСТЛЕ OPTIPRO СЛЕД 6-ТИЯ МЕСЕЦ 400ГР","14390","65","14.31",""
"10447","CHERRY MARKET","ПАЛМОЛИВ САПУН РОЗОВ ЦВЯТ","14396","83","1.07",""
"10447","CHERRY MARKET","САПУН ПАЛМОЛИВ ГРЕЙПФРУТ 90ГР","14432","83","0.92",""
"10447","CHERRY MARKET","САПУН ПАЛМОЛИВ ХЕРБАЛ","14433","83","0.81",""
"10447","CHERRY MARKET","САПУН ПАЛМОЛИВ МАСЛИНА 90ГР","14434","83","0.92",""
"10447","CHERRY MARKET","САПУН ПАЛМОЛИВ ЛАЙКА 90ГР","14435","83","0.92",""
"10447","CHERRY MARKET","МЕРИЛИН CRYSTAL PINK","14464","78","3.17",""
"10447","CHERRY MARKET","МЕРИЛИН CRYSTAL BLUE","14465","78","3.17",""
"10447","CHERRY MARKET","КРАВЕ МАСЛО САКАРЕЛА 125ГР","14482","12","2.35",""
"10447","CHERRY MARKET","ПЗ КОЛГЕЙТ МАКС WHITE CLAY MINERALS 75МЛ","14534","81","3.06",""
"10447","CHERRY MARKET","ПЗ КОЛГЕЙТ МАСК WHITE PURPLE REVEAL 75МЛ","14536","81","3.47",""
"10447","CHERRY MARKET","ЛАВАЦА БЕЗ КОФЕИН МЕТ.КУТИЯ 250ГР","14545","70","7.15",""
"10447","CHERRY MARKET","КРИЦИЯ ЯЙЦА  М 10БРОЯ","14586","31","2.76",""
"10447","CHERRY MARKET","КРИЦИЯ ЯЙЦА М 6  БРОЯ","14587","31","1.48",""
"10447","CHERRY MARKET","ПЗ СЕНСОДИН ВЪЗСТАН.ДЕЙСТВИЕ","14666","81","5.11",""
"10447","CHERRY MARKET","ПЗ ПАРОДОНТ АКТИВ ФРЕШ 75МЛ","14671","81","3.22",""
"10447","CHERRY MARKET","ПЗ АСТЕРА МИКРОГРАНУЛИ КАРБОН 75МЛ","14673","81","1.63",""
"10447","CHERRY MARKET","ПЗ АСТЕРА  НАТУРАЛ ЧАЕНО ДЪРВО И МЕНТА 75МЛ","14676","81","1.53",""
"10447","CHERRY MARKET","7 ДЕЙС КРОАСАН ВАНИЛИЯ+КАКАО 110ГР","14683","67","1.07",""
"10447","CHERRY MARKET","ЗЕХТИН АЛЕКСАНДЪР 1Л","14746","43","9.71",""
"10447","CHERRY MARKET","ПЗ ЛАКАЛУТ ДЕТСКА 0-2 55МЛ","14856","81","3.83",""
"10447","CHERRY MARKET","ПЗ ЛАКАЛУТ ДЕТСКА 2-6 55МЛ","14857","81","3.83",""
"10447","CHERRY MARKET","ПЗ ЛАКАЛУТ ДЕТСКА 6+ 55МЛ","14858","81","3.83",""
"10447","CHERRY MARKET","СВОГЕ ШОКОЛАД АЕРИРАН МЛЕЧЕН 80ГР","14945","69","0.92",""
"10447","CHERRY MARKET","ХАДЖИЙСКИ КАШКАВАЛ ОТ КРАВЕ МЛЯКО 300ГР","14949","11","5.72",""
"10447","CHERRY MARKET","КРОАСАН СЕВЪН ДЕЙС КАКАО 110 ГР","14976","67","1.17",""
"10447","CHERRY MARKET","ЧАЙ РОНЕФЕЛД WINTER DREEM","15109","72","6.90",""
"10447","CHERRY MARKET","ЧАЙ РОНЕФЕЛД АНГЛИЙСКА ЗАКУСКА","15110","72","6.80",""
"10447","CHERRY MARKET","ЧАЙ РОНЕФЕЛД РОЙБОС ВАНИЛИЯ 25БР","15111","72","7.15",""
"10447","CHERRY MARKET","ЧАЙ РОНЕФЕЛД ПЛАНИНИСКИ БИЛКИ 25БР","15112","72","6.90",""
"10447","CHERRY MARKET","ЧАЙ ЧАКРА СВАДХИШАНА ПОЛОВА СИСТЕМА","15120","72","3.88",""
"10447","CHERRY MARKET","ЧАЙ ФИТОЛЕК УРО","15121","72","2.04",""
"10447","CHERRY MARKET","ШОКОЛАД ВАВЕЛ  МЛЕЧЕН БЕЗ ЗАХАР","15160","69","3.73",""
"10447","CHERRY MARKET","ПРИМО ГУСТО АМАРОЗО СПИРАЛКИ 500ГР","15161","36","1.73",""
"10447","CHERRY MARKET","КРОАСАН 7 ДЕЙС СУПЕР ВИШНА+ ВАНИРИЯ 110 ГР","15162","67","1.17",""
"10447","CHERRY MARKET","ВЕРЕЯ КРАВЕ МАСЛО 125ГР","15195","12","2.76",""
"10447","CHERRY MARKET","ШПЕК БОЛЯРСКИ 310ГР","15350","28","5.06",""
"10447","CHERRY MARKET","ХЛЯБ РЪЖЕНО ПШЕНИЧЕН ПЪЛНОЗЪРНЕСТ 550ГР","15366","3","1.38",""
"10447","CHERRY MARKET","КРОАСАН 7 ДЕЙС МИНИ МИЛФЕЙ 60ГР","15405","67","0.97",""
"10447","CHERRY MARKET","КРОАСАН 7ДЕЙС ШОКО ДРОПС 70ГР","15406","67","0.84",""
"10447","CHERRY MARKET","КРОАСАН 7 ДЕЙС КАЙСИЯ 60ГР","15407","67","0.71",""
"10447","CHERRY MARKET","РАЛИЦА КРАВЕ СИРЕНЕ 400ГР","15422","9","5.36",""
"10447","CHERRY MARKET","ЛАВАЦА АМОДО МИО ИНТЕНЗО","15545","70","6.64",""
"10447","CHERRY MARKET","ПРЯСНО МЛЯКО КОЗЕ КОЗАРЕВ 1Л","15587","6","3.73",""
"10447","CHERRY MARKET","ШД МИЛКА МЛЕЧЕН ЛЕШНИК 100ГР","15642","69","1.63",""
"10447","CHERRY MARKET","РАЛИЦА КРАВЕ СИРЕНЕ КУТИЯ 900ГР","15650","9","9.71",""
"10447","CHERRY MARKET","ЧЗ ТРИСА МЕДИУМ","15706","80","1.43",""
"10447","CHERRY MARKET","МОКРИ КЪРПИ ЕВЕНТ БЕБЕ ЛАЙКА","15734","84","0.66",""
"10447","CHERRY MARKET","КИСЕЛО МЛЯКО МЕГГЛЕ 2%","15812","7","0.66",""
"10447","CHERRY MARKET","ВЕРЕЯ КРАВЕ СИРЕНЕ 400ГР","15857","9","5.47",""
"10447","CHERRY MARKET","КРОАСАН 7 ДЕЙС МАКС 92 ГР КАКАО","15870","67","0.81",""
"10447","CHERRY MARKET","КРОАСАН 7 ДЕЙС ЯГОДА + ВАНИЛИЯ 92ГР","15871","67","0.81",""
"10447","CHERRY MARKET","КРОАСАН 7 ДЕЙС КАКАО 60ГР","15872","67","0.86",""
"10447","CHERRY MARKET","КРОАСАН 7 ДЕЙС КАКАО + ВАНИЛИЯ 92ГР","15873","67","0.81",""
"10447","CHERRY MARKET","КРОАСАН 7 ДЕЙС ВАНИЛИЯ + БИСКВИТА 92 ГР","15874","67","0.81",""
"10447","CHERRY MARKET","КРОАСАН 7 ДЕЙС  МАКС 92 ГР ЛЕШНИК","16021","67","0.80",""
"10447","CHERRY MARKET","ДОМАТ РОЗОВ","16093","54","4.59",""
"10447","CHERRY MARKET","СУХ ШПЕК САНДВИЧ ПЕРЕЛИК 0.300 ГР","16155","28","3.93",""
"10447","CHERRY MARKET","ОЛИО БРАМА 1 Л.","16190","42","2.19",""
"10447","CHERRY MARKET","ЛАВАЦА АМОДО МИО РОСА","16209","70","6.64",""
"10447","CHERRY MARKET","БИО КРАВЕ СИРЕНЕ РЪЧЕНИЦА СПЕКТ","16244","9","13.80",""
"10447","CHERRY MARKET","ОТ ДОЛАПА ШПЕК ПО БОЛЯРСКИ","16246","28","20.70",""
"10447","CHERRY MARKET","КАФЕ ГАЛА УИНЕР ЕКСТРА 250 ГР.","16428","70","3.57",""
"10447","CHERRY MARKET","КРАВЕ КАШКАВАЛ ВЕРЕЯ 200ГР","16539","11","4.14",""
"10447","CHERRY MARKET","КРАВЕ СИРЕНЕ ВЕРЕЯ 400 ГР. PVC КУТИЯ","16540","9","6.13",""
"10447","CHERRY MARKET","МОКРИ КЪРПИ GARCON 130 БР","16561","84","1.22",""
"10447","CHERRY MARKET","КИСЕЛО МЛЯКО ВЕРЕЯ 2 %","16601","7","0.76",""
"10447","CHERRY MARKET","КРАВЕ СИРЕНЕ КУТИЯ ЛЕСИДРЕН 900 ГР","16603","9","8.38",""
"10447","CHERRY MARKET","КРАВЕ СИРЕНЕ ВЕРЕЯ 200 ГР","16654","9","3.37",""
"10447","CHERRY MARKET","ЧАЙ ТУАЙНИНГС РОЙБОС, ЯГОДА И ВАНИЛИЯ","16915","72","5.11",""
"10447","CHERRY MARKET","ЧАЙ ТУАЙНИНГС ПОРТОКАЛ, МАНГО И КАНЕЛА","16916","72","5.26",""
"10447","CHERRY MARKET","ЧАЙ РОНЕФЕЛД ЗЕЛЕН АНГЕЛ","16917","72","6.95",""
"10447","CHERRY MARKET","ЧАЙ ЧАКРА МАНИПУРА","16918","72","3.83",""
"10447","CHERRY MARKET","ВЕРЕЯ ЧУДНО КИСЕЛО МЛЯКО 2.5%","16933","7","0.92",""
"10447","CHERRY MARKET","СЕНСОДИН ПЗ CLINICAL REPAIR ACTIVE CLEAN 75 МЛ","16955","81","6.90",""
"10447","CHERRY MARKET","ШЕФ СУШЕНИ ДОМАТИ БУРКАН 535 ГР","16962","48","6.44",""
"10447","CHERRY MARKET","САКАРЕЛА ПРОТЕИНОВ КАШКАВАЛ ОТ КРАВЕ МЛЯКО 0.200 ГР","17166","11","3.47",""
"10447","CHERRY MARKET","МОКРИ КЪРПИ ПИКМИ С КАПАК 120 БР","17295","84","1.53",""
"10447","CHERRY MARKET","ПЗ КОЛГЕЙТ ТРОЙНО ДЕЙСТВИЕ 50 МЛ","17304","81","1.32",""
"10447","CHERRY MARKET","ОТ ДОЛАПА ЕДРОСМЛЯНА ЛЮТЕНИЦА 560 ГР","17361","49","4.24",""
"10447","CHERRY MARKET","ЕМЕКА ТОАЛЕТНА ХАРТИЯ ПЛАНИНСКА СВЕЖЕСТ 8 БР","17407","85","3.06",""
"10447","CHERRY MARKET","ЕМЕКА ТОАЛЕТНА ХАРТИЯ РАЙ 8 БР","17408","85","3.06",""
"10447","CHERRY MARKET","ЕМЕКА ТОАЛЕТНА ХАРТИЯ БЯЛА 8 БР","17409","85","3.06",""
"10447","CHERRY MARKET","ПАЛМОЛИВ САПУН МЕД И МЛЯКО ЖЪЛТ","17410","83","0.86",""
"10447","CHERRY MARKET","ДИЛМА ЦЕЙЛОНСКИ ЗЕЛЕН ЧАЙ С ДЖИНДЖИФИЛ","17458","72","3.57",""
"10447","CHERRY MARKET","ДИЛМА АЮРВЕДА ЧАЙ ДЕТОКС","17459","72","4.09",""
"10447","CHERRY MARKET","ДИЛМА ПРЕМИУМ ЦЕЙЛОНСКИ ЧАЙ","17460","72","2.65",""
"10447","CHERRY MARKET","ДИЛМА ЦЕЙЛОНСКИ ЗЕЛЕН ЧАЙ С ЖАСМИН","17461","72","3.57",""
"10447","CHERRY MARKET","ДИЛМА АЮРВЕДА ЧАЙ ДАЙДЖЕСТИВ","17462","72","3.98",""
"10447","CHERRY MARKET","ДИЛМА ЧАЙ ЗА СЪН","17463","72","4.09",""
"10447","CHERRY MARKET","АЕ ЕЙНДЖЪЛ СИРА 0.750","17622","76","6.64",""
"10447","CHERRY MARKET","ОЛИО КРИЦИЯ 1 Л","17700","42","2.19",""
"10447","CHERRY MARKET","КАРТОФ МИТ ФРАНЦИЯ","17763","61","1.27",""
"10447","CHERRY MARKET","КРОАСАН 7 ДЕЙС 60 ГР. ШАМПАНСКО","17976","67","0.76",""
"10447","CHERRY MARKET","ХЛЯБ РЪЧЕН ТИПОВ ХЛЯБ 650 ГР СТРАЖИЦА","17982","4","0.86",""
"10447","CHERRY MARKET","КРОАСАН МИЛКА ШОКОЛАД","18225","67","1.02",""
"10447","CHERRY MARKET","КРОАСАН МИЛКА ВАНИЛИЯ","18226","67","1.02",""
"10447","CHERRY MARKET","САПУН ТЕО БЕБЕ АЛОЕ","18257","83","0.81",""
"10447","CHERRY MARKET","СЕЛПАК ТОАЛЕТНА ХАРТИЯ ПУДРА ТРИПЛАСТОВА 8 БР","18286","85","4.39",""
"10447","CHERRY MARKET","ОТ ДОЛАПА ТЕЛЕШКИ ШПЕК","18318","28","23.00",""
"10447","CHERRY MARKET","ПАСТА МЕЛИСА ДЕТСКА МИНЬОНИ 400 ГР","18500","36","1.79",""
"10447","CHERRY MARKET","КИНГ CENTRIO DENIM BLUE 100","18546","78","3.17",""
"10447","CHERRY MARKET","САПУН ЧИСТО ФРЕШ 90 ГР","18571","83","1.07",""
"10447","CHERRY MARKET","САПУН ЧИСТО АКТИВЕН ВЪГЛЕН 90 ГР","18572","83","1.07",""
"10447","CHERRY MARKET","ЯЙЦА КРИЦИЯ L БЕЛИ 30 БР","18795","32","8.53",""
"10447","CHERRY MARKET","САПУН ТЕО БЕБЕ БАДЕМ","18798","83","0.81",""
"10447","CHERRY MARKET","САПУН ТЕО БЕБЕ ЛАВАНДУЛА","18799","83","0.81",""
"10447","CHERRY MARKET","ФЕРМА ГЕОРГИЕВ КРАВЕ КРЕМА СИРЕНЕ С ТРЮФЕЛ 100 ГР","18801","9","4.44",""
"10447","CHERRY MARKET","АЕ ЕЙНДЖЪЛ МИСКЕТ 0.750","18935","76","6.64",""
"10447","CHERRY MARKET","АЕ ЕЙНДЖЪЛС ПИНО ГРИДЖО","18936","75","6.64",""
"10447","CHERRY MARKET","ЯЙЦА ФЕРМЕРСКИ КРЪШНО СЕЛО 10 БР","18941","32","3.57",""
"10447","CHERRY MARKET","КРОАСАН 7 ДЕЙС ДАБЪЛ КОКОС + КАКАО 80 ГР","18953","67","0.81",""
"10447","CHERRY MARKET","КРОАСАН 7 ДЕЙС ДАБЪЛ ФЪСТЪК + КАКАО 80 ГР","18954","67","0.81",""
"10447","CHERRY MARKET","КРОАСАН 7 ДЕЙС ДАБЪЛ ГОРСКИ ПЛОДОВЕ 80 ГР","18955","67","0.81",""
"10447","CHERRY MARKET","ЛАВАЦА СУЕРТЕ ЗЪРНА 1 КГ","18961","71","19.94",""
"10447","CHERRY MARKET","ЦАРЕВГРАД ПУШЕН КРАВЕ КАШКАВАЛ 200 ГР","19014","11","4.24",""
"10447","CHERRY MARKET","АЕ ЕЙНДЖЪЛ ТАМЯНКА","19096","75","6.90",""
"10447","CHERRY MARKET","ОТ ДОЛАПА ПУШЕН КАШКАВАЛ ОТ КРАВЕ МЛЯКО","19203","11","23.00",""
"10447","CHERRY MARKET","ВЕРЕЯ КРАВЕ СИРЕНЕ  PVC КУТИЯ 900 ГР","19218","9","12.57",""
"10447","CHERRY MARKET","ПРИМО ГУСТО РИГАТОНИ 500 ГР","19270","36","1.78",""
"10447","CHERRY MARKET","ЧОБАНЧЕ ОВЧЕ КИСЕЛО МЛЯКО 500 ГР","19290","7","2.86",""
"10447","CHERRY MARKET","КРОАСАН 7 ДЕЙС ЯГОДА 60 ГР","19341","67","0.76",""
"10447","CHERRY MARKET","КРОАСАН 7 ДЕЙС ЧЕРЕША 60 ГР","19342","67","0.71",""
"10447","CHERRY MARKET","ЦАР ХЛЯБ ТИПОВ ХЛЯБ СЪС СЕМЕНА 450 ГР","19403","4","1.94",""
"10447","CHERRY MARKET","ЧОБАНЧЕ КОЗЕ КИСЕЛО МЛЯКО 500 ГР","19427","7","2.40",""
"10447","CHERRY MARKET","ЧОБАНЧЕ КРАВЕ КИСЕЛО МЛЯКО 500 ГР","19485","7","1.78",""
"10447","CHERRY MARKET","СТЕЛЛА ЛИНГУИНИ 500 ГР","19486","36","1.63",""
"10447","CHERRY MARKET","ЧАЙ ЛИМОН И ДЖИНДЖИФИЛ С КОНЕЦ","19520","72","2.04",""
"10447","CHERRY MARKET","ЦАР ХЛЯБ ТИПОВ ХЛЯБ 45 ГР","19532","4","0.97",""
"10447","CHERRY MARKET","ЛАВА БЕЪР ШОКОЛАД МЛЕЧЕН 100 ГР","19625","69","2.81",""
"10447","CHERRY MARKET","КЛЕМЕНТИНА КРАВЕ СИРЕНЕ","19631","9","8.69",""
"10447","CHERRY MARKET","КЛЕМЕНТИНА КАШКАВАЛ ОТ КРАВЕ МЛЯКО","19642","11","14.06",""
"10447","CHERRY MARKET","ГРЕЕТА КРАВЕ СИРЕНЕ КУТИЯ 800 ГР","19672","9","11.75",""
"10447","CHERRY MARKET","ЧИБО ГОЛД МЛЯНО КАФЕ 250 ГР","19729","70","5.01",""
"10447","CHERRY MARKET","КРОАСАН ДОЛЧЕ ФИОРЕ С КАКАО И ЛЕШНИЦИ","19798","67","0.56",""
"10447","CHERRY MARKET","КРОАСАН ДОЛЧЕ ФИОРЕ ЛЕШНИК И ВАНИЛИЯ","19799","67","0.56",""
"10447","CHERRY MARKET","КРОАСАН ДОЛЧЕ ФИОРЕ КРЕМ БРЮЛЕ","19800","67","0.56",""
"10447","CHERRY MARKET","КРОАСАН ДОЛЧЕ ФИОРЕ ВИШНА И ВАНИЛИЯ","19802","67","0.56",""
"10447","CHERRY MARKET","ОЛИМПУС КРАВЕ СИРЕНЕ ВАКУУМ 400 ГР","19855","9","5.47",""
"10447","CHERRY MARKET","ШОКОЛАД МАША МЛЕЧЕН 100 ГР","19973","69","3.32",""
"10447","CHERRY MARKET","ЧИФЛИК КРЪСТОВА ГОРА КРАВЕ МАСЛО","19990","12","19.42",""
"10447","CHERRY MARKET","МЕЛИСА ПАСТА БЛУИ 400 ГР","20055","36","1.89",""
"10447","CHERRY MARKET","ЧЗ ТРИСА ЗА ПУШАЧИ МЕДИУМ","20091","80","3.22",""
"10447","CHERRY MARKET","ЛОЙД ЗЕЛЕН ЧАЙ ЛИМОН, МЕД И ДЖИНДЖИФИЛ","20108","72","2.30",""
"10447","CHERRY MARKET","ЛОЙД ЗЕЛЕН ЧАЙ С МЕНТА","20109","72","2.30",""
"10447","CHERRY MARKET","ЛОЙД ЧАЙ КЪПИНА И БОРОВИНКА","20110","72","2.30",""
"10447","CHERRY MARKET","ЛОЙД ЧАЙ ЛАЙКА","20111","72","2.30",""
"10447","CHERRY MARKET","ЛОЙД ЧАЙ МАЛИНА И ЛИМОН","20112","72","2.30",""
"10447","CHERRY MARKET","ЛОЙД ЧАЙ МЕНТА","20113","72","2.30",""
"10447","CHERRY MARKET","ЛОЙД ЧАЙ ГОРСКИ ПЛОДОВЕ","20114","72","2.30",""
"10447","CHERRY MARKET","ЛОЙД ЧАЙ ЧЕРВЕНА БОРОВИНКА И ДЖИНДЖИФИЛ","20115","72","2.30",""
"10447","CHERRY MARKET","ЛОЙД ЧАЙ ЧЕРЕН С ЛИМОН","20116","72","2.30",""
