"Населено място","Търговски обект","Наименование на продукта","Код на продукта","Категория","Цена на дребно","Цена в промоция"
"00182","СУПЕРМАРКЕТ СИДИ - УЛ. ПЕТРОВА НИВА 5А","= КОРИ БЕЛЛА 400ГР ТОЧЕНИ","001027","5","1.84","1.43"
"00182","СУПЕРМАРКЕТ СИДИ - УЛ. ПЕТРОВА НИВА 5А","= КОРИ ФАМИЛИЯ 500ГР ТОЧЕНИ","001028","5","2.12",""
"00182","СУПЕРМАРКЕТ СИДИ - УЛ. ПЕТРОВА НИВА 5А","= ХЛЯБ СЛАДКАР 600ГР СЕЛСКИ ТИПОВ С КВАС","001087","4","1.02",""
"00182","СУПЕРМАРКЕТ СИДИ - УЛ. ПЕТРОВА НИВА 5А","= БАНИЧКИ БЕЛЛА 8*60ГР ТОЧЕНИ КОРИ СИРЕНЕ","001148","68","2.04",""
"00182","СУПЕРМАРКЕТ СИДИ - УЛ. ПЕТРОВА НИВА 5А","= БАНИЧКИ ФАМИЛИЯ 1КГ ТОЧЕНИ КОРИ МИНИ СЪС СИРЕНЕ","001208","68","3.57",""
"00182","СУПЕРМАРКЕТ СИДИ - УЛ. ПЕТРОВА НИВА 5А","= КОРИ ТРАКИЙСКИ 400ГР ТОЧЕНИ","001310","5","1.53",""
"00182","СУПЕРМАРКЕТ СИДИ - УЛ. ПЕТРОВА НИВА 5А","= ХЛЯБ САМУНЪ 500ГР С КВАС","001370","1","1.17",""
"00182","СУПЕРМАРКЕТ СИДИ - УЛ. ПЕТРОВА НИВА 5А","= ХЛЯБ САВИМЕКС 500ГР ЗЛ ДОБРУДЖА ТОСТЕР РЪЖЕН","001411","3","1.17",""
"00182","СУПЕРМАРКЕТ СИДИ - УЛ. ПЕТРОВА НИВА 5А","= ХЛЯБ ДЕМЕА 650ГР БЯЛ ПАКЕТИРАН","001413","1","0.95",""
"00182","СУПЕРМАРКЕТ СИДИ - УЛ. ПЕТРОВА НИВА 5А","= ХЛЯБ ДЕМЕА 650ГР ТИПОВ УС","001415","4","0.95",""
"00182","СУПЕРМАРКЕТ СИДИ - УЛ. ПЕТРОВА НИВА 5А","= ХЛЯБ САВИМЕКС 500ГР ЗЛ ДОБРУДЖА ТОСТЕР ПШ БЯЛ","001512","1","1.17",""
"00182","СУПЕРМАРКЕТ СИДИ - УЛ. ПЕТРОВА НИВА 5А","= ХЛЯБ СЛАДКАР 600ГР СЕЛСКИ БЯЛ С КВАС","001780","1","1.02",""
"00182","СУПЕРМАРКЕТ СИДИ - УЛ. ПЕТРОВА НИВА 5А","= БАНИЦА БОЛЯРСКА БАНИЦА 195ГР ТРИЪГЪЛНА","001836","68","1.43",""
"00182","СУПЕРМАРКЕТ СИДИ - УЛ. ПЕТРОВА НИВА 5А","= БАНИЦА БОЛЯРСКА БАНИЦА 195ГР ДЪЛГА","001851","68","1.43",""
"00182","СУПЕРМАРКЕТ СИДИ - УЛ. ПЕТРОВА НИВА 5А","= ЧЕСЪН","002004","59","4.55",""
"00182","СУПЕРМАРКЕТ СИДИ - УЛ. ПЕТРОВА НИВА 5А","= МОРКОВИ","002008","56","0.81",""
"00182","СУПЕРМАРКЕТ СИДИ - УЛ. ПЕТРОВА НИВА 5А","= КРАСТАВИЦИ","002011","58","4.14",""
"00182","СУПЕРМАРКЕТ СИДИ - УЛ. ПЕТРОВА НИВА 5А","= БАНАНИ","002017","52","2.02",""
"00182","СУПЕРМАРКЕТ СИДИ - УЛ. ПЕТРОВА НИВА 5А","= ЛИМОНИ","002018","50","2.41",""
"00182","СУПЕРМАРКЕТ СИДИ - УЛ. ПЕТРОВА НИВА 5А","= КАРТОФИ","002036","61","0.77",""
"00182","СУПЕРМАРКЕТ СИДИ - УЛ. ПЕТРОВА НИВА 5А","= ЗЕЛЕ","002046","57","0.86",""
"00182","СУПЕРМАРКЕТ СИДИ - УЛ. ПЕТРОВА НИВА 5А","= МАСЛИНИ УСЛУ 290/320","002060","62","3.95",""
"00182","СУПЕРМАРКЕТ СИДИ - УЛ. ПЕТРОВА НИВА 5А","= МАСЛИНИ УСЛУ 261/290","002067","62","4.40",""
"00182","СУПЕРМАРКЕТ СИДИ - УЛ. ПЕТРОВА НИВА 5А","= МАСЛИНИ БЕРНАЛ ЗЕЛЕНИ С ЛИМОН 4,15КГ/2,2КГ","002069","62","10.48",""
"00182","СУПЕРМАРКЕТ СИДИ - УЛ. ПЕТРОВА НИВА 5А","= ДОМАТИ","002097","54","2.86",""
"00182","СУПЕРМАРКЕТ СИДИ - УЛ. ПЕТРОВА НИВА 5А","= ЛУК КАБА","002109","55","0.76",""
"00182","СУПЕРМАРКЕТ СИДИ - УЛ. ПЕТРОВА НИВА 5А","= ПОРТОКАЛ","002126","51","1.55",""
"00182","СУПЕРМАРКЕТ СИДИ - УЛ. ПЕТРОВА НИВА 5А","= КАРТОФИ МИТИ","002128","61","0.96",""
"00182","СУПЕРМАРКЕТ СИДИ - УЛ. ПЕТРОВА НИВА 5А","= ЯБЪЛКИ ЖЪЛТИ","002136","53","1.86",""
"00182","СУПЕРМАРКЕТ СИДИ - УЛ. ПЕТРОВА НИВА 5А","= ЯБЪЛКИ ЗЕЛЕНИ","002137","53","1.45",""
"00182","СУПЕРМАРКЕТ СИДИ - УЛ. ПЕТРОВА НИВА 5А","= ГЪБИ 1КГ","002138","60","3.99",""
"00182","СУПЕРМАРКЕТ СИДИ - УЛ. ПЕТРОВА НИВА 5А","= МАСЛИНИ ЧЕРНИ 141/160 ДЖАЙАНТС БЕЗ КОСТИЛКА","002144","62","5.36",""
"00182","СУПЕРМАРКЕТ СИДИ - УЛ. ПЕТРОВА НИВА 5А","= МАСЛИНИ КАЛАМАТА 181/200","002154","62","6.28",""
"00182","СУПЕРМАРКЕТ СИДИ - УЛ. ПЕТРОВА НИВА 5А","= МАСЛИНИ ЧЕРНИ БЕЗ КОСТИЛКА","002189","62","5.93",""
"00182","СУПЕРМАРКЕТ СИДИ - УЛ. ПЕТРОВА НИВА 5А","= МАСЛИНИ МАМУТ 71/90","002192","62","6.47",""
"00182","СУПЕРМАРКЕТ СИДИ - УЛ. ПЕТРОВА НИВА 5А","= ГЪБИ КЛАДНИЦА","002264","60","7.44",""
"00182","СУПЕРМАРКЕТ СИДИ - УЛ. ПЕТРОВА НИВА 5А","= МАСЛИНИ КАЛАМАТА В МАРИНАТА С ЦВЕКЛО","002276","62","4.19",""
"00182","СУПЕРМАРКЕТ СИДИ - УЛ. ПЕТРОВА НИВА 5А","= МАСЛИНИ ЗЕЛЕНИ БЕЗ КОСТИЛКА С БИЛКИ","002277","62","5.87",""
"00182","СУПЕРМАРКЕТ СИДИ - УЛ. ПЕТРОВА НИВА 5А","= ЯБЪЛКИ ЧЕРВЕНИ","002289","53","1.58",""
"00182","СУПЕРМАРКЕТ СИДИ - УЛ. ПЕТРОВА НИВА 5А","= ДОМАТИ РОЗОВИ","002303","54","2.80",""
"00182","СУПЕРМАРКЕТ СИДИ - УЛ. ПЕТРОВА НИВА 5А","= МАСЛИНИ ЕМЕС ЧЕРНИ В ЗЕХТИН 270/320","002309","62","5.11",""
"00182","СУПЕРМАРКЕТ СИДИ - УЛ. ПЕТРОВА НИВА 5А","= МАСЛИНИ ЕМЕС 230/270 ЧЕРНИ В ЗЕХТИН","002358","62","5.41",""
"00182","СУПЕРМАРКЕТ СИДИ - УЛ. ПЕТРОВА НИВА 5А","= ГЪБИ ПЕЧУРКА КРАЛСКА","002368","60","4.55",""
"00182","СУПЕРМАРКЕТ СИДИ - УЛ. ПЕТРОВА НИВА 5А","= МАСЛИНИ НАТУРАЛНИ ЧЕРНИ","002502","62","5.06",""
"00182","СУПЕРМАРКЕТ СИДИ - УЛ. ПЕТРОВА НИВА 5А","= ШУНКА МАЕСТРО СОЛАРИС ПУШЕНА","004039","27","7.26",""
"00182","СУПЕРМАРКЕТ СИДИ - УЛ. ПЕТРОВА НИВА 5А","= ШПЕК ЕКО МЕС РОДОПА ПАЗАРДЖИК ГАСТРО ВАКУУМ","004044","28","12.83",""
"00182","СУПЕРМАРКЕТ СИДИ - УЛ. ПЕТРОВА НИВА 5А","= КАШКАВАЛ КРАВЕ РОДОПА МИЛК РЪЧЕН ПРЕСЕН ТОПКА","004086","10","14.31",""
"00182","СУПЕРМАРКЕТ СИДИ - УЛ. ПЕТРОВА НИВА 5А","= МАКЕДОНСКА НАДЕНИЦА ЛЕКИ НЕВАКУУМ","004135","27","7.52",""
"00182","СУПЕРМАРКЕТ СИДИ - УЛ. ПЕТРОВА НИВА 5А","= КРЕНВИРШИ ЛЕКИ","004157","26","6.72",""
"00182","СУПЕРМАРКЕТ СИДИ - УЛ. ПЕТРОВА НИВА 5А","= СИРЕНЕ КРАВЕ ЕЛЕНА ЛИТОГРАФИЯ","004175","8","8.64","8.19"
"00182","СУПЕРМАРКЕТ СИДИ - УЛ. ПЕТРОВА НИВА 5А","= ШУНКА НАРОДЕН 300ГР","004179","27","2.22",""
"00182","СУПЕРМАРКЕТ СИДИ - УЛ. ПЕТРОВА НИВА 5А","= КАШКАВАЛ КРАВЕ РАВНОГОР ПОЛОВИНКА 4,5КГ","004226","10","10.89",""
"00182","СУПЕРМАРКЕТ СИДИ - УЛ. ПЕТРОВА НИВА 5А","= ШУНКА М.ЦВЕТКО ОТ СВИНСКИ БУТ","004240","27","7.66",""
"00182","СУПЕРМАРКЕТ СИДИ - УЛ. ПЕТРОВА НИВА 5А","= СИРЕНЕ КРАВЕ ДОБРОТИЦА 400ГР БЕЗ ЛАКТОЗА","004299","9","6.64",""
"00182","СУПЕРМАРКЕТ СИДИ - УЛ. ПЕТРОВА НИВА 5А","= ШПЕК ОРЕХИТЕ 230ГР ВАКУУМ","004377","28","3.98",""
"00182","СУПЕРМАРКЕТ СИДИ - УЛ. ПЕТРОВА НИВА 5А","= САЛАМ КАЙЛЪКА ЖЪТВАРСКИ","004439","27","7.15",""
"00182","СУПЕРМАРКЕТ СИДИ - УЛ. ПЕТРОВА НИВА 5А","= ШПЕК ЕЛКО МЕС МОСКОВСКИ","004463","28","11.22",""
"00182","СУПЕРМАРКЕТ СИДИ - УЛ. ПЕТРОВА НИВА 5А","= ШУНКА НИКАС 330ГР СВИНСКА","004467","27","1.14",""
"00182","СУПЕРМАРКЕТ СИДИ - УЛ. ПЕТРОВА НИВА 5А","= СИРЕНЕ КРАВЕ ДОБРОТИЦА ВАКУУМ","004484","9","9.66",""
"00182","СУПЕРМАРКЕТ СИДИ - УЛ. ПЕТРОВА НИВА 5А","= КРЕНВИРШИ КЕН СВИНСКИ /1.32КГ/","004506","26","6.33","4.85"
"00182","СУПЕРМАРКЕТ СИДИ - УЛ. ПЕТРОВА НИВА 5А","= ШПЕК ОРЕХИТЕ ГАСТРО","004515","28","15.08","13.05"
"00182","СУПЕРМАРКЕТ СИДИ - УЛ. ПЕТРОВА НИВА 5А","= МАКЕДОНСКА НАДЕНИЦА КЕН","004535","27","7.15",""
"00182","СУПЕРМАРКЕТ СИДИ - УЛ. ПЕТРОВА НИВА 5А","= КОЛБАС ХАМБУРГСКИ НАРОДЕН 320ГР","004601","27","1.79","1.58"
"00182","СУПЕРМАРКЕТ СИДИ - УЛ. ПЕТРОВА НИВА 5А","= ШПЕК ЧИНАРА ГАСТРО Ф50 ВАКУУМ","004710","28","6.54",""
"00182","СУПЕРМАРКЕТ СИДИ - УЛ. ПЕТРОВА НИВА 5А","= КАШКАВАЛ КРАВЕ МАДЖАРОВ 380ГР БДС ВАКУУМ","004725","11","7.69",""
"00182","СУПЕРМАРКЕТ СИДИ - УЛ. ПЕТРОВА НИВА 5А","= СИРЕНЕ КРАВЕ МАДЖАРОВ 400ГР БДС ВАКУУМ","004729","9","6.13",""
"00182","СУПЕРМАРКЕТ СИДИ - УЛ. ПЕТРОВА НИВА 5А","= КАШКАВАЛ КРАВЕ ХАЙДУШКИ","004965","10","7.57","6.60"
"00182","СУПЕРМАРКЕТ СИДИ - УЛ. ПЕТРОВА НИВА 5А","= КАШКАВАЛ КРАВЕ АРАЧИЕВИ /250ГР /","004976","11","11.50",""
"00182","СУПЕРМАРКЕТ СИДИ - УЛ. ПЕТРОВА НИВА 5А","= СИРЕНЕ КРАВЕ ДЕСТАН","004998","8","7.82",""
"00182","СУПЕРМАРКЕТ СИДИ - УЛ. ПЕТРОВА НИВА 5А","= ВОДА ВЕЛИНГРАД 6*1,5Л","006693","73","3.35","2.53"
"00182","СУПЕРМАРКЕТ СИДИ - УЛ. ПЕТРОВА НИВА 5А","= ШОКОЛАД РОШЕН 80ГР АЕРО БЯЛ","007117","69","1.64","0.89"
"00182","СУПЕРМАРКЕТ СИДИ - УЛ. ПЕТРОВА НИВА 5А","= БИСКВИТИ ИЗГРЕВ 182ГР ОБИКНОВЕНИ","007170","66","1.00",""
"00182","СУПЕРМАРКЕТ СИДИ - УЛ. ПЕТРОВА НИВА 5А","= КРОАСАН 7 ДЕЙС 60ГР ШОКОЛАД","007196","67","0.69",""
"00182","СУПЕРМАРКЕТ СИДИ - УЛ. ПЕТРОВА НИВА 5А","= КРОАСАН 7 ДЕЙС 60ГР КАЙСИЯ","007198","67","0.69",""
"00182","СУПЕРМАРКЕТ СИДИ - УЛ. ПЕТРОВА НИВА 5А","= КРОАСАНИ 7 ДЕЙС МИНИ 60ГР ШОКОЛАД","007200","67","0.84",""
"00182","СУПЕРМАРКЕТ СИДИ - УЛ. ПЕТРОВА НИВА 5А","= ШОКОЛАД МИЛКА 90ГР БЯЛ","007255","69","2.53","1.76"
"00182","СУПЕРМАРКЕТ СИДИ - УЛ. ПЕТРОВА НИВА 5А","= ШОКОЛАД МИЛКА 100ГР МИЛКИНИС","007256","69","2.53","1.37"
"00182","СУПЕРМАРКЕТ СИДИ - УЛ. ПЕТРОВА НИВА 5А","= ШОКОЛАД МИЛКА 90ГР ТРОШЕН ЛЕШНИК","007262","69","2.68","1.76"
"00182","СУПЕРМАРКЕТ СИДИ - УЛ. ПЕТРОВА НИВА 5А","= ШОКОЛАД МИЛКА 90ГР МЛЕЧЕН","007263","69","2.53","1.76"
"00182","СУПЕРМАРКЕТ СИДИ - УЛ. ПЕТРОВА НИВА 5А","= ШОКОЛАД МИЛКА 90ГР СТАФИДИ И ЛЕШНИЦИ","007266","69","2.68","1.76"
"00182","СУПЕРМАРКЕТ СИДИ - УЛ. ПЕТРОВА НИВА 5А","= ШОКОЛАД МИЛКА 95ГР ЦЯЛ ЛЕШНИК","007268","69","2.68","1.76"
"00182","СУПЕРМАРКЕТ СИДИ - УЛ. ПЕТРОВА НИВА 5А","= ШОКОЛАД СВОГЕ 80ГР ЛЕШНИК","007282","69","1.66","1.22"
"00182","СУПЕРМАРКЕТ СИДИ - УЛ. ПЕТРОВА НИВА 5А","= ШОКОЛАД СВОГЕ 90ГР МЛЕЧЕН","007283","69","1.66","1.22"
"00182","СУПЕРМАРКЕТ СИДИ - УЛ. ПЕТРОВА НИВА 5А","= ШОКОЛАД ЙОН 100ГР МЛЕЧЕН ЦЕЛИ БАДЕМИ","007292","69","2.79",""
"00182","СУПЕРМАРКЕТ СИДИ - УЛ. ПЕТРОВА НИВА 5А","= ШОКОЛАД КИНДЕР 100ГР ОСМИЦА","007293","69","1.99",""
"00182","СУПЕРМАРКЕТ СИДИ - УЛ. ПЕТРОВА НИВА 5А","= ШОКОЛАД МИЛКА 100ГР ЯГОДИ","007463","69","2.53","1.76"
"00182","СУПЕРМАРКЕТ СИДИ - УЛ. ПЕТРОВА НИВА 5А","= ШОКОЛАД ЛИНД 100ГР ЛИНДОР МЛЕЧЕН","007544","69","3.66",""
"00182","СУПЕРМАРКЕТ СИДИ - УЛ. ПЕТРОВА НИВА 5А","= ШОКОЛАД ТОБЛЕРОН 100ГР КЛАСИК","007567","69","3.06",""
"00182","СУПЕРМАРКЕТ СИДИ - УЛ. ПЕТРОВА НИВА 5А","= ШОКОЛАД МИЛКА 100ГР ОРЕО БРАУНИ","007575","69","2.53","1.76"
"00182","СУПЕРМАРКЕТ СИДИ - УЛ. ПЕТРОВА НИВА 5А","= ШОКОЛАД МИЛКА 87.5ГР МИЛКИНИС","007644","69","2.53","1.76"
"00182","СУПЕРМАРКЕТ СИДИ - УЛ. ПЕТРОВА НИВА 5А","= ШОКОЛАД РОШЕН ЛАКМИ 90ГР ЦЯЛ БАДЕМ","007809","69","2.14","1.65"
"00182","СУПЕРМАРКЕТ СИДИ - УЛ. ПЕТРОВА НИВА 5А","= ШОКОЛАД РОШЕН ЛАКМИ 90ГР ЦЯЛ ЛЕШНИК","007813","69","2.14","1.65"
"00182","СУПЕРМАРКЕТ СИДИ - УЛ. ПЕТРОВА НИВА 5А","= ШОКОЛАД РОШЕН 80ГР АЕРО МЛЕЧЕН","007861","69","1.64","0.89"
"00182","СУПЕРМАРКЕТ СИДИ - УЛ. ПЕТРОВА НИВА 5А","= КАФЕ ЧИБО 250ГР ЕКСКЛУЗИВ","009010","70","7.46",""
"00182","СУПЕРМАРКЕТ СИДИ - УЛ. ПЕТРОВА НИВА 5А","= ЧАЙ БИОПРОГРАМА ЛАЙКА","009032","72","1.12",""
"00182","СУПЕРМАРКЕТ СИДИ - УЛ. ПЕТРОВА НИВА 5А","= ЧАЙ БИОПРОГРАМА ШИПКА","009033","72","1.20",""
"00182","СУПЕРМАРКЕТ СИДИ - УЛ. ПЕТРОВА НИВА 5А","= ЧАЙ БИОПРОГРАМА ЛИПОВ ЦВЯТ","009034","72","2.71",""
"00182","СУПЕРМАРКЕТ СИДИ - УЛ. ПЕТРОВА НИВА 5А","= ЧАЙ БИОПРОГРАМА АЛПИНИСТ","009035","72","1.02",""
"00182","СУПЕРМАРКЕТ СИДИ - УЛ. ПЕТРОВА НИВА 5А","= ЧАЙ БИОПРОГРАМА ДОБРО УТРО","009038","72","1.02",""
"00182","СУПЕРМАРКЕТ СИДИ - УЛ. ПЕТРОВА НИВА 5А","= КАФЕ ЧИБО 250ГР ФЕМИЛИ КЛАСИК","009044","70","6.03",""
"00182","СУПЕРМАРКЕТ СИДИ - УЛ. ПЕТРОВА НИВА 5А","= КАФЕ ЯКОБС 250ГР МОНАРХ КЛАСИК","009074","70","7.75","4.82"
"00182","СУПЕРМАРКЕТ СИДИ - УЛ. ПЕТРОВА НИВА 5А","= КАФЕ НОВА БРАЗИЛИЯ 200ГР КЛАСИК","009096","70","4.95","3.99"
"00182","СУПЕРМАРКЕТ СИДИ - УЛ. ПЕТРОВА НИВА 5А","= КАФЕ ЛАВАЦА 250ГР МЛЯНО КРЕМА Е ГУСТО","009128","70","6.13",""
"00182","СУПЕРМАРКЕТ СИДИ - УЛ. ПЕТРОВА НИВА 5А","= КАФЕ ЛАВАЦА 250ГР МЛЯНО КУАЛИТА РОСА","009131","70","6.69",""
"00182","СУПЕРМАРКЕТ СИДИ - УЛ. ПЕТРОВА НИВА 5А","= ЧАЙ БИОПРОГРАМА МЕНТА","009159","72","1.12",""
"00182","СУПЕРМАРКЕТ СИДИ - УЛ. ПЕТРОВА НИВА 5А","= КАФЕ ЧИБО 250ГР ГОЛД СЕЛЕКШЪН","009181","70","6.18",""
"00182","СУПЕРМАРКЕТ СИДИ - УЛ. ПЕТРОВА НИВА 5А","= КАФЕ НОВА БРАЗИЛИЯ 200ГР ДЖЕЗВЕ","009186","70","4.95","3.99"
"00182","СУПЕРМАРКЕТ СИДИ - УЛ. ПЕТРОВА НИВА 5А","= КАФЕ ЯКОБС 250ГР МОНАРХ ИНТЕНЗ МЛЯНО","009235","70","7.75","4.82"
"00182","СУПЕРМАРКЕТ СИДИ - УЛ. ПЕТРОВА НИВА 5А","= КАФЕ ПРЕМИКО ЗЪРНА 1КГ","009262","71","15.45",""
"00182","СУПЕРМАРКЕТ СИДИ - УЛ. ПЕТРОВА НИВА 5А","= КАФЕ ЛОР 1КГ ФОРЦА НА ЗЪРНА","009381","71","38.04","29.10"
"00182","СУПЕРМАРКЕТ СИДИ - УЛ. ПЕТРОВА НИВА 5А","= ЧАЙ БИОПРОГРАМА ГРИП И ПРОСТУДА","009438","72","1.17",""
"00182","СУПЕРМАРКЕТ СИДИ - УЛ. ПЕТРОВА НИВА 5А","= ЧАЙ БИОСЕТ 30ГР МЕНТА","009441","72","0.97",""
"00182","СУПЕРМАРКЕТ СИДИ - УЛ. ПЕТРОВА НИВА 5А","= ЧАЙ БИОСЕТ 30ГР ЛАЙКА","009442","72","0.97",""
"00182","СУПЕРМАРКЕТ СИДИ - УЛ. ПЕТРОВА НИВА 5А","= ЧАЙ БИОСЕТ 30ГР КАРКАДЕ","009448","72","0.97",""
"00182","СУПЕРМАРКЕТ СИДИ - УЛ. ПЕТРОВА НИВА 5А","= ЧАЙ БИОСЕТ 40ГР ШИПКА","009451","72","0.97",""
"00182","СУПЕРМАРКЕТ СИДИ - УЛ. ПЕТРОВА НИВА 5А","= ЧАЙ БИОСЕТ 30ГР МАТОЧИНА","009455","72","0.97",""
"00182","СУПЕРМАРКЕТ СИДИ - УЛ. ПЕТРОВА НИВА 5А","= КАФЕ ЧИБО 250ГР ЕСПРЕСО МИЛАНО СТИЛ","009481","70","7.51",""
"00182","СУПЕРМАРКЕТ СИДИ - УЛ. ПЕТРОВА НИВА 5А","= КАФЕ ЧИБО 250ГР ЕСПРЕСО СИЦИЛИАН СТИЛ","009496","70","5.56",""
"00182","СУПЕРМАРКЕТ СИДИ - УЛ. ПЕТРОВА НИВА 5А","= ЧАЙ БИОПРОГРАМА БИОБРОНХО","009544","72","1.17",""
"00182","СУПЕРМАРКЕТ СИДИ - УЛ. ПЕТРОВА НИВА 5А","= ЧАЙ БИОПРОГРАМА РОДОПСКИ","009555","72","1.02",""
"00182","СУПЕРМАРКЕТ СИДИ - УЛ. ПЕТРОВА НИВА 5А","= ЧАЙ БИОСЕТ 30ГР ВЪЛШЕБНО УХАНИЕ","009701","72","0.97",""
"00182","СУПЕРМАРКЕТ СИДИ - УЛ. ПЕТРОВА НИВА 5А","= КАФЕ НОВА БРАЗИЛИЯ 200ГР ЕСПРЕСО ГОЛД","009735","70","4.95","3.99"
"00182","СУПЕРМАРКЕТ СИДИ - УЛ. ПЕТРОВА НИВА 5А","= КАФЕ ЯКОБС 1КГ МОНАРХ ЗЪРНА","009809","71","30.16","23.10"
"00182","СУПЕРМАРКЕТ СИДИ - УЛ. ПЕТРОВА НИВА 5А","= КАФЕ ПРЕМИКО 1КГ ЕСПРЕСО АРОМА","009861","71","14.67",""
"00182","СУПЕРМАРКЕТ СИДИ - УЛ. ПЕТРОВА НИВА 5А","= КАФЕ ЛАВАЦА 1КГ ЗЪРНА ГУСТО ФОРТЕ","009869","71","21.60",""
"00182","СУПЕРМАРКЕТ СИДИ - УЛ. ПЕТРОВА НИВА 5А","= ЧАЙ БИОСЕТ 30ГР МАЩЕРКА","009875","72","0.97",""
"00182","СУПЕРМАРКЕТ СИДИ - УЛ. ПЕТРОВА НИВА 5А","= КАФЕ ЛАВАЦА 1КГ КРЕМА АРОМА","009884","71","25.54",""
"00182","СУПЕРМАРКЕТ СИДИ - УЛ. ПЕТРОВА НИВА 5А","= МАКАРОНИ СТЕЛА 500ГР ПЕНЕС","010024","36","1.46","1.34"
"00182","СУПЕРМАРКЕТ СИДИ - УЛ. ПЕТРОВА НИВА 5А","= БРАШНО СОФИЯ МЕЛ 1КГ ЕКСТРА","010060","41","1.17",""
"00182","СУПЕРМАРКЕТ СИДИ - УЛ. ПЕТРОВА НИВА 5А","= МАКАРОНИ СТЕЛА 500ГР АХИВАДАКИ/МИДИ","010076","36","1.46","1.34"
"00182","СУПЕРМАРКЕТ СИДИ - УЛ. ПЕТРОВА НИВА 5А","= ОЦЕТ КУЛИНАР 700МЛ ВИНЕН /2259/","010081","44","1.22",""
"00182","СУПЕРМАРКЕТ СИДИ - УЛ. ПЕТРОВА НИВА 5А","= ОЛИО КАЛИАКРА 1Л PVC","010123","42","2.26",""
"00182","СУПЕРМАРКЕТ СИДИ - УЛ. ПЕТРОВА НИВА 5А","= МАКАРОНИ ЗЛ КЛАС 400ГР ОХЛЮВИ","010132","36","0.59",""
"00182","СУПЕРМАРКЕТ СИДИ - УЛ. ПЕТРОВА НИВА 5А","= СПАГЕТИ ЗЛ КЛАС 400ГР","010184","37","0.61",""
"00182","СУПЕРМАРКЕТ СИДИ - УЛ. ПЕТРОВА НИВА 5А","= МАКАРОНИ СТЕЛА 500ГР АСТРАКИ ЗВЕЗДИЧКИ","010205","36","1.46","1.34"
"00182","СУПЕРМАРКЕТ СИДИ - УЛ. ПЕТРОВА НИВА 5А","= ЗАХАР ЕМОНА 1КГ","010208","38","0.95",""
"00182","СУПЕРМАРКЕТ СИДИ - УЛ. ПЕТРОВА НИВА 5А","= МАКАРОНИ МЕЛИСА 500ГР СТЕЛИНИ ЗВЕЗДИЧКИ","010222","36","1.71",""
"00182","СУПЕРМАРКЕТ СИДИ - УЛ. ПЕТРОВА НИВА 5А","= СПАГЕТИ СТЕЛА 500ГР N10","010250","37","1.41",""
"00182","СУПЕРМАРКЕТ СИДИ - УЛ. ПЕТРОВА НИВА 5А","= КУС КУС СТЕЛА 500ГР","010277","36","1.46","1.34"
"00182","СУПЕРМАРКЕТ СИДИ - УЛ. ПЕТРОВА НИВА 5А","= ОЦЕТ КУЛИНАР 700МЛ ЯБЪЛКОВ /2661/","010283","45","1.28",""
"00182","СУПЕРМАРКЕТ СИДИ - УЛ. ПЕТРОВА НИВА 5А","= МАКАРОНИ СТЕЛА 500ГР ТРИЦВЕТНИ","010293","36","1.87",""
"00182","СУПЕРМАРКЕТ СИДИ - УЛ. ПЕТРОВА НИВА 5А","= МАКАРОНИ СТЕЛА 500ГР ВИДЕС ФУСИЛИ","010298","36","1.46","1.34"
"00182","СУПЕРМАРКЕТ СИДИ - УЛ. ПЕТРОВА НИВА 5А","= ЮФКА ЗЛ КЛАС 400ГР","010299","36","0.59",""
"00182","СУПЕРМАРКЕТ СИДИ - УЛ. ПЕТРОВА НИВА 5А","= МАКАРОНИ СТЕЛА 500ГР ФАРФАЛЕ ПАНДЕЛКИ","010316","36","1.46",""
"00182","СУПЕРМАРКЕТ СИДИ - УЛ. ПЕТРОВА НИВА 5А","= МАКАРОНИ ДЕРОНИ 400ГР ФУСИЛИ","010323","36","1.02","0.93"
"00182","СУПЕРМАРКЕТ СИДИ - УЛ. ПЕТРОВА НИВА 5А","= МАКАРОНИ СТЕЛА 500ГР ТРОМПЕТИНА","010338","36","1.46",""
"00182","СУПЕРМАРКЕТ СИДИ - УЛ. ПЕТРОВА НИВА 5А","= МАКАРОНИ СТЕЛА 500ГР АМОРОЗО","010343","36","1.46",""
"00182","СУПЕРМАРКЕТ СИДИ - УЛ. ПЕТРОВА НИВА 5А","= БОБ КРЪСТЕВ 1КГ НАРОДЕН","010427","33","3.16",""
"00182","СУПЕРМАРКЕТ СИДИ - УЛ. ПЕТРОВА НИВА 5А","= МАКАРОНИ ДЕРОНИ 400ГР ПЕНЕ РИГАТЕ","010463","36","1.02","0.93"
"00182","СУПЕРМАРКЕТ СИДИ - УЛ. ПЕТРОВА НИВА 5А","= ОЛИО ВИТАЛ 1Л","010474","42","2.04","1.73"
"00182","СУПЕРМАРКЕТ СИДИ - УЛ. ПЕТРОВА НИВА 5А","= КУС КУС ЗЛ КЛАС 400ГР","010475","36","0.59",""
"00182","СУПЕРМАРКЕТ СИДИ - УЛ. ПЕТРОВА НИВА 5А","= МАКАРОНИ ЗЛ КЛАС 400ГР ТРЪБИЧКИ","010489","36","0.59",""
"00182","СУПЕРМАРКЕТ СИДИ - УЛ. ПЕТРОВА НИВА 5А","= МАКАРОНИ ЗЛ КЛАС 400ГР СПИРАЛИ","010491","36","0.59",""
"00182","СУПЕРМАРКЕТ СИДИ - УЛ. ПЕТРОВА НИВА 5А","= ПАСТА КОНКИЛЕ 25 МОЛИСАНА 500ГР","010545","36","1.46",""
"00182","СУПЕРМАРКЕТ СИДИ - УЛ. ПЕТРОВА НИВА 5А","= БРАШНО СОФИЯ МЕЛ 1КГ ТИП 500","010547","40","1.15",""
"00182","СУПЕРМАРКЕТ СИДИ - УЛ. ПЕТРОВА НИВА 5А","= МАКАРОНИ ДЕРОНИ 400ГР ДИТАЛЕ","010574","36","1.02","0.93"
"00182","СУПЕРМАРКЕТ СИДИ - УЛ. ПЕТРОВА НИВА 5А","= ПАСТА ПЕНЕ РИГАТЕ ПАЛАНТЕ 500ГР /14% ПРОТЕИН","010663","36","1.78","1.51"
"00182","СУПЕРМАРКЕТ СИДИ - УЛ. ПЕТРОВА НИВА 5А","= ПАСТА ФУСИЛОНЕ 500ГР РЕДЖИА","010664","36","1.66",""
"00182","СУПЕРМАРКЕТ СИДИ - УЛ. ПЕТРОВА НИВА 5А","= ПАСТА ПЕНЕ РИГАТЕ БЕЗ ГЛУТЕН 400ГР РЕДЖИА NUTRI MIO","010685","36","2.40",""
"00182","СУПЕРМАРКЕТ СИДИ - УЛ. ПЕТРОВА НИВА 5А","= ПАСТА РИГАТОНЕ ПАЛАНТЕ 500ГР /14% ПРОТЕИН","010688","36","1.78","1.51"
"00182","СУПЕРМАРКЕТ СИДИ - УЛ. ПЕТРОВА НИВА 5А","= МАСЛИНОВО МАСЛО АНТОЛАД 1Л ПВЦ","010701","43","5.24",""
"00182","СУПЕРМАРКЕТ СИДИ - УЛ. ПЕТРОВА НИВА 5А","= СОЛ СИВЕС 1КГ ЕКСТРА","010844","39","0.49",""
"00182","СУПЕРМАРКЕТ СИДИ - УЛ. ПЕТРОВА НИВА 5А","= ОЛИО ИСТОЙЛ 1Л СЛЪНЧОГЛЕДОВО","010860","42","1.89",""
"00182","СУПЕРМАРКЕТ СИДИ - УЛ. ПЕТРОВА НИВА 5А","= СПАГЕТИ ДЕРОНИ 400ГР N10","010870","37","1.02",""
"00182","СУПЕРМАРКЕТ СИДИ - УЛ. ПЕТРОВА НИВА 5А","= БРАШНО ТОПАЗ МЕЛ 1КГ ТИП 500 КЛАСИКА","010894","40","0.95",""
"00182","СУПЕРМАРКЕТ СИДИ - УЛ. ПЕТРОВА НИВА 5А","= ПАСТА ОРЗО МОЛИСАНА 500ГР","010913","36","1.46",""
"00182","СУПЕРМАРКЕТ СИДИ - УЛ. ПЕТРОВА НИВА 5А","= ДОМАТИ ПУМАРО МИНЕРВА 500ГР ПАСИРАНИ","011068","48","1.27","1.16"
"00182","СУПЕРМАРКЕТ СИДИ - УЛ. ПЕТРОВА НИВА 5А","= ЛЮТЕНИЦА ОЛИНЕЗА 520ГР ТРАДИЦИОННА","011128","49","3.14",""
"00182","СУПЕРМАРКЕТ СИДИ - УЛ. ПЕТРОВА НИВА 5А","= ЛЮТЕНИЦА ОЛИНЕЗА 515ГР ДОМАШНА","011130","49","3.89",""
"00182","СУПЕРМАРКЕТ СИДИ - УЛ. ПЕТРОВА НИВА 5А","= ЛЮТЕНИЦА ДЕРОНИ 520ГР ТРАДИЦИОННА","011147","49","3.11","2.81"
"00182","СУПЕРМАРКЕТ СИДИ - УЛ. ПЕТРОВА НИВА 5А","= ЛЮТЕНИЦА ДЕРОНИ 525ГР ДОМАШНА","011148","49","3.11","2.81"
"00182","СУПЕРМАРКЕТ СИДИ - УЛ. ПЕТРОВА НИВА 5А","= ЛЮТЕНИЦА ДЕРОНИ 520ГР ПИКАНТНА","011149","49","3.11","2.81"
"00182","СУПЕРМАРКЕТ СИДИ - УЛ. ПЕТРОВА НИВА 5А","= ГРАХ КРЪСТЕВ 680ГР МЛЕЧЕН","011206","47","1.53",""
"00182","СУПЕРМАРКЕТ СИДИ - УЛ. ПЕТРОВА НИВА 5А","= ГРАХ ОБЕРОН 400ГР КУТИЯ","011214","47","1.15","0.76"
"00182","СУПЕРМАРКЕТ СИДИ - УЛ. ПЕТРОВА НИВА 5А","= ЛЮТЕНИЦА ТОДОРКА 575ГР ТРАДИЦИОННА","011460","49","2.70",""
"00182","СУПЕРМАРКЕТ СИДИ - УЛ. ПЕТРОВА НИВА 5А","= ДОМАТИ ЦЕЛИ БЕЛЕНИ 400ГР. НОВИ","011465","48","0.97","0.69"
"00182","СУПЕРМАРКЕТ СИДИ - УЛ. ПЕТРОВА НИВА 5А","= ЛЮТЕНИЦА ОЛИНЕЗА 515ГР БАБИНА","011499","49","3.96",""
"00182","СУПЕРМАРКЕТ СИДИ - УЛ. ПЕТРОВА НИВА 5А","= ДОМАТИ МЛЕНИ 680ГР НОВИ","011643","48","1.61",""
"00182","СУПЕРМАРКЕТ СИДИ - УЛ. ПЕТРОВА НИВА 5А","= ЛЮТЕНИЦА ВЕЛИКА 515ГР ЕДРОСМЛЯНА","011749","49","5.87",""
"00182","СУПЕРМАРКЕТ СИДИ - УЛ. ПЕТРОВА НИВА 5А","= ЛЮТЕНИЦА ДЕРОНИ 520ГР ЕДРОСМЛЯНА","011832","49","4.03",""
"00182","СУПЕРМАРКЕТ СИДИ - УЛ. ПЕТРОВА НИВА 5А","ПЮРЕ ГАНЧЕВ 190ГР ПЛОДОВО СИНИ СЛИВИ","012021","64","1.10",""
"00182","СУПЕРМАРКЕТ СИДИ - УЛ. ПЕТРОВА НИВА 5А","ПЮРЕ ГАНЧЕВ 190ГР ПЛОДОВО ЯБЪЛКИ И ШИПКИ","012033","64","1.10",""
"00182","СУПЕРМАРКЕТ СИДИ - УЛ. ПЕТРОВА НИВА 5А","ПЮРЕ ГАНЧЕВ 190ГР ПЛОДОВО АСОРТИ","012047","64","1.10",""
"00182","СУПЕРМАРКЕТ СИДИ - УЛ. ПЕТРОВА НИВА 5А","ПЮРЕ ГАНЧЕВ 190ГР ПЛОДОВО ПРАСКОВА","012067","64","1.10",""
"00182","СУПЕРМАРКЕТ СИДИ - УЛ. ПЕТРОВА НИВА 5А","= ПЮРЕ БИО НИНО 190ГР ТИКВА И КАРТОФ 4+М","012142","64","1.46",""
"00182","СУПЕРМАРКЕТ СИДИ - УЛ. ПЕТРОВА НИВА 5А","ПЮРЕ ГАНЧЕВ 190ГР ПЛОДОВО БАНАН","012229","64","1.10",""
"00182","СУПЕРМАРКЕТ СИДИ - УЛ. ПЕТРОВА НИВА 5А","= ПЮРЕ БИО НИНО 190ГР ТИКВА И МОРКОВ 4+М","012261","64","1.46",""
"00182","СУПЕРМАРКЕТ СИДИ - УЛ. ПЕТРОВА НИВА 5А","= ПЮРЕ БИО НИНО 190ГР ЗЕЛЕНЧУЦИ СЪС СЬОМГА 6+М","012264","64","1.89",""
"00182","СУПЕРМАРКЕТ СИДИ - УЛ. ПЕТРОВА НИВА 5А","= ПЮРЕ БИО НИНО 190ГР РИЗОТО СЪС ЗЕЛЕНЧУЦИ 8+М","012265","64","1.68",""
"00182","СУПЕРМАРКЕТ СИДИ - УЛ. ПЕТРОВА НИВА 5А","= ПЮРЕ БИО НИНО 190ГР ЯБЪЛКИ И БОРОВИНКИ 4+М","012267","64","1.46",""
"00182","СУПЕРМАРКЕТ СИДИ - УЛ. ПЕТРОВА НИВА 5А","= ПЮРЕ БИО НИНО 190ГР ЛЕКА НОЩ С КРУШИ, БОР-КИ И ИЗВАРА 6+М","012269","64","1.89",""
"00182","СУПЕРМАРКЕТ СИДИ - УЛ. ПЕТРОВА НИВА 5А","= ПЮРЕ БИО НИНО 190ГР ЛЕКА НОЩ ПЛОДОВЕ С Б-ТИ И СМЕТАНА 6+","012270","64","1.89",""
"00182","СУПЕРМАРКЕТ СИДИ - УЛ. ПЕТРОВА НИВА 5А","= ПЮРЕ БИО НИНО 190ГР ЗЕЛЕНЧУЦИ С ОРИЗ И АГНЕШКО МЕСО 6+М","012271","64","1.89",""
"00182","СУПЕРМАРКЕТ СИДИ - УЛ. ПЕТРОВА НИВА 5А","= ПЮРЕ БИО НИНО 190ГР ЯБЪЛКИ И СЛИВИ 4+М","012294","64","1.46",""
"00182","СУПЕРМАРКЕТ СИДИ - УЛ. ПЕТРОВА НИВА 5А","ПЮРЕ ГАНЧЕВ 220ГР МЛ.КАША КАЙСИЯ И ВАНИЛИЯ","012295","63","1.17",""
"00182","СУПЕРМАРКЕТ СИДИ - УЛ. ПЕТРОВА НИВА 5А","ПЮРЕ ГАНЧЕВ 190ГР ПЛОДОВО ЯБЪЛКА 100%","012427","64","1.10",""
"00182","СУПЕРМАРКЕТ СИДИ - УЛ. ПЕТРОВА НИВА 5А","ПЮРЕ ГАНЧЕВ 190ГР ПЛОДОВО ЯБЪЛКА ПРАСКОВА И МАНГО","012428","64","1.10",""
"00182","СУПЕРМАРКЕТ СИДИ - УЛ. ПЕТРОВА НИВА 5А","ПЮРЕ ГАНЧЕВ 190ГР ПЛОДОВО СМЕС С БАНАНИ","012429","64","1.10",""
"00182","СУПЕРМАРКЕТ СИДИ - УЛ. ПЕТРОВА НИВА 5А","= ПЮРЕ БИО НИНО 190ГР С ТИКВА, КАРТОФ, Т-КИ И ПИЛ.МЕСО 6+М","012627","64","1.68",""
"00182","СУПЕРМАРКЕТ СИДИ - УЛ. ПЕТРОВА НИВА 5А","= ХЛЯБ СТАРА ЗАГОРА 650ГР ДЕНИСЛАВ /ХАРТИЕНА ОПАКОВКА/","012628","1","1.00",""
"00182","СУПЕРМАРКЕТ СИДИ - УЛ. ПЕТРОВА НИВА 5А","= ПЮРЕ БИО НИНО 190ГР ЗЕЛЕНЧУЦИ С ПАСТА И ПИЛЕШКО МЕСО 8+М","012632","64","1.68",""
"00182","СУПЕРМАРКЕТ СИДИ - УЛ. ПЕТРОВА НИВА 5А","= ПЮРЕ БИО НИНО 190ГР КРЕМ СУПА СЪС З-ЦИ, СИРЕНЕ И ПИЛ.МЕСО","012633","64","1.66",""
"00182","СУПЕРМАРКЕТ СИДИ - УЛ. ПЕТРОВА НИВА 5А","ПЮРЕ ГАНЧЕВ 190ГР ПЛОДОВО ЯБЪЛКИ И МОРКОВ 100%","012648","64","1.10",""
"00182","СУПЕРМАРКЕТ СИДИ - УЛ. ПЕТРОВА НИВА 5А","= ХЛЯБ ДЕНИСЛАВ 600ГР ТИПОВ","012710","4","0.97",""
"00182","СУПЕРМАРКЕТ СИДИ - УЛ. ПЕТРОВА НИВА 5А","= АДАПТИРАНО МЛЯКО НЕСТЛЕ НАН 1 ОПТИПРО 400ГР","012834","65","16.34","10.17"
"00182","СУПЕРМАРКЕТ СИДИ - УЛ. ПЕТРОВА НИВА 5А","= КИС МЛЯКО ДОБРОТИЦА 400ГР 3.6% БЕЗ ЛАКТОЗА","013000","7","1.53",""
"00182","СУПЕРМАРКЕТ СИДИ - УЛ. ПЕТРОВА НИВА 5А","= ПР МЛЯКО ДЕСТАН 1Л 3.6% БАРИСТА УХТ","013001","6","1.71",""
"00182","СУПЕРМАРКЕТ СИДИ - УЛ. ПЕТРОВА НИВА 5А","= КИС МЛЯКО ВЕРЕЯ 400ГР ЧУДНО 2.5%","013010","7","0.89",""
"00182","СУПЕРМАРКЕТ СИДИ - УЛ. ПЕТРОВА НИВА 5А","= КИС МЛЯКО БОЖАНА 400ГР 2.0%","013041","7","0.74",""
"00182","СУПЕРМАРКЕТ СИДИ - УЛ. ПЕТРОВА НИВА 5А","= ПР МЛЯКО АЛФАТАР 1Л 3,6%","013087","6","1.51",""
"00182","СУПЕРМАРКЕТ СИДИ - УЛ. ПЕТРОВА НИВА 5А","= МАСЛО ВЕРЕЯ 125ГР","013131","12","2.58",""
"00182","СУПЕРМАРКЕТ СИДИ - УЛ. ПЕТРОВА НИВА 5А","= МАСЛО ВЕРЕЯ 250ГР","013170","12","4.88",""
"00182","СУПЕРМАРКЕТ СИДИ - УЛ. ПЕТРОВА НИВА 5А","= ПР МЛЯКО ВЕРЕЯ 1Л КУТИЯ 3.0%","013177","6","1.73",""
"00182","СУПЕРМАРКЕТ СИДИ - УЛ. ПЕТРОВА НИВА 5А","= МАСЛО ПРЕЗИДЕНТ 125ГР","013273","12","4.09",""
"00182","СУПЕРМАРКЕТ СИДИ - УЛ. ПЕТРОВА НИВА 5А","= КИС МЛЯКО ВЕРЕЯ 400ГР 2.9%","013278","7","0.84",""
"00182","СУПЕРМАРКЕТ СИДИ - УЛ. ПЕТРОВА НИВА 5А","= КИС МЛЯКО ДОМЛЯН 500ГР 3.6%","013293","7","0.87",""
"00182","СУПЕРМАРКЕТ СИДИ - УЛ. ПЕТРОВА НИВА 5А","= ПР МЛЯКО ПИНАР 1Л 3.5% УХТ","013325","6","1.32",""
"00182","СУПЕРМАРКЕТ СИДИ - УЛ. ПЕТРОВА НИВА 5А","= КИС МЛЯКО ДОБРОТИЦА 500ГР 2.0%","013463","7","0.97",""
"00182","СУПЕРМАРКЕТ СИДИ - УЛ. ПЕТРОВА НИВА 5А","= ПР МЛЯКО ДОБРОТИЦА 1Л 3,6% ПАСТЬОРИЗИРАНО","013592","6","1.82",""
"00182","СУПЕРМАРКЕТ СИДИ - УЛ. ПЕТРОВА НИВА 5А","= КИС МЛЯКО БОЖАНА 400ГР 3.6%","013644","7","0.79",""
"00182","СУПЕРМАРКЕТ СИДИ - УЛ. ПЕТРОВА НИВА 5А","= КИС МЛЯКО БОЖЕНЦИ 400ГР 2.2%***","013875","7","0.84","0.76"
"00182","СУПЕРМАРКЕТ СИДИ - УЛ. ПЕТРОВА НИВА 5А","= МАСЛО ДОМЛЯН 125ГР 82%","013968","12","1.99",""
"00182","СУПЕРМАРКЕТ СИДИ - УЛ. ПЕТРОВА НИВА 5А","= МАСЛО ХРАНИНВЕСТ 125ГР ТРАДИЦИОННО****","013984","12","1.82",""
"00182","СУПЕРМАРКЕТ СИДИ - УЛ. ПЕТРОВА НИВА 5А","= РАКИЯ БУРГАСКА 700МЛ МУСКАТОВА /40/","014040","77","10.20",""
"00182","СУПЕРМАРКЕТ СИДИ - УЛ. ПЕТРОВА НИВА 5А","= РАКИЯ ПЕЩЕРСКА 700МЛ ГРОЗДОВА /902/","014050","77","7.41",""
"00182","СУПЕРМАРКЕТ СИДИ - УЛ. ПЕТРОВА НИВА 5А","= РАКИЯ ПЕЩЕРСКА 700МЛ ОТЛЕЖАЛА /318/","014052","77","8.45",""
"00182","СУПЕРМАРКЕТ СИДИ - УЛ. ПЕТРОВА НИВА 5А","= РАКИЯ КАРНОБАТ 700МЛ /2009/-/1/","014087","77","7.21",""
"00182","СУПЕРМАРКЕТ СИДИ - УЛ. ПЕТРОВА НИВА 5А","= РАКИЯ ТРОЯНСКА 700МЛ СЛИВОВА ОТЛЕЖАЛА /144/","014106","77","10.27",""
"00182","СУПЕРМАРКЕТ СИДИ - УЛ. ПЕТРОВА НИВА 5А","= РАКИЯ КАЙЛЪШКА 700МЛ ГРОЗДОВА /796/","014166","77","8.08",""
"00182","СУПЕРМАРКЕТ СИДИ - УЛ. ПЕТРОВА НИВА 5А","= РАКИЯ КЕХЛИБАР 700МЛ /1985/","014236","77","9.13",""
"00182","СУПЕРМАРКЕТ СИДИ - УЛ. ПЕТРОВА НИВА 5А","= РАКИЯ ПОМОРИЙСКА 700МЛ ГРОЗДОВА /48/","014304","77","4.80",""
"00182","СУПЕРМАРКЕТ СИДИ - УЛ. ПЕТРОВА НИВА 5А","= РАКИЯ ПОМОРИЙСКА 700МЛ МУСКАТОВА /47/","014334","77","10.20",""
"00182","СУПЕРМАРКЕТ СИДИ - УЛ. ПЕТРОВА НИВА 5А","= БИРА АРИАНА 2Л СВЕТЛО /2018/","015039","74","1.82","1.43"
"00182","СУПЕРМАРКЕТ СИДИ - УЛ. ПЕТРОВА НИВА 5А","= БИРА АСТИКА 2Л СВЕТЛО /3516/","015127","74","1.53",""
"00182","СУПЕРМАРКЕТ СИДИ - УЛ. ПЕТРОВА НИВА 5А","= БИРА ЗАГОРКА 2Л /6230/","015195","74","1.87","1.22"
"00182","СУПЕРМАРКЕТ СИДИ - УЛ. ПЕТРОВА НИВА 5А","= ШАРДОНЕ 750МЛ ТЪРГОВИЩЕ /302/","016012","75","4.45",""
"00182","СУПЕРМАРКЕТ СИДИ - УЛ. ПЕТРОВА НИВА 5А","= МУСКАТ 750МЛ ТЪРГОВИЩЕ /353/","016013","75","4.45","4.09"
"00182","СУПЕРМАРКЕТ СИДИ - УЛ. ПЕТРОВА НИВА 5А","= ТРАМИНЕР 750МЛ ТЪРГОВИЩЕ /38/","016014","75","5.22",""
"00182","СУПЕРМАРКЕТ СИДИ - УЛ. ПЕТРОВА НИВА 5А","= МЕРЛО 750МЛ ТЪРГОВИЩЕ РЕЗЕРВА /346/","016017","76","4.60",""
"00182","СУПЕРМАРКЕТ СИДИ - УЛ. ПЕТРОВА НИВА 5А","= МАВРУД 750МЛ АСЕНОВГРАД РЕЗЕРВА /810/","016019","76","5.16",""
"00182","СУПЕРМАРКЕТ СИДИ - УЛ. ПЕТРОВА НИВА 5А","= МАВРУД 750МЛ АСЕНОВГРАД ОБИКНОВЕН /695/","016020","76","4.42",""
"00182","СУПЕРМАРКЕТ СИДИ - УЛ. ПЕТРОВА НИВА 5А","= МЕРЛО 750МЛ СОФИЯ КАРНОБАТ /1603/","016062","76","2.38",""
"00182","СУПЕРМАРКЕТ СИДИ - УЛ. ПЕТРОВА НИВА 5А","= КАБЕРНЕ 750МЛ СОФИЯ КАРНОБАТ /1601/","016063","76","2.38",""
"00182","СУПЕРМАРКЕТ СИДИ - УЛ. ПЕТРОВА НИВА 5А","= ВИНО ЧЕРВЕНО 750МЛ МЕХАНДЖИЙСКО КАРНОБАТ /2899/","016076","76","1.64",""
"00182","СУПЕРМАРКЕТ СИДИ - УЛ. ПЕТРОВА НИВА 5А","= ШАРДОНЕ 750МЛ ДОМЕЙН БОЙАР ДГР ТР.НИЗИНА /104/","016122","75","4.73",""
"00182","СУПЕРМАРКЕТ СИДИ - УЛ. ПЕТРОВА НИВА 5А","= МЕРЛО 750МЛ ДОМЕЙН БОЙАР ДГР ТР.НИЗИНА /980/","016128","76","5.06",""
"00182","СУПЕРМАРКЕТ СИДИ - УЛ. ПЕТРОВА НИВА 5А","= ВИНО БЯЛО 750МЛ ЧЕРГА /3156/","016213","75","5.77","5.11"
"00182","СУПЕРМАРКЕТ СИДИ - УЛ. ПЕТРОВА НИВА 5А","= КАБЕРНЕ 750МЛ СТАРОСЕЛ /3775/","016232","76","8.49",""
"00182","СУПЕРМАРКЕТ СИДИ - УЛ. ПЕТРОВА НИВА 5А","= МЕРЛО 750МЛ СТАРОСЕЛ /3774/","016234","76","8.49",""
"00182","СУПЕРМАРКЕТ СИДИ - УЛ. ПЕТРОВА НИВА 5А","= ВИНО БЯЛО 750МЛ МЕХАНДЖИЙСКО КАРНОБАТ /2900/","016284","75","1.64",""
"00182","СУПЕРМАРКЕТ СИДИ - УЛ. ПЕТРОВА НИВА 5А","= ВИНО ЧЕРВЕНО 750МЛ ЧЕРГА /2763/","016310","76","5.77","5.11"
"00182","СУПЕРМАРКЕТ СИДИ - УЛ. ПЕТРОВА НИВА 5А","= ШАРДОНЕ 750МЛ МЕНАДА /3187/","016322","75","4.49",""
"00182","СУПЕРМАРКЕТ СИДИ - УЛ. ПЕТРОВА НИВА 5А","= КАБЕРНЕ 750МЛ МЕЗЕК /4404/","016357","76","6.64",""
"00182","СУПЕРМАРКЕТ СИДИ - УЛ. ПЕТРОВА НИВА 5А","= КАБЕРНЕ СОВИНЬОН+МАВРУД 750МЛ МЕЗЕК","016359","76","6.64",""
"00182","СУПЕРМАРКЕТ СИДИ - УЛ. ПЕТРОВА НИВА 5А","= МЕРЛО 750МЛ МЕЗЕК /4403/","016361","76","6.64",""
"00182","СУПЕРМАРКЕТ СИДИ - УЛ. ПЕТРОВА НИВА 5А","= МУСКАТ 750МЛ СТАРОСЕЛ /4306/","016420","75","9.77",""
"00182","СУПЕРМАРКЕТ СИДИ - УЛ. ПЕТРОВА НИВА 5А","= МАВРУД 750МЛ СТАРОСЕЛ /4878/","016423","76","8.49",""
"00182","СУПЕРМАРКЕТ СИДИ - УЛ. ПЕТРОВА НИВА 5А","= СОВИНЬОН БЛАН 750МЛ ДОМЕЙН БОЙАР КВАНТУМ /5239/","016435","75","6.13",""
"00182","СУПЕРМАРКЕТ СИДИ - УЛ. ПЕТРОВА НИВА 5А","= ШАРДОНЕ 750МЛ ДОМЕЙН БОЙАР КВАНТУМ /5238/","016445","75","6.13",""
"00182","СУПЕРМАРКЕТ СИДИ - УЛ. ПЕТРОВА НИВА 5А","= ВИНО САЙКЪЛ 750МЛ БР.МИНКОВИ МЕРЛО+ПИНО НОАР /5109/","016474","76","5.93",""
"00182","СУПЕРМАРКЕТ СИДИ - УЛ. ПЕТРОВА НИВА 5А","= СОВИНЬОН БЛАН+ПИНО ГРИ 750МЛ МЕЗЕК","016490","75","7.15",""
"00182","СУПЕРМАРКЕТ СИДИ - УЛ. ПЕТРОВА НИВА 5А","= ВИНО САЙКЪЛ 750МЛ БР.МИНКОВИ СОВИНЬОН+СИМИЙОН+ВИОНИЕ","016523","75","5.93",""
"00182","СУПЕРМАРКЕТ СИДИ - УЛ. ПЕТРОВА НИВА 5А","СОВИНЬОН БЛАН 750МЛ ТЪРТЪЛ ХАУС","016590","75","6.28","4.99"
"00182","СУПЕРМАРКЕТ СИДИ - УЛ. ПЕТРОВА НИВА 5А","= ВЕРМЕНТИНО 750МЛ ЕЙНДЖЪЛ СТЕЛЛИОН","016592","75","9.61","8.16"
"00182","СУПЕРМАРКЕТ СИДИ - УЛ. ПЕТРОВА НИВА 5А","= СИРА 750МЛ ЕЙНДЖЪЛ","016593","76","6.44","5.62"
"00182","СУПЕРМАРКЕТ СИДИ - УЛ. ПЕТРОВА НИВА 5А","= ТРАМИНЕР 750МЛ МЕНАДА /3830/","016594","75","4.49",""
"00182","СУПЕРМАРКЕТ СИДИ - УЛ. ПЕТРОВА НИВА 5А","= ВИНО САЙКЪЛ 750МЛ БР.МИНКОВИ СОВИНЬОН БЛАН /3723/","016663","75","5.93",""
"00182","СУПЕРМАРКЕТ СИДИ - УЛ. ПЕТРОВА НИВА 5А","= СОВИНЬОН БЛАН 750МЛ СИЛВЪР ЕЙНДЖЪЛ /6056/","016820","75","8.48",""
"00182","СУПЕРМАРКЕТ СИДИ - УЛ. ПЕТРОВА НИВА 5А","= КАБЕРНЕ 750МЛ ТЪРГОВИЩЕ РЕЗЕРВА /231/","016842","76","4.60",""
"00182","СУПЕРМАРКЕТ СИДИ - УЛ. ПЕТРОВА НИВА 5А","= МУСКАТ 750МЛ РАКОВИНА","016943","75","4.27",""
"00182","СУПЕРМАРКЕТ СИДИ - УЛ. ПЕТРОВА НИВА 5А","= ШАРДОНЕ 750МЛ РАКОВИНА","016944","75","4.27",""
"00182","СУПЕРМАРКЕТ СИДИ - УЛ. ПЕТРОВА НИВА 5А","= ШАРДОНЕ+МУСКАТ 750МЛ СТАРОСЕЛ /5241/","016967","75","8.49",""
"00182","СУПЕРМАРКЕТ СИДИ - УЛ. ПЕТРОВА НИВА 5А","= САПУН ДАВ 90ГР КРИЙМ ОРИДЖИНАЛ","020044","83","1.12",""
"00182","СУПЕРМАРКЕТ СИДИ - УЛ. ПЕТРОВА НИВА 5А","= САПУН ТЕО 140ГР СУПЕР МАКСИ ФРЕШ /СИН/","020137","83","0.86",""
"00182","СУПЕРМАРКЕТ СИДИ - УЛ. ПЕТРОВА НИВА 5А","= САПУН ТЕО МИЛК РИЧ 90ГР СОФТ КЕЪР /РОЗОВ/","020145","83","0.71",""
"00182","СУПЕРМАРКЕТ СИДИ - УЛ. ПЕТРОВА НИВА 5А","= САПУН ТЕО 70ГР БУКЕТ ЛИЛИЯ ВИОЛЕТ","020161","83","0.54",""
"00182","СУПЕРМАРКЕТ СИДИ - УЛ. ПЕТРОВА НИВА 5А","= САПУН ТЕО 70ГР БУКЕТ ТИАР РОЗОВ","020163","83","0.54",""
"00182","СУПЕРМАРКЕТ СИДИ - УЛ. ПЕТРОВА НИВА 5А","= САПУН ТЕО 140ГР СУПЕР МАКСИ ЕКЗОТИК /ЗЕЛЕН/","020168","83","0.86",""
"00182","СУПЕРМАРКЕТ СИДИ - УЛ. ПЕТРОВА НИВА 5А","= САПУН ТЕО МИЛК РИЧ 90ГР УЛТРА ХИГИЕН /СИН/","020175","83","0.71",""
"00182","СУПЕРМАРКЕТ СИДИ - УЛ. ПЕТРОВА НИВА 5А","= САПУН ТЕО БЕБЕ 75ГР АЛОЕ ВЕРА","020184","83","0.97",""
"00182","СУПЕРМАРКЕТ СИДИ - УЛ. ПЕТРОВА НИВА 5А","= САПУН ТЕО МИЛК РИЧ 90ГР МЕД /ЖЪЛТ/","020185","83","0.71",""
"00182","СУПЕРМАРКЕТ СИДИ - УЛ. ПЕТРОВА НИВА 5А","= САПУН ТЕО 70ГР ЕКЗОТИК ЗЕЛЕН","020191","83","0.54",""
"00182","СУПЕРМАРКЕТ СИДИ - УЛ. ПЕТРОВА НИВА 5А","= САПУН ТЕО МИЛК РИЧ 90ГР СЕНСУАЛ КЕЪР /ЛИЛИВ/","020220","83","0.71",""
"00182","СУПЕРМАРКЕТ СИДИ - УЛ. ПЕТРОВА НИВА 5А","= САПУН АРОМА ФРЕШ 75МЛ АЛОЕ","020300","83","0.61",""
"00182","СУПЕРМАРКЕТ СИДИ - УЛ. ПЕТРОВА НИВА 5А","= САПУН ТЕО БЕБЕ 75ГР ЛАВАНДУЛА","020451","83","0.97",""
"00182","СУПЕРМАРКЕТ СИДИ - УЛ. ПЕТРОВА НИВА 5А","= САПУН ТЕО 140ГР СУПЕР МАКСИ РОМАНТИК /РОЗОВ/","020464","83","0.86",""
"00182","СУПЕРМАРКЕТ СИДИ - УЛ. ПЕТРОВА НИВА 5А","= САПУН АРОМА ФРЕШ 75МЛ ВОДНА ЛИЛИЯ","020466","83","0.56","0.51"
"00182","СУПЕРМАРКЕТ СИДИ - УЛ. ПЕТРОВА НИВА 5А","= МИЕЩ ПРЕПАРАТ ФЕЯ 400МЛ ГЕЛ ЯБЪЛКА","020554","79","1.05","0.95"
"00182","СУПЕРМАРКЕТ СИДИ - УЛ. ПЕТРОВА НИВА 5А","= САПУН АРОМА ФРЕШ 75МЛ ЛЮЛЯК","020556","83","0.61",""
"00182","СУПЕРМАРКЕТ СИДИ - УЛ. ПЕТРОВА НИВА 5А","= МИЕЩ ПРЕПАРАТ ФЕЯ 400МЛ БАЛСАМ МАГНОЛИА","020611","79","1.05","0.95"
"00182","СУПЕРМАРКЕТ СИДИ - УЛ. ПЕТРОВА НИВА 5А","= САПУН ТЕО 140ГР СУПЕР МАКСИ МИСТИК /ЛИЛАВ/","020629","83","0.86",""
"00182","СУПЕРМАРКЕТ СИДИ - УЛ. ПЕТРОВА НИВА 5А","= МИЕЩ ПРЕПАРАТ ЕХО 400МЛ ЛАЙКА","020843","79","1.46","1.25"
"00182","СУПЕРМАРКЕТ СИДИ - УЛ. ПЕТРОВА НИВА 5А","= МИЕЩ ПРЕПАРАТ ЕХО 400МЛ МЛЯКО И МЕД","020844","79","1.46","1.25"
"00182","СУПЕРМАРКЕТ СИДИ - УЛ. ПЕТРОВА НИВА 5А","= МИЕЩ ПРЕПАРАТ ЕХО 400МЛ ЛЮЛЯК","020845","79","1.46","1.25"
"00182","СУПЕРМАРКЕТ СИДИ - УЛ. ПЕТРОВА НИВА 5А","= МИЕЩ ПРЕПАРАТ ФЕЯ 400МЛ БАЛСАМ ОРХИДЕЯ","020846","79","1.05","0.95"
"00182","СУПЕРМАРКЕТ СИДИ - УЛ. ПЕТРОВА НИВА 5А","= САПУН ДАВ 90ГР КРИЙМ КРАСТАВИЦА","020863","83","1.12",""
"00182","СУПЕРМАРКЕТ СИДИ - УЛ. ПЕТРОВА НИВА 5А","= САПУН ДАВ 90ГР КРИЙМ ОЙЛ ВАНИЛИЯ/ШЕА","020865","83","1.12",""
"00182","СУПЕРМАРКЕТ СИДИ - УЛ. ПЕТРОВА НИВА 5А","= САПУН БОЧКО 75ГР СМРАДЛИКА","020884","83","0.84",""
"00182","СУПЕРМАРКЕТ СИДИ - УЛ. ПЕТРОВА НИВА 5А","= САПУН БОЧКО 75ГР ЛАЙКА","020910","83","0.84",""
"00182","СУПЕРМАРКЕТ СИДИ - УЛ. ПЕТРОВА НИВА 5А","= ШАМПОАН ЕЛСЕВ 250МЛ ХИАЛУРОН ПЮР","021027","82","5.41","3.99"
"00182","СУПЕРМАРКЕТ СИДИ - УЛ. ПЕТРОВА НИВА 5А","= ШАМПОАН ЕЛСЕВ 250МЛ БОЯДИСАНА КОСА","021029","82","5.41","3.99"
"00182","СУПЕРМАРКЕТ СИДИ - УЛ. ПЕТРОВА НИВА 5А","= ПАСТА ЗА ЗЪБИ КОЛГЕЙТ 75МЛ МАКС УАЙТ  ЧАРКОАЛ","021036","81","3.73","2.96"
"00182","СУПЕРМАРКЕТ СИДИ - УЛ. ПЕТРОВА НИВА 5А","= ПАСТА ЗА ЗЪБИ КОЛГЕЙТ 75МЛ ТРОЙНО ДЕЙСТВИЕ","021125","81","1.68",""
"00182","СУПЕРМАРКЕТ СИДИ - УЛ. ПЕТРОВА НИВА 5А","= ПАСТА ЗА ЗЪБИ КОЛГЕЙТ 75МЛ ИЗБЕЛВАЩА","021378","81","1.68",""
"00182","СУПЕРМАРКЕТ СИДИ - УЛ. ПЕТРОВА НИВА 5А","= ПАСТА ЗА ЗЪБИ АКВАФРЕШ 75+50МЛ МАЙЛД МИНТ ЗЕЛЕНА","021380","81","2.91","2.19"
"00182","СУПЕРМАРКЕТ СИДИ - УЛ. ПЕТРОВА НИВА 5А","= ПАСТА ЗА ЗЪБИ АКВАФРЕШ 50МЛ ДЕТСКА ЛИТЪЛ ТИЙТ 0-5Г","021383","81","3.86",""
"00182","СУПЕРМАРКЕТ СИДИ - УЛ. ПЕТРОВА НИВА 5А","= ПАСТА ЗА ЗЪБИ АСТЕРА 110ГР АКТИВ+ПАРАДОНТ ПРОТЕКШЪН","021388","81","1.17",""
"00182","СУПЕРМАРКЕТ СИДИ - УЛ. ПЕТРОВА НИВА 5А","= ПАСТА ЗА ЗЪБИ АСТЕРА 110ГР АКТИВ+ВИТАМИН 3","021390","81","1.41",""
"00182","СУПЕРМАРКЕТ СИДИ - УЛ. ПЕТРОВА НИВА 5А","= ПАСТА ЗА ЗЪБИ АСТЕРА 110ГР АКТИВ+АНТИ КАРИЕС","021391","81","1.17",""
"00182","СУПЕРМАРКЕТ СИДИ - УЛ. ПЕТРОВА НИВА 5А","= ПАСТА ЗА ЗЪБИ АСТЕРА 110ГР АКТИВ+УАЙТЪНИНГ","021394","81","1.17",""
"00182","СУПЕРМАРКЕТ СИДИ - УЛ. ПЕТРОВА НИВА 5А","= ПАСТА ЗА ЗЪБИ ЛАКАЛУТ 75МЛ АКТИВ","021413","81","5.09",""
"00182","СУПЕРМАРКЕТ СИДИ - УЛ. ПЕТРОВА НИВА 5А","= ПАСТА ЗА ЗЪБИ СЕНСОДИН 75МЛ КЛИНИКАЛ РЕПЕАР","021483","81","8.46",""
"00182","СУПЕРМАРКЕТ СИДИ - УЛ. ПЕТРОВА НИВА 5А","= ПАСТА ЗА ЗЪБИ КОЛГЕЙТ 75МЛ СВЕЖЕСТ ЗАЩИТА ОТ КАРИЕС","021715","81","1.68",""
"00182","СУПЕРМАРКЕТ СИДИ - УЛ. ПЕТРОВА НИВА 5А","= ПАСТА ЗА ЗЪБИ КОЛГЕЙТ 75МЛ АДВЕНС ИЗБЕЛВАЩА","021761","81","3.01",""
"00182","СУПЕРМАРКЕТ СИДИ - УЛ. ПЕТРОВА НИВА 5А","= ШАМПОАН ШАУМА 250МЛ КЛАСИК СЕДЕМ БИЛКИ","021871","82","3.27","2.24"
"00182","СУПЕРМАРКЕТ СИДИ - УЛ. ПЕТРОВА НИВА 5А","= ШАМПОАН ШАУМА 250МЛ КЛАСИК ЦВЯТ И БЛЯСЪК","021890","82","3.27","2.24"
"00182","СУПЕРМАРКЕТ СИДИ - УЛ. ПЕТРОВА НИВА 5А","= ШАМПОАН ШАУМА 250МЛ КЛАСИК МЪЖКИ","021955","82","3.27",""
"00182","СУПЕРМАРКЕТ СИДИ - УЛ. ПЕТРОВА НИВА 5А","= ВЛАЖНИ КЪРПИ БЕЙБИ КРЕМА 72БР ЛАЙКА БИОРАЗГРАДИМИ","022001","84","1.69",""
"00182","СУПЕРМАРКЕТ СИДИ - УЛ. ПЕТРОВА НИВА 5А","= ТОАЛ ХАРТИЯ ЕМЕКА 8БР БЯЛА БЕЗ АРОМАТ","022024","85","2.81","2.24"
"00182","СУПЕРМАРКЕТ СИДИ - УЛ. ПЕТРОВА НИВА 5А","= ТОАЛ ХАРТИЯ ЕМЕКА 8БР ПАРАДАЙС/ЛИЛАВА/","022086","85","2.81","2.24"
"00182","СУПЕРМАРКЕТ СИДИ - УЛ. ПЕТРОВА НИВА 5А","= ВЛАЖНИ КЪРПИ АГИВА 15БР ФРЕШ ФРУКТО","022097","84","0.59",""
"00182","СУПЕРМАРКЕТ СИДИ - УЛ. ПЕТРОВА НИВА 5А","= МОКРИ КЪРПИ ФРЕШМЕЙКЪР 72БР КЛАСИК АЛОЕ ВЕРА","022150","84","1.05",""
"00182","СУПЕРМАРКЕТ СИДИ - УЛ. ПЕТРОВА НИВА 5А","= МОКРИ КЪРПИ КОТОН СОФТ 100БР ЛАЙКА/ЛАВАНДУЛА С КАПАК","022254","84","1.30",""
"00182","СУПЕРМАРКЕТ СИДИ - УЛ. ПЕТРОВА НИВА 5А","= МОКРИ КЪРПИ ФРЕШМЕЙКЪР КОКОС И БАДЕМ КАПАК 144БР","022358","84","1.61",""
"00182","СУПЕРМАРКЕТ СИДИ - УЛ. ПЕТРОВА НИВА 5А","= ВЛАЖНИ КЪРПИ БЕЙБИ КРЕМА 72БР ПЛЕЙ ТАЙМ ЗЕЛЕН/ЛИЛАВ","022427","84","1.51",""
"00182","СУПЕРМАРКЕТ СИДИ - УЛ. ПЕТРОВА НИВА 5А","= МОКРИ КЪРПИ ТЕО БЕБЕ 72БР ЛАВАНДУЛА","022431","84","1.35","1.32"
"00182","СУПЕРМАРКЕТ СИДИ - УЛ. ПЕТРОВА НИВА 5А","= ТОАЛ ХАРТИЯ ЗЕБРА 8БР УАЙТ СИНЯ","022522","85","3.68",""
"00182","СУПЕРМАРКЕТ СИДИ - УЛ. ПЕТРОВА НИВА 5А","= МОКРИ КЪРПИ РЕНКЛИ 72БР ПРЕМИУМ ЛАЙКА С КАПАК","022524","84","0.97",""
"00182","СУПЕРМАРКЕТ СИДИ - УЛ. ПЕТРОВА НИВА 5А","= МОКРИ КЪРПИ РЕНКЛИ 72БР ПРЕМИУМ АЛОЕ ВЕРА С КАПАК","022683","84","0.97",""
"00182","СУПЕРМАРКЕТ СИДИ - УЛ. ПЕТРОВА НИВА 5А","= МОКРИ КЪРПИ ФРЕШМЕЙКЪР 15БР АНТИБАКТЕРИАЛНИ","022709","84","0.30",""
"00182","СУПЕРМАРКЕТ СИДИ - УЛ. ПЕТРОВА НИВА 5А","= МОКРИ КЪРПИ МИМИ 15БР","022737","84","0.28",""
"00182","СУПЕРМАРКЕТ СИДИ - УЛ. ПЕТРОВА НИВА 5А","= ТОАЛ ХАРТИЯ ЗЕБРА 8БР ПАРФЮМ ЛИЛАВА","022753","85","3.68",""
"00182","СУПЕРМАРКЕТ СИДИ - УЛ. ПЕТРОВА НИВА 5А","= МОКРИ КЪРПИ РЕНКЛИ 20БР КИДС/БЕЙБИ","022815","84","0.54",""
"00182","СУПЕРМАРКЕТ СИДИ - УЛ. ПЕТРОВА НИВА 5А","= ВЛАЖНИ КЪРПИ БОЧКО 84БР ПАМУК И НЕВЕН","022842","84","1.78",""
"00182","СУПЕРМАРКЕТ СИДИ - УЛ. ПЕТРОВА НИВА 5А","= МАСЛИНИ ЗЕЛЕНИ 181-200 ДЖЪМБО","023659","62","5.52",""
"00182","СУПЕРМАРКЕТ СИДИ - УЛ. ПЕТРОВА НИВА 5А","= ЦИГАРИ МЕРИЛИН СЛИМ БЛУ","024048","78","3.17",""
"00182","СУПЕРМАРКЕТ СИДИ - УЛ. ПЕТРОВА НИВА 5А","= ЦИГАРИ МЕРИЛИН СЛИМ ПИНК","024057","78","3.17",""
"00182","СУПЕРМАРКЕТ СИДИ - УЛ. ПЕТРОВА НИВА 5А","= ЦИГАРИ ЕЛЛА СЛИМС","024066","78","3.17",""
"00182","СУПЕРМАРКЕТ СИДИ - УЛ. ПЕТРОВА НИВА 5А","= ЦИГАРИ КИНГ 100 РЕД","024216","78","3.07",""
"00182","СУПЕРМАРКЕТ СИДИ - УЛ. ПЕТРОВА НИВА 5А","= ЦИГАРИ КИНГ 100 СКАЙ БЛУ","024238","78","3.17",""
"00182","СУПЕРМАРКЕТ СИДИ - УЛ. ПЕТРОВА НИВА 5А","= ЦИГАРИ КОРСЕТ СУПЕР СЛИМ ЛИЛАВ","024273","78","3.43",""
"00182","СУПЕРМАРКЕТ СИДИ - УЛ. ПЕТРОВА НИВА 5А","= ЦИГАРИ МЕРИЛИН ПЛЮС 100 ПИНК","024666","78","3.22",""
"00182","СУПЕРМАРКЕТ СИДИ - УЛ. ПЕТРОВА НИВА 5А","= ЦИГАРИ ЕССЕ СЛИМС РЕД","024714","78","3.58",""
"00182","СУПЕРМАРКЕТ СИДИ - УЛ. ПЕТРОВА НИВА 5А","= ЦИГАРИ ЕССЕ СЛИМС БЛУ","024715","78","3.58",""
"00182","СУПЕРМАРКЕТ СИДИ - УЛ. ПЕТРОВА НИВА 5А","= ЧЕТКА ЗА ЗЪБИ КОЛГЕЙТ 1+1 ЕКСТРА КЛИЙН","025150","80","1.63",""
"00182","СУПЕРМАРКЕТ СИДИ - УЛ. ПЕТРОВА НИВА 5А","= ЧЕТКА ЗА ЗЪБИ КОЛГЕЙТ 360° МЕДИУМ","025452","80","4.29","3.68"
"00182","СУПЕРМАРКЕТ СИДИ - УЛ. ПЕТРОВА НИВА 5А","= ЧЕТКА ЗА ЗЪБИ КОЛГЕЙТ ЗИГ-ЗАГ","025612","80","2.04",""
"00182","СУПЕРМАРКЕТ СИДИ - УЛ. ПЕТРОВА НИВА 5А","= ЧЕТКА ЗА ЗЪБИ АКВАФРЕШ ДУО КЛИЙН ФЛЕКС","025918","80","2.91","2.19"
"00182","СУПЕРМАРКЕТ СИДИ - УЛ. ПЕТРОВА НИВА 5А","= ЧЕТКА ЗА ЗЪБИ АСТЕРА АКТИВ 3 МЕДИУМ","025943","80","0.92",""
"00182","СУПЕРМАРКЕТ СИДИ - УЛ. ПЕТРОВА НИВА 5А","= ВРАТ СВИНСКИ С КОСТ ОХЛ","030147","21","6.85",""
"00182","СУПЕРМАРКЕТ СИДИ - УЛ. ПЕТРОВА НИВА 5А","= МЕСО СВИНСКО ЗА ГОТВЕНЕ ОХЛ","030155","22","6.60",""
"00182","СУПЕРМАРКЕТ СИДИ - УЛ. ПЕТРОВА НИВА 5А","= СКУМРИЯ СТЕЙТКОМ 3/5 НОРВЕГИЯ ЗАМР","030265","29","5.47",""
"00182","СУПЕРМАРКЕТ СИДИ - УЛ. ПЕТРОВА НИВА 5А","= СКУМРИЯ СТЕЙТКОМ НОРВЕГИЯ 4/6 ЗАМР","030286","29","7.00",""
"00182","СУПЕРМАРКЕТ СИДИ - УЛ. ПЕТРОВА НИВА 5А","= СКУМРИЯ СТЕЙТКОМ ФИЛЕ","030303","29","9.97",""
"00182","СУПЕРМАРКЕТ СИДИ - УЛ. ПЕТРОВА НИВА 5А","= ПЛЕШКА СВИНСКА ОХЛ","030365","18","6.60",""
"00182","СУПЕРМАРКЕТ СИДИ - УЛ. ПЕТРОВА НИВА 5А","= БУТ СВИНСКИ БЕЗ КОСТ ОХЛ","030366","19","6.34",""
"00182","СУПЕРМАРКЕТ СИДИ - УЛ. ПЕТРОВА НИВА 5А","= БУТЧЕ ПИЛЕШКО ОХЛ","030534","17","2.79",""
"00182","СУПЕРМАРКЕТ СИДИ - УЛ. ПЕТРОВА НИВА 5А","= КАЙМА МОНТИ МЕС 60/40","030693","25","7.98",""
"00182","СУПЕРМАРКЕТ СИДИ - УЛ. ПЕТРОВА НИВА 5А","= ФИЛЕ ПИЛЕШКО БЕЗ КОЖА ОХЛ","030806","16","8.75",""
"00182","СУПЕРМАРКЕТ СИДИ - УЛ. ПЕТРОВА НИВА 5А","= СИРЕНЕ КРАВЕ КИСЕЛОВО****","040002","8","7.51","6.49"
"00182","СУПЕРМАРКЕТ СИДИ - УЛ. ПЕТРОВА НИВА 5А","= КАШКАВАЛ КРАВЕ АРАЧИЕВИ","040018","10","10.97",""
"00182","СУПЕРМАРКЕТ СИДИ - УЛ. ПЕТРОВА НИВА 5А","= ШУНКА КЕН 300ГР","040057","27","2.99","2.40"
"00182","СУПЕРМАРКЕТ СИДИ - УЛ. ПЕТРОВА НИВА 5А","= КАШКАВАЛ РАВНОГОР 250ГР КОСИЧКА","040151","11","4.09",""
"00182","СУПЕРМАРКЕТ СИДИ - УЛ. ПЕТРОВА НИВА 5А","= ШПЕК ЕЛКО МЕС БУРГАС ГАСТРО","040174","28","10.73",""
"00182","СУПЕРМАРКЕТ СИДИ - УЛ. ПЕТРОВА НИВА 5А","= ШУНКА ЛЕКИ 300ГР КЛАСИК","040239","27","2.91",""
"00182","СУПЕРМАРКЕТ СИДИ - УЛ. ПЕТРОВА НИВА 5А","= ШПЕК МАЙСТОРСКИ БУРГАС","040378","28","11.09",""
"00182","СУПЕРМАРКЕТ СИДИ - УЛ. ПЕТРОВА НИВА 5А","= КОЛБАС КАМЧИЯ НАРОДЕН 320ГР","040416","27","1.79","1.58"
"00182","СУПЕРМАРКЕТ СИДИ - УЛ. ПЕТРОВА НИВА 5А","= КОЛБАС ТЕЛЕШКИ НАРОДЕН 320ГР","040417","27","1.79","1.58"
"00182","СУПЕРМАРКЕТ СИДИ - УЛ. ПЕТРОВА НИВА 5А","= КАШКАВАЛ КРАВЕ РОДОПА МИЛК","040494","10","15.31",""
"00182","СУПЕРМАРКЕТ СИДИ - УЛ. ПЕТРОВА НИВА 5А","= КАШКАВАЛ КРАВЕ ПУШЕН ТОСТ 3КГ","040513","10","7.56",""
"00182","СУПЕРМАРКЕТ СИДИ - УЛ. ПЕТРОВА НИВА 5А","= САЛАМ КАМЧИЯ ЧИЧОВЦИ 400ГР","040582","27","1.94",""
"00182","СУПЕРМАРКЕТ СИДИ - УЛ. ПЕТРОВА НИВА 5А","= САЛАМ ТЕЛЕШКИ ЧИЧОВЦИ 400ГР","040583","27","1.94",""
"00182","СУПЕРМАРКЕТ СИДИ - УЛ. ПЕТРОВА НИВА 5А","= НАДЕНИЦА ЦЪР ПЪР МЕРАКЛИЙСКА","040655","27","6.95",""
"00182","СУПЕРМАРКЕТ СИДИ - УЛ. ПЕТРОВА НИВА 5А","= ШПЕК РИЛА СУХ","040660","28","7.13",""
"00182","СУПЕРМАРКЕТ СИДИ - УЛ. ПЕТРОВА НИВА 5А","= ШПЕК МАДЖАРОВ БУРГАС Ф70","040671","28","17.28",""
"00182","СУПЕРМАРКЕТ СИДИ - УЛ. ПЕТРОВА НИВА 5А","= КАШКАВАЛ КРАВЕ РАВНОГОР 220ГР С ЧЕРВЕНИ БОРОВИНКИ","040816","11","3.40",""
"00182","СУПЕРМАРКЕТ СИДИ - УЛ. ПЕТРОВА НИВА 5А","= СИРЕНЕ КРАВЕ ПРЕСНОСОЛНО","040908","8","8.13",""
"00182","СУПЕРМАРКЕТ СИДИ - УЛ. ПЕТРОВА НИВА 5А","= СИРЕНЕ КРАВЕ ВЕРЕЯ 200ГР ВАКУУМ","040932","9","3.25",""
"00182","СУПЕРМАРКЕТ СИДИ - УЛ. ПЕТРОВА НИВА 5А","= СИРЕНЕ КРАВЕ ВЕРЕЯ 400ГР ВАКУУМ","040934","9","5.16",""
"00182","СУПЕРМАРКЕТ СИДИ - УЛ. ПЕТРОВА НИВА 5А","= СИРЕНЕ КРАВЕ ДОБРОТИЦА 800ГР БЯЛА ЛЯСТОВИЦА","041008","9","10.73",""
"00182","СУПЕРМАРКЕТ СИДИ - УЛ. ПЕТРОВА НИВА 5А","= ИЗВАРА ДЕСТАН ПЛИК КЕТЪРИНГ","041047","13","2.79",""
"00182","СУПЕРМАРКЕТ СИДИ - УЛ. ПЕТРОВА НИВА 5А","= ШПЕК НАРОДЕН ~800ГР ГАСТРО","041127","28","10.22",""
"00182","СУПЕРМАРКЕТ СИДИ - УЛ. ПЕТРОВА НИВА 5А","= КАШКАВАЛ КРАВЕ РАВНОГОР 220ГР ПУШЕН","041144","11","3.40",""
"00182","СУПЕРМАРКЕТ СИДИ - УЛ. ПЕТРОВА НИВА 5А","= СИРЕНЕ КРАВЕ КАМАДЖИЕВ","041271","8","6.85","6.59"
"00182","СУПЕРМАРКЕТ СИДИ - УЛ. ПЕТРОВА НИВА 5А","= КАШКАВАЛ КРАВЕ СМИЛЯН ПИТА","041433","10","15.31",""
"00182","СУПЕРМАРКЕТ СИДИ - УЛ. ПЕТРОВА НИВА 5А","= ШПЕК КОЛБАСО АЛБЕНА НЕВАКУУМ","041524","28","7.26","6.28"
"00182","СУПЕРМАРКЕТ СИДИ - УЛ. ПЕТРОВА НИВА 5А","= ШУНКА БИС В ЕСТЕСТВЕНО ЧЕРВО","041539","27","7.46",""
"00182","СУПЕРМАРКЕТ СИДИ - УЛ. ПЕТРОВА НИВА 5А","= СИРЕНЕ КРАВЕ БОЛЯРКА /7.5/","041710","8","5.31",""
"00182","СУПЕРМАРКЕТ СИДИ - УЛ. ПЕТРОВА НИВА 5А","= КАШКАВАЛ КРАВЕ МЛЕКОВИТА ТОСТ","041907","10","9.82","8.12"
"00182","СУПЕРМАРКЕТ СИДИ - УЛ. ПЕТРОВА НИВА 5А","= КАШКАВАЛ КРАВЕ ВЕРЕЯ 200ГР ВАКУУМ","042007","11","3.93",""
"00182","СУПЕРМАРКЕТ СИДИ - УЛ. ПЕТРОВА НИВА 5А","= НАДЕНИЦА БОНИ ЛУКАНКОВА УДИВИТЕЛНА","042093","27","8.58",""
"00182","СУПЕРМАРКЕТ СИДИ - УЛ. ПЕТРОВА НИВА 5А","= ШПЕК ЕЛКО МЕС ДЕЛИКАТЕСЕН ВАКУУМ","042304","28","15.95",""
"00182","СУПЕРМАРКЕТ СИДИ - УЛ. ПЕТРОВА НИВА 5А","= КАШКАВАЛ КРАВЕ БРАТЯ ПЕЕВИ ДОМАШЕН","042383","10","11.24",""
"00182","СУПЕРМАРКЕТ СИДИ - УЛ. ПЕТРОВА НИВА 5А","= СИРЕНЕ КРАВЕ ПРЕЗИДЕНТ 250ГР САЛАКИС","042515","9","4.60",""
"00182","СУПЕРМАРКЕТ СИДИ - УЛ. ПЕТРОВА НИВА 5А","= ШПЕК КФМ 220ГР БУРГАС СУХ****","042583","28","4.14",""
"00182","СУПЕРМАРКЕТ СИДИ - УЛ. ПЕТРОВА НИВА 5А","= ШПЕК МОЛЕРИТЕ 220ГР ДОМАШЕН****","042637","28","4.49",""
"00182","СУПЕРМАРКЕТ СИДИ - УЛ. ПЕТРОВА НИВА 5А","= ШПЕК ПЕРЕЛИК 230ГР СУХ ВАКУУМ","042727","28","2.94",""
"00182","СУПЕРМАРКЕТ СИДИ - УЛ. ПЕТРОВА НИВА 5А","= СИРЕНЕ КРАВЕ ПРЕЗИДЕНТ САЛАКИС ТЕНЕКИЯ 10КГ","042737","8","8.94",""
"00182","СУПЕРМАРКЕТ СИДИ - УЛ. ПЕТРОВА НИВА 5А","= ШПЕК НАРОДЕН 220ГР КЛАСИК ВАКУУМ","042768","28","2.55",""
"00182","СУПЕРМАРКЕТ СИДИ - УЛ. ПЕТРОВА НИВА 5А","= КАШКАВАЛ КРАВЕ АЛФАТАР 280ГР В/М","042773","11","3.60",""
"00182","СУПЕРМАРКЕТ СИДИ - УЛ. ПЕТРОВА НИВА 5А","= ШОКОЛАД ШОГЕТЕН 100ГР ТЪМЕН ШОКОЛАД","070038","69","2.04",""
"00182","СУПЕРМАРКЕТ СИДИ - УЛ. ПЕТРОВА НИВА 5А","= ШОКОЛАД ШОГЕТЕН 100ГР СТРАЧИАТЕЛА","070039","69","2.04",""
"00182","СУПЕРМАРКЕТ СИДИ - УЛ. ПЕТРОВА НИВА 5А","= ШОКОЛАД ШОГЕТЕН 100ГР ТРИЛОГИЯ","070040","69","2.04",""
"00182","СУПЕРМАРКЕТ СИДИ - УЛ. ПЕТРОВА НИВА 5А","= КРОАСАНИ 7 ДЕЙС МИНИ 60ГР ТОРТЕН КРЕМ","070227","67","0.84",""
"00182","СУПЕРМАРКЕТ СИДИ - УЛ. ПЕТРОВА НИВА 5А","= КРОАСАНИ 7 ДЕЙС МИНИ 185ГР ТОРТЕН КРЕМ","070229","67","2.12",""
"00182","СУПЕРМАРКЕТ СИДИ - УЛ. ПЕТРОВА НИВА 5А","= КРОАСАНИ 7 ДЕЙС МИНИ 185ГР ШОКОЛАД","070230","67","2.12",""
"00182","СУПЕРМАРКЕТ СИДИ - УЛ. ПЕТРОВА НИВА 5А","= КРОАСАН 7 ДЕЙС 92ГР КРЕМ БРЮЛЕ","070233","67","0.84","0.69"
"00182","СУПЕРМАРКЕТ СИДИ - УЛ. ПЕТРОВА НИВА 5А","= КРОАСАН 7 ДЕЙС 92ГР ШОКОЛАД","070234","67","0.84","0.69"
"00182","СУПЕРМАРКЕТ СИДИ - УЛ. ПЕТРОВА НИВА 5А","= КРОАСАН ЛОТО 110ГР КАКАО И ЛЕШНИК","070372","67","0.78",""
"00182","СУПЕРМАРКЕТ СИДИ - УЛ. ПЕТРОВА НИВА 5А","= КРОАСАН ЛОТО 110ГР КАКАО И ВАНИЛИЯ","070373","67","0.78",""
"00182","СУПЕРМАРКЕТ СИДИ - УЛ. ПЕТРОВА НИВА 5А","= КРОАСАН ЛОТО 110ГР ВАНИЛИЯ И ЧЕРЕША","070374","67","0.78",""
"00182","СУПЕРМАРКЕТ СИДИ - УЛ. ПЕТРОВА НИВА 5А","= КРОАСАН ЛОТО 110ГР С ВКУС ШАМПАНСКО","070432","67","0.78",""
"00182","СУПЕРМАРКЕТ СИДИ - УЛ. ПЕТРОВА НИВА 5А","= ШОКОЛАД ЛАКМИ 90ГР МЛЕЧЕН","070630","69","1.89",""
"00182","СУПЕРМАРКЕТ СИДИ - УЛ. ПЕТРОВА НИВА 5А","= ШОКОЛАД ШОГЕТЕН 100ГР МЛЕЧЕН","070851","69","2.04",""
"00182","СУПЕРМАРКЕТ СИДИ - УЛ. ПЕТРОВА НИВА 5А","= БИСКВИТИ РОДЕН КРАЙ 120ГР ОБИКНОВЕНИ","070881","66","0.74","0.55"
"00182","СУПЕРМАРКЕТ СИДИ - УЛ. ПЕТРОВА НИВА 5А","= ШОКОЛАД ЛАКМИ 85ГР АЕРО С МЛЕЧЕН ПЪЛНЕЖ И КРИСПИ","070943","69","1.64",""
"00182","СУПЕРМАРКЕТ СИДИ - УЛ. ПЕТРОВА НИВА 5А","= ШОКОЛАД ФЕРЕРО РОШЕ 90ГР МЛЕЧЕН С ЛЕШНИЦИ","070991","69","2.96",""
"00182","СУПЕРМАРКЕТ СИДИ - УЛ. ПЕТРОВА НИВА 5А","= ШОКОЛАД ФЕРЕРО РОШЕ 90ГР ТЪМЕН С ЛЕШНИЦИ","070993","69","2.96",""
"00182","СУПЕРМАРКЕТ СИДИ - УЛ. ПЕТРОВА НИВА 5А","= ШОКОЛАД РАФАЕЛО 90ГР","070994","69","2.96",""
"00182","СУПЕРМАРКЕТ СИДИ - УЛ. ПЕТРОВА НИВА 5А","= ШОКОЛАД ЛИНД 100ГР ЛИНДОР НАТУРАЛЕН 60%","071050","69","3.66",""
"00182","СУПЕРМАРКЕТ СИДИ - УЛ. ПЕТРОВА НИВА 5А","= КРОАСАН 7 ДЕЙС 92ГР ВАНИЛОВ КРЕМ С БИСКВИТИ","072076","67","0.84","0.69"
"00182","СУПЕРМАРКЕТ СИДИ - УЛ. ПЕТРОВА НИВА 5А","= КРОАСАН 7 ДЕЙС 92ГР  ДУБЪЛ  ВАНИЛИЯ И ВИШНА","072078","67","0.84","0.69"
"00182","СУПЕРМАРКЕТ СИДИ - УЛ. ПЕТРОВА НИВА 5А","= ШОКОЛАД ШОГЕТЕН 100ГР МЛЕЧЕН ДЕТСКИ","072486","69","2.04",""
"00182","СУПЕРМАРКЕТ СИДИ - УЛ. ПЕТРОВА НИВА 5А","= ШОКОЛАД КРАФТ 80ГР СИН ЛЕШНИЦИ","072650","69","1.48","1.12"
"00182","СУПЕРМАРКЕТ СИДИ - УЛ. ПЕТРОВА НИВА 5А","= ШОКОЛАД КРАФТ 80ГР СИН ЛЕШНИК И СТАФИДА","072651","69","1.48","1.12"
"00182","СУПЕРМАРКЕТ СИДИ - УЛ. ПЕТРОВА НИВА 5А","= КРОАСАН 7 ДЕЙС СУПЕР МАКС 110ГР КАКАО","073004","67","1.07",""
"00182","СУПЕРМАРКЕТ СИДИ - УЛ. ПЕТРОВА НИВА 5А","= ШОКОЛАД КРАФТ 80ГР СИН МЛЕЧЕН","073113","69","1.48","1.12"
"00182","СУПЕРМАРКЕТ СИДИ - УЛ. ПЕТРОВА НИВА 5А","= КРОАСАН 7 ДЕЙС 92ГР ЛЕШНИК И КАКАО","073479","67","0.84","0.69"
"00182","СУПЕРМАРКЕТ СИДИ - УЛ. ПЕТРОВА НИВА 5А","= ШОКОЛАД МИЛКА 100ГР ОРЕО","073504","69","2.53","1.76"
"00182","СУПЕРМАРКЕТ СИДИ - УЛ. ПЕТРОВА НИВА 5А","= КРОАСАН 7 ДЕЙС 92ГР ДУБЪЛ  ЯГОДА И ВАНИЛИЯ","073802","67","0.84","0.69"
"00182","СУПЕРМАРКЕТ СИДИ - УЛ. ПЕТРОВА НИВА 5А","= ШОКОЛАД МИЛКА 90ГР ЛОТУС БИСКОФ","074284","69","2.53","1.76"
"00182","СУПЕРМАРКЕТ СИДИ - УЛ. ПЕТРОВА НИВА 5А","= ШОКОЛАД ЛОАКЕР 87ГР МИЛК","074369","69","2.53",""
"00182","СУПЕРМАРКЕТ СИДИ - УЛ. ПЕТРОВА НИВА 5А","= ШОКОЛАД МИЛКА 100ГР ОРЕО БЯЛ","075490","69","2.53","1.76"
"00182","СУПЕРМАРКЕТ СИДИ - УЛ. ПЕТРОВА НИВА 5А","= ШОКОЛАД ЛОАКЕР 85ГР НЕАПОЛИТАНЕР","075723","69","2.53",""
"00182","СУПЕРМАРКЕТ СИДИ - УЛ. ПЕТРОВА НИВА 5А","= ШОКОЛАД МИЛКА 92ГР ОРЕО САНДВИЧ","075724","69","2.53","1.76"
"00182","СУПЕРМАРКЕТ СИДИ - УЛ. ПЕТРОВА НИВА 5А","= КАФЕ ДЖОРДАНИ 200ГР ФИНО МЛЯНО КЛАСИК","090015","70","3.57",""
"00182","СУПЕРМАРКЕТ СИДИ - УЛ. ПЕТРОВА НИВА 5А","= БРАШНО ТОПАЗ МЕЛ 1КГ ЕКСТРА","100027","41","1.00",""
"00182","СУПЕРМАРКЕТ СИДИ - УЛ. ПЕТРОВА НИВА 5А","= ОЛИО КЛАС 1Л","100053","42","1.92",""
"00182","СУПЕРМАРКЕТ СИДИ - УЛ. ПЕТРОВА НИВА 5А","= ЗАХАР ГО СЛАДЕЯ 1КГ","100131","38","1.10",""
"00182","СУПЕРМАРКЕТ СИДИ - УЛ. ПЕТРОВА НИВА 5А","= ОРИЗ ЕМОНА 1КГ БИСЕРЕН","100305","35","2.63",""
"00182","СУПЕРМАРКЕТ СИДИ - УЛ. ПЕТРОВА НИВА 5А","= ОЦЕТ ФАМИЛЕКС 700МЛ ЯБЪЛКОВ","100338","45","1.32",""
"00182","СУПЕРМАРКЕТ СИДИ - УЛ. ПЕТРОВА НИВА 5А","= ОРИЗ КРЪСТЕВ 1КГ БИСЕРЕН","100358","35","2.02",""
"00182","СУПЕРМАРКЕТ СИДИ - УЛ. ПЕТРОВА НИВА 5А","= ПАСТА ПЕНЕ 20 МОЛИСАНА 500ГР","100377","36","1.46",""
"00182","СУПЕРМАРКЕТ СИДИ - УЛ. ПЕТРОВА НИВА 5А","= КУС КУС ДЕРОНИ 400ГР","100416","36","1.02","0.93"
"00182","СУПЕРМАРКЕТ СИДИ - УЛ. ПЕТРОВА НИВА 5А","= МАКАРОНИ ДЕРОНИ 400ГР ЗВЕЗДИЧКИ","100417","36","1.02","0.93"
"00182","СУПЕРМАРКЕТ СИДИ - УЛ. ПЕТРОВА НИВА 5А","= МАСЛИНОВО МАСЛО МУЕЛОЛИВА 1Л ЕКСТРА ВЪРДЖИН КЛАСИК","100483","43","10.58",""
"00182","СУПЕРМАРКЕТ СИДИ - УЛ. ПЕТРОВА НИВА 5А","= МАСЛИНОВО МАСЛО МУЕЛОЛИВА 1Л ЕКСТРА ВЪРДЖИН /ПИКУДА/","100484","43","11.70",""
"00182","СУПЕРМАРКЕТ СИДИ - УЛ. ПЕТРОВА НИВА 5А","= БОБ ФАМИЛЕКС 570ГР/400ГР ЧЕРВЕН БУРКАН","100754","46","1.66",""
"00182","СУПЕРМАРКЕТ СИДИ - УЛ. ПЕТРОВА НИВА 5А","= ОЦЕТ ФАМИЛЕКС 700МЛ ВИНЕН","100774","44","1.27",""
"00182","СУПЕРМАРКЕТ СИДИ - УЛ. ПЕТРОВА НИВА 5А","= СОЛ ФАМИЛЕКС 1КГ ЕКСТРА ТРАПЕЗНА","100782","39","0.59",""
"00182","СУПЕРМАРКЕТ СИДИ - УЛ. ПЕТРОВА НИВА 5А","= БОБ ФАМИЛЕКС 400ГР МИКС КУТИЯ","100844","46","0.89",""
"00182","СУПЕРМАРКЕТ СИДИ - УЛ. ПЕТРОВА НИВА 5А","= МАКАРОНИ ДЕРОНИ 400ГР ПЕНЕ РИГАТЕ ПЪЛНОЗЪРНЕСТИ","100989","36","1.27",""
"00182","СУПЕРМАРКЕТ СИДИ - УЛ. ПЕТРОВА НИВА 5А","= ДОМАТ КУБЧЕ 400ГР. НОВИ","110011","48","0.97","0.69"
"00182","СУПЕРМАРКЕТ СИДИ - УЛ. ПЕТРОВА НИВА 5А","= БОБ КРЪСТЕВ 540ГР БЯЛ БУРКАН","110430","46","1.46",""
"00182","СУПЕРМАРКЕТ СИДИ - УЛ. ПЕТРОВА НИВА 5А","= ДОМАТИ ДЕ ЧЕКО 400ГР КОНСЕРВА ПАРЧЕНЦА","110709","48","1.61",""
"00182","СУПЕРМАРКЕТ СИДИ - УЛ. ПЕТРОВА НИВА 5А","= ДОМАТИ ДЕ ЧЕКО 690ГР С ЛУК И БОСИЛЕК МЛЕНИ","110910","48","3.25",""
"00182","СУПЕРМАРКЕТ СИДИ - УЛ. ПЕТРОВА НИВА 5А","= ДОМАТИ ДЕ ЧЕКО 400ГР КОНСЕРВА БЕЛЕНИ ПЕЛАТИ","110911","48","1.61",""
"00182","СУПЕРМАРКЕТ СИДИ - УЛ. ПЕТРОВА НИВА 5А","= ЛЮТЕНИЦА СЕЛЦЕ 580ГР ТРАДИЦИОННА","111196","49","2.07",""
"00182","СУПЕРМАРКЕТ СИДИ - УЛ. ПЕТРОВА НИВА 5А","= ЛЮТЕНИЦА СЕЛЦЕ 570ГР ЕДРОСМЛЯНА","111240","49","2.84",""
"00182","СУПЕРМАРКЕТ СИДИ - УЛ. ПЕТРОВА НИВА 5А","= ДОМАТИ ОБЕРОН 400ГР ЦЕЛИ БЕЛЕНИ","111839","48","0.95",""
"00182","СУПЕРМАРКЕТ СИДИ - УЛ. ПЕТРОВА НИВА 5А","= ЛЮТЕНИЦА СЕЛЦЕ 570ГР ДОМАШНА","111844","49","2.48",""
"00182","СУПЕРМАРКЕТ СИДИ - УЛ. ПЕТРОВА НИВА 5А","= БОБ МАСЛЕН 400ГР НОВИ МК","111889","46","0.97",""
"00182","СУПЕРМАРКЕТ СИДИ - УЛ. ПЕТРОВА НИВА 5А","= ЛЮТЕНИЦА ОЛИНЕЗА 520ГР ОЛИНЕЗКО","112137","49","3.14",""
"00182","СУПЕРМАРКЕТ СИДИ - УЛ. ПЕТРОВА НИВА 5А","= ДОМАТИ ОБЕРОН 400ГР НА КУБЧЕТА БЕЛЕНИ","112191","48","0.95",""
"00182","СУПЕРМАРКЕТ СИДИ - УЛ. ПЕТРОВА НИВА 5А","= ОЦЕТ ОБЕРОН 700МЛ ЯБЪЛКОВ","112511","45","1.48",""
"00182","СУПЕРМАРКЕТ СИДИ - УЛ. ПЕТРОВА НИВА 5А","= ОЦЕТ ОБЕРОН 700МЛ ВИНЕН","112512","44","1.32",""
"00182","СУПЕРМАРКЕТ СИДИ - УЛ. ПЕТРОВА НИВА 5А","= БОБ ФАМИЛЕКС 570ГР БЯЛ БУРКАН","112581","46","1.46",""
"00182","СУПЕРМАРКЕТ СИДИ - УЛ. ПЕТРОВА НИВА 5А","= ИЗВАРА ОЛИМПУС 400ГР","130001","14","2.17",""
"00182","СУПЕРМАРКЕТ СИДИ - УЛ. ПЕТРОВА НИВА 5А","= КИС МЛЯКО ВЕРЕЯ 400ГР 3.6%","130057","7","0.86",""
"00182","СУПЕРМАРКЕТ СИДИ - УЛ. ПЕТРОВА НИВА 5А","= КИС МЛЯКО ВЕРЕЯ 400ГР 2.0%","130148","7","0.79",""
"00182","СУПЕРМАРКЕТ СИДИ - УЛ. ПЕТРОВА НИВА 5А","= ЯЙЦА РАЗМЕР L РАДОСТ 6БР","130324","32","1.65",""
"00182","СУПЕРМАРКЕТ СИДИ - УЛ. ПЕТРОВА НИВА 5А","= МАСЛО ДОЙЧ 250ГР 82% ЗЛАТНО ФОЛИО","130329","12","3.78",""
"00182","СУПЕРМАРКЕТ СИДИ - УЛ. ПЕТРОВА НИВА 5А","= КИС МЛЯКО ДОБРОТИЦА 500ГР 3.6%","130476","7","1.02",""
"00182","СУПЕРМАРКЕТ СИДИ - УЛ. ПЕТРОВА НИВА 5А","= ЯЙЦА РАЗМЕР L РАДОСТ 10БР","130480","32","2.75",""
"00182","СУПЕРМАРКЕТ СИДИ - УЛ. ПЕТРОВА НИВА 5А","= ЯЙЦА РАЗМЕР М РАДОСТ 10БР","130666","31","2.55",""
"00182","СУПЕРМАРКЕТ СИДИ - УЛ. ПЕТРОВА НИВА 5А","= ЯЙЦА РАЗМЕР М РАДОСТ 6БР","130667","31","1.58",""
"00182","СУПЕРМАРКЕТ СИДИ - УЛ. ПЕТРОВА НИВА 5А","= КИС МЛЯКО БОЛЯРКА 500ГР 2.0%","130869","7","0.61",""
"00182","СУПЕРМАРКЕТ СИДИ - УЛ. ПЕТРОВА НИВА 5А","= КИС МЛЯКО БОЛЯРКА 500ГР 3.6%","130870","7","0.64",""
"00182","СУПЕРМАРКЕТ СИДИ - УЛ. ПЕТРОВА НИВА 5А","= КИС МЛЯКО АЛФАТАР 400ГР 3,6%","130886","7","0.69",""
"00182","СУПЕРМАРКЕТ СИДИ - УЛ. ПЕТРОВА НИВА 5А","= ПР МЛЯКО МЛЕКОВИТА 1Л УХТ 3.2%","130958","6","1.41",""
"00182","СУПЕРМАРКЕТ СИДИ - УЛ. ПЕТРОВА НИВА 5А","= КИС МЛЯКО БОЖЕНЦИ 400ГР БДС 3.6%","131524","7","0.89","0.82"
"00182","СУПЕРМАРКЕТ СИДИ - УЛ. ПЕТРОВА НИВА 5А","= СОВИНЬОН БЛАН 750МЛ ЕЙНДЖЪЛ СТЕЛЛИОН","160015","75","9.61","8.16"
"00182","СУПЕРМАРКЕТ СИДИ - УЛ. ПЕТРОВА НИВА 5А","= СОВИНЬОН БЛАН 750МЛ СТАРОСЕЛ /6556/","160020","75","10.99",""
"00182","СУПЕРМАРКЕТ СИДИ - УЛ. ПЕТРОВА НИВА 5А","= СОВИНЬОН БЛАН 750МЛ ПЕНТАГРАМ ПОМОРИЕ /6864/","160068","75","6.11","5.09"
"00182","СУПЕРМАРКЕТ СИДИ - УЛ. ПЕТРОВА НИВА 5А","= ВИНО ГЪМЗА 750МЛ СУХИНДОЛ /155/","160207","76","4.03",""
"00182","СУПЕРМАРКЕТ СИДИ - УЛ. ПЕТРОВА НИВА 5А","= ШАРДОНЕ 750МЛ ФРУТИНО ПРАСКОВА И МАНГО /7056/","160211","75","4.60","3.76"
"00182","СУПЕРМАРКЕТ СИДИ - УЛ. ПЕТРОВА НИВА 5А","= МЕРЛО 750МЛ ФРУТИНО БОРОВИНКА И МАЛИНА","160221","76","4.60","3.76"
"00182","СУПЕРМАРКЕТ СИДИ - УЛ. ПЕТРОВА НИВА 5А","= СОВИНЬОН БЛАН 750МЛ ФРУТИНО МАРАКУЯ И КИВИ /8508/","160280","75","4.42",""
"00182","СУПЕРМАРКЕТ СИДИ - УЛ. ПЕТРОВА НИВА 5А","= ШАРДОНЕ 750МЛ ЕЙНДЖЪЛ","160284","75","6.44","5.62"
"00182","СУПЕРМАРКЕТ СИДИ - УЛ. ПЕТРОВА НИВА 5А","= СОВИНЬОН БЛАН 750МЛ ЕЙНДЖЪЛ","160285","75","6.44","5.62"
"00182","СУПЕРМАРКЕТ СИДИ - УЛ. ПЕТРОВА НИВА 5А","= КАБЕРНЕ ФРАН 750МЛ ЕЙНДЖЪЛ СТЕЛЛИОН","160286","76","9.61","8.16"
"00182","СУПЕРМАРКЕТ СИДИ - УЛ. ПЕТРОВА НИВА 5А","= СОВИНЬОН БЛАН 750МЛ ШЕВАЛ ДЕ КАТАРЖИНА","160334","75","6.13",""
"00182","СУПЕРМАРКЕТ СИДИ - УЛ. ПЕТРОВА НИВА 5А","= МЕРЛО 750МЛ БОЛГАРЕ","160345","76","4.01",""
"00182","СУПЕРМАРКЕТ СИДИ - УЛ. ПЕТРОВА НИВА 5А","= МУСКАТ 750МЛ БОЛГАРЕ","160346","75","4.01",""
"00182","СУПЕРМАРКЕТ СИДИ - УЛ. ПЕТРОВА НИВА 5А","= СИРА 750МЛ ЕЙНДЖЪЛ СТЕЛЛИОН","160393","76","9.61","8.16"
"00182","СУПЕРМАРКЕТ СИДИ - УЛ. ПЕТРОВА НИВА 5А","= САПУН МОНАЛИЗА 125ГР ПАРИЖ","200016","83","0.59",""
"00182","СУПЕРМАРКЕТ СИДИ - УЛ. ПЕТРОВА НИВА 5А","= САПУН МОНАЛИЗА 125ГР МОСКВА","200017","83","0.59",""
"00182","СУПЕРМАРКЕТ СИДИ - УЛ. ПЕТРОВА НИВА 5А","= САПУН МОНАЛИЗА 125ГР НЮ ЙОРК","200018","83","0.59",""
"00182","СУПЕРМАРКЕТ СИДИ - УЛ. ПЕТРОВА НИВА 5А","= САПУН МОНАЛИЗА 125ГР РИМ","200019","83","0.59",""
"00182","СУПЕРМАРКЕТ СИДИ - УЛ. ПЕТРОВА НИВА 5А","= САПУН БЕЙБИ КРЕМА 75ГР КРЕМ АЛОЕ ВЕРА","200436","83","0.77",""
"00182","СУПЕРМАРКЕТ СИДИ - УЛ. ПЕТРОВА НИВА 5А","= МИЕЩ ПРЕПАРАТ ЕХО 400МЛ ЕКСПЕРТ НАР","200464","79","1.46","1.25"
"00182","СУПЕРМАРКЕТ СИДИ - УЛ. ПЕТРОВА НИВА 5А","= САПУН БОЧКО 75ГР НЕВЕН","200494","83","0.84",""
"00182","СУПЕРМАРКЕТ СИДИ - УЛ. ПЕТРОВА НИВА 5А","= КРЕМ САПУН ЗДРАВЕ 75ГР БЕБЕ","200639","83","1.28",""
"00182","СУПЕРМАРКЕТ СИДИ - УЛ. ПЕТРОВА НИВА 5А","= МИЕЩ ПРЕПАРАТ БЛЕЙЗИ 400МЛ ЦИТРУС /ЖЪЛТ/","200700","79","1.46","1.25"
"00182","СУПЕРМАРКЕТ СИДИ - УЛ. ПЕТРОВА НИВА 5А","= МИЕЩ ПРЕПАРАТ БЛЕЙЗИ 400МЛ БОРОВИНКА /ЛИЛАВ/","200701","79","1.46","1.25"
"00182","СУПЕРМАРКЕТ СИДИ - УЛ. ПЕТРОВА НИВА 5А","= ПАСТА ЗА ЗЪБИ КОЛГЕЙТ 75МЛ МАКС УАЙТ УАН","210601","81","3.73","2.96"
"00182","СУПЕРМАРКЕТ СИДИ - УЛ. ПЕТРОВА НИВА 5А","= ПАСТА ЗА ЗЪБИ БОЧКО 75МЛ РОЗОВА","210819","81","1.43",""
"00182","СУПЕРМАРКЕТ СИДИ - УЛ. ПЕТРОВА НИВА 5А","= ПАСТА ЗА ЗЪБИ БОЧКО 75МЛ СИН","210820","81","1.43",""
"00182","СУПЕРМАРКЕТ СИДИ - УЛ. ПЕТРОВА НИВА 5А","= ШАМПОАН ШАУМА 400МЛ КЛАСИК ВЪЗСТАНОВЯВАНЕ И ГРИЖА","211054","82","4.63",""
"00182","СУПЕРМАРКЕТ СИДИ - УЛ. ПЕТРОВА НИВА 5А","= ШАМПОАН ШАУМА 250МЛ ВЪЗСТАНОВЯВАНЕ И ГРИЖА","211112","82","3.27","2.24"
"00182","СУПЕРМАРКЕТ СИДИ - УЛ. ПЕТРОВА НИВА 5А","= ШАМПОАН ШАУМА 250МЛ КЛАСИК ДЕТСКИ МОМИЧЕ","211115","82","3.27","2.24"
"00182","СУПЕРМАРКЕТ СИДИ - УЛ. ПЕТРОВА НИВА 5А","= ШАМПОАН ШАУМА 250МЛ КЛАСИК ДЕТСКИ МОМЧЕ","211116","82","3.27","2.24"
"00182","СУПЕРМАРКЕТ СИДИ - УЛ. ПЕТРОВА НИВА 5А","= ПАСТА ЗА ЗЪБИ АКВАФРЕШ 75МЛ УАЙТ РЕНЮ ДИИП КЛИЙН","211180","81","3.86",""
"00182","СУПЕРМАРКЕТ СИДИ - УЛ. ПЕТРОВА НИВА 5А","= ПАСТА ЗА ЗЪБИ АКВАФРЕШ 75МЛ УАЙТ РЕНЮ ЛОНГ ЛАСТИНГ","211182","81","3.86",""
"00182","СУПЕРМАРКЕТ СИДИ - УЛ. ПЕТРОВА НИВА 5А","= ШАМПОАН НИВЕА 250МЛ ДАМСКИ ВОЛЮМ","211323","82","5.06","3.16"
"00182","СУПЕРМАРКЕТ СИДИ - УЛ. ПЕТРОВА НИВА 5А","= ШАМПОАН ХЕД ЕНД ШОУЛДЪРС 330МЛ ОКЕАН","212336","82","7.10","4.99"
"00182","СУПЕРМАРКЕТ СИДИ - УЛ. ПЕТРОВА НИВА 5А","= ШАМПОАН УОШ ЕНД ГОУ 360МЛ С/У ПЪРХОТ","212872","82","3.93","2.82"
"00182","СУПЕРМАРКЕТ СИДИ - УЛ. ПЕТРОВА НИВА 5А","= ШАМПОАН УОШ ЕНД ГОУ 360МЛ КОПРИВА","212873","82","3.93","2.82"
"00182","СУПЕРМАРКЕТ СИДИ - УЛ. ПЕТРОВА НИВА 5А","= ПАСТА ЗА ЗЪБИ АКВАФРЕШ 75+50МЛ ФРЕШ МИНТ СИНЯ","212939","81","2.91","2.19"
"00182","СУПЕРМАРКЕТ СИДИ - УЛ. ПЕТРОВА НИВА 5А","= ШАМПОАН ХЕД ЕНД ШОУЛДЪРС 250МЛ ХИДРАТИРАЩ","212951","82","5.06","3.79"
"00182","СУПЕРМАРКЕТ СИДИ - УЛ. ПЕТРОВА НИВА 5А","= ПАСТА ЗА ЗЪБИ СЕНСОДИН 75МЛ РЕПАЕР ЕНД ПРОТЕКТ УАЙТАНИНГ","214339","81","8.46","6.13"
"00182","СУПЕРМАРКЕТ СИДИ - УЛ. ПЕТРОВА НИВА 5А","= ШАМПОАН ШАУМА 400МЛ КЛАСИК ОСВЕЖИ СЕ","215033","82","4.63","2.89"
"00182","СУПЕРМАРКЕТ СИДИ - УЛ. ПЕТРОВА НИВА 5А","= ЧЕТКА ЗА ЗЪБИ ОРАЛ БИ 1+1БР ПРО 3Д УАЙТ","215935","80","3.57","2.65"
"00182","СУПЕРМАРКЕТ СИДИ - УЛ. ПЕТРОВА НИВА 5А","= ЧЕТКА ЗА ЗЪБИ ОРАЛ БИ 1+1БР ПРО ЕКСПЕРТ КЛИНИКАЛ","216138","80","4.90","3.69"
"00182","СУПЕРМАРКЕТ СИДИ - УЛ. ПЕТРОВА НИВА 5А","= ШАМПОАН ЕЛСЕВ 250МЛ ДРИЙМ ЛОНГ","216519","82","5.41","3.99"
"00182","СУПЕРМАРКЕТ СИДИ - УЛ. ПЕТРОВА НИВА 5А","= ШАМПОАН НИВЕА 250МЛ ПОДХРАНВАЩ БЛЯСЪК ХЕЪРМИЛК","216792","82","5.06","3.16"
"00182","СУПЕРМАРКЕТ СИДИ - УЛ. ПЕТРОВА НИВА 5А","= ШАМПОАН УОШ ЕНД ГОУ 360МЛ КАРИТЕ","216810","82","3.93","2.82"
"00182","СУПЕРМАРКЕТ СИДИ - УЛ. ПЕТРОВА НИВА 5А","= ШАМПОАН УОШ ЕНД ГОУ 360МЛ НАР","216811","82","3.93","2.82"
"00182","СУПЕРМАРКЕТ СИДИ - УЛ. ПЕТРОВА НИВА 5А","= ШАРДОНЕ 750МЛ БОЛГАРЕ","216833","75","3.71",""
"00182","СУПЕРМАРКЕТ СИДИ - УЛ. ПЕТРОВА НИВА 5А","= ПАСТА ЗА ЗЪБИ СЕНСОДИН 75МЛ АДВАНС КЛИЙН","216917","81","5.96","4.44"
"00182","СУПЕРМАРКЕТ СИДИ - УЛ. ПЕТРОВА НИВА 5А","= ШАМПОАН УОШ ЕНД ГОУ 360МЛ МАСЛА","217035","82","3.93","2.82"
"00182","СУПЕРМАРКЕТ СИДИ - УЛ. ПЕТРОВА НИВА 5А","= ПАСТА ЗА ЗЪБИ ПАРАДОНТАКС 75МЛ КАМПЛИЙТ ПРОТЕКШЪН","217248","81","7.15","5.36"
"00182","СУПЕРМАРКЕТ СИДИ - УЛ. ПЕТРОВА НИВА 5А","= ШАМПОАН БОТАНИК ТЕРАПИ 250МЛ ХЪНИ","217264","85","4.09","3.09"
"00182","СУПЕРМАРКЕТ СИДИ - УЛ. ПЕТРОВА НИВА 5А","= ШАМПОАН БОТАНИК ТЕРАПИ 400МЛ ХЪНИ","217265","82","5.21","3.93"
"00182","СУПЕРМАРКЕТ СИДИ - УЛ. ПЕТРОВА НИВА 5А","= ШАМПОАН БОТАНИК ТЕРАПИ 400МЛ МАГНЕТИК ЧАРКОАЛ","217270","82","4.85","3.32"
"00182","СУПЕРМАРКЕТ СИДИ - УЛ. ПЕТРОВА НИВА 5А","= ШАМПОАН БОТАНИК ТЕРАПИ 400МЛ ОВЕС","217273","82","5.21","3.93"
"00182","СУПЕРМАРКЕТ СИДИ - УЛ. ПЕТРОВА НИВА 5А","= ШАМПОАН БОТАНИК ТЕРАПИ 250МЛ АВОКАДО","217276","82","4.09",""
"00182","СУПЕРМАРКЕТ СИДИ - УЛ. ПЕТРОВА НИВА 5А","= ШАМПОАН НИВЕА 250МЛ МЕН ДИИП","217358","82","5.06","3.52"
"00182","СУПЕРМАРКЕТ СИДИ - УЛ. ПЕТРОВА НИВА 5А","= ТОАЛ ХАРТИЯ МАЛИВА 8БР РОМАНС","220090","85","2.63",""
"00182","СУПЕРМАРКЕТ СИДИ - УЛ. ПЕТРОВА НИВА 5А","= ВЛАЖНИ КЪРПИ БОЧКО 84БР ПАМУК И СМРАДЛИКА","220224","84","1.78",""
"00182","СУПЕРМАРКЕТ СИДИ - УЛ. ПЕТРОВА НИВА 5А","= ТОАЛ ХАРТИЯ САНИТЕКС 8БР АРОМА 3-ПЛ ЯБЪЛКА*****","220231","85","2.17",""
"00182","СУПЕРМАРКЕТ СИДИ - УЛ. ПЕТРОВА НИВА 5А","= ТОАЛ ХАРТИЯ САНИТЕКС 8БР АРОМА 3-ПЛ ОКЕАН***","220232","85","2.17",""
"00182","СУПЕРМАРКЕТ СИДИ - УЛ. ПЕТРОВА НИВА 5А","= МОКРИ КЪРПИ ПИК МИ 72БР+18БР С КАПАК","220254","84","1.09","0.97"
"00182","СУПЕРМАРКЕТ СИДИ - УЛ. ПЕТРОВА НИВА 5А","= МОКРИ КЪРПИ ПИК МИ 120БР С КАПАК","220255","84","1.45","1.30"
"00182","СУПЕРМАРКЕТ СИДИ - УЛ. ПЕТРОВА НИВА 5А","= ВЛАЖНИ КЪРПИ БОЧКО 84БР С КАПАК ПАМУК И ЛАЙКА","220287","84","1.78",""
"00182","СУПЕРМАРКЕТ СИДИ - УЛ. ПЕТРОВА НИВА 5А","= ВЛАЖНИ КЪРПИ ПЛЕЙ ТАЙМ 100БР","220440","84","1.59",""
"00182","СУПЕРМАРКЕТ СИДИ - УЛ. ПЕТРОВА НИВА 5А","= МОКРИ КЪРПИ РЕНКЛИ 120БР","220493","84","1.76",""
"00182","СУПЕРМАРКЕТ СИДИ - УЛ. ПЕТРОВА НИВА 5А","= МОКРИ КЪРПИ РЕНКЛИ 120БР ЛАЙКА","220494","84","1.76",""
"00182","СУПЕРМАРКЕТ СИДИ - УЛ. ПЕТРОВА НИВА 5А","= ЧЕТКА ЗА ЗЪБИ АСТЕРА 2В1 ФЛЕКС АКТИВ","251219","80","1.27",""
"00182","СУПЕРМАРКЕТ СИДИ - УЛ. ПЕТРОВА НИВА 5А","= ЧЕТКА ЗА ЗЪБИ КОЛГЕЙТ 1+1 ТРИПЪЛ ЕКШЪН","252440","80","2.38",""
"00182","СУПЕРМАРКЕТ СИДИ - УЛ. ПЕТРОВА НИВА 5А","= СИРЕНЕ КРАВЕ АЛФАТАР 400ГР КУТИЯ","660136","9","3.47",""
"00182","СУПЕРМАРКЕТ СИДИ - УЛ. ПЕТРОВА НИВА 5А","= СИРЕНЕ КРАВЕ АЛФАТАР 400ГР РЕЗЕРВА КУТИЯ","660778","9","4.09",""
"00182","СУПЕРМАРКЕТ СИДИ - УЛ. ПЕТРОВА НИВА 5А","= ШОКОЛАД ЙОН 100ГР МЛЕЧЕН ЦЕЛИ ЛЕШНИЦИ","661109","69","2.79",""
"00182","СУПЕРМАРКЕТ СИДИ - УЛ. ПЕТРОВА НИВА 5А","= БИСКВИТИ РОДЕН КРАЙ ОБИКНОВЕНИ 190ГР","770109","66","1.07","0.86"
