﻿"Населено място","Търговски обект","Наименование на продукта","Код на продукта","Категория","Цена на дребно","Цена в промоция"
"04279","СИГМА ЕЛЕНОВО ГР. БЛАГОЕВГРАД ЖК ЕЛЕНОВО - 1 УЛ. ГЕОРГИ АНДРЕЙЧИН 6","АЛЕРГОЗАН Крем 1% 18 гр","98","91","4,68",""
"04279","СИГМА ЕЛЕНОВО ГР. БЛАГОЕВГРАД ЖК ЕЛЕНОВО - 1 УЛ. ГЕОРГИ АНДРЕЙЧИН 6","АЛЕРГОЗАН табл. 25мг х 20","99","91","3,93",""
"04279","СИГМА ЕЛЕНОВО ГР. БЛАГОЕВГРАД ЖК ЕЛЕНОВО - 1 УЛ. ГЕОРГИ АНДРЕЙЧИН 6","АЛМАГЕЛ A сусп. 170 мл","106","86","4,18",""
"04279","СИГМА ЕЛЕНОВО ГР. БЛАГОЕВГРАД ЖК ЕЛЕНОВО - 1 УЛ. ГЕОРГИ АНДРЕЙЧИН 6","БЕНАЛГИН табл. х 20","316","87","3,11",""
"04279","СИГМА ЕЛЕНОВО ГР. БЛАГОЕВГРАД ЖК ЕЛЕНОВО - 1 УЛ. ГЕОРГИ АНДРЕЙЧИН 6","БИЗАЛАКС табл. 5мг х 30","379","88","2,55",""
"04279","СИГМА ЕЛЕНОВО ГР. БЛАГОЕВГРАД ЖК ЕЛЕНОВО - 1 УЛ. ГЕОРГИ АНДРЕЙЧИН 6","ЕНТЕРОЛ ФОРТЕ 500МГ САШЕТА Х 10","967","89","10,49",""
"04279","СИГМА ЕЛЕНОВО ГР. БЛАГОЕВГРАД ЖК ЕЛЕНОВО - 1 УЛ. ГЕОРГИ АНДРЕЙЧИН 6","ЕКЗОДЕРИЛ сол. 1% 10мл","1083","90","8,02",""
"04279","СИГМА ЕЛЕНОВО ГР. БЛАГОЕВГРАД ЖК ЕЛЕНОВО - 1 УЛ. ГЕОРГИ АНДРЕЙЧИН 6","ИМОДИУМ капс. 2мг х 6","1460","89","3,83",""
"04279","СИГМА ЕЛЕНОВО ГР. БЛАГОЕВГРАД ЖК ЕЛЕНОВО - 1 УЛ. ГЕОРГИ АНДРЕЙЧИН 6","ПСИЛО-БАЛСАМ гел 20гр 1%","2484","91","6,71",""
"04279","СИГМА ЕЛЕНОВО ГР. БЛАГОЕВГРАД ЖК ЕЛЕНОВО - 1 УЛ. ГЕОРГИ АНДРЕЙЧИН 6","СПАЗМАЛГОН табл. х 20","2749","87","4,24",""
"04279","СИГМА ЕЛЕНОВО ГР. БЛАГОЕВГРАД ЖК ЕЛЕНОВО - 1 УЛ. ГЕОРГИ АНДРЕЙЧИН 6","ТАЛЦИД табл. 500мг х 20","2831","86","4,45",""
"04279","СИГМА ЕЛЕНОВО ГР. БЛАГОЕВГРАД ЖК ЕЛЕНОВО - 1 УЛ. ГЕОРГИ АНДРЕЙЧИН 6","СПИРТ ЕТИЛОВ 95% 1л  ХИМАКС","4361","92","4,85",""
"04279","СИГМА ЕЛЕНОВО ГР. БЛАГОЕВГРАД ЖК ЕЛЕНОВО - 1 УЛ. ГЕОРГИ АНДРЕЙЧИН 6","АЛМАГЕЛ сусп. 170мл","10359","86","2,69",""
"04279","СИГМА ЕЛЕНОВО ГР. БЛАГОЕВГРАД ЖК ЕЛЕНОВО - 1 УЛ. ГЕОРГИ АНДРЕЙЧИН 6","ПРОАЛГИН табл. 500мг х 20","13734","87","1,30",""
"04279","СИГМА ЕЛЕНОВО ГР. БЛАГОЕВГРАД ЖК ЕЛЕНОВО - 1 УЛ. ГЕОРГИ АНДРЕЙЧИН 6","БИЗАКОДИЛ супоз 10мг х 6","13836","88","3,29",""
"04279","СИГМА ЕЛЕНОВО ГР. БЛАГОЕВГРАД ЖК ЕЛЕНОВО - 1 УЛ. ГЕОРГИ АНДРЕЙЧИН 6","БИЗАКОДИЛ супоз 5мг х 6","13837","88","2,47",""
"04279","СИГМА ЕЛЕНОВО ГР. БЛАГОЕВГРАД ЖК ЕЛЕНОВО - 1 УЛ. ГЕОРГИ АНДРЕЙЧИН 6","МУКОНАЗАЛ ПЛЮС спрей за нос 10мл","19939","97","7,06","5,88"
"04279","СИГМА ЕЛЕНОВО ГР. БЛАГОЕВГРАД ЖК ЕЛЕНОВО - 1 УЛ. ГЕОРГИ АНДРЕЙЧИН 6","ДИКЛОФЕНАК табл. 50мг х 30 ЧФ","20521","95","1,67",""
"04279","СИГМА ЕЛЕНОВО ГР. БЛАГОЕВГРАД ЖК ЕЛЕНОВО - 1 УЛ. ГЕОРГИ АНДРЕЙЧИН 6","ФЛЕКСИСТАД табл. 600мг х 20","27433","94","6,51",""
"04279","СИГМА ЕЛЕНОВО ГР. БЛАГОЕВГРАД ЖК ЕЛЕНОВО - 1 УЛ. ГЕОРГИ АНДРЕЙЧИН 6","КЕТОЗАЛ ШАМПОАН 2% 60мл","28096","90","7,71",""
"04279","СИГМА ЕЛЕНОВО ГР. БЛАГОЕВГРАД ЖК ЕЛЕНОВО - 1 УЛ. ГЕОРГИ АНДРЕЙЧИН 6","ДЕРМОДРИН Маз 30гр","29407","91","4,64",""
"04279","СИГМА ЕЛЕНОВО ГР. БЛАГОЕВГРАД ЖК ЕЛЕНОВО - 1 УЛ. ГЕОРГИ АНДРЕЙЧИН 6","ЗЕНАРО табл. 5мг х 7","29526","100","3,87",""
"04279","СИГМА ЕЛЕНОВО ГР. БЛАГОЕВГРАД ЖК ЕЛЕНОВО - 1 УЛ. ГЕОРГИ АНДРЕЙЧИН 6","НУРОФЕН ЕКСПРЕС капс. 200мг х 10","31055","94","5,48","4,53"
"04279","СИГМА ЕЛЕНОВО ГР. БЛАГОЕВГРАД ЖК ЕЛЕНОВО - 1 УЛ. ГЕОРГИ АНДРЕЙЧИН 6","СИАФЕН Сироп за Деца 20мг/мл 120мл","31591","94","3,87",""
"04279","СИГМА ЕЛЕНОВО ГР. БЛАГОЕВГРАД ЖК ЕЛЕНОВО - 1 УЛ. ГЕОРГИ АНДРЕЙЧИН 6","ДОЛОРЕН табл. 200мг х 10","33691","94","1,75",""
"04279","СИГМА ЕЛЕНОВО ГР. БЛАГОЕВГРАД ЖК ЕЛЕНОВО - 1 УЛ. ГЕОРГИ АНДРЕЙЧИН 6","ФЕЛОРАН ФОРТЕ Гел 5% 40гр СОФАРМА","33740","95","6,11",""
"04279","СИГМА ЕЛЕНОВО ГР. БЛАГОЕВГРАД ЖК ЕЛЕНОВО - 1 УЛ. ГЕОРГИ АНДРЕЙЧИН 6","ИБУЛЕК САШЕ 400мг х 10","40633","94","6,05",""
"04279","СИГМА ЕЛЕНОВО ГР. БЛАГОЕВГРАД ЖК ЕЛЕНОВО - 1 УЛ. ГЕОРГИ АНДРЕЙЧИН 6","АЦЦ ДИРЕКТ САШЕТИ 600 МГ Х 10","42040","99","10,11",""
"04279","СИГМА ЕЛЕНОВО ГР. БЛАГОЕВГРАД ЖК ЕЛЕНОВО - 1 УЛ. ГЕОРГИ АНДРЕЙЧИН 6","КСИВОЗАН табл. 5мг х 10","68312","100","5,45",""
"04279","СИГМА ЕЛЕНОВО ГР. БЛАГОЕВГРАД ЖК ЕЛЕНОВО - 1 УЛ. ГЕОРГИ АНДРЕЙЧИН 6","МИГ ДЖУНИЪР СИРОП 40МГ/МЛ 100МЛ","68566","94","5,03",""
"04279","СИГМА ЕЛЕНОВО ГР. БЛАГОЕВГРАД ЖК ЕЛЕНОВО - 1 УЛ. ГЕОРГИ АНДРЕЙЧИН 6","СТРЕПСИЛС ИНТЕНЗИВ ПОРТОКАЛ БЕЗ ЗАХАР табл. х 16","68570","98","6,13",""
"04279","СИГМА ЕЛЕНОВО ГР. БЛАГОЕВГРАД ЖК ЕЛЕНОВО - 1 УЛ. ГЕОРГИ АНДРЕЙЧИН 6","ЕНТЕРОЛ САШЕТА 250МГ Х 6","76345","89","5,35",""
"04279","СИГМА ЕЛЕНОВО ГР. БЛАГОЕВГРАД ЖК ЕЛЕНОВО - 1 УЛ. ГЕОРГИ АНДРЕЙЧИН 6","ОКЛИС ЕКСПРЕС САШЕ 400МГ Х 10","77174","94","5,77",""
"04279","СИГМА ЕЛЕНОВО ГР. БЛАГОЕВГРАД ЖК ЕЛЕНОВО - 1 УЛ. ГЕОРГИ АНДРЕЙЧИН 6","БУСКОЛИЗИН обв. тб. 10мг х 30","85350","87","4,34",""
"04279","СИГМА СТРУМСКО ГР. БЛАГОЕВГРАД Ж.К. СТРУМСКО, УЛ. ОГРАЖДЕН 7","АЛЕРГОЗАН Крем 1% 18 гр","98","91","4,68",""
"04279","СИГМА СТРУМСКО ГР. БЛАГОЕВГРАД Ж.К. СТРУМСКО, УЛ. ОГРАЖДЕН 7","АЛЕРГОЗАН табл. 25мг х 20","99","91","3,93",""
"04279","СИГМА СТРУМСКО ГР. БЛАГОЕВГРАД Ж.К. СТРУМСКО, УЛ. ОГРАЖДЕН 7","АЛМАГЕЛ A сусп. 170 мл","106","86","4,18",""
"04279","СИГМА СТРУМСКО ГР. БЛАГОЕВГРАД Ж.К. СТРУМСКО, УЛ. ОГРАЖДЕН 7","БЕНАЛГИН табл. х 20","316","87","3,11",""
"04279","СИГМА СТРУМСКО ГР. БЛАГОЕВГРАД Ж.К. СТРУМСКО, УЛ. ОГРАЖДЕН 7","БИЗАЛАКС табл. 5мг х 30","379","88","2,55",""
"04279","СИГМА СТРУМСКО ГР. БЛАГОЕВГРАД Ж.К. СТРУМСКО, УЛ. ОГРАЖДЕН 7","ЕНТЕРОЛ ФОРТЕ 500МГ САШЕТА Х 10","967","89","10,49",""
"04279","СИГМА СТРУМСКО ГР. БЛАГОЕВГРАД Ж.К. СТРУМСКО, УЛ. ОГРАЖДЕН 7","ЕКЗОДЕРИЛ сол. 1% 10мл","1083","90","8,02",""
"04279","СИГМА СТРУМСКО ГР. БЛАГОЕВГРАД Ж.К. СТРУМСКО, УЛ. ОГРАЖДЕН 7","ИМОДИУМ капс. 2мг х 6","1460","89","3,83",""
"04279","СИГМА СТРУМСКО ГР. БЛАГОЕВГРАД Ж.К. СТРУМСКО, УЛ. ОГРАЖДЕН 7","ПСИЛО-БАЛСАМ гел 20гр 1%","2484","91","6,71",""
"04279","СИГМА СТРУМСКО ГР. БЛАГОЕВГРАД Ж.К. СТРУМСКО, УЛ. ОГРАЖДЕН 7","СПАЗМАЛГОН табл. х 20","2749","87","4,24",""
"04279","СИГМА СТРУМСКО ГР. БЛАГОЕВГРАД Ж.К. СТРУМСКО, УЛ. ОГРАЖДЕН 7","ТАЛЦИД табл. 500мг х 20","2831","86","4,45",""
"04279","СИГМА СТРУМСКО ГР. БЛАГОЕВГРАД Ж.К. СТРУМСКО, УЛ. ОГРАЖДЕН 7","СПИРТ ЕТИЛОВ 95% 1л  ХИМАКС","4361","92","4,96",""
"04279","СИГМА СТРУМСКО ГР. БЛАГОЕВГРАД Ж.К. СТРУМСКО, УЛ. ОГРАЖДЕН 7","АЛМАГЕЛ сусп. 170мл","10359","86","2,69",""
"04279","СИГМА СТРУМСКО ГР. БЛАГОЕВГРАД Ж.К. СТРУМСКО, УЛ. ОГРАЖДЕН 7","ПРОАЛГИН табл. 500мг х 20","13734","87","1,30",""
"04279","СИГМА СТРУМСКО ГР. БЛАГОЕВГРАД Ж.К. СТРУМСКО, УЛ. ОГРАЖДЕН 7","БИЗАКОДИЛ супоз 10мг х 6","13836","88","3,29",""
"04279","СИГМА СТРУМСКО ГР. БЛАГОЕВГРАД Ж.К. СТРУМСКО, УЛ. ОГРАЖДЕН 7","МУКОНАЗАЛ ПЛЮС спрей за нос 10мл","19939","97","7,06","5,88"
"04279","СИГМА СТРУМСКО ГР. БЛАГОЕВГРАД Ж.К. СТРУМСКО, УЛ. ОГРАЖДЕН 7","ДИКЛОФЕНАК табл. 50мг х 30 ЧФ","20521","95","1,67",""
"04279","СИГМА СТРУМСКО ГР. БЛАГОЕВГРАД Ж.К. СТРУМСКО, УЛ. ОГРАЖДЕН 7","НАКЛОФЕН амп. 75мг/3мл х 5","26154","95","1,98",""
"04279","СИГМА СТРУМСКО ГР. БЛАГОЕВГРАД Ж.К. СТРУМСКО, УЛ. ОГРАЖДЕН 7","ФЛЕКСИСТАД табл. 600мг х 20","27433","94","6,51",""
"04279","СИГМА СТРУМСКО ГР. БЛАГОЕВГРАД Ж.К. СТРУМСКО, УЛ. ОГРАЖДЕН 7","КЕТОЗАЛ ШАМПОАН 2% 60мл","28096","90","7,71",""
"04279","СИГМА СТРУМСКО ГР. БЛАГОЕВГРАД Ж.К. СТРУМСКО, УЛ. ОГРАЖДЕН 7","ДЕРМОДРИН Маз 30гр","29407","91","4,64",""
"04279","СИГМА СТРУМСКО ГР. БЛАГОЕВГРАД Ж.К. СТРУМСКО, УЛ. ОГРАЖДЕН 7","НУРОФЕН ЕКСПРЕС капс. 200мг х 10","31055","94","5,48",""
"04279","СИГМА СТРУМСКО ГР. БЛАГОЕВГРАД Ж.К. СТРУМСКО, УЛ. ОГРАЖДЕН 7","СИАФЕН Сироп за Деца 20мг/мл 120мл","31591","94","3,87",""
"04279","СИГМА СТРУМСКО ГР. БЛАГОЕВГРАД Ж.К. СТРУМСКО, УЛ. ОГРАЖДЕН 7","ДОЛОРЕН табл. 200мг х 10","33691","94","1,75",""
"04279","СИГМА СТРУМСКО ГР. БЛАГОЕВГРАД Ж.К. СТРУМСКО, УЛ. ОГРАЖДЕН 7","ФЕЛОРАН ФОРТЕ Гел 5% 40гр СОФАРМА","33740","95","6,11",""
"04279","СИГМА СТРУМСКО ГР. БЛАГОЕВГРАД Ж.К. СТРУМСКО, УЛ. ОГРАЖДЕН 7","СТРЕПСИЛС ИНТЕНЗИВ ПОРТОКАЛ БЕЗ ЗАХАР табл. х 16","68570","98","6,13",""
"04279","СИГМА СТРУМСКО ГР. БЛАГОЕВГРАД Ж.К. СТРУМСКО, УЛ. ОГРАЖДЕН 7","ЕНТЕРОЛ САШЕТА 250МГ Х 6","76345","89","5,35",""
"04279","СИГМА СТРУМСКО ГР. БЛАГОЕВГРАД Ж.К. СТРУМСКО, УЛ. ОГРАЖДЕН 7","БУСКОЛИЗИН обв. тб. 10мг х 30","85350","87","4,36",""
"04279","СИГМА ВАСИЛ ЛЕВСКИ ГР. БЛАГОЕВГРАД, УЛ. В. ЛЕВСКИ 38","АЛЕРГОЗАН Крем 1% 18 гр","98","91","4,68",""
"04279","СИГМА ВАСИЛ ЛЕВСКИ ГР. БЛАГОЕВГРАД, УЛ. В. ЛЕВСКИ 38","АЛЕРГОЗАН табл. 25мг х 20","99","91","3,93",""
"04279","СИГМА ВАСИЛ ЛЕВСКИ ГР. БЛАГОЕВГРАД, УЛ. В. ЛЕВСКИ 38","АЛМАГЕЛ A сусп. 170 мл","106","86","4,18",""
"04279","СИГМА ВАСИЛ ЛЕВСКИ ГР. БЛАГОЕВГРАД, УЛ. В. ЛЕВСКИ 38","БЕНАЛГИН табл. х 20","316","87","3,11",""
"04279","СИГМА ВАСИЛ ЛЕВСКИ ГР. БЛАГОЕВГРАД, УЛ. В. ЛЕВСКИ 38","БИЗАЛАКС табл. 5мг х 30","379","88","2,55",""
"04279","СИГМА ВАСИЛ ЛЕВСКИ ГР. БЛАГОЕВГРАД, УЛ. В. ЛЕВСКИ 38","ЕНТЕРОЛ ФОРТЕ 500МГ САШЕТА Х 10","967","89","10,49",""
"04279","СИГМА ВАСИЛ ЛЕВСКИ ГР. БЛАГОЕВГРАД, УЛ. В. ЛЕВСКИ 38","ЕКЗОДЕРИЛ сол. 1% 10мл","1083","90","8,02",""
"04279","СИГМА ВАСИЛ ЛЕВСКИ ГР. БЛАГОЕВГРАД, УЛ. В. ЛЕВСКИ 38","ИМОДИУМ капс. 2мг х 6","1460","89","3,83",""
"04279","СИГМА ВАСИЛ ЛЕВСКИ ГР. БЛАГОЕВГРАД, УЛ. В. ЛЕВСКИ 38","ПСИЛО-БАЛСАМ гел 20гр 1%","2484","91","6,71",""
"04279","СИГМА ВАСИЛ ЛЕВСКИ ГР. БЛАГОЕВГРАД, УЛ. В. ЛЕВСКИ 38","СПАЗМАЛГОН табл. х 20","2749","87","4,24",""
"04279","СИГМА ВАСИЛ ЛЕВСКИ ГР. БЛАГОЕВГРАД, УЛ. В. ЛЕВСКИ 38","ТАЛЦИД табл. 500мг х 20","2831","86","4,45",""
"04279","СИГМА ВАСИЛ ЛЕВСКИ ГР. БЛАГОЕВГРАД, УЛ. В. ЛЕВСКИ 38","СПИРТ ЕТИЛОВ 95% 1л  ХИМАКС","4361","92","4,85",""
"04279","СИГМА ВАСИЛ ЛЕВСКИ ГР. БЛАГОЕВГРАД, УЛ. В. ЛЕВСКИ 38","АЛМАГЕЛ сусп. 170мл","10359","86","2,69",""
"04279","СИГМА ВАСИЛ ЛЕВСКИ ГР. БЛАГОЕВГРАД, УЛ. В. ЛЕВСКИ 38","ПРОАЛГИН табл. 500мг х 20","13734","87","1,22",""
"04279","СИГМА ВАСИЛ ЛЕВСКИ ГР. БЛАГОЕВГРАД, УЛ. В. ЛЕВСКИ 38","БИЗАКОДИЛ супоз 10мг х 6","13836","88","3,29",""
"04279","СИГМА ВАСИЛ ЛЕВСКИ ГР. БЛАГОЕВГРАД, УЛ. В. ЛЕВСКИ 38","БИЗАКОДИЛ супоз 5мг х 6","13837","88","2,47",""
"04279","СИГМА ВАСИЛ ЛЕВСКИ ГР. БЛАГОЕВГРАД, УЛ. В. ЛЕВСКИ 38","МУКОНАЗАЛ ПЛЮС спрей за нос 10мл","19939","97","7,06","5,88"
"04279","СИГМА ВАСИЛ ЛЕВСКИ ГР. БЛАГОЕВГРАД, УЛ. В. ЛЕВСКИ 38","ДИКЛОФЕНАК табл. 50мг х 30 ЧФ","20521","95","1,67",""
"04279","СИГМА ВАСИЛ ЛЕВСКИ ГР. БЛАГОЕВГРАД, УЛ. В. ЛЕВСКИ 38","КЕТОЗАЛ ШАМПОАН 2% 60мл","28096","90","7,71",""
"04279","СИГМА ВАСИЛ ЛЕВСКИ ГР. БЛАГОЕВГРАД, УЛ. В. ЛЕВСКИ 38","ДЕРМОДРИН Маз 30гр","29407","91","4,64",""
"04279","СИГМА ВАСИЛ ЛЕВСКИ ГР. БЛАГОЕВГРАД, УЛ. В. ЛЕВСКИ 38","ЗЕНАРО табл. 5мг х 7","29526","100","3,87",""
"04279","СИГМА ВАСИЛ ЛЕВСКИ ГР. БЛАГОЕВГРАД, УЛ. В. ЛЕВСКИ 38","НУРОФЕН ЕКСПРЕС капс. 200мг х 10","31055","94","5,48","4,53"
"04279","СИГМА ВАСИЛ ЛЕВСКИ ГР. БЛАГОЕВГРАД, УЛ. В. ЛЕВСКИ 38","СИАФЕН Сироп за Деца 20мг/мл 120мл","31591","94","3,87",""
"04279","СИГМА ВАСИЛ ЛЕВСКИ ГР. БЛАГОЕВГРАД, УЛ. В. ЛЕВСКИ 38","ДОЛОРЕН табл. 200мг х 10","33691","94","1,75",""
"04279","СИГМА ВАСИЛ ЛЕВСКИ ГР. БЛАГОЕВГРАД, УЛ. В. ЛЕВСКИ 38","ФЕЛОРАН ФОРТЕ Гел 5% 40гр СОФАРМА","33740","95","6,11",""
"04279","СИГМА ВАСИЛ ЛЕВСКИ ГР. БЛАГОЕВГРАД, УЛ. В. ЛЕВСКИ 38","КСИВОЗАН табл. 5мг х 10","68312","100","5,45",""
"04279","СИГМА ВАСИЛ ЛЕВСКИ ГР. БЛАГОЕВГРАД, УЛ. В. ЛЕВСКИ 38","БУСКОЛИЗИН обв. тб. 10мг х 30","85350","87","4,36",""
"04279","СИГМА ИВАН МИХАЙЛОВ ГР. БЛАГОЕВГРАД, УЛ. ИВАН МИХАЙЛОВ 58 Г","АЛЕРГОЗАН Крем 1% 18 гр","98","91","4,68",""
"04279","СИГМА ИВАН МИХАЙЛОВ ГР. БЛАГОЕВГРАД, УЛ. ИВАН МИХАЙЛОВ 58 Г","АЛЕРГОЗАН табл. 25мг х 20","99","100","3,93",""
"04279","СИГМА ИВАН МИХАЙЛОВ ГР. БЛАГОЕВГРАД, УЛ. ИВАН МИХАЙЛОВ 58 Г","АЛМАГЕЛ A сусп. 170 мл","106","86","4,18",""
"04279","СИГМА ИВАН МИХАЙЛОВ ГР. БЛАГОЕВГРАД, УЛ. ИВАН МИХАЙЛОВ 58 Г","БЕНАЛГИН табл. х 20","316","96","3,11",""
"04279","СИГМА ИВАН МИХАЙЛОВ ГР. БЛАГОЕВГРАД, УЛ. ИВАН МИХАЙЛОВ 58 Г","БИЗАЛАКС табл. 5мг х 30","379","88","2,55",""
"04279","СИГМА ИВАН МИХАЙЛОВ ГР. БЛАГОЕВГРАД, УЛ. ИВАН МИХАЙЛОВ 58 Г","ЕКЗОДЕРИЛ сол. 1% 10мл","1083","90","8,02",""
"04279","СИГМА ИВАН МИХАЙЛОВ ГР. БЛАГОЕВГРАД, УЛ. ИВАН МИХАЙЛОВ 58 Г","ФУРОТАЛГИН сол. 5мл","1225","101","6,08",""
"04279","СИГМА ИВАН МИХАЙЛОВ ГР. БЛАГОЕВГРАД, УЛ. ИВАН МИХАЙЛОВ 58 Г","ИМОДИУМ капс. 2мг х 6","1460","89","3,83",""
"04279","СИГМА ИВАН МИХАЙЛОВ ГР. БЛАГОЕВГРАД, УЛ. ИВАН МИХАЙЛОВ 58 Г","ОРОФАР спрей 30мл","2181","98","9,64",""
"04279","СИГМА ИВАН МИХАЙЛОВ ГР. БЛАГОЕВГРАД, УЛ. ИВАН МИХАЙЛОВ 58 Г","ОТИПАКС сол. 15мл","2225","101","4,55",""
"04279","СИГМА ИВАН МИХАЙЛОВ ГР. БЛАГОЕВГРАД, УЛ. ИВАН МИХАЙЛОВ 58 Г","ПСИЛО-БАЛСАМ гел 20гр 1%","2484","91","6,71",""
"04279","СИГМА ИВАН МИХАЙЛОВ ГР. БЛАГОЕВГРАД, УЛ. ИВАН МИХАЙЛОВ 58 Г","РЕПАРИЛ N Гел 40гр","2552","95","6,31",""
"04279","СИГМА ИВАН МИХАЙЛОВ ГР. БЛАГОЕВГРАД, УЛ. ИВАН МИХАЙЛОВ 58 Г","СПАЗМАЛГОН табл. х 20","2749","96","4,24",""
"04279","СИГМА ИВАН МИХАЙЛОВ ГР. БЛАГОЕВГРАД, УЛ. ИВАН МИХАЙЛОВ 58 Г","ТАЛЦИД табл. 500мг х 20","2831","86","4,45",""
"04279","СИГМА ИВАН МИХАЙЛОВ ГР. БЛАГОЕВГРАД, УЛ. ИВАН МИХАЙЛОВ 58 Г","СПИРТ ЕТИЛОВ 95% 1л  ХИМАКС","4361","92","4,85",""
"04279","СИГМА ИВАН МИХАЙЛОВ ГР. БЛАГОЕВГРАД, УЛ. ИВАН МИХАЙЛОВ 58 Г","ТРАУМИЛ S табл. х 50","4649","94","6,75",""
"04279","СИГМА ИВАН МИХАЙЛОВ ГР. БЛАГОЕВГРАД, УЛ. ИВАН МИХАЙЛОВ 58 Г","АЛМАГЕЛ сусп. 170мл","10359","86","2,69",""
"04279","СИГМА ИВАН МИХАЙЛОВ ГР. БЛАГОЕВГРАД, УЛ. ИВАН МИХАЙЛОВ 58 Г","ПРОАЛГИН табл. 500мг х 20","13734","96","1,30",""
"04279","СИГМА ИВАН МИХАЙЛОВ ГР. БЛАГОЕВГРАД, УЛ. ИВАН МИХАЙЛОВ 58 Г","БИЗАКОДИЛ супоз 10мг х 6","13836","88","3,29",""
"04279","СИГМА ИВАН МИХАЙЛОВ ГР. БЛАГОЕВГРАД, УЛ. ИВАН МИХАЙЛОВ 58 Г","БИЗАКОДИЛ супоз 5мг х 6","13837","88","2,47",""
"04279","СИГМА ИВАН МИХАЙЛОВ ГР. БЛАГОЕВГРАД, УЛ. ИВАН МИХАЙЛОВ 58 Г","МУКОНАЗАЛ ПЛЮС спрей за нос 10мл","19939","97","7,06","5,65"
"04279","СИГМА ИВАН МИХАЙЛОВ ГР. БЛАГОЕВГРАД, УЛ. ИВАН МИХАЙЛОВ 58 Г","ДИКЛОФЕНАК табл. 50мг х 30 ЧФ","20521","95","1,67",""
"04279","СИГМА ИВАН МИХАЙЛОВ ГР. БЛАГОЕВГРАД, УЛ. ИВАН МИХАЙЛОВ 58 Г","ХЕКСАЛГИН сол. 500мг/мл - 20мл","23070","96","5,56",""
"04279","СИГМА ИВАН МИХАЙЛОВ ГР. БЛАГОЕВГРАД, УЛ. ИВАН МИХАЙЛОВ 58 Г","ДУЛКОЛАКС ПИКО капки 7,5мг х 15мл","26553","88","6,64",""
"04279","СИГМА ИВАН МИХАЙЛОВ ГР. БЛАГОЕВГРАД, УЛ. ИВАН МИХАЙЛОВ 58 Г","КЕТОЗАЛ ШАМПОАН 2% 60мл","28096","90","7,71",""
"04279","СИГМА ИВАН МИХАЙЛОВ ГР. БЛАГОЕВГРАД, УЛ. ИВАН МИХАЙЛОВ 58 Г","ДЕРМОДРИН Маз 30гр","29407","91","4,90",""
"04279","СИГМА ИВАН МИХАЙЛОВ ГР. БЛАГОЕВГРАД, УЛ. ИВАН МИХАЙЛОВ 58 Г","ЗЕНАРО табл. 5мг х 7","29526","100","3,66",""
"04279","СИГМА ИВАН МИХАЙЛОВ ГР. БЛАГОЕВГРАД, УЛ. ИВАН МИХАЙЛОВ 58 Г","НУРОФЕН ЕКСПРЕС капс. 200мг х 10","31055","94","5,48","4,33"
"04279","СИГМА ИВАН МИХАЙЛОВ ГР. БЛАГОЕВГРАД, УЛ. ИВАН МИХАЙЛОВ 58 Г","СИАФЕН Сироп за Деца 20мг/мл 120мл","31591","94","3,87",""
"04279","СИГМА ИВАН МИХАЙЛОВ ГР. БЛАГОЕВГРАД, УЛ. ИВАН МИХАЙЛОВ 58 Г","ДОЛОРЕН табл. 200мг х 10","33691","94","1,75",""
"04279","СИГМА ИВАН МИХАЙЛОВ ГР. БЛАГОЕВГРАД, УЛ. ИВАН МИХАЙЛОВ 58 Г","ФЕЛОРАН ФОРТЕ Гел 5% 40гр СОФАРМА","33740","95","6,11",""
"04279","СИГМА ИВАН МИХАЙЛОВ ГР. БЛАГОЕВГРАД, УЛ. ИВАН МИХАЙЛОВ 58 Г","АНГАЛ МЕНТОЛ табл. х 24","40287","98","7,08",""
"04279","СИГМА ИВАН МИХАЙЛОВ ГР. БЛАГОЕВГРАД, УЛ. ИВАН МИХАЙЛОВ 58 Г","ОТРИВИН ПЛЮС СПРЕЙ 1МГ/МЛ+50МГ/МЛ 10МЛ","74203","97","7,44",""
"04279","СИГМА ИВАН МИХАЙЛОВ ГР. БЛАГОЕВГРАД, УЛ. ИВАН МИХАЙЛОВ 58 Г","ЕНТЕРОЛ САШЕТА 250МГ Х 6","76345","89","5,35",""
"04279","СИГМА ИВАН МИХАЙЛОВ ГР. БЛАГОЕВГРАД, УЛ. ИВАН МИХАЙЛОВ 58 Г","АЦЕТИЗАЛ КАРДИО ТАБЛ. 100МГ Х 100 (БЛИСТЕР)","84621","96","6,67",""
"04279","СИГМА ИВАН МИХАЙЛОВ ГР. БЛАГОЕВГРАД, УЛ. ИВАН МИХАЙЛОВ 58 Г","БУСКОЛИЗИН обв. тб. 10мг х 30","85350","87","4,36",""
