"Населено място","Търговски обект","Наименование на продукта","Код на продукта","Категория","Цена на дребно","Цена в промоция"
"10135","Сана 1 - Трошево","АНАЛГИН ТБ 500МГ Х 30БР СОФАРМА","50773","96","2.4400",""
"10135","Сана 1 - Трошево","СПИРТ ЛАВАНДУЛОВ 100 мл","4366","92","0.8200",""
"10135","Сана 1 - Трошево","СПИРТ ЕТИЛОВ 70% 100 мл","4346","92","0.5600",""
"10135","Сана 1 - Трошево","НУРОФЕН ЕКСПРЕС ФОРТЕ меки капс.400мг / 20 бр","46349","94","9.4100",""
"10135","Сана 1 - Трошево","КЕТОЗАЛ ШАМПОАН 2% 60МЛ","26283","90","7.4600",""
"10135","Сана 1 - Трошево","СПИРТ ЕТИЛОВ 95% 100 мл","24522","92","0.6600",""
"10135","Сана 1 - Трошево","СПИРТ ЕТИЛОВ 70% 1 л","4359","92","4.1900",""
"10135","Сана 1 - Трошево","БУСКОЛИЗИН амп. 2% - 1 мл  10","26114","87","7.4100",""
"10135","Сана 1 - Трошево","СПАЗМОМЕН табл 40 мг / 30бр","27636","87","10.7300",""
"10135","Сана 1 - Трошево","МОКРИ КЪРПИ МИНЬОНИТЕ Х 15БР","50314","84","0.5100",""
"10135","Сана 1 - Трошево","БЕНАЛГИН табл / 20 бр","316","96","2.9100",""
"10135","Сана 1 - Трошево","ИБУПРОМ СИНУС ТБ.200/30МГ / 24 БР","42604","94","7.8500",""
"10135","Сана 1 - Трошево","ФАСТУМ гел. 2.5 % 100 гр","24380","94","7.8200",""
"10135","Сана 1 - Трошево","ЕКЗОДЕРИЛ КРЕМ 1% 30 ГР","47886","90","9.1000",""
"10135","Сана 1 - Трошево","НАЗИК 0.1% назален спрей за ВЪЗРАСТНИ 10мл","30828","97","6.2900",""
"10135","Сана 1 - Трошево","ЙОДСЕПТАДОН 10% РАЗТВОР 100 МЛ","19277","92","2.1500",""
"10135","Сана 1 - Трошево","БРАУНОЛ 2000 сол. 100 мл","29203","92","3.5000",""
"10135","Сана 1 - Трошево","ДИКЛАК ГЕЛ 12 ЧАСА 23.2 мг/г гел 50гр","50655","95","7.8700",""
"10135","Сана 1 - Трошево","АНГАЛ ЯГОДА ДЕЦА ТБ. ЗА СМУЧЕНЕ X 24","47847","98","6.7500",""
"10135","Сана 1 - Трошево","ОЛИНТ ДУО СПРЕЙ 10МЛ","50845","97","6.6400",""
"10135","Сана 1 - Трошево","БОЧКО ШАМПОАН БАДЕМ И НЕВЕН 400МЛ","45392","82","2.7100",""
"10135","Сана 1 - Трошево","КЕТАЛГО САШЕ 50мг х 12","49015","94","6.5400",""
"10135","Сана 1 - Трошево","ВОЛТАРЕН ПЛАСТИР 140МГ Х 5","A000051669","95","17.0000",""
"10135","Сана 1 - Трошево","БУСКОЛИЗИН др. 10 мг / 30 бр","424","87","4.0100",""
"10135","Сана 1 - Трошево","АЦЕТИЗАЛ табл 500мг/20бр","12903","96","1.2800",""
"10135","Сана 1 - Трошево","БЕНАЛГИН табл / 10 бр","31347","96","1.7800",""
"10135","Сана 1 - Трошево","НУРОФЕН ЕКСПРЕС ФОРТЕ КОМПАКТ 400МГ Х 20","A000052546","94","10.2200",""
"10135","Сана 1 - Трошево","АЛЕРГОЗАН унгв.1% 18 гр","100","91","3.9900",""
"10135","Сана 1 - Трошево","КСИЗАЛ табл 5мг/20бр","18505","100","11.3300",""
"10135","Сана 1 - Трошево","ТАЛЦИД табл. 500 мг / 20 бр","2831","86","4.0600",""
"10135","Сана 1 - Трошево","НУРОФЕН ЕКСПРЕС меки капс.200мг. 10бр","35490","94","4.3600",""
"10135","Сана 1 - Трошево","ДИКЛОФЕНАК ДУО капс 75мг / 30бр","10140","95","5.4500",""
"10135","Сана 1 - Трошево","КСИЗАЛ сол 20 мл","25433","100","5.3400",""
"10135","Сана 1 - Трошево","СПИРТ ЕТИЛОВ 90% 1 л","4360","92","4.7600",""
"10135","Сана 1 - Трошево","ОТИПАКС сол. 15МЛ","2225","101","3.9900",""
"10135","Сана 1 - Трошево","БОЧКО ПАСТА ЗА ЗЪБИ ДЪВКА 75МЛ","42822","81","1.1800",""
"10135","Сана 1 - Трошево","АЛМАГЕЛ A сусп. 170 мл","106","86","3.8900",""
"10135","Сана 1 - Трошево","КЕТОНАЛ капс 50мг / 20бр","15309","94","6.3500",""
"10135","Сана 1 - Трошево","ЗИРТЕК табл. 10 мг / 10 бр","3326","100","4.6000",""
"10135","Сана 1 - Трошево","ИМОДИУМ ИНСТАТ ОРОДИСП. табл 2мг / 6бр","41100","89","4.2400",""
"10135","Сана 1 - Трошево","АЛЕРГОЗАН крем 1% 18 гр","98","91","3.9900",""
"10135","Сана 1 - Трошево","ДИКЛАК гел 5% 100гр","32143","95","9.4600",""
"10135","Сана 1 - Трошево","ГЕЛОМИРТОЛ форте капс 300мг/20бр","11751","99","8.2000",""
"10135","Сана 1 - Трошево","ВОЛТАРЕН ЕМУЛГЕЛ гел 1% 50 гр","3221","95","6.0100",""
"10135","Сана 1 - Трошево","АЛМАГЕЛ сусп 170 мл","10359","86","2.5600",""
"10135","Сана 1 - Трошево","АЦЕТИЗАЛ КАРДИО табл 100 мг х 100","35635","96","6.2500",""
"10135","Сана 1 - Трошево","СТОПЕРАН ХИДРА ЯГОДА саше x12","39538","89","6.7700",""
"10135","Сана 1 - Трошево","ЗИРТЕК D тбл.5мг/120мг.х6","44047","100","3.6300",""
"10135","Сана 1 - Трошево","БЕНАЛГИН РАПИД сашети х10БР.","45112","96","4.0400",""
"10135","Сана 1 - Трошево","АЦЦ 200 прахчета 200 мг / 20 бр","15","99","6.6000",""
"10135","Сана 1 - Трошево","БРАУНОВИДОН унгв 10 % 100 гр","394","92","5.7800",""
"10135","Сана 1 - Трошево","СТОПЕРАН капс 2мг х 8бр","27944","89","3.1700",""
"10135","Сана 1 - Трошево","НУРОФЕН ЕКСПРЕС ФОРТЕ МЕКИ КАПС 400МГ Х 30","A000053187","94","12.5800",""
"10135","Сана 1 - Трошево","НУРОФЕН табл 200мг/12бр","17807","94","3.4300",""
"10135","Сана 1 - Трошево","НАЗИК 50мг/0.5мг/гр назален спрей за деца 10мл","30821","97","4.6000",""
"10135","Сана 1 - Трошево","АНАЛГИН амп. 50% 2 мл х 10","26125","96","7.1600",""
"10135","Сана 1 - Трошево","АНГАЛ МЕД ТБ ЗА СМУЧЕНЕ Х 24","47899","98","6.7500",""
"10135","Сана 1 - Трошево","ДУЛКОЛАКС 5МГ Х 30 ТБ СТАДА","33591","88","5.4200",""
"10135","Сана 1 - Трошево","НУРОФЕН ФОРТЕ тб. 400мг/24бр","48406","94","7.6900",""
"10135","Сана 1 - Трошево","ДУЛКОЛАКС ПИКО 7.5МГ / 15МЛ КАПКИ СТАДА","26553","88","5.4500",""
"10135","Сана 1 - Трошево","СТРЕПСИЛС ИНТЕНЗИВ ТАБЛ. Х 24бр.","44435","98","7.6400",""
"10135","Сана 1 - Трошево","НИЗОРАЛ 2% ЛЕЧЕБЕН ШАМПОАН 100МЛ СТАДА","47548","90","12.9700",""
"10135","Сана 1 - Трошево","НУРОФЕН ФЕМИНА ФОРТЕ обвити табл./12бр","40137","94","5.1700",""
"10135","Сана 1 - Трошево","ДУЛКОЛАКС 10МГ Х 6 СУП СТАДА","A000051117","88","5.4500",""
"10135","Сана 1 - Трошево","СПАЗМАЛГОН амп. 2% 2 мл х 5","24839","87","3.3700",""
"10135","Сана 1 - Трошево","АСПИРИН ПРОТЕКТ табл 100мг/40бр BAYER","16886","96","2.9700",""
"10135","Сана 1 - Трошево","ИБУПРОМ СИНУС МАКС 400МГ/60МГ Х10ТБ","A000051451","94","7.8500","6.99"
"10135","Сана 1 - Трошево","СПИРТ КАМФОРОВ 10% 100 мл","4364","92","1.1200",""
"10135","Сана 1 - Трошево","ЕЛАКСА ПИКО тб. 5мг х 20БР. ФОРТЕКС","45569","88","4.2600",""
"10135","Сана 1 - Трошево","АНГАЛ МЕНТОЛ ТБ ЗА СМУЧЕНЕ x 24","44003","98","6.7500",""
"10135","Сана 1 - Трошево","АЦЕТИЗАЛ КАРДИО табл 75 мг х 100","35711","96","4.6400",""
"10135","Сана 1 - Трошево","БИЗАКОДИЛ супоз 10мг/6бр","13836","88","3.1400",""
"10135","Сана 1 - Трошево","ФАСТУМ гел. 2.5 % 50 гр","1098","94","4.7300",""
"10135","Сана 1 - Трошево","ИМОДИУМ капс. 2 мг / 6 бр","1460","89","3.7400",""
"10135","Сана 1 - Трошево","АЦЦ МЕД И ЛИМОН прахчета 600мг/10 бр","18230","99","8.2000","7.22"
"10135","Сана 1 - Трошево","СПИРТ САЛИЦИЛОВ 2% 100 мл","24519","92","0.7400",""
"10135","Сана 1 - Трошево","БИЗАЛАКС филм табл. 5 мг / 30 бр","379","88","2.3300",""
"10135","Сана 1 - Трошево","ДЕРМОДРИН унгв. 30гр","28204","91","4.6500",""
"10135","Сана 1 - Трошево","ЕНТЕРОЛ  САШЕТИ  250МГ Х  6","47106","89","4.4000",""
"10135","Сана 1 - Трошево","КЕТАЛГО 25МГ Х 10 ТАБЛ","A000051547","94","4.7000",""
"10135","Сана 1 - Трошево","СПИРТ ЕТИЛОВ 95% 1 л","4361","92","5.0100",""
"10135","Сана 1 - Трошево","БИЗАКОДИЛ супоз 5мг/6бр","13837","88","2.4000",""
"10135","Сана 1 - Трошево","НУРОФЕН СТОП КОЛД ТБ.X24 БР.","42458","94","7.8000",""
"10135","Сана 1 - Трошево","ВОЛТАРЕН ЕМУЛГЕЛ гел 1% 100 гр","27655","95","9.4600",""
"10135","Сана 1 - Трошево","МИРТОЛ капс 120мг 20бр","15179","99","5.2200",""
"10135","Сана 1 - Трошево","ЗИРТЕК сол. 10 мг / 20 мл","3325","100","8.8500",""
"10135","Сана 1 - Трошево","ТРАКТУС ПРАХ ПЕРОРАЛЕН 600 МГ Р-Р В САШЕ Х 10","50581","99","6.2600",""
"10135","Сана 1 - Трошево","АЛЕРГОЗАН амп 1% 2 мл х 10","26117","100","11.0400",""
"10135","Сана 1 - Трошево","АНГАЛ ЛИМОН СПРЕЙ ЗА УСТА 30 МЛ","47828","98","9.0000",""
"10135","Сана 1 - Трошево","НУРОФЕН табл 200мг/24бр","35821","94","5.6800",""
"10135","Сана 1 - Трошево","СПИРТ ЕТИЛОВ 90% 100 мл","27859","92","0.6600",""
"10135","Сана 1 - Трошево","АЦЦ ЗА ДЕЦА сир 20мг/мл 100мл","41193","99","6.6200","5.83"
"10135","Сана 1 - Трошево","АЦЕТИЗАЛ КАРДИО табл 100мг/30бр","35559","96","2.0200",""
"10135","Сана 1 - Трошево","ДИКЛАК ГЕЛ 12 ЧАСА 23.2 мг/г 100ГР","50654","95","10.7600",""
"10135","Сана 1 - Трошево","ЕКЗОДЕРИЛ крем 1% 15 гр","1082","90","5.8000",""
"10135","Сана 1 - Трошево","РЕПАРИЛ гел 40 гр","2552","95","5.9800",""
"10135","Сана 1 - Трошево","ЛОПЕДИУМ капс 2мг/10","13893","89","3.4300",""
"10135","Сана 1 - Трошево","СТРЕПСИЛС ИНТЕНЗИВ СПРЕЙ 15 МЛ.","42658","98","7.6400",""
"10135","Сана 1 - Трошево","АСПИРИН C 400МГ/240МГ ЕФФ ТБ Х 20БР","243","96","6.3400","5.58"
"10135","Сана 1 - Трошево","АЛЕРГОЗАН табл 25 мг / 20 бр","99","100","3.5700",""
"10135","Сана 1 - Трошево","ТРАХИЗАН табл. / 20 бр","2967","98","6.5400",""
"10135","Сана 1 - Трошево","СПИРТ МЕНТОЛОВ 1% 100 мл","4372","92","0.7200",""
"10135","Сана 1 - Трошево","СПАЗМАЛГОН табл. / 20 бр","2749","87","4.1000",""
"10135","Сана 1 - Трошево","ВОЛТАРЕН ФОРТЕ 2.32% ГЕЛ 50Г.","39188","95","8.5100","7.66"
"10135","Сана 1 - Трошево","МУКОНАЗАЛ ПЛЮС 10мл СПРЕЙ СТАДА","19939","97","6.2600",""
"10135","Сана 1 - Трошево","ПСИЛО-БАЛСАМ ГЕЛ 20 ГР СТАДА","2484","91","6.1100",""
"10135","Сана 1 - Трошево","ЕКЗОДЕРИЛ сол. 1% 10 мл","1083","90","6.9500",""
"10135","Сана 1 - Трошево","ДИКЛАК ГЕЛ 5% 150ГР","49554","95","13.8600",""
"10135","Сана 1 - Трошево","ГЪМ ЧЕТКА ЗА ЗЪБИ ТЕХНИК MЕДИУМ","30529","80","3.1700",""
"10135","Сана 1 - Трошево","НИЗОРАЛ КЕЪР ШАМПОАН СУХ СКАЛП 200МЛ СТАДА","A000052148","90","14.1600",""
"10135","Сана 1 - Трошево","ДИКЛАК гел 5% 50гр","13887","95","6.8200",""
"10135","Сана 1 - Трошево","КСИЗАЛ табл 5мг/7бр","18506","100","4.3500",""
"10135","Сана 1 - Трошево","ЕНТЕРОЛ ФОРТЕ САШЕ 500МГ Х 10","A000052482","89","9.4600",""
"10135","Сана 1 - Трошево","КЕТОФЛЕКС АМПУЛИ 50МГ/МЛ 2МЛ Х 10","49546","94","10.0200",""
"10135","Сана 1 - Трошево","ЙОДАСЕПТ унгв. 90 гр","1578","92","4.5000",""
"10135","Сана 1 - Трошево","АНГАЛ МЕНТ СПРЕЙ ЗА УСТА 30МЛ","44002","98","8.9200",""
"10135","Сана 1 - Трошево","АНАЛГИН МАКС 1000мг еф. саше х 20","44549","96","8.1300",""
"10135","Сана 1 - Трошево","ХЕКСОРАЛЕТЕН N ТБ ЗА СМУЧЕНЕ 5МГ/1.5МГ Х 16","49290","98","5.7800","5.20"
"10135","Сана 1 - Трошево","СПИРТ САЛИЦИЛОВ 1% 100 мл","27590","92","0.7400",""
"10135","Сана 1 - Трошево","НИЗОРАЛ КРЕМ 15ГР СТАДА","2078","90","1.9400",""
"10135","Сана 1 - Трошево","МИПРОФЕН ФИЛМ.тб 100мг х 15","43655","94","4.8800",""
"10135","Сана 1 - Трошево","ЙОДАСЕПТ унгв. 40 гр","36659","92","3.1400",""
"10135","Сана 1 - Трошево","ВОДА БЕБЕЛАН 1.5Л","48312","73","0.6900",""
"10135","Сана 2 - Аспарухово","СТОПЕРАН капс 2мг х 8бр","27944","89","3.1700",""
"10135","Сана 2 - Аспарухово","ЗИРТЕК сол. 10 мг / 20 мл","3325","100","8.8500",""
"10135","Сана 2 - Аспарухово","АЛЕРГОЗАН табл 25 мг / 20 бр","99","100","3.5700",""
"10135","Сана 2 - Аспарухово","АНГАЛ МЕД ТБ ЗА СМУЧЕНЕ Х 24","47899","98","6.7500",""
"10135","Сана 2 - Аспарухово","ИБУПРОМ СИНУС ТБ.200/30МГ / 24 БР","42604","94","7.8500",""
"10135","Сана 2 - Аспарухово","ФАСТУМ гел. 2.5 % 50 гр","1098","94","4.7300",""
"10135","Сана 2 - Аспарухово","ДИКЛАК гел 5% 100гр","32143","95","9.4600",""
"10135","Сана 2 - Аспарухово","АСПИРИН ПРОТЕКТ табл 100мг/40бр BAYER","16886","96","2.9700",""
"10135","Сана 2 - Аспарухово","СТОПЕРАН ХИДРА ЯГОДА саше x12","39538","89","6.7700",""
"10135","Сана 2 - Аспарухово","ЕНТЕРОЛ  САШЕТИ  250МГ Х  6","47106","89","4.4000",""
"10135","Сана 2 - Аспарухово","НУРОФЕН табл 200мг/12бр","17807","94","3.4300",""
"10135","Сана 2 - Аспарухово","КЕТАЛГО 25МГ Х 10 ТАБЛ","A000051547","94","4.7000",""
"10135","Сана 2 - Аспарухово","ДИКЛАК гел 5% 50гр","13887","95","6.8200",""
"10135","Сана 2 - Аспарухово","БИЗАЛАКС филм табл. 5 мг / 30 бр","379","88","2.3300",""
"10135","Сана 2 - Аспарухово","ЛОПЕДИУМ капс 2мг/10","13893","89","3.4300",""
"10135","Сана 2 - Аспарухово","СПАЗМОМЕН табл 40 мг / 30бр","27636","87","10.7300",""
"10135","Сана 2 - Аспарухово","БЕНАЛГИН табл / 10 бр","31347","96","1.7800",""
"10135","Сана 2 - Аспарухово","ЕКЗОДЕРИЛ крем 1% 15 гр","1082","90","5.8000",""
"10135","Сана 2 - Аспарухово","ДУЛКОЛАКС 10МГ Х 6 СУП СТАДА","A000051117","88","5.4500",""
"10135","Сана 2 - Аспарухово","НУРОФЕН табл 200мг/24бр","35821","94","5.6800",""
"10135","Сана 2 - Аспарухово","ДИКЛАК ГЕЛ 12 ЧАСА 23.2 мг/г 100ГР","50654","95","10.7600",""
"10135","Сана 2 - Аспарухово","КЕТОФЛЕКС АМПУЛИ 50МГ/МЛ 2МЛ Х 10","49546","94","10.0200",""
"10135","Сана 2 - Аспарухово","СПАЗМАЛГОН табл. / 20 бр","2749","87","4.1000",""
"10135","Сана 2 - Аспарухово","БИЗАКОДИЛ супоз 10мг/6бр","13836","88","3.1400",""
"10135","Сана 2 - Аспарухово","АЛЕРГОЗАН амп 1% 2 мл х 10","26117","100","11.0400",""
"10135","Сана 2 - Аспарухово","ЕЛАКСА ПИКО тб. 5мг х 20БР. ФОРТЕКС","45569","88","4.2600",""
"10135","Сана 2 - Аспарухово","ТРАКТУС ПРАХ ПЕРОРАЛЕН 600 МГ Р-Р В САШЕ Х 10","50581","99","6.2600",""
"10135","Сана 2 - Аспарухово","МУКОНАЗАЛ ПЛЮС 10мл СПРЕЙ СТАДА","19939","97","6.2600",""
"10135","Сана 2 - Аспарухово","СПИРТ САЛИЦИЛОВ 1% 100 мл","27590","92","0.7400",""
"10135","Сана 2 - Аспарухово","АЦЦ МЕД И ЛИМОН прахчета 600мг/10 бр","18230","99","8.2000","7.22"
"10135","Сана 2 - Аспарухово","БРАУНОЛ 2000 сол. 100 мл","29203","92","3.5000",""
"10135","Сана 2 - Аспарухово","СПИРТ ЕТИЛОВ 70% 100 мл","4346","92","0.5600",""
"10135","Сана 2 - Аспарухово","НИЗОРАЛ 2% ЛЕЧЕБЕН ШАМПОАН 100МЛ СТАДА","47548","90","12.9700",""
"10135","Сана 2 - Аспарухово","КСИЗАЛ табл 5мг/7бр","18506","100","4.3500",""
"10135","Сана 2 - Аспарухово","АЦЕТИЗАЛ табл 500мг/20бр","12903","96","1.2800",""
"10135","Сана 2 - Аспарухово","ДУЛКОЛАКС 5МГ Х 30 ТБ СТАДА","33591","88","5.4200",""
"10135","Сана 2 - Аспарухово","АНГАЛ ЯГОДА ДЕЦА ТБ. ЗА СМУЧЕНЕ X 24","47847","98","6.7500",""
"10135","Сана 2 - Аспарухово","АСПИРИН C 400МГ/240МГ ЕФФ ТБ Х 20БР","243","96","6.3400","5.58"
"10135","Сана 2 - Аспарухово","ВОДА БЕБЕЛАН 1.5Л","48312","73","0.6900",""
"10135","Сана 2 - Аспарухово","КСИЗАЛ табл 5мг/20бр","18505","100","11.3300",""
"10135","Сана 2 - Аспарухово","МИРТОЛ капс 120мг 20бр","15179","99","5.2200",""
"10135","Сана 2 - Аспарухово","СПИРТ МЕНТОЛОВ 1% 100 мл","4372","92","0.7200",""
"10135","Сана 2 - Аспарухово","АЦЕТИЗАЛ КАРДИО табл 100мг/30бр","35559","96","2.0200",""
"10135","Сана 2 - Аспарухово","ЗИРТЕК D тбл.5мг/120мг.х6","44047","100","3.6300",""
"10135","Сана 2 - Аспарухово","СПИРТ ЕТИЛОВ 90% 100 мл","27859","92","0.6600",""
"10135","Сана 2 - Аспарухово","АЦЦ ЗА ДЕЦА сир 20мг/мл 100мл","41193","99","6.6200","5.83"
"10135","Сана 2 - Аспарухово","АЛЕРГОЗАН крем 1% 18 гр","98","91","3.9900",""
"10135","Сана 2 - Аспарухово","АЦЕТИЗАЛ КАРДИО табл 100 мг х 100","35635","96","6.2500",""
"10135","Сана 2 - Аспарухово","НУРОФЕН ФОРТЕ тб. 400мг/24бр","48406","94","7.6900",""
"10135","Сана 2 - Аспарухово","ТАЛЦИД табл. 500 мг / 20 бр","2831","86","4.0600",""
"10135","Сана 2 - Аспарухово","НУРОФЕН ФЕМИНА ФОРТЕ обвити табл./12бр","40137","94","5.1700",""
"10135","Сана 2 - Аспарухово","НИЗОРАЛ КРЕМ 15ГР СТАДА","2078","90","1.9400",""
"10135","Сана 2 - Аспарухово","ВОЛТАРЕН ФОРТЕ 2.32% ГЕЛ 50Г.","39188","95","8.5100","7.66"
"10135","Сана 2 - Аспарухово","СПИРТ ЛАВАНДУЛОВ 100 мл","4366","92","0.8200",""
"10135","Сана 2 - Аспарухово","ИМОДИУМ капс. 2 мг / 6 бр","1460","89","3.7400",""
"10135","Сана 2 - Аспарухово","СПИРТ КАМФОРОВ 10% 100 мл","4364","92","1.1200",""
"10135","Сана 2 - Аспарухово","ТРАХИЗАН табл. / 20 бр","2967","98","6.5400",""
"10135","Сана 2 - Аспарухово","ДИКЛОФЕНАК ДУО капс 75мг / 30бр","10140","95","5.4500",""
"10135","Сана 2 - Аспарухово","КСИЗАЛ сол 20 мл","25433","100","5.3400",""
"10135","Сана 2 - Аспарухово","СПИРТ ЕТИЛОВ 70% 1 л","4359","92","4.1900",""
"10135","Сана 2 - Аспарухово","ЙОДАДЕРМ р-р 10% х 100мл ВТ","40714","92","2.1000",""
"10135","Сана 2 - Аспарухово","БУСКОЛИЗИН др. 10 мг / 30 бр","424","87","4.0100",""
"10135","Сана 2 - Аспарухово","БОЧКО ШАМПОАН БАДЕМ И НЕВЕН 400МЛ","45392","82","2.7100",""
"10135","Сана 2 - Аспарухово","АЦЕТИЗАЛ КАРДИО табл 75 мг х 100","35711","96","4.6400",""
"10135","Сана 2 - Аспарухово","ГЪМ ЧЕТКА ЗА ЗЪБИ ТЕХНИК MЕДИУМ","30529","80","3.1700",""
"10135","Сана 2 - Аспарухово","ДИКЛОФЕНАК табл 50мг/30бр ЧФ","20521","95","1.5300",""
"10135","Сана 2 - Аспарухово","НУРОФЕН СТОП КОЛД ТБ.X24 БР.","42458","94","7.8000",""
"10135","Сана 2 - Аспарухово","БУСКОЛИЗИН амп. 2% - 1 мл  10","26114","87","7.4100",""
"10135","Сана 2 - Аспарухово","АНАЛГИН амп. 50% 2 мл х 10","26125","96","7.1600",""
"10135","Сана 2 - Аспарухово","БЕНАЛГИН табл / 20 бр","316","96","2.9100",""
"10135","Сана 2 - Аспарухово","ЗИРТЕК табл. 10 мг / 10 бр","3326","100","4.6000",""
"10135","Сана 2 - Аспарухово","ВОЛТАРЕН ЕМУЛГЕЛ гел 1% 50 гр","3221","95","6.0100",""
"10135","Сана 2 - Аспарухово","ДИКЛАК ГЕЛ 5% 150ГР","49554","95","13.8600",""
"10135","Сана 2 - Аспарухово","АНГАЛ ЛИМОН СПРЕЙ ЗА УСТА 30 МЛ","47828","98","9.0000",""
"10135","Сана 2 - Аспарухово","ЕКЗОДЕРИЛ сол. 1% 10 мл","1083","90","6.9500",""
"10135","Сана 2 - Аспарухово","НАЗИК 50мг/0.5мг/гр назален спрей за деца 10мл","30821","97","4.6000",""
"10135","Сана 2 - Аспарухово","СТРЕПСИЛС ИНТЕНЗИВ СПРЕЙ 15 МЛ.","42658","98","7.6400",""
"10135","Сана 2 - Аспарухово","КЕТОНАЛ капс 50мг / 20бр","15309","94","6.3500",""
"10135","Сана 2 - Аспарухово","АЦЦ 200 прахчета 200 мг / 20 бр","15","99","6.6000",""
"10135","Сана 2 - Аспарухово","СПИРТ ЕТИЛОВ 95% 1 л","4361","92","5.0100",""
"10135","Сана 2 - Аспарухово","ИМОДИУМ ИНСТАТ ОРОДИСП. табл 2мг / 6бр","41100","89","4.2400",""
"10135","Сана 2 - Аспарухово","СПАЗМАЛГОН амп. 2% 2 мл х 5","24839","87","3.3700",""
"10135","Сана 2 - Аспарухово","НУРОФЕН ФОРТЕ табл 400мг/12бр","23809","94","4.3700",""
"10135","Сана 2 - Аспарухово","ДЕРМОДРИН унгв. 30гр","28204","91","4.6500",""
"10135","Сана 2 - Аспарухово","ВОЛТАРЕН ЕМУЛГЕЛ гел 1% 100 гр","27655","95","9.4600",""
"10135","Сана 2 - Аспарухово","МИПРОФЕН ФИЛМ.тб 100мг х 15","43655","94","4.8800",""
"10135","Сана 2 - Аспарухово","АЛПИНИСТ чай БИОПРОГРАМА","11102","72","0.7500",""
"10135","Сана 2 - Аспарухово","НУРОФЕН ЕКСПРЕС ФОРТЕ меки капс.400мг / 20 бр","46349","94","9.4100",""
"10135","Сана 2 - Аспарухово","КЕТАЛГО САШЕ 50мг х 12","49015","94","6.5400",""
"10135","Сана 2 - Аспарухово","НУРОФЕН ЕКСПРЕС меки капс.200мг. 10бр","35490","94","4.3600",""
"10135","Сана 2 - Аспарухово","ХЕКСОРАЛЕТЕН N ТБ ЗА СМУЧЕНЕ 5МГ/1.5МГ Х 16","49290","98","5.7800","5.20"
"10135","Сана 2 - Аспарухово","МОКРИ КЪРПИ МИНЬОНИТЕ Х 15БР","50314","84","0.5100",""
"10135","Сана 2 - Аспарухово","ЕКЗОДЕРИЛ КРЕМ 1% 30 ГР","47886","90","9.1000",""
"10135","Сана 2 - Аспарухово","ВОЛТАРЕН ПЛАСТИР 140МГ Х 5","A000051669","95","17.0000",""
"10135","Сана 2 - Аспарухово","ИБУПРОМ СИНУС МАКС 400МГ/60МГ Х10ТБ","A000051451","94","7.8500","6.99"
"10135","Сана 2 - Аспарухово","АЛЕРГОЗАН унгв.1% 18 гр","100","91","3.9900",""
"10135","Сана 2 - Аспарухово","АЛМАГЕЛ сусп 170 мл","10359","86","2.5600",""
"10135","Сана 2 - Аспарухово","ЕНТЕРОЛ ФОРТЕ САШЕ 500МГ Х 10","A000052482","89","9.4600",""
"10135","Сана 2 - Аспарухово","СПИРТ САЛИЦИЛОВ 2% 100 мл","24519","92","0.7400",""
"10135","Сана 2 - Аспарухово","ПСИЛО-БАЛСАМ ГЕЛ 20 ГР СТАДА","2484","91","6.1100",""
"10135","Сана 2 - Аспарухово","ДИКЛАК ГЕЛ 12 ЧАСА 23.2 мг/г гел 50гр","50655","95","7.8700",""
"10135","Сана 2 - Аспарухово","АНГАЛ МЕНТОЛ ТБ ЗА СМУЧЕНЕ x 24","44003","98","6.7500",""
"10135","Сана 2 - Аспарухово","ОЛИНТ ДУО СПРЕЙ 10МЛ","50845","97","6.6400",""
"10135","Сана 2 - Аспарухово","БРАУНОВИДОН унгв 10 % 100 гр","394","92","5.7800",""
"10135","Сана 2 - Аспарухово","ДУЛКОЛАКС ПИКО 7.5МГ / 15МЛ КАПКИ СТАДА","26553","88","5.4500",""
"10135","Сана 2 - Аспарухово","АНГАЛ МЕНТ СПРЕЙ ЗА УСТА 30МЛ","44002","98","8.9200",""
"10135","Сана 2 - Аспарухово","РЕПАРИЛ гел 40 гр","2552","95","5.9800",""
"10135","Сана 2 - Аспарухово","НАЗИК 0.1% назален спрей за ВЪЗРАСТНИ 10мл","30828","97","6.2900",""
"10135","Сана 2 - Аспарухово","ЙОДАСЕПТ унгв. 40 гр","36659","92","3.1400",""
"10135","Сана 2 - Аспарухово","БОЧКО ПАСТА ЗА ЗЪБИ ДЪВКА 75МЛ","42822","81","1.1800",""
"10135","Сана 2 - Аспарухово","СПИРТ ЕТИЛОВ 95% 100 мл","24522","92","0.6600",""
"10135","Сана 2 - Аспарухово","НУРОФЕН ЕКСПРЕС ФОРТЕ КОМПАКТ 400МГ Х 20","A000052546","94","10.2200",""
"10135","Сана 2 - Аспарухово","ГЕЛОМИРТОЛ форте капс 300мг/20бр","11751","99","8.2000",""
"10135","Сана 2 - Аспарухово","СПАЗМО-ЛИТ табл 20 мг / 30 бр","24338","87","4.2900",""
"10135","Сана 2 - Аспарухово","АНАЛГИН ТБ 500МГ Х 30БР СОФАРМА","50773","96","2.4400",""
"10135","Сана 2 - Аспарухово","НИЗОРАЛ КЕЪР ШАМПОАН СУХ СКАЛП 200МЛ СТАДА","A000052148","90","14.1600",""
"10135","Сана 2 - Аспарухово","СТРЕПСИЛС ИНТЕНЗИВ ТАБЛ. Х 24бр.","44435","98","7.6400",""
"10135","Сана 2 - Аспарухово","ЙОДАСЕПТ унгв. 90 гр","1578","92","4.5000",""
"10135","Сана 2 - Аспарухово","КЕТОЗАЛ ШАМПОАН 2% 60МЛ","26283","90","7.4600",""
"10135","Сана 2 - Аспарухово","ОТИПАКС сол. 15МЛ","2225","101","3.9900",""
"10135","Сана 3 - Бриз","РЕПАРИЛ гел 40 гр","2552","95","5.9800",""
"10135","Сана 3 - Бриз","НУРОФЕН ФОРТЕ тб. 400мг/24бр","48406","94","7.6900",""
"10135","Сана 3 - Бриз","НИЗОРАЛ КЕЪР ШАМПОАН СУХ СКАЛП 200МЛ СТАДА","A000052148","90","14.1600",""
"10135","Сана 3 - Бриз","АСПИРИН ПРОТЕКТ табл 100мг/40бр BAYER","16886","96","2.9700",""
"10135","Сана 3 - Бриз","СПИРТ ЕТИЛОВ 95% 100 мл","24522","92","0.6600",""
"10135","Сана 3 - Бриз","БУСКОЛИЗИН амп. 2% - 1 мл  10","26114","87","7.4100",""
"10135","Сана 3 - Бриз","БЕНАЛГИН табл / 20 бр","316","96","2.9100",""
"10135","Сана 3 - Бриз","КЕТОНАЛ капс 50мг / 20бр","15309","94","6.3500",""
"10135","Сана 3 - Бриз","ЕНТЕРОЛ ФОРТЕ САШЕ 500МГ Х 10","A000052482","89","9.4600",""
"10135","Сана 3 - Бриз","ПСИЛО-БАЛСАМ ГЕЛ 20 ГР СТАДА","2484","91","6.1100",""
"10135","Сана 3 - Бриз","КЕТОЗАЛ ШАМПОАН 2% 60МЛ","26283","90","7.4600",""
"10135","Сана 3 - Бриз","БИЗАКОДИЛ супоз 10мг/6бр","13836","88","3.1400",""
"10135","Сана 3 - Бриз","ДУЛКОЛАКС ПИКО 7.5МГ / 15МЛ КАПКИ СТАДА","26553","88","5.4500",""
"10135","Сана 3 - Бриз","ЕЛАКСА ПИКО тб. 5мг х 20БР. ФОРТЕКС","45569","88","4.2600",""
"10135","Сана 3 - Бриз","КСИЗАЛ табл 5мг/20бр","18505","100","11.3300",""
"10135","Сана 3 - Бриз","ТАЛЦИД табл. 500 мг / 20 бр","2831","86","4.0600",""
"10135","Сана 3 - Бриз","БОЧКО ПАСТА ЗА ЗЪБИ ДЪВКА 75МЛ","42822","81","1.1800",""
"10135","Сана 3 - Бриз","ИМОДИУМ капс. 2 мг / 6 бр","1460","89","3.7400",""
"10135","Сана 3 - Бриз","НУРОФЕН табл 200мг/12бр","17807","94","3.4300",""
"10135","Сана 3 - Бриз","АЛМАГЕЛ A сусп. 170 мл","106","86","3.8900",""
"10135","Сана 3 - Бриз","ЙОДСЕПТАДОН 10% РАЗТВОР 100 МЛ","19277","92","2.1500",""
"10135","Сана 3 - Бриз","ДИКЛАК гел 5% 100гр","32143","95","9.4600",""
"10135","Сана 3 - Бриз","ЙОДАСЕПТ унгв. 40 гр","36659","92","3.1400",""
"10135","Сана 3 - Бриз","СПИРТ МЕНТОЛОВ 1% 100 мл","4372","92","0.7200",""
"10135","Сана 3 - Бриз","АЛЕРГОЗАН крем 1% 18 гр","98","91","3.9900",""
"10135","Сана 3 - Бриз","ВОЛТАРЕН ФОРТЕ 2.32% ГЕЛ 50Г.","39188","95","8.5100","7.66"
"10135","Сана 3 - Бриз","СТОПЕРАН ХИДРА ЯГОДА саше x12","39538","89","6.7700",""
"10135","Сана 3 - Бриз","АЦЦ ЗА ДЕЦА сир 20мг/мл 100мл","41193","99","6.6200","5.83"
"10135","Сана 3 - Бриз","АНАЛГИН амп. 50% 2 мл х 10","26125","96","7.1600",""
"10135","Сана 3 - Бриз","АЦЕТИЗАЛ КАРДИО табл 100 мг х 100","35635","96","6.2500",""
"10135","Сана 3 - Бриз","ГЕЛОМИРТОЛ форте капс 300мг/20бр","11751","99","8.2000",""
"10135","Сана 3 - Бриз","АНГАЛ МЕД ТБ ЗА СМУЧЕНЕ Х 24","47899","98","6.7500",""
"10135","Сана 3 - Бриз","АЛМАГЕЛ сусп 170 мл","10359","86","2.5600",""
"10135","Сана 3 - Бриз","КЕТАЛГО 25МГ Х 10 ТАБЛ","A000051547","94","4.7000",""
"10135","Сана 3 - Бриз","ДИКЛОФЕНАК ДУО капс 75мг / 30бр","10140","95","5.4500",""
"10135","Сана 3 - Бриз","ХЕКСОРАЛЕТЕН N ТБ ЗА СМУЧЕНЕ 5МГ/1.5МГ Х 16","49290","98","5.7800","5.20"
"10135","Сана 3 - Бриз","КСИЗАЛ СИРОП 0.5МГ/МЛ Х 200МЛ","48267","100","5.2400",""
"10135","Сана 3 - Бриз","ОТИПАКС сол. 15МЛ","2225","101","3.9900",""
"10135","Сана 3 - Бриз","КСИЗАЛ сол 20 мл","25433","100","5.3400",""
"10135","Сана 3 - Бриз","ДИКЛАК ГЕЛ 12 ЧАСА 23.2 мг/г гел 50гр","50655","95","7.8700",""
"10135","Сана 3 - Бриз","КСИЗАЛ табл 5мг/7бр","18506","100","4.3500",""
"10135","Сана 3 - Бриз","СТОПЕРАН капс 2мг х 8бр","27944","89","3.1700",""
"10135","Сана 3 - Бриз","ДИКЛАК ГЕЛ 5% 150ГР","49554","95","13.8600",""
"10135","Сана 3 - Бриз","ВОЛТАРЕН ПЛАСТИР 140МГ Х 5","A000051669","95","17.0000",""
"10135","Сана 3 - Бриз","БУСКОЛИЗИН др. 10 мг / 30 бр","424","87","4.0100",""
"10135","Сана 3 - Бриз","СПИРТ САЛИЦИЛОВ 2% 100 мл","24519","92","0.7400",""
"10135","Сана 3 - Бриз","ЕКЗОДЕРИЛ сол. 1% 10 мл","1083","90","6.9500",""
"10135","Сана 3 - Бриз","СПАЗМАЛГОН амп. 2% 2 мл х 5","24839","87","3.3700",""
"10135","Сана 3 - Бриз","ДЕРМОДРИН унгв. 30гр","28204","91","4.6500",""
"10135","Сана 3 - Бриз","АЛЕРГОЗАН унгв.1% 18 гр","100","91","3.9900",""
"10135","Сана 3 - Бриз","АНГАЛ МЕНТОЛ ТБ ЗА СМУЧЕНЕ x 24","44003","98","6.7500",""
"10135","Сана 3 - Бриз","НУРОФЕН ЕКСПРЕС ФОРТЕ КОМПАКТ 400МГ Х 20","A000052546","94","10.2200",""
"10135","Сана 3 - Бриз","АЦЦ МЕД И ЛИМОН прахчета 600мг/10 бр","18230","99","8.2000","7.22"
"10135","Сана 3 - Бриз","СПИРТ ЕТИЛОВ 70% 1 л","4359","92","4.1900",""
"10135","Сана 3 - Бриз","СТРЕПСИЛС ИНТЕНЗИВ СПРЕЙ 15 МЛ.","42658","98","7.6400",""
"10135","Сана 3 - Бриз","СПИРТ ЕТИЛОВ 95% 1 л","4361","92","5.0100",""
"10135","Сана 3 - Бриз","МУКОНАЗАЛ ПЛЮС 10мл СПРЕЙ СТАДА","19939","97","6.2600",""
"10135","Сана 3 - Бриз","НУРОФЕН ЕКСПРЕС ФОРТЕ меки капс.400мг / 20 бр","46349","94","9.4100",""
"10135","Сана 3 - Бриз","БРАУНОВИДОН унгв 10 % 100 гр","394","92","5.7800",""
"10135","Сана 3 - Бриз","ГЪМ ЧЕТКА ЗА ЗЪБИ ТЕХНИК MЕДИУМ","30529","80","3.1700",""
"10135","Сана 3 - Бриз","ТРАХИЗАН табл. / 20 бр","2967","98","6.5400",""
"10135","Сана 3 - Бриз","НАЗИК 50мг/0.5мг/гр назален спрей за деца 10мл","30821","97","4.6000",""
"10135","Сана 3 - Бриз","СПАЗМАЛГОН табл. / 20 бр","2749","87","4.1000",""
"10135","Сана 3 - Бриз","АЛЕРГОЗАН амп 1% 2 мл х 10","26117","100","11.0400",""
"10135","Сана 3 - Бриз","ЛОПЕДИУМ капс 2мг/10","13893","89","3.4300",""
"10135","Сана 3 - Бриз","ДУЛКОЛАКС 10МГ Х 6 СУП СТАДА","A000051117","88","5.4500",""
"10135","Сана 3 - Бриз","ЕКЗОДЕРИЛ крем 1% 15 гр","1082","90","5.8000",""
"10135","Сана 3 - Бриз","АЦЕТИЗАЛ КАРДИО табл 75 мг х 100","35711","96","4.6400",""
"10135","Сана 3 - Бриз","СТРЕПСИЛС ИНТЕНЗИВ ТАБЛ. Х 24бр.","44435","98","7.6400",""
"10135","Сана 3 - Бриз","САПУН СЕРЕН 70гр НИЯ","26175","83","0.6900",""
"10135","Сана 3 - Бриз","СПИРТ КАМФОРОВ 10% 100 мл","4364","92","1.1200",""
"10135","Сана 3 - Бриз","ИБУПРОМ СИНУС МАКС 400МГ/60МГ Х10ТБ","A000051451","94","7.8500","6.99"
"10135","Сана 3 - Бриз","НУРОФЕН ЕКСПРЕС ФОРТЕ МЕКИ КАПС 400МГ Х 30","A000053187","94","12.5800",""
"10135","Сана 3 - Бриз","ФАСТУМ гел. 2.5 % 100 гр","24380","94","7.8200",""
"10135","Сана 3 - Бриз","АНАЛГИН ТБ 500МГ Х 30БР СОФАРМА","50773","96","2.4400",""
"10135","Сана 3 - Бриз","НАЗИК 0.1% назален спрей за ВЪЗРАСТНИ 10мл","30828","97","6.2900",""
"10135","Сана 3 - Бриз","АНГАЛ ЯГОДА ДЕЦА ТБ. ЗА СМУЧЕНЕ X 24","47847","98","6.7500",""
"10135","Сана 3 - Бриз","КЕТАЛГО САШЕ 50мг х 12","49015","94","6.5400",""
"10135","Сана 3 - Бриз","МИПРОФЕН ФИЛМ.тб 100мг х 15","43655","94","4.8800",""
"10135","Сана 3 - Бриз","ОЛИНТ ДУО СПРЕЙ 10МЛ","50845","97","6.6400",""
"10135","Сана 3 - Бриз","МИРТОЛ капс 120мг 20бр","15179","99","5.2200",""
"10135","Сана 3 - Бриз","ЙОДАДЕРМ р-р 10% х 100мл ВТ","40714","92","2.1000",""
"10135","Сана 3 - Бриз","ДУЛКОЛАКС 5МГ Х 30 ТБ СТАДА","33591","88","5.4200",""
"10135","Сана 3 - Бриз","ЕКЗОДЕРИЛ КРЕМ 1% 30 ГР","47886","90","9.1000",""
"10135","Сана 3 - Бриз","АНГАЛ ЛИМОН СПРЕЙ ЗА УСТА 30 МЛ","47828","98","9.0000",""
"10135","Сана 3 - Бриз","ЗИРТЕК D тбл.5мг/120мг.х6","44047","100","3.6300",""
"10135","Сана 3 - Бриз","АСПИРИН КОМПЛЕКС саше 500 мг / 10 бр BAYER","32920","96","6.3400",""
"10135","Сана 3 - Бриз","БРАУНОЛ 2000 сол. 100 мл","29203","92","3.5000",""
"10135","Сана 3 - Бриз","ИБУПРОМ СИНУС ТБ.200/30МГ / 24 БР","42604","94","7.8500",""
"10135","Сана 3 - Бриз","БЕНАЛГИН табл / 10 бр","31347","96","1.7800",""
"10135","Сана 3 - Бриз","НИЗОРАЛ КРЕМ 15ГР СТАДА","2078","90","1.9400",""
"10135","Сана 3 - Бриз","ФАСТУМ гел. 2.5 % 50 гр","1098","94","4.7300",""
"10135","Сана 3 - Бриз","АСПИРИН C 400МГ/240МГ ЕФФ ТБ Х 20БР","243","96","6.3400","5.58"
"10135","Сана 3 - Бриз","МОКРИ КЪРПИ МИНЬОНИТЕ Х 15БР","50314","84","0.5100",""
"10135","Сана 3 - Бриз","АЦЦ 200 прахчета 200 мг / 20 бр","15","99","6.6000",""
"10135","Сана 3 - Бриз","ЕНТЕРОЛ  САШЕТИ  250МГ Х  6","47106","89","4.4000",""
"10135","Сана 3 - Бриз","СПИРТ САЛИЦИЛОВ 1% 100 мл","27590","92","0.7400",""
"10135","Сана 3 - Бриз","ЗИРТЕК сол. 10 мг / 20 мл","3325","100","8.8500",""
"10135","Сана 3 - Бриз","ВОДА БЕБЕЛАН 1.5Л","48312","73","0.6900",""
"10135","Сана 3 - Бриз","СПИРТ ЕТИЛОВ 70% 100 мл","4346","92","0.5600",""
"10135","Сана 3 - Бриз","ЙОДАСЕПТ унгв. 90 гр","1578","92","4.5000",""
"10135","Сана 3 - Бриз","ДИКЛАК гел 5% 50гр","13887","95","6.8200",""
"10135","Сана 3 - Бриз","БИЗАЛАКС филм табл. 5 мг / 30 бр","379","88","2.3300",""
"10135","Сана 3 - Бриз","АЦЕТИЗАЛ КАРДИО табл 100мг/30бр","35559","96","2.0200",""
"10135","Сана 3 - Бриз","ВОЛТАРЕН ЕМУЛГЕЛ гел 1% 50 гр","3221","95","6.0100",""
"10135","Сана 3 - Бриз","АЦЕТИЗАЛ табл 500мг/20бр","12903","96","1.2800",""
"10135","Сана 3 - Бриз","ИБУПРОФЕН др. 200 мг / 100 бр","1447","94","6.9500",""
"10135","Сана 3 - Бриз","ВОЛТАРЕН ЕМУЛГЕЛ гел 1% 100 гр","27655","95","9.4600",""
"10135","Сана 3 - Бриз","БОЧКО ШАМПОАН БАДЕМ И НЕВЕН 400МЛ","45392","82","2.7100",""
"10135","Сана 3 - Бриз","ТРАКТУС ПРАХ ПЕРОРАЛЕН 600 МГ Р-Р В САШЕ Х 10","50581","99","6.2600",""
"10135","Сана 3 - Бриз","АЛЕРГОЗАН табл 25 мг / 20 бр","99","100","3.5700",""
"10135","Сана 3 - Бриз","НУРОФЕН СТОП КОЛД ТБ.X24 БР.","42458","94","7.8000",""
"10135","Сана 3 - Бриз","СПАЗМОМЕН табл 40 мг / 30бр","27636","87","10.7300",""
"10135","Сана 3 - Бриз","НУРОФЕН ЕКСПРЕС меки капс.200мг. 10бр","35490","94","4.3600",""
"10135","Сана 3 - Бриз","ЗИРТЕК табл. 10 мг / 10 бр","3326","100","4.6000",""
"10135","Сана 3 - Бриз","СПИРТ ЕТИЛОВ 90% 1 л","4360","92","4.7600",""
"10135","Сана 3 - Бриз","ДИКЛОФЕНАК табл 50мг/30бр ЧФ","20521","95","1.5300",""
"10135","Сана 3 - Бриз","НУРОФЕН табл 200мг/24бр","35821","94","5.6800",""
"10135","Сана 3 - Бриз","ДИКЛАК ГЕЛ 12 ЧАСА 23.2 мг/г 100ГР","50654","95","10.7600",""
"10135","Сана 3 - Бриз","АНГАЛ МЕНТ СПРЕЙ ЗА УСТА 30МЛ","44002","98","8.9200",""
"10135","Сана 3 - Бриз","НИЗОРАЛ 2% ЛЕЧЕБЕН ШАМПОАН 100МЛ СТАДА","47548","90","12.9700",""
"10135","Сана 3 - Бриз","ЗИРТЕК табл. 10 мг / 20 бр","3327","100","9.2000",""
"10135","Сана 3 - Бриз","НУРОФЕН ФЕМИНА ФОРТЕ обвити табл./12бр","40137","94","5.1700",""
"10135","Сана 3 - Бриз","ИМОДИУМ ИНСТАТ ОРОДИСП. табл 2мг / 6бр","41100","89","4.2400",""
"10135","Сана 3 - Бриз","СПИРТ ЛАВАНДУЛОВ 100 мл","4366","92","0.8200",""
"10135","Сана 4 - Владиславово","ЙОДАСЕПТ унгв. 90 гр","1578","92","4.5000",""
"10135","Сана 4 - Владиславово","ДИКЛАК гел 5% 50гр","13887","95","6.8200",""
"10135","Сана 4 - Владиславово","СПИРТ ЕТИЛОВ 70% 1 л","4359","92","4.1900",""
"10135","Сана 4 - Владиславово","АНАЛГИН амп. 50% 2 мл х 10","26125","96","7.1600",""
"10135","Сана 4 - Владиславово","ДЕРМОДРИН унгв. 30гр","28204","91","4.6500",""
"10135","Сана 4 - Владиславово","БУСКОЛИЗИН др. 10 мг / 30 бр","424","87","4.0100",""
"10135","Сана 4 - Владиславово","ДУЛКОЛАКС 10МГ Х 6 СУП СТАДА","A000051117","88","5.4500",""
"10135","Сана 4 - Владиславово","АСПИРИН ПРОТЕКТ табл 100мг/40бр BAYER","16886","96","2.9700",""
"10135","Сана 4 - Владиславово","НУРОФЕН ФОРТЕ тб. 400мг/24бр","48406","94","7.6900",""
"10135","Сана 4 - Владиславово","СПИРТ ЕТИЛОВ 70% 100 мл","4346","92","0.5600",""
"10135","Сана 4 - Владиславово","НУРОФЕН табл 200мг/12бр","17807","94","3.4300",""
"10135","Сана 4 - Владиславово","КЕТАЛГО САШЕ 50мг х 12","49015","94","6.5400",""
"10135","Сана 4 - Владиславово","ЙОДСЕПТАДОН 10% РАЗТВОР 100 МЛ","19277","92","2.1500",""
"10135","Сана 4 - Владиславово","ТРАКТУС ПРАХ ПЕРОРАЛЕН 600 МГ Р-Р В САШЕ Х 10","50581","99","6.2600",""
"10135","Сана 4 - Владиславово","БЕНАЛГИН табл / 10 бр","31347","96","1.7800",""
"10135","Сана 4 - Владиславово","БОЧКО ПАСТА ЗА ЗЪБИ ДЪВКА 75МЛ","42822","81","1.1800",""
"10135","Сана 4 - Владиславово","НУРОФЕН ЕКСПРЕС ФОРТЕ меки капс.400мг / 20 бр","46349","94","9.4100",""
"10135","Сана 4 - Владиславово","НУРОФЕН ФЕМИНА ФОРТЕ обвити табл./12бр","40137","94","5.1700",""
"10135","Сана 4 - Владиславово","НУРОФЕН ЕКСПРЕС ФОРТЕ МЕКИ КАПС 400МГ Х 30","A000053187","94","12.5800",""
"10135","Сана 4 - Владиславово","ИМОДИУМ ИНСТАТ ОРОДИСП. табл 2мг / 6бр","41100","89","4.2400",""
"10135","Сана 4 - Владиславово","БИЗАКОДИЛ супоз 5мг/6бр","13837","88","2.4000",""
"10135","Сана 4 - Владиславово","АЦЦ МЕД И ЛИМОН прахчета 600мг/10 бр","18230","99","8.2000","7.22"
"10135","Сана 4 - Владиславово","НИЗОРАЛ КЕЪР ШАМПОАН СУХ СКАЛП 200МЛ СТАДА","A000052148","90","14.1600",""
"10135","Сана 4 - Владиславово","РЕПАРИЛ гел 40 гр","2552","95","5.9800",""
"10135","Сана 4 - Владиславово","КЕТАЛГО 25МГ Х 10 ТАБЛ","A000051547","94","4.7000",""
"10135","Сана 4 - Владиславово","ЕКЗОДЕРИЛ крем 1% 15 гр","1082","90","5.8000",""
"10135","Сана 4 - Владиславово","БИЗАКОДИЛ супоз 10мг/6бр","13836","88","3.1400",""
"10135","Сана 4 - Владиславово","АЛЕРГОЗАН табл 25 мг / 20 бр","99","100","3.5700",""
"10135","Сана 4 - Владиславово","МИРТОЛ капс 120мг 20бр","15179","99","5.2200",""
"10135","Сана 4 - Владиславово","АЛМАГЕЛ сусп 170 мл","10359","86","2.5600",""
"10135","Сана 4 - Владиславово","ХЕКСОРАЛЕТЕН N ТБ ЗА СМУЧЕНЕ 5МГ/1.5МГ Х 16","49290","98","5.7800","5.20"
"10135","Сана 4 - Владиславово","ОТИПАКС сол. 15МЛ","2225","101","3.9900",""
"10135","Сана 4 - Владиславово","СПИРТ САЛИЦИЛОВ 1% 100 мл","27590","92","0.7400",""
"10135","Сана 4 - Владиславово","АНГАЛ ЯГОДА ДЕЦА ТБ. ЗА СМУЧЕНЕ X 24","47847","98","6.7500",""
"10135","Сана 4 - Владиславово","ДИКЛАК гел 5% 100гр","32143","95","9.4600",""
"10135","Сана 4 - Владиславово","АЦЦ ЗА ДЕЦА сир 20мг/мл 100мл","41193","99","6.6200","5.83"
"10135","Сана 4 - Владиславово","АЦЕТИЗАЛ табл 500мг/20бр","12903","96","1.2800",""
"10135","Сана 4 - Владиславово","НИЗОРАЛ КРЕМ 15ГР СТАДА","2078","90","1.9400",""
"10135","Сана 4 - Владиславово","АСПИРИН C 400МГ/240МГ ЕФФ ТБ Х 20БР","243","96","6.3400","5.58"
"10135","Сана 4 - Владиславово","ТРАХИЗАН табл. / 20 бр","2967","98","6.5400",""
"10135","Сана 4 - Владиславово","ВОЛТАРЕН ФОРТЕ 2.32% ГЕЛ 50Г.","39188","95","8.5100","7.66"
"10135","Сана 4 - Владиславово","БРАУНОЛ 2000 сол. 100 мл","29203","92","3.5000",""
"10135","Сана 4 - Владиславово","ФАСТУМ гел. 2.5 % 50 гр","1098","94","4.7300",""
"10135","Сана 4 - Владиславово","СТРЕПСИЛС ИНТЕНЗИВ ТАБЛ. Х 24бр.","44435","98","7.6400",""
"10135","Сана 4 - Владиславово","КЕТОФЛЕКС АМПУЛИ 50МГ/МЛ 2МЛ Х 10","49546","94","10.0200",""
"10135","Сана 4 - Владиславово","КЕТОЗАЛ ШАМПОАН 2% 60МЛ","26283","90","7.4600",""
"10135","Сана 4 - Владиславово","АНГАЛ МЕНТОЛ ТБ ЗА СМУЧЕНЕ x 24","44003","98","6.7500",""
"10135","Сана 4 - Владиславово","КЕТОНАЛ капс 50мг / 20бр","15309","94","6.3500",""
"10135","Сана 4 - Владиславово","ДУЛКОЛАКС 5МГ Х 30 ТБ СТАДА","33591","88","5.4200",""
"10135","Сана 4 - Владиславово","СПИРТ САЛИЦИЛОВ 2% 100 мл","24519","92","0.7400",""
"10135","Сана 4 - Владиславово","СПИРТ ЕТИЛОВ 90% 100 мл","27859","92","0.6600",""
"10135","Сана 4 - Владиславово","АНГАЛ МЕНТ СПРЕЙ ЗА УСТА 30МЛ","44002","98","8.9200",""
"10135","Сана 4 - Владиславово","ИМОДИУМ капс. 2 мг / 6 бр","1460","89","3.7400",""
"10135","Сана 4 - Владиславово","ЙОДАСЕПТ унгв. 40 гр","36659","92","3.1400",""
"10135","Сана 4 - Владиславово","СПИРТ ЛАВАНДУЛОВ 100 мл","4366","92","0.8200",""
"10135","Сана 4 - Владиславово","СПАЗМОМЕН табл 40 мг / 30бр","27636","87","10.7300",""
"10135","Сана 4 - Владиславово","СПИРТ МЕНТОЛОВ 1% 100 мл","4372","92","0.7200",""
"10135","Сана 4 - Владиславово","СПИРТ ЕТИЛОВ 95% 1 л","4361","92","5.0100",""
"10135","Сана 4 - Владиславово","АНАЛГИН ТБ 500МГ Х 30БР СОФАРМА","50773","96","2.4400",""
"10135","Сана 4 - Владиславово","ИБУПРОМ СИНУС МАКС 400МГ/60МГ Х10ТБ","A000051451","94","7.8500","6.99"
"10135","Сана 4 - Владиславово","НУРОФЕН ЕКСПРЕС ФОРТЕ КОМПАКТ 400МГ Х 20","A000052546","94","10.2200",""
"10135","Сана 4 - Владиславово","НИЗОРАЛ 2% ЛЕЧЕБЕН ШАМПОАН 100МЛ СТАДА","47548","90","12.9700",""
"10135","Сана 4 - Владиславово","ЕНТЕРОЛ ФОРТЕ САШЕ 500МГ Х 10","A000052482","89","9.4600",""
"10135","Сана 4 - Владиславово","АЛЕРГОЗАН унгв.1% 18 гр","100","91","3.9900",""
"10135","Сана 4 - Владиславово","ИБУПРОФЕН др. 200 мг / 100 бр","1447","94","6.9500",""
"10135","Сана 4 - Владиславово","ЗИРТЕК табл. 10 мг / 10 бр","3326","100","4.6000",""
"10135","Сана 4 - Владиславово","СПИРТ ЕТИЛОВ 95% 100 мл","24522","92","0.6600",""
"10135","Сана 4 - Владиславово","ЗИРТЕК сол. 10 мг / 20 мл","3325","100","8.8500",""
"10135","Сана 4 - Владиславово","МОКРИ КЪРПИ МИНЬОНИТЕ Х 15БР","50314","84","0.5100",""
"10135","Сана 4 - Владиславово","НУРОФЕН табл 200мг/24бр","35821","94","5.6800",""
"10135","Сана 4 - Владиславово","КСИЗАЛ табл 5мг/20бр","18505","100","11.3300",""
"10135","Сана 4 - Владиславово","СПАЗМАЛГОН амп. 2% 2 мл х 5","24839","87","3.3700",""
"10135","Сана 4 - Владиславово","ЕЛАКСА ПИКО тб. 5мг х 20БР. ФОРТЕКС","45569","88","4.2600",""
"10135","Сана 4 - Владиславово","АНГАЛ МЕД ТБ ЗА СМУЧЕНЕ Х 24","47899","98","6.7500",""
"10135","Сана 4 - Владиславово","ЙОДАДЕРМ р-р 10% х 100мл ВТ","40714","92","2.1000",""
"10135","Сана 4 - Владиславово","ГЕЛОМИРТОЛ форте капс 300мг/20бр","11751","99","8.2000",""
"10135","Сана 4 - Владиславово","ГЪМ ЧЕТКА ЗА ЗЪБИ ТЕХНИК MЕДИУМ","30529","80","3.1700",""
"10135","Сана 4 - Владиславово","НУРОФЕН ЕКСПРЕС меки капс.200мг. 10бр","35490","94","4.3600",""
"10135","Сана 4 - Владиславово","НАЗИК 0.1% назален спрей за ВЪЗРАСТНИ 10мл","30828","97","6.2900",""
"10135","Сана 4 - Владиславово","ОЛИНТ ДУО СПРЕЙ 10МЛ","50845","97","6.6400",""
"10135","Сана 4 - Владиславово","МИПРОФЕН ФИЛМ.тб 100мг х 15","43655","94","4.8800",""
"10135","Сана 4 - Владиславово","КСИЗАЛ сол 20 мл","25433","100","5.3400",""
"10135","Сана 4 - Владиславово","СТРЕПСИЛС ИНТЕНЗИВ СПРЕЙ 15 МЛ.","42658","98","7.6400",""
"10135","Сана 4 - Владиславово","СПАЗМАЛГОН табл. / 20 бр","2749","87","4.1000",""
"10135","Сана 4 - Владиславово","ЕНТЕРОЛ  САШЕТИ  250МГ Х  6","47106","89","4.4000",""
"10135","Сана 4 - Владиславово","АЦЦ 200 прахчета 200 мг / 20 бр","15","99","6.6000",""
"10135","Сана 4 - Владиславово","ДИКЛОФЕНАК ДУО капс 75мг / 30бр","10140","95","5.4500",""
"10135","Сана 4 - Владиславово","МУКОНАЗАЛ ПЛЮС 10мл СПРЕЙ СТАДА","19939","97","6.2600",""
"10135","Сана 4 - Владиславово","БИЗАЛАКС филм табл. 5 мг / 30 бр","379","88","2.3300",""
"10135","Сана 4 - Владиславово","БЕНАЛГИН табл / 20 бр","316","96","2.9100",""
"10135","Сана 4 - Владиславово","ДИКЛАК ГЕЛ 12 ЧАСА 23.2 мг/г 100ГР","50654","95","10.7600",""
"10135","Сана 4 - Владиславово","КСИЗАЛ табл 5мг/7бр","18506","100","4.3500",""
"10135","Сана 4 - Владиславово","ВОЛТАРЕН ПЛАСТИР 140МГ Х 5","A000051669","95","17.0000",""
"10135","Сана 4 - Владиславово","АНГАЛ ЛИМОН СПРЕЙ ЗА УСТА 30 МЛ","47828","98","9.0000",""
"10135","Сана 4 - Владиславово","ФАСТУМ гел. 2.5 % 100 гр","24380","94","7.8200",""
"10135","Сана 4 - Владиславово","СПИРТ ЕТИЛОВ 90% 1 л","4360","92","4.7600",""
"10135","Сана 4 - Владиславово","ДИКЛАК ГЕЛ 12 ЧАСА 23.2 мг/г гел 50гр","50655","95","7.8700",""
"10135","Сана 4 - Владиславово","АЦЕТИЗАЛ КАРДИО табл 100 мг х 100","35635","96","6.2500",""
"10135","Сана 4 - Владиславово","ДИКЛАК ГЕЛ 5% 150ГР","49554","95","13.8600",""
"10135","Сана 4 - Владиславово","СТОПЕРАН ХИДРА ЯГОДА саше x12","39538","89","6.7700",""
"10135","Сана 4 - Владиславово","ЛОПЕДИУМ капс 2мг/10","13893","89","3.4300",""
"10135","Сана 4 - Владиславово","АЛЕРГОЗАН крем 1% 18 гр","98","91","3.9900",""
"10135","Сана 4 - Владиславово","ВОДА БЕБЕЛАН 1.5Л","48312","73","0.6900",""
"10135","Сана 4 - Владиславово","ВОЛТАРЕН ЕМУЛГЕЛ гел 1% 50 гр","3221","95","6.0100",""
"10135","Сана 4 - Владиславово","ЗИРТЕК D тбл.5мг/120мг.х6","44047","100","3.6300",""
"10135","Сана 4 - Владиславово","КСИЗАЛ СИРОП 0.5МГ/МЛ Х 200МЛ","48267","100","5.2400",""
"10135","Сана 4 - Владиславово","ТАЛЦИД табл. 500 мг / 20 бр","2831","86","4.0600",""
"10135","Сана 4 - Владиславово","АЦЕТИЗАЛ КАРДИО табл 100мг/30бр","35559","96","2.0200",""
"10135","Сана 4 - Владиславово","ПСИЛО-БАЛСАМ ГЕЛ 20 ГР СТАДА","2484","91","6.1100",""
"10135","Сана 4 - Владиславово","СПАЗМО-ЛИТ табл 20 мг / 30 бр","24338","87","4.2900",""
"10135","Сана 4 - Владиславово","ДУЛКОЛАКС ПИКО 7.5МГ / 15МЛ КАПКИ СТАДА","26553","88","5.4500",""
"10135","Сана 4 - Владиславово","НАЗИК 50мг/0.5мг/гр назален спрей за деца 10мл","30821","97","4.6000",""
"10135","Сана 4 - Владиславово","АЦЕТИЗАЛ КАРДИО табл 75 мг х 100","35711","96","4.6400",""
"10135","Сана 4 - Владиславово","ВОЛТАРЕН ЕМУЛГЕЛ гел 1% 100 гр","27655","95","9.4600",""
"10135","Сана 4 - Владиславово","СТОПЕРАН капс 2мг х 8бр","27944","89","3.1700",""
"10135","Сана 4 - Владиславово","ЕКЗОДЕРИЛ сол. 1% 10 мл","1083","90","6.9500",""
"10135","Сана 4 - Владиславово","ЕКЗОДЕРИЛ КРЕМ 1% 30 ГР","47886","90","9.1000",""
"10135","Сана 4 - Владиславово","ДИКЛОФЕНАК табл 50мг/30бр ЧФ","20521","95","1.5300",""
"10135","Сана 4 - Владиславово","СПИРТ КАМФОРОВ 10% 100 мл","4364","92","1.1200",""
"10135","Сана 4 - Владиславово","БУСКОЛИЗИН амп. 2% - 1 мл  10","26114","87","7.4100",""
"10135","Сана 4 - Владиславово","БРАУНОВИДОН унгв 10 % 100 гр","394","92","5.7800",""
"10135","Сана 4 - Владиславово","НУРОФЕН СТОП КОЛД ТБ.X24 БР.","42458","94","7.8000",""
"10135","Сана 4 - Владиславово","ИБУПРОМ СИНУС ТБ.200/30МГ / 24 БР","42604","94","7.8500",""
