"Населено място","Търговски обект","Наименование на продукта","Код на продукта","Категория","Цена на дребно","Цена в промоция"
"77195","Аптека Гален 4 - бул. България 146 Д","РИЦИНОВО МАСЛО 40МЛ ХИМАКС","21974","88","0.85","0.85"
"77195","Аптека Гален 3 - бул. Съединение 43","КСИЛОМЕТАЗОЛИН 0.1% 10МЛ ПОЛФА","5254","97","1.95","1.95"
"77195","Аптека Гален 6 - бул. България 116","СЕПТОНА МОКРИ КЪРПИ КИДС АНТИБАКТЕРИАЛНИ Х 15","78301","84","0.49","0.49"
"77195","Аптека Гален 4 - бул. България 146 Д","СПИРТ КАМФОРОВ 100МЛ ХИМАКС","21677","95","1.09","1.09"
"77195","Аптека Гален 6 - бул. България 116","ЕФИЗОЛ 250МГ Х 20 ТЕВА","2253","98","2.49","2.12"
"77195","Аптека Гален 6 - бул. България 116","АСТЕРА ПАСТА ЗА ЗЪБИ КИДС ЯГОДА 0+Г 50МЛ","8547","81","1.09","1.09"
"77195","Аптека Гален 6 - бул. България 116","АДАПТ.МЛЯКО ФРИЗО (ФРИЗОЛАК) 2 400ГР","3352","65","9.05","9.05"
"77195","Аптека Гален 4 - бул. България 146 Д","СПИРТ ЕТИЛОВ 70% 100МЛ ХИМАКС","21632","92","0.55","0.55"
"77195","Аптека Гален 4 - бул. България 146 Д","РОЛЕТРА 10МГ Х 10 ЕКОФАРМ","40109","100","2.79","2.23"
"77195","Аптека Гален 1 - бул. Съединение 41","ОТИПАКС СОЛ 15МЛ БИОКОДЕКС","2626","101","3.25","3.25"
"77195","Аптека Гален 6 - бул. България 116","ЕСПУМИЗАН 40МГ Х 25 БЕРЛИН ХИМИ","3478","87","2.15","2.15"
"77195","Аптека Гален 1 - бул. Съединение 41","СПИРТ КАМФОРОВ 100МЛ ХИМАКС","21677","95","1.09","1.09"
"77195","Аптека Гален 3 - бул. Съединение 43","СЕПТОНА МОКРИ КЪРПИ КИДС АНТИБАКТЕРИАЛНИ Х 15","78301","84","0.49","0.49"
"77195","Аптека Гален 6 - бул. България 116","БОЧКО ШАМПОАН И ДУШ ГЕЛ 2В1 ДЕТСКИ С ВИТАМИНИ В3 250МЛ","72722","82","1.89","1.8900000000000001"
"77195","Аптека Гален 1 - бул. Съединение 41","РИЦИНОВО МАСЛО 40МЛ ХИМАКС","21974","88","0.85","0.85"
"77195","Аптека Гален 3 - бул. Съединение 43","ЕФИЗОЛ 250МГ Х 20 ТЕВА","2253","98","2.49","2.12"
"77195","Аптека Гален 3 - бул. Съединение 43","АДАПТ.МЛЯКО ФРИЗО (ФРИЗОЛАК) 2 400ГР","3352","65","9.05","9.05"
"77195","Аптека Гален 6 - бул. България 116","КСИЛОМЕТАЗОЛИН 0.1% 10МЛ ПОЛФА","5254","97","1.95","1.95"
"77195","Аптека Гален 6 - бул. България 116","СОЛВОЛАН 30МГ Х 20 КРКА","2823","99","2.49","2.19"
"77195","Аптека Гален 1 - бул. Съединение 41","РОЛЕТРА 10МГ Х 10 ЕКОФАРМ","40109","100","2.79","2.23"
"77195","Аптека Гален 1 - бул. Съединение 41","ХИП 4070 БИО ПЮРЕ РАЗЛИЧНИ ЗЕЛЕНЧУЦИ 4М+ 190ГР","15746","64","1.89","1.8900000000000001"
"77195","Аптека Гален 1 - бул. Съединение 41","СПИРТ ЕТИЛОВ 70% 100МЛ ХИМАКС","21632","92","0.55","0.55"
"77195","Аптека Гален 4 - бул. България 146 Д","СТОПЕРАН 2МГ Х 8 USP","35304","89","2.79","2.79"
"77195","Аптека Гален 6 - бул. България 116","ЧАЙ ЛАЙКА ФИЛТЪР Х 20 БП","13818","72","0.79","0.79"
"77195","Аптека Гален 3 - бул. Съединение 43","ЕСПУМИЗАН 40МГ Х 25 БЕРЛИН ХИМИ","3478","87","2.15","2.15"
"77195","Аптека Гален 1 - бул. Съединение 41","КСИЛОМЕТАЗОЛИН 0.1% 10МЛ ПОЛФА","5254","97","1.95","1.95"
"77195","Аптека Гален 4 - бул. България 146 Д","ПАРАЦЕТАМОЛ 500МГ Х 20 ЕКОФАРМ","57415","96","0.89","0.89"
"77195","Аптека Гален 4 - бул. България 146 Д","ФАМОТИДИН 20МГ X 20 АЛКАЛОИД","30951","86","0.79","0.79"
"77195","Аптека Гален 4 - бул. България 146 Д","ХИП 4070 БИО ПЮРЕ РАЗЛИЧНИ ЗЕЛЕНЧУЦИ 4М+ 190ГР","15746","64","1.89","1.8900000000000001"
"77195","Аптека Гален 6 - бул. България 116","АСТЕРА ЧЕТКА ЗА ЗЪБИ АКТИВ 3 МЕДИУМ","36974","80","0.79","0.79"
"77195","Аптека Гален 4 - бул. България 146 Д","ЕФИЗОЛ 250МГ Х 20 ТЕВА","2253","98","2.49","2.12"
"77195","Аптека Гален 4 - бул. България 146 Д","АСТЕРА ПАСТА ЗА ЗЪБИ КИДС ЯГОДА 0+Г 50МЛ","8547","81","1.09","1.09"
"77195","Аптека Гален 1 - бул. Съединение 41","БОЧКО ШАМПОАН И ДУШ ГЕЛ 2В1 ДЕТСКИ С ВИТАМИНИ В3 250МЛ","72722","82","1.89","1.8900000000000001"
"77195","Аптека Гален 1 - бул. Съединение 41","ЧАЙ ЛАЙКА ФИЛТЪР Х 20 БП","13818","72","0.79","0.79"
"77195","Аптека Гален 1 - бул. Съединение 41","ДОЛОРЕН 400МГ Х 12 ЕКОФАРМА","60169","94","2.49","2.49"
"77195","Аптека Гален 6 - бул. България 116","ГАНЧЕВ МЛЕЧНА КАША БАНАНИ И БИСКВИТИ 4М+ 190ГР","32990","63","0.99","0.99"
"77195","Аптека Гален 1 - бул. Съединение 41","СОЛВОЛАН 30МГ Х 20 КРКА","2823","99","2.49","2.19"
"77195","Аптека Гален 4 - бул. България 146 Д","ЕСПУМИЗАН 40МГ Х 25 БЕРЛИН ХИМИ","3478","87","2.15","2.15"
"77195","Аптека Гален 4 - бул. България 146 Д","КСИЛОМЕТАЗОЛИН 0.1% 10МЛ ПОЛФА","5254","97","1.95","1.95"
"77195","Аптека Гален 4 - бул. България 146 Д","БОЧКО ШАМПОАН И ДУШ ГЕЛ 2В1 ДЕТСКИ С ВИТАМИНИ В3 250МЛ","72722","82","1.89","1.8900000000000001"
"77195","Аптека Гален 1 - бул. Съединение 41","ФАМОТИДИН 20МГ X 20 АЛКАЛОИД","30951","86","0.79","0.79"
"77195","Аптека Гален 1 - бул. Съединение 41","АСТЕРА ПАСТА ЗА ЗЪБИ КИДС ЯГОДА 0+Г 50МЛ","8547","81","1.09","1.09"
"77195","Аптека Гален 1 - бул. Съединение 41","ЕФИЗОЛ 250МГ Х 20 ТЕВА","2253","98","2.49","2.12"
"77195","Аптека Гален 1 - бул. Съединение 41","СЕПТОНА МОКРИ КЪРПИ КИДС АНТИБАКТЕРИАЛНИ Х 15","78301","84","0.49","0.49"
"77195","Аптека Гален 1 - бул. Съединение 41","ПАРАЦЕТАМОЛ 500МГ Х 20 ЕКОФАРМ","57415","96","0.89","0.89"
"77195","Аптека Гален 3 - бул. Съединение 43","ГАНЧЕВ МЛЕЧНА КАША БАНАНИ И БИСКВИТИ 4М+ 190ГР","32990","63","0.99","0.99"
"77195","Аптека Гален 1 - бул. Съединение 41","АДАПТ.МЛЯКО ФРИЗО (ФРИЗОЛАК) 2 400ГР","3352","65","9.05","9.05"
"77195","Аптека Гален 4 - бул. България 146 Д","ЧАЙ ЛАЙКА ФИЛТЪР Х 20 БП","13818","72","0.79","0.79"
"77195","Аптека Гален 4 - бул. България 146 Д","ДОЛОРЕН 400МГ Х 12 ЕКОФАРМА","60169","94","2.49","2.49"
"77195","Аптека Гален 1 - бул. Съединение 41","ЕСПУМИЗАН 40МГ Х 25 БЕРЛИН ХИМИ","3478","87","2.15","2.15"
"77195","Аптека Гален 4 - бул. България 146 Д","СОЛВОЛАН 30МГ Х 20 КРКА","2823","99","2.49","2.19"
"77195","Аптека Гален 4 - бул. България 146 Д","ОТИПАКС СОЛ 15МЛ БИОКОДЕКС","2626","101","3.25","3.25"
"77195","Аптека Гален 6 - бул. България 116","ПАРАЦЕТАМОЛ 500МГ Х 20 ЕКОФАРМ","57415","96","0.89","0.89"
"77195","Аптека Гален 4 - бул. България 146 Д","АДАПТ.МЛЯКО ФРИЗО (ФРИЗОЛАК) 2 400ГР","3352","65","9.05","9.05"
"77195","Аптека Гален 6 - бул. България 116","ФАМОТИДИН 20МГ X 20 АЛКАЛОИД","30951","86","0.79","0.79"
"77195","Аптека Гален 4 - бул. България 146 Д","АСТЕРА ЧЕТКА ЗА ЗЪБИ АКТИВ 3 МЕДИУМ","36974","80","0.79","0.79"
"77195","Аптека Гален 6 - бул. България 116","АЛЕРГОЗАН КРЕМ 18ГР СОФАРМА","1853","91","3.55","3.55"
"77195","Аптека Гален 3 - бул. Съединение 43","ДОЛОРЕН 400МГ Х 12 ЕКОФАРМА","60169","94","2.49","2.49"
"77195","Аптека Гален 6 - бул. България 116","СПИРТ САЛИЦИЛОВ 1% 100МЛ ХИМАКС","21635","90","0.79","0.79"
"77195","Аптека Гален 4 - бул. България 146 Д","ГАНЧЕВ МЛЕЧНА КАША БАНАНИ И БИСКВИТИ 4М+ 190ГР","32990","63","0.99","0.99"
"77195","Аптека Гален 3 - бул. Съединение 43","АЛЕРГОЗАН КРЕМ 18ГР СОФАРМА","1853","91","3.55","3.55"
"77195","Аптека Гален 3 - бул. Съединение 43","ФАМОТИДИН 20МГ X 20 АЛКАЛОИД","30951","86","0.79","0.79"
"77195","Аптека Гален 3 - бул. Съединение 43","СТОПЕРАН 2МГ Х 8 USP","35304","89","2.79","2.79"
"77195","Аптека Гален 3 - бул. Съединение 43","ИНФЛУВАК ТЕТРА ШПРИЦ АМП 0.5МЛ МИЛАН","77450","93","10.56","10.56"
"77195","Аптека Гален 3 - бул. Съединение 43","ПАРАЦЕТАМОЛ 500МГ Х 20 ЕКОФАРМ","57415","96","0.89","0.89"
"77195","Аптека Гален 3 - бул. Съединение 43","СПИРТ САЛИЦИЛОВ 1% 100МЛ ХИМАКС","21635","90","0.79","0.79"
"77195","Аптека Гален 1 - бул. Съединение 41","ГАНЧЕВ МЛЕЧНА КАША БАНАНИ И БИСКВИТИ 4М+ 190ГР","32990","63","0.99","0.99"
"77195","Аптека Гален 6 - бул. България 116","ДОЛОРЕН 400МГ Х 12 ЕКОФАРМА","60169","94","2.49","2.49"
"77195","Аптека Гален 1 - бул. Съединение 41","ТЕО RICH MILK САПУН COCONUT (ЗЕЛЕН) 90ГР","92408","83","0.65","0.65"
"77195","Аптека Гален 6 - бул. България 116","СТОПЕРАН 2МГ Х 8 USP","35304","89","2.79","2.79"
"77195","Аптека Гален 4 - бул. България 146 Д","АЛЕРГОЗАН КРЕМ 18ГР СОФАРМА","1853","91","3.55","3.55"
"77195","Аптека Гален 6 - бул. България 116","ХИП 4070 БИО ПЮРЕ РАЗЛИЧНИ ЗЕЛЕНЧУЦИ 4М+ 190ГР","15746","64","1.89","1.8900000000000001"
"77195","Аптека Гален 6 - бул. България 116","СПИРТ КАМФОРОВ 100МЛ ХИМАКС","21677","95","1.09","1.09"
"77195","Аптека Гален 6 - бул. България 116","РИЦИНОВО МАСЛО 40МЛ ХИМАКС","21974","88","0.85","0.85"
"77195","Аптека Гален 4 - бул. България 146 Д","СПИРТ САЛИЦИЛОВ 1% 100МЛ ХИМАКС","21635","90","0.79","0.79"
"77195","Аптека Гален 3 - бул. Съединение 43","ЧАЙ ЛАЙКА ФИЛТЪР Х 20 БП","13818","72","0.79","0.79"
"77195","Аптека Гален 6 - бул. България 116","ТЕО RICH MILK САПУН COCONUT (ЗЕЛЕН) 90ГР","92408","83","0.65","0.65"
"77195","Аптека Гален 6 - бул. България 116","СПИРТ ЕТИЛОВ 70% 100МЛ ХИМАКС","21632","92","0.55","0.55"
"77195","Аптека Гален 3 - бул. Съединение 43","ОТИПАКС СОЛ 15МЛ БИОКОДЕКС","2626","101","3.25","3.25"
"77195","Аптека Гален 3 - бул. Съединение 43","СОЛВОЛАН 30МГ Х 20 КРКА","2823","99","2.49","2.19"
"77195","Аптека Гален 6 - бул. България 116","РОЛЕТРА 10МГ Х 10 ЕКОФАРМ","40109","100","2.79","2.23"
"77195","Аптека Гален 3 - бул. Съединение 43","РИЦИНОВО МАСЛО 40МЛ ХИМАКС","21974","88","0.85","0.85"
"77195","Аптека Гален 3 - бул. Съединение 43","СПИРТ КАМФОРОВ 100МЛ ХИМАКС","21677","95","1.09","1.09"
"77195","Аптека Гален 1 - бул. Съединение 41","АЛЕРГОЗАН КРЕМ 18ГР СОФАРМА","1853","91","3.55","3.55"
"77195","Аптека Гален 1 - бул. Съединение 41","СТОПЕРАН 2МГ Х 8 USP","35304","89","2.79","2.79"
"77195","Аптека Гален 1 - бул. Съединение 41","ИНФЛУВАК ТЕТРА ШПРИЦ АМП 0.5МЛ МИЛАН","77450","93","10.56","10.56"
"77195","Аптека Гален 6 - бул. България 116","ОТИПАКС СОЛ 15МЛ БИОКОДЕКС","2626","101","3.25","3.25"
"77195","Аптека Гален 3 - бул. Съединение 43","РОЛЕТРА 10МГ Х 10 ЕКОФАРМ","40109","100","2.79","2.23"
"77195","Аптека Гален 1 - бул. Съединение 41","СПИРТ САЛИЦИЛОВ 1% 100МЛ ХИМАКС","21635","90","0.79","0.79"
"77195","Аптека Гален 3 - бул. Съединение 43","СПИРТ ЕТИЛОВ 70% 100МЛ ХИМАКС","21632","92","0.55","0.55"
