﻿Населено място;Търговски обект;Наименование на продукта;Код на продукта;Категория;Цена на дребно;Цена в промоция
68134;Арсеналски 63;Tat грах консерва 420гр.;5146;47;1.53;1.19
68134;Арсеналски 63;Аквафреш Паста за зъби Mild&Minty 75мл;3454;81;2.55;2.55
68134;Арсеналски 63;Банани;1314;52;1.53;1.53
68134;Арсеналски 63;Бира Бургаско 2.3л;12393;74;1.63;1.45
68134;Арсеналски 63;Верея Прясно мляко 3% 1л;8128;6;1.78;1.49
68134;Арсеналски 63;Вино Етно Шардоне 750мл;11721;75;5.11;5.11
68134;Арсеналски 63;Градус Кренвирши пилешки кг;17299;26;3.57;3.57
68134;Арсеналски 63;Гъби кг;3640;60;4.6;4.6
68134;Арсеналски 63;Дерони Лютеница Петел традиционна 575гр;10415;49;2.04;2.04
68134;Арсеналски 63;Дерони Макарони Петел 400гр;10501;36;0.92;0.92
68134;Арсеналски 63;Дестан Извара кашкавалена кг;4933;13;3.06;2.45
68134;Арсеналски 63;Домати;1310;54;2.04;2.04
68134;Арсеналски 63;Домлян Краве сирене 400гр;8439;9;5.01;5.01
68134;Арсеналски 63;Кашкавал Маклер Родопско чудо 200гр;11148;11;2.55;2.55
68134;Арсеналски 63;Саяна Кисело мляко ЗНП 3.6% 400гр;8439;7;0.92;0.92
68134;Арсеналски 63;Ехо Препарат за съдове 400мл;12414;79;1.53;1.53
68134;Арсеналски 63;"Захар екопакет кристал ""Захира"" 1кг";8189;38;0.92;0.92
68134;Арсеналски 63;Зеле прясно;2332;57;0.76;0.76
68134;Арсеналски 63;Зелена Ябълка;1309;53;2.04;2.04
68134;Арсеналски 63;Йони Баничка 160;6076;68;1.53;1.53
68134;Арсеналски 63;Карнобатска Ракия гроздова 700;630393;77;7.56;5.99
68134;Арсеналски 63;Картоф;1313;61;0.92;0.49
68134;Арсеналски 63;Кашкавал Тренена кг;5082;10;11.24;7.99
68134;Арсеналски 63;Колгейт Четка за зъби Zig Zag Medium;1544;80;2.04;1.79
68134;Арсеналски 63;Краставици;3515;58;2.55;2.55
68134;Арсеналски 63;Крина Боб Екстра 500;5950;46;2.04;2.04
68134;Арсеналски 63;Крина Леща Българска 1кг;11194;34;3.06;3.06
68134;Арсеналски 63;Кроасани Белино 80гр;3045;67;0.65;0.65
68134;Арсеналски 63;Кромид лук;1311;55;0.92;0.58
68134;Арсеналски 63;Лимон;1798;50;2.55;2.55
68134;Арсеналски 63;Лудогорско Пиле тар. кг;5787;15;4.49;4.49
68134;Арсеналски 63;Лудогорско Пилешко филе тар. кг;5822;16;8.69;8.69
68134;Арсеналски 63;МКМ Ориз Бисерен 1кг;4872;35;2.3;2.3
68134;Арсеналски 63;Милена Бял хляб 700;15964;1;1.02;1.02
68134;Арсеналски 63;Милена хляб Селски ръжен 450гр.;3723;3;1.94;1.94
68134;Арсеналски 63;Милена хляб Селски типов 450гр.;3550;4;1.94;1.94
68134;Арсеналски 63;Мокри кърпи Малива 120бр;16256;84;2.04;2.04
68134;Арсеналски 63;Моркови;1848;56;1.02;0.69
68134;Арсеналски 63;Морски дар Пъстърва чистена прясна МАР;9642;30;8.58;6.99
68134;Арсеналски 63;Мургаш нискомаслена извара 350гр.;3743;14;2.04;2.04
68134;Арсеналски 63;"Немско краве масло ""Двете крави"" 125гр";14121;12;2.04;2.04
68134;Арсеналски 63;Нова Бразилия - мляно 200;9970;70;4.6;4.6
68134;Арсеналски 63;Нова Бразилия Класик зърна 1кг;7008;71;20.45;20.45
68134;Арсеналски 63;Олио Родно 1л;5554;42;1.94;1.94
68134;Арсеналски 63;Оцет Кулинар Винен 700;631873;44;1.27;1.27
68134;Арсеналски 63;Оцет Кулинар Ябълков 700;631874;45;1.38;1.38
68134;Арсеналски 63;ПЕРЕЛИК Салам деликатесен вак 230/240гр;2350;28;4.09;4.09
68134;Арсеналски 63;Портокали;2960;51;2.04;1.49
68134;Арсеналски 63;Престиж Бисквити Роден край обикновени 190гр;16663;66;1.27;1.27
68134;Арсеналски 63;Росо Пилешки бут тар. кг;10780;17;6.13;6.13
68134;Арсеналски 63;СММ Кайма 60/40 На Софрата кг.;13662;25;6.13;6.13
68134;Арсеналски 63;СММ Свински Бут без кост кг;4340;19;5.62;3.49
68134;Арсеналски 63;СММ Свински Врат с кост нарязан кг;1679;21;6.64;6.64
68134;Арсеналски 63;СММ Свинско Месо червено кг;4384;22;5.62;5.62
68134;Арсеналски 63;Саяна Краве сирене кг;14095;8;8.69;8.69
68134;Арсеналски 63;Симид Хляб Добруджа нарязан 500;15974;2;1.02;1.02
68134;Арсеналски 63;Сол Фиоре екстра 1кг;14735;39;0.51;0.51
68134;Арсеналски 63;София Мел Брашно екстра 1кг;2787;41;1.22;1.22
68134;Арсеналски 63;София Мел Брашно класик 1кг;972;40;1.22;1.22
68134;Арсеналски 63;Стела Спагетини №10 500гр;632637;37;1.53;1.53
68134;Арсеналски 63;Тео Сапун Bouquet 70;630787;83;0.61;0.61
68134;Арсеналски 63;Тоалетна хартия Фамилия 8бр;3712;85;3.06;3.06
68134;Арсеналски 63;ФАМИЛИЯ Кори точени 500гр;631020;5;2.04;2.04
68134;Арсеналски 63;ФЕРМАТА Колбас Телешки/Хамбургски/Камчия 270гр;2859;27;1.27;1.27
68134;Арсеналски 63;Цигари Кинг ред 100;15065;78;3.07;3.07
68134;Арсеналски 63;Чай билков Ассо;8158;72;0.76;0.76
68134;Арсеналски 63;Чесън;1797;59;4.6;4.6
68134;Арсеналски 63;Шоколад Фин млечен 80г;5315;69;1.53;1.53
68134;Арсеналски 63;Яйца Борсата L10 /подово отглеждани/;15407;32;3.27;2.79
68134;Арсеналски 63;СВИНСКА ПЛЕШКА БЕЗ КОСТ;5425;18;6.13;4.99
68134;Арсеналски 63;Тео Шампоан 350мл;13197;28;2.55;1.49
68134;ул. Велчо Атанасов 35;Tat грах консерва 420гр.;5146;47;1.53;1.19
68134;ул. Велчо Атанасов 35;Аквафреш Паста за зъби Mild&Minty 75мл;3454;81;2.55;2.55
68134;ул. Велчо Атанасов 35;Банани;1314;52;1.53;1.53
68134;ул. Велчо Атанасов 35;Бира Бургаско 2.3л;12393;74;1.63;1.45
68134;ул. Велчо Атанасов 35;Верея Прясно мляко 3% 1л;8128;6;1.78;1.49
68134;ул. Велчо Атанасов 35;Вино Етно Шардоне 750мл;11721;75;5.11;5.11
68134;ул. Велчо Атанасов 35;Градус Кренвирши пилешки кг;17299;26;3.57;3.57
68134;ул. Велчо Атанасов 35;Гъби кг;3640;60;4.6;4.6
68134;ул. Велчо Атанасов 35;Дерони Лютеница Петел традиционна 575гр;10415;49;2.04;2.04
68134;ул. Велчо Атанасов 35;Дерони Макарони Петел 400гр;10501;36;0.92;0.92
68134;ул. Велчо Атанасов 35;Дестан Извара кашкавалена кг;4933;13;3.06;2.45
68134;ул. Велчо Атанасов 35;Домати;1310;54;2.04;2.04
68134;ул. Велчо Атанасов 35;Домлян Краве сирене 400гр;8439;9;5.01;5.01
68134;ул. Велчо Атанасов 35;Кашкавал Маклер Родопско чудо 200гр;11148;11;2.55;2.55
68134;ул. Велчо Атанасов 35;Саяна Кисело мляко ЗНП 3.6% 400гр;8439;7;0.92;0.92
68134;ул. Велчо Атанасов 35;Ехо Препарат за съдове 400мл;12414;79;1.53;1.53
68134;ул. Велчо Атанасов 35;"Захар екопакет кристал ""Захира"" 1кг";8189;38;0.92;0.92
68134;ул. Велчо Атанасов 35;Зеле прясно;2332;57;0.76;0.76
68134;ул. Велчо Атанасов 35;Зелена Ябълка;1309;53;2.04;2.04
68134;ул. Велчо Атанасов 35;Йони Баничка 160;6076;68;1.53;1.53
68134;ул. Велчо Атанасов 35;Карнобатска Ракия гроздова 700;630393;77;7.56;5.99
68134;ул. Велчо Атанасов 35;Картоф;1313;61;0.92;0.49
68134;ул. Велчо Атанасов 35;Кашкавал Тренена кг;5082;10;11.24;7.99
68134;ул. Велчо Атанасов 35;Колгейт Четка за зъби Zig Zag Medium;1544;80;2.04;1.79
68134;ул. Велчо Атанасов 35;Краставици;3515;58;2.55;2.55
68134;ул. Велчо Атанасов 35;Крина Боб Екстра 500;5950;46;2.04;2.04
68134;ул. Велчо Атанасов 35;Крина Леща Българска 1кг;11194;34;3.06;3.06
68134;ул. Велчо Атанасов 35;Кроасани Белино 80гр;3045;67;0.65;0.65
68134;ул. Велчо Атанасов 35;Кромид лук;1311;55;0.92;0.58
68134;ул. Велчо Атанасов 35;Лимон;1798;50;2.55;2.55
68134;ул. Велчо Атанасов 35;Лудогорско Пиле тар. кг;5787;15;4.49;4.49
68134;ул. Велчо Атанасов 35;Лудогорско Пилешко филе тар. кг;5822;16;8.69;8.69
68134;ул. Велчо Атанасов 35;МКМ Ориз Бисерен 1кг;4872;35;2.3;2.3
68134;ул. Велчо Атанасов 35;Милена Бял хляб 700;15964;1;1.02;1.02
68134;ул. Велчо Атанасов 35;Милена хляб Селски ръжен 450гр.;3723;3;1.94;1.94
68134;ул. Велчо Атанасов 35;Милена хляб Селски типов 450гр.;3550;4;1.94;1.94
68134;ул. Велчо Атанасов 35;Мокри кърпи Малива 120бр;16256;84;2.04;2.04
68134;ул. Велчо Атанасов 35;Моркови;1848;56;1.02;0.69
68134;ул. Велчо Атанасов 35;Морски дар Пъстърва чистена прясна МАР;9642;30;8.58;6.99
68134;ул. Велчо Атанасов 35;Мургаш нискомаслена извара 350гр.;3743;14;2.04;2.04
68134;ул. Велчо Атанасов 35;"Немско краве масло ""Двете крави"" 125гр";14121;12;2.04;2.04
68134;ул. Велчо Атанасов 35;Нова Бразилия - мляно 200;9970;70;4.6;4.6
68134;ул. Велчо Атанасов 35;Нова Бразилия Класик зърна 1кг;7008;71;20.45;20.45
68134;ул. Велчо Атанасов 35;Олио Родно 1л;5554;42;1.94;1.94
68134;ул. Велчо Атанасов 35;Оцет Кулинар Винен 700;631873;44;1.27;1.27
68134;ул. Велчо Атанасов 35;Оцет Кулинар Ябълков 700;631874;45;1.38;1.38
68134;ул. Велчо Атанасов 35;ПЕРЕЛИК Салам деликатесен вак 230/240гр;2350;28;4.09;4.09
68134;ул. Велчо Атанасов 35;Портокали;2960;51;2.04;1.49
68134;ул. Велчо Атанасов 35;Престиж Бисквити Роден край обикновени 190гр;16663;66;1.27;1.27
68134;ул. Велчо Атанасов 35;Росо Пилешки бут тар. кг;10780;17;6.13;6.13
68134;ул. Велчо Атанасов 35;СММ Кайма 60/40 На Софрата кг.;13662;25;6.13;6.13
68134;ул. Велчо Атанасов 35;СММ Свински Бут без кост кг;4340;19;5.62;3.49
68134;ул. Велчо Атанасов 35;СММ Свински Врат с кост нарязан кг;1679;21;6.64;6.64
68134;ул. Велчо Атанасов 35;СММ Свинско Месо червено кг;4384;22;5.62;5.62
68134;ул. Велчо Атанасов 35;Саяна Краве сирене кг;14095;8;8.69;8.69
68134;ул. Велчо Атанасов 35;Симид Хляб Добруджа нарязан 500;15974;2;1.02;1.02
68134;ул. Велчо Атанасов 35;Сол Фиоре екстра 1кг;14735;39;0.51;0.51
68134;ул. Велчо Атанасов 35;София Мел Брашно екстра 1кг;2787;41;1.22;1.22
68134;ул. Велчо Атанасов 35;София Мел Брашно класик 1кг;972;40;1.22;1.22
68134;ул. Велчо Атанасов 35;Стела Спагетини №10 500гр;632637;37;1.53;1.53
68134;ул. Велчо Атанасов 35;Тео Сапун Bouquet 70;630787;83;0.61;0.61
68134;ул. Велчо Атанасов 35;Тоалетна хартия Фамилия 8бр;3712;85;3.06;3.06
68134;ул. Велчо Атанасов 35;ФАМИЛИЯ Кори точени 500гр;631020;5;2.04;2.04
68134;ул. Велчо Атанасов 35;ФЕРМАТА Колбас Телешки/Хамбургски/Камчия 270гр;2859;27;1.27;1.27
68134;ул. Велчо Атанасов 35;Цигари Кинг ред 100;15065;78;3.07;3.07
68134;ул. Велчо Атанасов 35;Чай билков Ассо;8158;72;0.76;0.76
68134;ул. Велчо Атанасов 35;Чесън;1797;59;4.6;4.6
68134;ул. Велчо Атанасов 35;Шоколад Фин млечен 80г;5315;69;1.53;1.53
68134;ул. Велчо Атанасов 35;Яйца Борсата L10 /подово отглеждани/;15407;32;3.27;2.79
68134;ул. Велчо Атанасов 35;СВИНСКА ПЛЕШКА БЕЗ КОСТ;5425;18;6.13;4.99
68134;ул. Велчо Атанасов 35;Тео Шампоан 350мл;13197;28;2.55;1.49
68134;Лозенец, Крум Попов 64;Tat грах консерва 420гр.;5146;47;1.53;1.19
68134;Лозенец, Крум Попов 64;Аквафреш Паста за зъби Mild&Minty 75мл;3454;81;2.55;2.55
68134;Лозенец, Крум Попов 64;Банани;1314;52;1.53;1.53
68134;Лозенец, Крум Попов 64;Бира Бургаско 2.3л;12393;74;1.63;1.45
68134;Лозенец, Крум Попов 64;Верея Прясно мляко 3% 1л;8128;6;1.78;1.49
68134;Лозенец, Крум Попов 64;Вино Етно Шардоне 750мл;11721;75;5.11;5.11
68134;Лозенец, Крум Попов 64;Градус Кренвирши пилешки кг;17299;26;3.57;3.57
68134;Лозенец, Крум Попов 64;Гъби кг;3640;60;4.6;4.6
68134;Лозенец, Крум Попов 64;Дерони Лютеница Петел традиционна 575гр;10415;49;2.04;2.04
68134;Лозенец, Крум Попов 64;Дерони Макарони Петел 400гр;10501;36;0.92;0.92
68134;Лозенец, Крум Попов 64;Дестан Извара кашкавалена кг;4933;13;3.06;2.45
68134;Лозенец, Крум Попов 64;Домати;1310;54;2.04;2.04
68134;Лозенец, Крум Попов 64;Домлян Краве сирене 400гр;8439;9;5.01;5.01
68134;Лозенец, Крум Попов 64;Кашкавал Маклер Родопско чудо 200гр;11148;11;2.55;2.55
68134;Лозенец, Крум Попов 64;Саяна Кисело мляко ЗНП 3.6% 400гр;8439;7;0.92;0.92
68134;Лозенец, Крум Попов 64;Ехо Препарат за съдове 400мл;12414;79;1.53;1.53
68134;Лозенец, Крум Попов 64;"Захар екопакет кристал ""Захира"" 1кг";8189;38;0.92;0.92
68134;Лозенец, Крум Попов 64;Зеле прясно;2332;57;0.76;0.76
68134;Лозенец, Крум Попов 64;Зелена Ябълка;1309;53;2.04;2.04
68134;Лозенец, Крум Попов 64;Йони Баничка 160;6076;68;1.53;1.53
68134;Лозенец, Крум Попов 64;Карнобатска Ракия гроздова 700;630393;77;7.56;5.99
68134;Лозенец, Крум Попов 64;Картоф;1313;61;0.92;0.49
68134;Лозенец, Крум Попов 64;Кашкавал Тренена кг;5082;10;11.24;7.99
68134;Лозенец, Крум Попов 64;Колгейт Четка за зъби Zig Zag Medium;1544;80;2.04;1.79
68134;Лозенец, Крум Попов 64;Краставици;3515;58;2.55;2.55
68134;Лозенец, Крум Попов 64;Крина Боб Екстра 500;5950;46;2.04;2.04
68134;Лозенец, Крум Попов 64;Крина Леща Българска 1кг;11194;34;3.06;3.06
68134;Лозенец, Крум Попов 64;Кроасани Белино 80гр;3045;67;0.65;0.65
68134;Лозенец, Крум Попов 64;Кромид лук;1311;55;0.92;0.58
68134;Лозенец, Крум Попов 64;Лимон;1798;50;2.55;2.55
68134;Лозенец, Крум Попов 64;Лудогорско Пиле тар. кг;5787;15;4.49;4.49
68134;Лозенец, Крум Попов 64;Лудогорско Пилешко филе тар. кг;5822;16;8.69;8.69
68134;Лозенец, Крум Попов 64;МКМ Ориз Бисерен 1кг;4872;35;2.3;2.3
68134;Лозенец, Крум Попов 64;Милена Бял хляб 700;15964;1;1.02;1.02
68134;Лозенец, Крум Попов 64;Милена хляб Селски ръжен 450гр.;3723;3;1.94;1.94
68134;Лозенец, Крум Попов 64;Милена хляб Селски типов 450гр.;3550;4;1.94;1.94
68134;Лозенец, Крум Попов 64;Мокри кърпи Малива 120бр;16256;84;2.04;2.04
68134;Лозенец, Крум Попов 64;Моркови;1848;56;1.02;0.69
68134;Лозенец, Крум Попов 64;Морски дар Пъстърва чистена прясна МАР;9642;30;8.58;6.99
68134;Лозенец, Крум Попов 64;Мургаш нискомаслена извара 350гр.;3743;14;2.04;2.04
68134;Лозенец, Крум Попов 64;"Немско краве масло ""Двете крави"" 125гр";14121;12;2.04;2.04
68134;Лозенец, Крум Попов 64;Нова Бразилия - мляно 200;9970;70;4.6;4.6
68134;Лозенец, Крум Попов 64;Нова Бразилия Класик зърна 1кг;7008;71;20.45;20.45
68134;Лозенец, Крум Попов 64;Олио Родно 1л;5554;42;1.94;1.94
68134;Лозенец, Крум Попов 64;Оцет Кулинар Винен 700;631873;44;1.27;1.27
68134;Лозенец, Крум Попов 64;Оцет Кулинар Ябълков 700;631874;45;1.38;1.38
68134;Лозенец, Крум Попов 64;ПЕРЕЛИК Салам деликатесен вак 230/240гр;2350;28;4.09;4.09
68134;Лозенец, Крум Попов 64;Портокали;2960;51;2.04;1.49
68134;Лозенец, Крум Попов 64;Престиж Бисквити Роден край обикновени 190гр;16663;66;1.27;1.27
68134;Лозенец, Крум Попов 64;Росо Пилешки бут тар. кг;10780;17;6.13;6.13
68134;Лозенец, Крум Попов 64;СММ Кайма 60/40 На Софрата кг.;13662;25;6.13;6.13
68134;Лозенец, Крум Попов 64;СММ Свински Бут без кост кг;4340;19;5.62;3.49
68134;Лозенец, Крум Попов 64;СММ Свински Врат с кост нарязан кг;1679;21;6.64;6.64
68134;Лозенец, Крум Попов 64;СММ Свинско Месо червено кг;4384;22;5.62;5.62
68134;Лозенец, Крум Попов 64;Саяна Краве сирене кг;14095;8;8.69;8.69
68134;Лозенец, Крум Попов 64;Симид Хляб Добруджа нарязан 500;15974;2;1.02;1.02
68134;Лозенец, Крум Попов 64;Сол Фиоре екстра 1кг;14735;39;0.51;0.51
68134;Лозенец, Крум Попов 64;София Мел Брашно екстра 1кг;2787;41;1.22;1.22
68134;Лозенец, Крум Попов 64;София Мел Брашно класик 1кг;972;40;1.22;1.22
68134;Лозенец, Крум Попов 64;Стела Спагетини №10 500гр;632637;37;1.53;1.53
68134;Лозенец, Крум Попов 64;Тео Сапун Bouquet 70;630787;83;0.61;0.61
68134;Лозенец, Крум Попов 64;Тоалетна хартия Фамилия 8бр;3712;85;3.06;3.06
68134;Лозенец, Крум Попов 64;ФАМИЛИЯ Кори точени 500гр;631020;5;2.04;2.04
68134;Лозенец, Крум Попов 64;ФЕРМАТА Колбас Телешки/Хамбургски/Камчия 270гр;2859;27;1.27;1.27
68134;Лозенец, Крум Попов 64;Цигари Кинг ред 100;15065;78;3.07;3.07
68134;Лозенец, Крум Попов 64;Чай билков Ассо;8158;72;0.76;0.76
68134;Лозенец, Крум Попов 64;Чесън;1797;59;4.6;4.6
68134;Лозенец, Крум Попов 64;Шоколад Фин млечен 80г;5315;69;1.53;1.53
68134;Лозенец, Крум Попов 64;Яйца Борсата L10 /подово отглеждани/;15407;32;3.27;2.79
68134;Лозенец, Крум Попов 64;СВИНСКА ПЛЕШКА БЕЗ КОСТ;5425;18;6.13;4.99
68134;Лозенец, Крум Попов 64;Тео Шампоан 350мл;13197;28;2.55;1.49
68134;Люлин 7, срещу бл. 702;Tat грах консерва 420гр.;5146;47;1.53;1.19
68134;Люлин 7, срещу бл. 702;Аквафреш Паста за зъби Mild&Minty 75мл;3454;81;2.55;2.55
68134;Люлин 7, срещу бл. 702;Банани;1314;52;1.53;1.53
68134;Люлин 7, срещу бл. 702;Бира Бургаско 2.3л;12393;74;1.63;1.45
68134;Люлин 7, срещу бл. 702;Верея Прясно мляко 3% 1л;8128;6;1.78;1.49
68134;Люлин 7, срещу бл. 702;Вино Етно Шардоне 750мл;11721;75;5.11;5.11
68134;Люлин 7, срещу бл. 702;Градус Кренвирши пилешки кг;17299;26;3.57;3.57
68134;Люлин 7, срещу бл. 702;Гъби кг;3640;60;4.6;4.6
68134;Люлин 7, срещу бл. 702;Дерони Лютеница Петел традиционна 575гр;10415;49;2.04;2.04
68134;Люлин 7, срещу бл. 702;Дерони Макарони Петел 400гр;10501;36;0.92;0.92
68134;Люлин 7, срещу бл. 702;Дестан Извара кашкавалена кг;4933;13;3.06;2.45
68134;Люлин 7, срещу бл. 702;Домати;1310;54;2.04;2.04
68134;Люлин 7, срещу бл. 702;Домлян Краве сирене 400гр;8439;9;5.01;5.01
68134;Люлин 7, срещу бл. 702;Кашкавал Маклер Родопско чудо 200гр;11148;11;2.55;2.55
68134;Люлин 7, срещу бл. 702;Саяна Кисело мляко ЗНП 3.6% 400гр;8439;7;0.92;0.92
68134;Люлин 7, срещу бл. 702;Ехо Препарат за съдове 400мл;12414;79;1.53;1.53
68134;Люлин 7, срещу бл. 702;"Захар екопакет кристал ""Захира"" 1кг";8189;38;0.92;0.92
68134;Люлин 7, срещу бл. 702;Зеле прясно;2332;57;0.76;0.76
68134;Люлин 7, срещу бл. 702;Зелена Ябълка;1309;53;2.04;2.04
68134;Люлин 7, срещу бл. 702;Йони Баничка 160;6076;68;1.53;1.53
68134;Люлин 7, срещу бл. 702;Карнобатска Ракия гроздова 700;630393;77;7.56;5.99
68134;Люлин 7, срещу бл. 702;Картоф;1313;61;0.92;0.49
68134;Люлин 7, срещу бл. 702;Кашкавал Тренена кг;5082;10;11.24;7.99
68134;Люлин 7, срещу бл. 702;Колгейт Четка за зъби Zig Zag Medium;1544;80;2.04;1.79
68134;Люлин 7, срещу бл. 702;Краставици;3515;58;2.55;2.55
68134;Люлин 7, срещу бл. 702;Крина Боб Екстра 500;5950;46;2.04;2.04
68134;Люлин 7, срещу бл. 702;Крина Леща Българска 1кг;11194;34;3.06;3.06
68134;Люлин 7, срещу бл. 702;Кроасани Белино 80гр;3045;67;0.65;0.65
68134;Люлин 7, срещу бл. 702;Кромид лук;1311;55;0.92;0.58
68134;Люлин 7, срещу бл. 702;Лимон;1798;50;2.55;2.55
68134;Люлин 7, срещу бл. 702;Лудогорско Пиле тар. кг;5787;15;4.49;4.49
68134;Люлин 7, срещу бл. 702;Лудогорско Пилешко филе тар. кг;5822;16;8.69;8.69
68134;Люлин 7, срещу бл. 702;МКМ Ориз Бисерен 1кг;4872;35;2.3;2.3
68134;Люлин 7, срещу бл. 702;Милена Бял хляб 700;15964;1;1.02;1.02
68134;Люлин 7, срещу бл. 702;Милена хляб Селски ръжен 450гр.;3723;3;1.94;1.94
68134;Люлин 7, срещу бл. 702;Милена хляб Селски типов 450гр.;3550;4;1.94;1.94
68134;Люлин 7, срещу бл. 702;Мокри кърпи Малива 120бр;16256;84;2.04;2.04
68134;Люлин 7, срещу бл. 702;Моркови;1848;56;1.02;0.69
68134;Люлин 7, срещу бл. 702;Морски дар Пъстърва чистена прясна МАР;9642;30;8.58;6.99
68134;Люлин 7, срещу бл. 702;Мургаш нискомаслена извара 350гр.;3743;14;2.04;2.04
68134;Люлин 7, срещу бл. 702;"Немско краве масло ""Двете крави"" 125гр";14121;12;2.04;2.04
68134;Люлин 7, срещу бл. 702;Нова Бразилия - мляно 200;9970;70;4.6;4.6
68134;Люлин 7, срещу бл. 702;Нова Бразилия Класик зърна 1кг;7008;71;20.45;20.45
68134;Люлин 7, срещу бл. 702;Олио Родно 1л;5554;42;1.94;1.94
68134;Люлин 7, срещу бл. 702;Оцет Кулинар Винен 700;631873;44;1.27;1.27
68134;Люлин 7, срещу бл. 702;Оцет Кулинар Ябълков 700;631874;45;1.38;1.38
68134;Люлин 7, срещу бл. 702;ПЕРЕЛИК Салам деликатесен вак 230/240гр;2350;28;4.09;4.09
68134;Люлин 7, срещу бл. 702;Портокали;2960;51;2.04;1.49
68134;Люлин 7, срещу бл. 702;Престиж Бисквити Роден край обикновени 190гр;16663;66;1.27;1.27
68134;Люлин 7, срещу бл. 702;Росо Пилешки бут тар. кг;10780;17;6.13;6.13
68134;Люлин 7, срещу бл. 702;СММ Кайма 60/40 На Софрата кг.;13662;25;6.13;6.13
68134;Люлин 7, срещу бл. 702;СММ Свински Бут без кост кг;4340;19;5.62;3.49
68134;Люлин 7, срещу бл. 702;СММ Свински Врат с кост нарязан кг;1679;21;6.64;6.64
68134;Люлин 7, срещу бл. 702;СММ Свинско Месо червено кг;4384;22;5.62;5.62
68134;Люлин 7, срещу бл. 702;Саяна Краве сирене кг;14095;8;8.69;8.69
68134;Люлин 7, срещу бл. 702;Симид Хляб Добруджа нарязан 500;15974;2;1.02;1.02
68134;Люлин 7, срещу бл. 702;Сол Фиоре екстра 1кг;14735;39;0.51;0.51
68134;Люлин 7, срещу бл. 702;София Мел Брашно екстра 1кг;2787;41;1.22;1.22
68134;Люлин 7, срещу бл. 702;София Мел Брашно класик 1кг;972;40;1.22;1.22
68134;Люлин 7, срещу бл. 702;Стела Спагетини №10 500гр;632637;37;1.53;1.53
68134;Люлин 7, срещу бл. 702;Тео Сапун Bouquet 70;630787;83;0.61;0.61
68134;Люлин 7, срещу бл. 702;Тоалетна хартия Фамилия 8бр;3712;85;3.06;3.06
68134;Люлин 7, срещу бл. 702;ФАМИЛИЯ Кори точени 500гр;631020;5;2.04;2.04
68134;Люлин 7, срещу бл. 702;ФЕРМАТА Колбас Телешки/Хамбургски/Камчия 270гр;2859;27;1.27;1.27
68134;Люлин 7, срещу бл. 702;Цигари Кинг ред 100;15065;78;3.07;3.07
68134;Люлин 7, срещу бл. 702;Чай билков Ассо;8158;72;0.76;0.76
68134;Люлин 7, срещу бл. 702;Чесън;1797;59;4.6;4.6
68134;Люлин 7, срещу бл. 702;Шоколад Фин млечен 80г;5315;69;1.53;1.53
68134;Люлин 7, срещу бл. 702;Яйца Борсата L10 /подово отглеждани/;15407;32;3.27;2.79
68134;Люлин 7, срещу бл. 702;СВИНСКА ПЛЕШКА БЕЗ КОСТ;5425;18;6.13;4.99
68134;Люлин 7, срещу бл. 702;Тео Шампоан 350мл;13197;28;2.55;1.49
68134;Манастирски Ливади, Ралевица 64;Tat грах консерва 420гр.;5146;47;1.53;1.19
68134;Манастирски Ливади, Ралевица 64;Аквафреш Паста за зъби Mild&Minty 75мл;3454;81;2.55;2.55
68134;Манастирски Ливади, Ралевица 64;Банани;1314;52;1.53;1.53
68134;Манастирски Ливади, Ралевица 64;Бира Бургаско 2.3л;12393;74;1.63;1.45
68134;Манастирски Ливади, Ралевица 64;Верея Прясно мляко 3% 1л;8128;6;1.78;1.49
68134;Манастирски Ливади, Ралевица 64;Вино Етно Шардоне 750мл;11721;75;5.11;5.11
68134;Манастирски Ливади, Ралевица 64;Градус Кренвирши пилешки кг;17299;26;3.57;3.57
68134;Манастирски Ливади, Ралевица 64;Гъби кг;3640;60;4.6;4.6
68134;Манастирски Ливади, Ралевица 64;Дерони Лютеница Петел традиционна 575гр;10415;49;2.04;2.04
68134;Манастирски Ливади, Ралевица 64;Дерони Макарони Петел 400гр;10501;36;0.92;0.92
68134;Манастирски Ливади, Ралевица 64;Дестан Извара кашкавалена кг;4933;13;3.06;2.45
68134;Манастирски Ливади, Ралевица 64;Домати;1310;54;2.04;2.04
68134;Манастирски Ливади, Ралевица 64;Домлян Краве сирене 400гр;8439;9;5.01;5.01
68134;Манастирски Ливади, Ралевица 64;Кашкавал Маклер Родопско чудо 200гр;11148;11;2.55;2.55
68134;Манастирски Ливади, Ралевица 64;Саяна Кисело мляко ЗНП 3.6% 400гр;8439;7;0.92;0.92
68134;Манастирски Ливади, Ралевица 64;Ехо Препарат за съдове 400мл;12414;79;1.53;1.53
68134;Манастирски Ливади, Ралевица 64;"Захар екопакет кристал ""Захира"" 1кг";8189;38;0.92;0.92
68134;Манастирски Ливади, Ралевица 64;Зеле прясно;2332;57;0.76;0.76
68134;Манастирски Ливади, Ралевица 64;Зелена Ябълка;1309;53;2.04;2.04
68134;Манастирски Ливади, Ралевица 64;Йони Баничка 160;6076;68;1.53;1.53
68134;Манастирски Ливади, Ралевица 64;Карнобатска Ракия гроздова 700;630393;77;7.56;5.99
68134;Манастирски Ливади, Ралевица 64;Картоф;1313;61;0.92;0.49
68134;Манастирски Ливади, Ралевица 64;Кашкавал Тренена кг;5082;10;11.24;7.99
68134;Манастирски Ливади, Ралевица 64;Колгейт Четка за зъби Zig Zag Medium;1544;80;2.04;1.79
68134;Манастирски Ливади, Ралевица 64;Краставици;3515;58;2.55;2.55
68134;Манастирски Ливади, Ралевица 64;Крина Боб Екстра 500;5950;46;2.04;2.04
68134;Манастирски Ливади, Ралевица 64;Крина Леща Българска 1кг;11194;34;3.06;3.06
68134;Манастирски Ливади, Ралевица 64;Кроасани Белино 80гр;3045;67;0.65;0.65
68134;Манастирски Ливади, Ралевица 64;Кромид лук;1311;55;0.92;0.58
68134;Манастирски Ливади, Ралевица 64;Лимон;1798;50;2.55;2.55
68134;Манастирски Ливади, Ралевица 64;Лудогорско Пиле тар. кг;5787;15;4.49;4.49
68134;Манастирски Ливади, Ралевица 64;Лудогорско Пилешко филе тар. кг;5822;16;8.69;8.69
68134;Манастирски Ливади, Ралевица 64;МКМ Ориз Бисерен 1кг;4872;35;2.3;2.3
68134;Манастирски Ливади, Ралевица 64;Милена Бял хляб 700;15964;1;1.02;1.02
68134;Манастирски Ливади, Ралевица 64;Милена хляб Селски ръжен 450гр.;3723;3;1.94;1.94
68134;Манастирски Ливади, Ралевица 64;Милена хляб Селски типов 450гр.;3550;4;1.94;1.94
68134;Манастирски Ливади, Ралевица 64;Мокри кърпи Малива 120бр;16256;84;2.04;2.04
68134;Манастирски Ливади, Ралевица 64;Моркови;1848;56;1.02;0.69
68134;Манастирски Ливади, Ралевица 64;Морски дар Пъстърва чистена прясна МАР;9642;30;8.58;6.99
68134;Манастирски Ливади, Ралевица 64;Мургаш нискомаслена извара 350гр.;3743;14;2.04;2.04
68134;Манастирски Ливади, Ралевица 64;"Немско краве масло ""Двете крави"" 125гр";14121;12;2.04;2.04
68134;Манастирски Ливади, Ралевица 64;Нова Бразилия - мляно 200;9970;70;4.6;4.6
68134;Манастирски Ливади, Ралевица 64;Нова Бразилия Класик зърна 1кг;7008;71;20.45;20.45
68134;Манастирски Ливади, Ралевица 64;Олио Родно 1л;5554;42;1.94;1.94
68134;Манастирски Ливади, Ралевица 64;Оцет Кулинар Винен 700;631873;44;1.27;1.27
68134;Манастирски Ливади, Ралевица 64;Оцет Кулинар Ябълков 700;631874;45;1.38;1.38
68134;Манастирски Ливади, Ралевица 64;ПЕРЕЛИК Салам деликатесен вак 230/240гр;2350;28;4.09;4.09
68134;Манастирски Ливади, Ралевица 64;Портокали;2960;51;2.04;1.49
68134;Манастирски Ливади, Ралевица 64;Престиж Бисквити Роден край обикновени 190гр;16663;66;1.27;1.27
68134;Манастирски Ливади, Ралевица 64;Росо Пилешки бут тар. кг;10780;17;6.13;6.13
68134;Манастирски Ливади, Ралевица 64;СММ Кайма 60/40 На Софрата кг.;13662;25;6.13;6.13
68134;Манастирски Ливади, Ралевица 64;СММ Свински Бут без кост кг;4340;19;5.62;3.49
68134;Манастирски Ливади, Ралевица 64;СММ Свински Врат с кост нарязан кг;1679;21;6.64;6.64
68134;Манастирски Ливади, Ралевица 64;СММ Свинско Месо червено кг;4384;22;5.62;5.62
68134;Манастирски Ливади, Ралевица 64;Саяна Краве сирене кг;14095;8;8.69;8.69
68134;Манастирски Ливади, Ралевица 64;Симид Хляб Добруджа нарязан 500;15974;2;1.02;1.02
68134;Манастирски Ливади, Ралевица 64;Сол Фиоре екстра 1кг;14735;39;0.51;0.51
68134;Манастирски Ливади, Ралевица 64;София Мел Брашно екстра 1кг;2787;41;1.22;1.22
68134;Манастирски Ливади, Ралевица 64;София Мел Брашно класик 1кг;972;40;1.22;1.22
68134;Манастирски Ливади, Ралевица 64;Стела Спагетини №10 500гр;632637;37;1.53;1.53
68134;Манастирски Ливади, Ралевица 64;Тео Сапун Bouquet 70;630787;83;0.61;0.61
68134;Манастирски Ливади, Ралевица 64;Тоалетна хартия Фамилия 8бр;3712;85;3.06;3.06
68134;Манастирски Ливади, Ралевица 64;ФАМИЛИЯ Кори точени 500гр;631020;5;2.04;2.04
68134;Манастирски Ливади, Ралевица 64;ФЕРМАТА Колбас Телешки/Хамбургски/Камчия 270гр;2859;27;1.27;1.27
68134;Манастирски Ливади, Ралевица 64;Цигари Кинг ред 100;15065;78;3.07;3.07
68134;Манастирски Ливади, Ралевица 64;Чай билков Ассо;8158;72;0.76;0.76
68134;Манастирски Ливади, Ралевица 64;Чесън;1797;59;4.6;4.6
68134;Манастирски Ливади, Ралевица 64;Шоколад Фин млечен 80г;5315;69;1.53;1.53
68134;Манастирски Ливади, Ралевица 64;Яйца Борсата L10 /подово отглеждани/;15407;32;3.27;2.79
68134;Манастирски Ливади, Ралевица 64;СВИНСКА ПЛЕШКА БЕЗ КОСТ;5425;18;6.13;4.99
68134;Манастирски Ливади, Ралевица 64;Тео Шампоан 350мл;13197;28;2.55;1.49
68134;Обеля 2, ул. 104;Tat грах консерва 420гр.;5146;47;1.53;1.19
68134;Обеля 2, ул. 104;Аквафреш Паста за зъби Mild&Minty 75мл;3454;81;2.55;2.55
68134;Обеля 2, ул. 104;Банани;1314;52;1.53;1.53
68134;Обеля 2, ул. 104;Бира Бургаско 2.3л;12393;74;1.63;1.45
68134;Обеля 2, ул. 104;Верея Прясно мляко 3% 1л;8128;6;1.78;1.49
68134;Обеля 2, ул. 104;Вино Етно Шардоне 750мл;11721;75;5.11;5.11
68134;Обеля 2, ул. 104;Градус Кренвирши пилешки кг;17299;26;3.57;3.57
68134;Обеля 2, ул. 104;Гъби кг;3640;60;4.6;4.6
68134;Обеля 2, ул. 104;Дерони Лютеница Петел традиционна 575гр;10415;49;2.04;2.04
68134;Обеля 2, ул. 104;Дерони Макарони Петел 400гр;10501;36;0.92;0.92
68134;Обеля 2, ул. 104;Дестан Извара кашкавалена кг;4933;13;3.06;2.45
68134;Обеля 2, ул. 104;Домати;1310;54;2.04;2.04
68134;Обеля 2, ул. 104;Домлян Краве сирене 400гр;8439;9;5.01;5.01
68134;Обеля 2, ул. 104;Кашкавал Маклер Родопско чудо 200гр;11148;11;2.55;2.55
68134;Обеля 2, ул. 104;Саяна Кисело мляко ЗНП 3.6% 400гр;8439;7;0.92;0.92
68134;Обеля 2, ул. 104;Ехо Препарат за съдове 400мл;12414;79;1.53;1.53
68134;Обеля 2, ул. 104;"Захар екопакет кристал ""Захира"" 1кг";8189;38;0.92;0.92
68134;Обеля 2, ул. 104;Зеле прясно;2332;57;0.76;0.76
68134;Обеля 2, ул. 104;Зелена Ябълка;1309;53;2.04;2.04
68134;Обеля 2, ул. 104;Йони Баничка 160;6076;68;1.53;1.53
68134;Обеля 2, ул. 104;Карнобатска Ракия гроздова 700;630393;77;7.56;5.99
68134;Обеля 2, ул. 104;Картоф;1313;61;0.92;0.49
68134;Обеля 2, ул. 104;Кашкавал Тренена кг;5082;10;11.24;7.99
68134;Обеля 2, ул. 104;Колгейт Четка за зъби Zig Zag Medium;1544;80;2.04;1.79
68134;Обеля 2, ул. 104;Краставици;3515;58;2.55;2.55
68134;Обеля 2, ул. 104;Крина Боб Екстра 500;5950;46;2.04;2.04
68134;Обеля 2, ул. 104;Крина Леща Българска 1кг;11194;34;3.06;3.06
68134;Обеля 2, ул. 104;Кроасани Белино 80гр;3045;67;0.65;0.65
68134;Обеля 2, ул. 104;Кромид лук;1311;55;0.92;0.58
68134;Обеля 2, ул. 104;Лимон;1798;50;2.55;2.55
68134;Обеля 2, ул. 104;Лудогорско Пиле тар. кг;5787;15;4.49;4.49
68134;Обеля 2, ул. 104;Лудогорско Пилешко филе тар. кг;5822;16;8.69;8.69
68134;Обеля 2, ул. 104;МКМ Ориз Бисерен 1кг;4872;35;2.3;2.3
68134;Обеля 2, ул. 104;Милена Бял хляб 700;15964;1;1.02;1.02
68134;Обеля 2, ул. 104;Милена хляб Селски ръжен 450гр.;3723;3;1.94;1.94
68134;Обеля 2, ул. 104;Милена хляб Селски типов 450гр.;3550;4;1.94;1.94
68134;Обеля 2, ул. 104;Мокри кърпи Малива 120бр;16256;84;2.04;2.04
68134;Обеля 2, ул. 104;Моркови;1848;56;1.02;0.69
68134;Обеля 2, ул. 104;Морски дар Пъстърва чистена прясна МАР;9642;30;8.58;6.99
68134;Обеля 2, ул. 104;Мургаш нискомаслена извара 350гр.;3743;14;2.04;2.04
68134;Обеля 2, ул. 104;"Немско краве масло ""Двете крави"" 125гр";14121;12;2.04;2.04
68134;Обеля 2, ул. 104;Нова Бразилия - мляно 200;9970;70;4.6;4.6
68134;Обеля 2, ул. 104;Нова Бразилия Класик зърна 1кг;7008;71;20.45;20.45
68134;Обеля 2, ул. 104;Олио Родно 1л;5554;42;1.94;1.94
68134;Обеля 2, ул. 104;Оцет Кулинар Винен 700;631873;44;1.27;1.27
68134;Обеля 2, ул. 104;Оцет Кулинар Ябълков 700;631874;45;1.38;1.38
68134;Обеля 2, ул. 104;ПЕРЕЛИК Салам деликатесен вак 230/240гр;2350;28;4.09;4.09
68134;Обеля 2, ул. 104;Портокали;2960;51;2.04;1.49
68134;Обеля 2, ул. 104;Престиж Бисквити Роден край обикновени 190гр;16663;66;1.27;1.27
68134;Обеля 2, ул. 104;Росо Пилешки бут тар. кг;10780;17;6.13;6.13
68134;Обеля 2, ул. 104;СММ Кайма 60/40 На Софрата кг.;13662;25;6.13;6.13
68134;Обеля 2, ул. 104;СММ Свински Бут без кост кг;4340;19;5.62;3.49
68134;Обеля 2, ул. 104;СММ Свински Врат с кост нарязан кг;1679;21;6.64;6.64
68134;Обеля 2, ул. 104;СММ Свинско Месо червено кг;4384;22;5.62;5.62
68134;Обеля 2, ул. 104;Саяна Краве сирене кг;14095;8;8.69;8.69
68134;Обеля 2, ул. 104;Симид Хляб Добруджа нарязан 500;15974;2;1.02;1.02
68134;Обеля 2, ул. 104;Сол Фиоре екстра 1кг;14735;39;0.51;0.51
68134;Обеля 2, ул. 104;София Мел Брашно екстра 1кг;2787;41;1.22;1.22
68134;Обеля 2, ул. 104;София Мел Брашно класик 1кг;972;40;1.22;1.22
68134;Обеля 2, ул. 104;Стела Спагетини №10 500гр;632637;37;1.53;1.53
68134;Обеля 2, ул. 104;Тео Сапун Bouquet 70;630787;83;0.61;0.61
68134;Обеля 2, ул. 104;Тоалетна хартия Фамилия 8бр;3712;85;3.06;3.06
68134;Обеля 2, ул. 104;ФАМИЛИЯ Кори точени 500гр;631020;5;2.04;2.04
68134;Обеля 2, ул. 104;ФЕРМАТА Колбас Телешки/Хамбургски/Камчия 270гр;2859;27;1.27;1.27
68134;Обеля 2, ул. 104;Цигари Кинг ред 100;15065;78;3.07;3.07
68134;Обеля 2, ул. 104;Чай билков Ассо;8158;72;0.76;0.76
68134;Обеля 2, ул. 104;Чесън;1797;59;4.6;4.6
68134;Обеля 2, ул. 104;Шоколад Фин млечен 80г;5315;69;1.53;1.53
68134;Обеля 2, ул. 104;Яйца Борсата L10 /подово отглеждани/;15407;32;3.27;2.79
68134;Обеля 2, ул. 104;СВИНСКА ПЛЕШКА БЕЗ КОСТ;5425;18;6.13;4.99
68134;Обеля 2, ул. 104;Тео Шампоан 350мл;13197;28;2.55;1.49
68134;Редута, Георги Минчев 28А;Tat грах консерва 420гр.;5146;47;1.53;1.19
68134;Редута, Георги Минчев 28А;Аквафреш Паста за зъби Mild&Minty 75мл;3454;81;2.55;2.55
68134;Редута, Георги Минчев 28А;Банани;1314;52;1.53;1.53
68134;Редута, Георги Минчев 28А;Бира Бургаско 2.3л;12393;74;1.63;1.45
68134;Редута, Георги Минчев 28А;Верея Прясно мляко 3% 1л;8128;6;1.78;1.49
68134;Редута, Георги Минчев 28А;Вино Етно Шардоне 750мл;11721;75;5.11;5.11
68134;Редута, Георги Минчев 28А;Градус Кренвирши пилешки кг;17299;26;3.57;3.57
68134;Редута, Георги Минчев 28А;Гъби кг;3640;60;4.6;4.6
68134;Редута, Георги Минчев 28А;Дерони Лютеница Петел традиционна 575гр;10415;49;2.04;2.04
68134;Редута, Георги Минчев 28А;Дерони Макарони Петел 400гр;10501;36;0.92;0.92
68134;Редута, Георги Минчев 28А;Дестан Извара кашкавалена кг;4933;13;3.06;2.45
68134;Редута, Георги Минчев 28А;Домати;1310;54;2.04;2.04
68134;Редута, Георги Минчев 28А;Домлян Краве сирене 400гр;8439;9;5.01;5.01
68134;Редута, Георги Минчев 28А;Кашкавал Маклер Родопско чудо 200гр;11148;11;2.55;2.55
68134;Редута, Георги Минчев 28А;Саяна Кисело мляко ЗНП 3.6% 400гр;8439;7;0.92;0.92
68134;Редута, Георги Минчев 28А;Ехо Препарат за съдове 400мл;12414;79;1.53;1.53
68134;Редута, Георги Минчев 28А;"Захар екопакет кристал ""Захира"" 1кг";8189;38;0.92;0.92
68134;Редута, Георги Минчев 28А;Зеле прясно;2332;57;0.76;0.76
68134;Редута, Георги Минчев 28А;Зелена Ябълка;1309;53;2.04;2.04
68134;Редута, Георги Минчев 28А;Йони Баничка 160;6076;68;1.53;1.53
68134;Редута, Георги Минчев 28А;Карнобатска Ракия гроздова 700;630393;77;7.56;5.99
68134;Редута, Георги Минчев 28А;Картоф;1313;61;0.92;0.49
68134;Редута, Георги Минчев 28А;Кашкавал Тренена кг;5082;10;11.24;7.99
68134;Редута, Георги Минчев 28А;Колгейт Четка за зъби Zig Zag Medium;1544;80;2.04;1.79
68134;Редута, Георги Минчев 28А;Краставици;3515;58;2.55;2.55
68134;Редута, Георги Минчев 28А;Крина Боб Екстра 500;5950;46;2.04;2.04
68134;Редута, Георги Минчев 28А;Крина Леща Българска 1кг;11194;34;3.06;3.06
68134;Редута, Георги Минчев 28А;Кроасани Белино 80гр;3045;67;0.65;0.65
68134;Редута, Георги Минчев 28А;Кромид лук;1311;55;0.92;0.58
68134;Редута, Георги Минчев 28А;Лимон;1798;50;2.55;2.55
68134;Редута, Георги Минчев 28А;Лудогорско Пиле тар. кг;5787;15;4.49;4.49
68134;Редута, Георги Минчев 28А;Лудогорско Пилешко филе тар. кг;5822;16;8.69;8.69
68134;Редута, Георги Минчев 28А;МКМ Ориз Бисерен 1кг;4872;35;2.3;2.3
68134;Редута, Георги Минчев 28А;Милена Бял хляб 700;15964;1;1.02;1.02
68134;Редута, Георги Минчев 28А;Милена хляб Селски ръжен 450гр.;3723;3;1.94;1.94
68134;Редута, Георги Минчев 28А;Милена хляб Селски типов 450гр.;3550;4;1.94;1.94
68134;Редута, Георги Минчев 28А;Мокри кърпи Малива 120бр;16256;84;2.04;2.04
68134;Редута, Георги Минчев 28А;Моркови;1848;56;1.02;0.69
68134;Редута, Георги Минчев 28А;Морски дар Пъстърва чистена прясна МАР;9642;30;8.58;6.99
68134;Редута, Георги Минчев 28А;Мургаш нискомаслена извара 350гр.;3743;14;2.04;2.04
68134;Редута, Георги Минчев 28А;"Немско краве масло ""Двете крави"" 125гр";14121;12;2.04;2.04
68134;Редута, Георги Минчев 28А;Нова Бразилия - мляно 200;9970;70;4.6;4.6
68134;Редута, Георги Минчев 28А;Нова Бразилия Класик зърна 1кг;7008;71;20.45;20.45
68134;Редута, Георги Минчев 28А;Олио Родно 1л;5554;42;1.94;1.94
68134;Редута, Георги Минчев 28А;Оцет Кулинар Винен 700;631873;44;1.27;1.27
68134;Редута, Георги Минчев 28А;Оцет Кулинар Ябълков 700;631874;45;1.38;1.38
68134;Редута, Георги Минчев 28А;ПЕРЕЛИК Салам деликатесен вак 230/240гр;2350;28;4.09;4.09
68134;Редута, Георги Минчев 28А;Портокали;2960;51;2.04;1.49
68134;Редута, Георги Минчев 28А;Престиж Бисквити Роден край обикновени 190гр;16663;66;1.27;1.27
68134;Редута, Георги Минчев 28А;Росо Пилешки бут тар. кг;10780;17;6.13;6.13
68134;Редута, Георги Минчев 28А;СММ Кайма 60/40 На Софрата кг.;13662;25;6.13;6.13
68134;Редута, Георги Минчев 28А;СММ Свински Бут без кост кг;4340;19;5.62;3.49
68134;Редута, Георги Минчев 28А;СММ Свински Врат с кост нарязан кг;1679;21;6.64;6.64
68134;Редута, Георги Минчев 28А;СММ Свинско Месо червено кг;4384;22;5.62;5.62
68134;Редута, Георги Минчев 28А;Саяна Краве сирене кг;14095;8;8.69;8.69
68134;Редута, Георги Минчев 28А;Симид Хляб Добруджа нарязан 500;15974;2;1.02;1.02
68134;Редута, Георги Минчев 28А;Сол Фиоре екстра 1кг;14735;39;0.51;0.51
68134;Редута, Георги Минчев 28А;София Мел Брашно екстра 1кг;2787;41;1.22;1.22
68134;Редута, Георги Минчев 28А;София Мел Брашно класик 1кг;972;40;1.22;1.22
68134;Редута, Георги Минчев 28А;Стела Спагетини №10 500гр;632637;37;1.53;1.53
68134;Редута, Георги Минчев 28А;Тео Сапун Bouquet 70;630787;83;0.61;0.61
68134;Редута, Георги Минчев 28А;Тоалетна хартия Фамилия 8бр;3712;85;3.06;3.06
68134;Редута, Георги Минчев 28А;ФАМИЛИЯ Кори точени 500гр;631020;5;2.04;2.04
68134;Редута, Георги Минчев 28А;ФЕРМАТА Колбас Телешки/Хамбургски/Камчия 270гр;2859;27;1.27;1.27
68134;Редута, Георги Минчев 28А;Цигари Кинг ред 100;15065;78;3.07;3.07
68134;Редута, Георги Минчев 28А;Чай билков Ассо;8158;72;0.76;0.76
68134;Редута, Георги Минчев 28А;Чесън;1797;59;4.6;4.6
68134;Редута, Георги Минчев 28А;Шоколад Фин млечен 80г;5315;69;1.53;1.53
68134;Редута, Георги Минчев 28А;Яйца Борсата L10 /подово отглеждани/;15407;32;3.27;2.79
68134;Редута, Георги Минчев 28А;СВИНСКА ПЛЕШКА БЕЗ КОСТ;5425;18;6.13;4.99
68134;Редута, Георги Минчев 28А;Тео Шампоан 350мл;13197;28;2.55;1.49
68134;Свобода, Народни Будители срещу бл. 39;Tat грах консерва 420гр.;5146;47;1.53;1.19
68134;Свобода, Народни Будители срещу бл. 39;Аквафреш Паста за зъби Mild&Minty 75мл;3454;81;2.55;2.55
68134;Свобода, Народни Будители срещу бл. 39;Банани;1314;52;1.53;1.53
68134;Свобода, Народни Будители срещу бл. 39;Бира Бургаско 2.3л;12393;74;1.63;1.45
68134;Свобода, Народни Будители срещу бл. 39;Верея Прясно мляко 3% 1л;8128;6;1.78;1.49
68134;Свобода, Народни Будители срещу бл. 39;Вино Етно Шардоне 750мл;11721;75;5.11;5.11
68134;Свобода, Народни Будители срещу бл. 39;Градус Кренвирши пилешки кг;17299;26;3.57;3.57
68134;Свобода, Народни Будители срещу бл. 39;Гъби кг;3640;60;4.6;4.6
68134;Свобода, Народни Будители срещу бл. 39;Дерони Лютеница Петел традиционна 575гр;10415;49;2.04;2.04
68134;Свобода, Народни Будители срещу бл. 39;Дерони Макарони Петел 400гр;10501;36;0.92;0.92
68134;Свобода, Народни Будители срещу бл. 39;Дестан Извара кашкавалена кг;4933;13;3.06;2.45
68134;Свобода, Народни Будители срещу бл. 39;Домати;1310;54;2.04;2.04
68134;Свобода, Народни Будители срещу бл. 39;Домлян Краве сирене 400гр;8439;9;5.01;5.01
68134;Свобода, Народни Будители срещу бл. 39;Кашкавал Маклер Родопско чудо 200гр;11148;11;2.55;2.55
68134;Свобода, Народни Будители срещу бл. 39;Саяна Кисело мляко ЗНП 3.6% 400гр;8439;7;0.92;0.92
68134;Свобода, Народни Будители срещу бл. 39;Ехо Препарат за съдове 400мл;12414;79;1.53;1.53
68134;Свобода, Народни Будители срещу бл. 39;"Захар екопакет кристал ""Захира"" 1кг";8189;38;0.92;0.92
68134;Свобода, Народни Будители срещу бл. 39;Зеле прясно;2332;57;0.76;0.76
68134;Свобода, Народни Будители срещу бл. 39;Зелена Ябълка;1309;53;2.04;2.04
68134;Свобода, Народни Будители срещу бл. 39;Йони Баничка 160;6076;68;1.53;1.53
68134;Свобода, Народни Будители срещу бл. 39;Карнобатска Ракия гроздова 700;630393;77;7.56;5.99
68134;Свобода, Народни Будители срещу бл. 39;Картоф;1313;61;0.92;0.49
68134;Свобода, Народни Будители срещу бл. 39;Кашкавал Тренена кг;5082;10;11.24;7.99
68134;Свобода, Народни Будители срещу бл. 39;Колгейт Четка за зъби Zig Zag Medium;1544;80;2.04;1.79
68134;Свобода, Народни Будители срещу бл. 39;Краставици;3515;58;2.55;2.55
68134;Свобода, Народни Будители срещу бл. 39;Крина Боб Екстра 500;5950;46;2.04;2.04
68134;Свобода, Народни Будители срещу бл. 39;Крина Леща Българска 1кг;11194;34;3.06;3.06
68134;Свобода, Народни Будители срещу бл. 39;Кроасани Белино 80гр;3045;67;0.65;0.65
68134;Свобода, Народни Будители срещу бл. 39;Кромид лук;1311;55;0.92;0.58
68134;Свобода, Народни Будители срещу бл. 39;Лимон;1798;50;2.55;2.55
68134;Свобода, Народни Будители срещу бл. 39;Лудогорско Пиле тар. кг;5787;15;4.49;4.49
68134;Свобода, Народни Будители срещу бл. 39;Лудогорско Пилешко филе тар. кг;5822;16;8.69;8.69
68134;Свобода, Народни Будители срещу бл. 39;МКМ Ориз Бисерен 1кг;4872;35;2.3;2.3
68134;Свобода, Народни Будители срещу бл. 39;Милена Бял хляб 700;15964;1;1.02;1.02
68134;Свобода, Народни Будители срещу бл. 39;Милена хляб Селски ръжен 450гр.;3723;3;1.94;1.94
68134;Свобода, Народни Будители срещу бл. 39;Милена хляб Селски типов 450гр.;3550;4;1.94;1.94
68134;Свобода, Народни Будители срещу бл. 39;Мокри кърпи Малива 120бр;16256;84;2.04;2.04
68134;Свобода, Народни Будители срещу бл. 39;Моркови;1848;56;1.02;0.69
68134;Свобода, Народни Будители срещу бл. 39;Морски дар Пъстърва чистена прясна МАР;9642;30;8.58;6.99
68134;Свобода, Народни Будители срещу бл. 39;Мургаш нискомаслена извара 350гр.;3743;14;2.04;2.04
68134;Свобода, Народни Будители срещу бл. 39;"Немско краве масло ""Двете крави"" 125гр";14121;12;2.04;2.04
68134;Свобода, Народни Будители срещу бл. 39;Нова Бразилия - мляно 200;9970;70;4.6;4.6
68134;Свобода, Народни Будители срещу бл. 39;Нова Бразилия Класик зърна 1кг;7008;71;20.45;20.45
68134;Свобода, Народни Будители срещу бл. 39;Олио Родно 1л;5554;42;1.94;1.94
68134;Свобода, Народни Будители срещу бл. 39;Оцет Кулинар Винен 700;631873;44;1.27;1.27
68134;Свобода, Народни Будители срещу бл. 39;Оцет Кулинар Ябълков 700;631874;45;1.38;1.38
68134;Свобода, Народни Будители срещу бл. 39;ПЕРЕЛИК Салам деликатесен вак 230/240гр;2350;28;4.09;4.09
68134;Свобода, Народни Будители срещу бл. 39;Портокали;2960;51;2.04;1.49
68134;Свобода, Народни Будители срещу бл. 39;Престиж Бисквити Роден край обикновени 190гр;16663;66;1.27;1.27
68134;Свобода, Народни Будители срещу бл. 39;Росо Пилешки бут тар. кг;10780;17;6.13;6.13
68134;Свобода, Народни Будители срещу бл. 39;СММ Кайма 60/40 На Софрата кг.;13662;25;6.13;6.13
68134;Свобода, Народни Будители срещу бл. 39;СММ Свински Бут без кост кг;4340;19;5.62;3.49
68134;Свобода, Народни Будители срещу бл. 39;СММ Свински Врат с кост нарязан кг;1679;21;6.64;6.64
68134;Свобода, Народни Будители срещу бл. 39;СММ Свинско Месо червено кг;4384;22;5.62;5.62
68134;Свобода, Народни Будители срещу бл. 39;Саяна Краве сирене кг;14095;8;8.69;8.69
68134;Свобода, Народни Будители срещу бл. 39;Симид Хляб Добруджа нарязан 500;15974;2;1.02;1.02
68134;Свобода, Народни Будители срещу бл. 39;Сол Фиоре екстра 1кг;14735;39;0.51;0.51
68134;Свобода, Народни Будители срещу бл. 39;София Мел Брашно екстра 1кг;2787;41;1.22;1.22
68134;Свобода, Народни Будители срещу бл. 39;София Мел Брашно класик 1кг;972;40;1.22;1.22
68134;Свобода, Народни Будители срещу бл. 39;Стела Спагетини №10 500гр;632637;37;1.53;1.53
68134;Свобода, Народни Будители срещу бл. 39;Тео Сапун Bouquet 70;630787;83;0.61;0.61
68134;Свобода, Народни Будители срещу бл. 39;Тоалетна хартия Фамилия 8бр;3712;85;3.06;3.06
68134;Свобода, Народни Будители срещу бл. 39;ФАМИЛИЯ Кори точени 500гр;631020;5;2.04;2.04
68134;Свобода, Народни Будители срещу бл. 39;ФЕРМАТА Колбас Телешки/Хамбургски/Камчия 270гр;2859;27;1.27;1.27
68134;Свобода, Народни Будители срещу бл. 39;Цигари Кинг ред 100;15065;78;3.07;3.07
68134;Свобода, Народни Будители срещу бл. 39;Чай билков Ассо;8158;72;0.76;0.76
68134;Свобода, Народни Будители срещу бл. 39;Чесън;1797;59;4.6;4.6
68134;Свобода, Народни Будители срещу бл. 39;Шоколад Фин млечен 80г;5315;69;1.53;1.53
68134;Свобода, Народни Будители срещу бл. 39;Яйца Борсата L10 /подово отглеждани/;15407;32;3.27;2.79
68134;Свобода, Народни Будители срещу бл. 39;СВИНСКА ПЛЕШКА БЕЗ КОСТ;5425;18;6.13;4.99
68134;Свобода, Народни Будители срещу бл. 39;Тео Шампоан 350мл;13197;28;2.55;1.49
68134;Младост 1, Стоян Чомаков 20;Tat грах консерва 420гр.;5146;47;1.53;1.19
68134;Младост 1, Стоян Чомаков 20;Аквафреш Паста за зъби Mild&Minty 75мл;3454;81;2.55;2.55
68134;Младост 1, Стоян Чомаков 20;Банани;1314;52;1.53;1.53
68134;Младост 1, Стоян Чомаков 20;Бира Бургаско 2.3л;12393;74;1.63;1.45
68134;Младост 1, Стоян Чомаков 20;Верея Прясно мляко 3% 1л;8128;6;1.78;1.49
68134;Младост 1, Стоян Чомаков 20;Вино Етно Шардоне 750мл;11721;75;5.11;5.11
68134;Младост 1, Стоян Чомаков 20;Градус Кренвирши пилешки кг;17299;26;3.57;3.57
68134;Младост 1, Стоян Чомаков 20;Гъби кг;3640;60;4.6;4.6
68134;Младост 1, Стоян Чомаков 20;Дерони Лютеница Петел традиционна 575гр;10415;49;2.04;2.04
68134;Младост 1, Стоян Чомаков 20;Дерони Макарони Петел 400гр;10501;36;0.92;0.92
68134;Младост 1, Стоян Чомаков 20;Дестан Извара кашкавалена кг;4933;13;3.06;2.45
68134;Младост 1, Стоян Чомаков 20;Домати;1310;54;2.04;2.04
68134;Младост 1, Стоян Чомаков 20;Домлян Краве сирене 400гр;8439;9;5.01;5.01
68134;Младост 1, Стоян Чомаков 20;Кашкавал Маклер Родопско чудо 200гр;11148;11;2.55;2.55
68134;Младост 1, Стоян Чомаков 20;Саяна Кисело мляко ЗНП 3.6% 400гр;8439;7;0.92;0.92
68134;Младост 1, Стоян Чомаков 20;Ехо Препарат за съдове 400мл;12414;79;1.53;1.53
68134;Младост 1, Стоян Чомаков 20;"Захар екопакет кристал ""Захира"" 1кг";8189;38;0.92;0.92
68134;Младост 1, Стоян Чомаков 20;Зеле прясно;2332;57;0.76;0.76
68134;Младост 1, Стоян Чомаков 20;Зелена Ябълка;1309;53;2.04;2.04
68134;Младост 1, Стоян Чомаков 20;Йони Баничка 160;6076;68;1.53;1.53
68134;Младост 1, Стоян Чомаков 20;Карнобатска Ракия гроздова 700;630393;77;7.56;5.99
68134;Младост 1, Стоян Чомаков 20;Картоф;1313;61;0.92;0.49
68134;Младост 1, Стоян Чомаков 20;Кашкавал Тренена кг;5082;10;11.24;7.99
68134;Младост 1, Стоян Чомаков 20;Колгейт Четка за зъби Zig Zag Medium;1544;80;2.04;1.79
68134;Младост 1, Стоян Чомаков 20;Краставици;3515;58;2.55;2.55
68134;Младост 1, Стоян Чомаков 20;Крина Боб Екстра 500;5950;46;2.04;2.04
68134;Младост 1, Стоян Чомаков 20;Крина Леща Българска 1кг;11194;34;3.06;3.06
68134;Младост 1, Стоян Чомаков 20;Кроасани Белино 80гр;3045;67;0.65;0.65
68134;Младост 1, Стоян Чомаков 20;Кромид лук;1311;55;0.92;0.58
68134;Младост 1, Стоян Чомаков 20;Лимон;1798;50;2.55;2.55
68134;Младост 1, Стоян Чомаков 20;Лудогорско Пиле тар. кг;5787;15;4.49;4.49
68134;Младост 1, Стоян Чомаков 20;Лудогорско Пилешко филе тар. кг;5822;16;8.69;8.69
68134;Младост 1, Стоян Чомаков 20;МКМ Ориз Бисерен 1кг;4872;35;2.3;2.3
68134;Младост 1, Стоян Чомаков 20;Милена Бял хляб 700;15964;1;1.02;1.02
68134;Младост 1, Стоян Чомаков 20;Милена хляб Селски ръжен 450гр.;3723;3;1.94;1.94
68134;Младост 1, Стоян Чомаков 20;Милена хляб Селски типов 450гр.;3550;4;1.94;1.94
68134;Младост 1, Стоян Чомаков 20;Мокри кърпи Малива 120бр;16256;84;2.04;2.04
68134;Младост 1, Стоян Чомаков 20;Моркови;1848;56;1.02;0.69
68134;Младост 1, Стоян Чомаков 20;Морски дар Пъстърва чистена прясна МАР;9642;30;8.58;6.99
68134;Младост 1, Стоян Чомаков 20;Мургаш нискомаслена извара 350гр.;3743;14;2.04;2.04
68134;Младост 1, Стоян Чомаков 20;"Немско краве масло ""Двете крави"" 125гр";14121;12;2.04;2.04
68134;Младост 1, Стоян Чомаков 20;Нова Бразилия - мляно 200;9970;70;4.6;4.6
68134;Младост 1, Стоян Чомаков 20;Нова Бразилия Класик зърна 1кг;7008;71;20.45;20.45
68134;Младост 1, Стоян Чомаков 20;Олио Родно 1л;5554;42;1.94;1.94
68134;Младост 1, Стоян Чомаков 20;Оцет Кулинар Винен 700;631873;44;1.27;1.27
68134;Младост 1, Стоян Чомаков 20;Оцет Кулинар Ябълков 700;631874;45;1.38;1.38
68134;Младост 1, Стоян Чомаков 20;ПЕРЕЛИК Салам деликатесен вак 230/240гр;2350;28;4.09;4.09
68134;Младост 1, Стоян Чомаков 20;Портокали;2960;51;2.04;1.49
68134;Младост 1, Стоян Чомаков 20;Престиж Бисквити Роден край обикновени 190гр;16663;66;1.27;1.27
68134;Младост 1, Стоян Чомаков 20;Росо Пилешки бут тар. кг;10780;17;6.13;6.13
68134;Младост 1, Стоян Чомаков 20;СММ Кайма 60/40 На Софрата кг.;13662;25;6.13;6.13
68134;Младост 1, Стоян Чомаков 20;СММ Свински Бут без кост кг;4340;19;5.62;3.49
68134;Младост 1, Стоян Чомаков 20;СММ Свински Врат с кост нарязан кг;1679;21;6.64;6.64
68134;Младост 1, Стоян Чомаков 20;СММ Свинско Месо червено кг;4384;22;5.62;5.62
68134;Младост 1, Стоян Чомаков 20;Саяна Краве сирене кг;14095;8;8.69;8.69
68134;Младост 1, Стоян Чомаков 20;Симид Хляб Добруджа нарязан 500;15974;2;1.02;1.02
68134;Младост 1, Стоян Чомаков 20;Сол Фиоре екстра 1кг;14735;39;0.51;0.51
68134;Младост 1, Стоян Чомаков 20;София Мел Брашно екстра 1кг;2787;41;1.22;1.22
68134;Младост 1, Стоян Чомаков 20;София Мел Брашно класик 1кг;972;40;1.22;1.22
68134;Младост 1, Стоян Чомаков 20;Стела Спагетини №10 500гр;632637;37;1.53;1.53
68134;Младост 1, Стоян Чомаков 20;Тео Сапун Bouquet 70;630787;83;0.61;0.61
68134;Младост 1, Стоян Чомаков 20;Тоалетна хартия Фамилия 8бр;3712;85;3.06;3.06
68134;Младост 1, Стоян Чомаков 20;ФАМИЛИЯ Кори точени 500гр;631020;5;2.04;2.04
68134;Младост 1, Стоян Чомаков 20;ФЕРМАТА Колбас Телешки/Хамбургски/Камчия 270гр;2859;27;1.27;1.27
68134;Младост 1, Стоян Чомаков 20;Цигари Кинг ред 100;15065;78;3.07;3.07
68134;Младост 1, Стоян Чомаков 20;Чай билков Ассо;8158;72;0.76;0.76
68134;Младост 1, Стоян Чомаков 20;Чесън;1797;59;4.6;4.6
68134;Младост 1, Стоян Чомаков 20;Шоколад Фин млечен 80г;5315;69;1.53;1.53
68134;Младост 1, Стоян Чомаков 20;Яйца Борсата L10 /подово отглеждани/;15407;32;3.27;2.79
68134;Младост 1, Стоян Чомаков 20;СВИНСКА ПЛЕШКА БЕЗ КОСТ;5425;18;6.13;4.99
68134;Младост 1, Стоян Чомаков 20;Тео Шампоан 350мл;13197;28;2.55;1.49
2659;Банкя, Ал. Стамболийски 30;Tat грах консерва 420гр.;5146;47;1.53;1.19
2659;Банкя, Ал. Стамболийски 30;Аквафреш Паста за зъби Mild&Minty 75мл;3454;81;2.55;2.55
2659;Банкя, Ал. Стамболийски 30;Банани;1314;52;1.53;1.53
2659;Банкя, Ал. Стамболийски 30;Бира Бургаско 2.3л;12393;74;1.63;1.45
2659;Банкя, Ал. Стамболийски 30;Верея Прясно мляко 3% 1л;8128;6;1.78;1.49
2659;Банкя, Ал. Стамболийски 30;Вино Етно Шардоне 750мл;11721;75;5.11;5.11
2659;Банкя, Ал. Стамболийски 30;Градус Кренвирши пилешки кг;17299;26;3.57;3.57
2659;Банкя, Ал. Стамболийски 30;Гъби кг;3640;60;4.6;4.6
2659;Банкя, Ал. Стамболийски 30;Дерони Лютеница Петел традиционна 575гр;10415;49;2.04;2.04
2659;Банкя, Ал. Стамболийски 30;Дерони Макарони Петел 400гр;10501;36;0.92;0.92
2659;Банкя, Ал. Стамболийски 30;Дестан Извара кашкавалена кг;4933;13;3.06;2.45
2659;Банкя, Ал. Стамболийски 30;Домати;1310;54;2.04;2.04
2659;Банкя, Ал. Стамболийски 30;Домлян Краве сирене 400гр;8439;9;5.01;5.01
2659;Банкя, Ал. Стамболийски 30;Кашкавал Маклер Родопско чудо 200гр;11148;11;2.55;2.55
2659;Банкя, Ал. Стамболийски 30;Саяна Кисело мляко ЗНП 3.6% 400гр;8439;7;0.92;0.92
2659;Банкя, Ал. Стамболийски 30;Ехо Препарат за съдове 400мл;12414;79;1.53;1.53
2659;Банкя, Ал. Стамболийски 30;"Захар екопакет кристал ""Захира"" 1кг";8189;38;0.92;0.92
2659;Банкя, Ал. Стамболийски 30;Зеле прясно;2332;57;0.76;0.76
2659;Банкя, Ал. Стамболийски 30;Зелена Ябълка;1309;53;2.04;2.04
2659;Банкя, Ал. Стамболийски 30;Йони Баничка 160;6076;68;1.53;1.53
2659;Банкя, Ал. Стамболийски 30;Карнобатска Ракия гроздова 700;630393;77;7.56;5.99
2659;Банкя, Ал. Стамболийски 30;Картоф;1313;61;0.92;0.49
2659;Банкя, Ал. Стамболийски 30;Кашкавал Тренена кг;5082;10;11.24;7.99
2659;Банкя, Ал. Стамболийски 30;Колгейт Четка за зъби Zig Zag Medium;1544;80;2.04;1.79
2659;Банкя, Ал. Стамболийски 30;Краставици;3515;58;2.55;2.55
2659;Банкя, Ал. Стамболийски 30;Крина Боб Екстра 500;5950;46;2.04;2.04
2659;Банкя, Ал. Стамболийски 30;Крина Леща Българска 1кг;11194;34;3.06;3.06
2659;Банкя, Ал. Стамболийски 30;Кроасани Белино 80гр;3045;67;0.65;0.65
2659;Банкя, Ал. Стамболийски 30;Кромид лук;1311;55;0.92;0.58
2659;Банкя, Ал. Стамболийски 30;Лимон;1798;50;2.55;2.55
2659;Банкя, Ал. Стамболийски 30;Лудогорско Пиле тар. кг;5787;15;4.49;4.49
2659;Банкя, Ал. Стамболийски 30;Лудогорско Пилешко филе тар. кг;5822;16;8.69;8.69
2659;Банкя, Ал. Стамболийски 30;МКМ Ориз Бисерен 1кг;4872;35;2.3;2.3
2659;Банкя, Ал. Стамболийски 30;Милена Бял хляб 700;15964;1;1.02;1.02
2659;Банкя, Ал. Стамболийски 30;Милена хляб Селски ръжен 450гр.;3723;3;1.94;1.94
2659;Банкя, Ал. Стамболийски 30;Милена хляб Селски типов 450гр.;3550;4;1.94;1.94
2659;Банкя, Ал. Стамболийски 30;Мокри кърпи Малива 120бр;16256;84;2.04;2.04
2659;Банкя, Ал. Стамболийски 30;Моркови;1848;56;1.02;0.69
2659;Банкя, Ал. Стамболийски 30;Морски дар Пъстърва чистена прясна МАР;9642;30;8.58;6.99
2659;Банкя, Ал. Стамболийски 30;Мургаш нискомаслена извара 350гр.;3743;14;2.04;2.04
2659;Банкя, Ал. Стамболийски 30;"Немско краве масло ""Двете крави"" 125гр";14121;12;2.04;2.04
2659;Банкя, Ал. Стамболийски 30;Нова Бразилия - мляно 200;9970;70;4.6;4.6
2659;Банкя, Ал. Стамболийски 30;Нова Бразилия Класик зърна 1кг;7008;71;20.45;20.45
2659;Банкя, Ал. Стамболийски 30;Олио Родно 1л;5554;42;1.94;1.94
2659;Банкя, Ал. Стамболийски 30;Оцет Кулинар Винен 700;631873;44;1.27;1.27
2659;Банкя, Ал. Стамболийски 30;Оцет Кулинар Ябълков 700;631874;45;1.38;1.38
2659;Банкя, Ал. Стамболийски 30;ПЕРЕЛИК Салам деликатесен вак 230/240гр;2350;28;4.09;4.09
2659;Банкя, Ал. Стамболийски 30;Портокали;2960;51;2.04;1.49
2659;Банкя, Ал. Стамболийски 30;Престиж Бисквити Роден край обикновени 190гр;16663;66;1.27;1.27
2659;Банкя, Ал. Стамболийски 30;Росо Пилешки бут тар. кг;10780;17;6.13;6.13
2659;Банкя, Ал. Стамболийски 30;СММ Кайма 60/40 На Софрата кг.;13662;25;6.13;6.13
2659;Банкя, Ал. Стамболийски 30;СММ Свински Бут без кост кг;4340;19;5.62;3.49
2659;Банкя, Ал. Стамболийски 30;СММ Свински Врат с кост нарязан кг;1679;21;6.64;6.64
2659;Банкя, Ал. Стамболийски 30;СММ Свинско Месо червено кг;4384;22;5.62;5.62
2659;Банкя, Ал. Стамболийски 30;Саяна Краве сирене кг;14095;8;8.69;8.69
2659;Банкя, Ал. Стамболийски 30;Симид Хляб Добруджа нарязан 500;15974;2;1.02;1.02
2659;Банкя, Ал. Стамболийски 30;Сол Фиоре екстра 1кг;14735;39;0.51;0.51
2659;Банкя, Ал. Стамболийски 30;София Мел Брашно екстра 1кг;2787;41;1.22;1.22
2659;Банкя, Ал. Стамболийски 30;София Мел Брашно класик 1кг;972;40;1.22;1.22
2659;Банкя, Ал. Стамболийски 30;Стела Спагетини №10 500гр;632637;37;1.53;1.53
2659;Банкя, Ал. Стамболийски 30;Тео Сапун Bouquet 70;630787;83;0.61;0.61
2659;Банкя, Ал. Стамболийски 30;Тоалетна хартия Фамилия 8бр;3712;85;3.06;3.06
2659;Банкя, Ал. Стамболийски 30;ФАМИЛИЯ Кори точени 500гр;631020;5;2.04;2.04
2659;Банкя, Ал. Стамболийски 30;ФЕРМАТА Колбас Телешки/Хамбургски/Камчия 270гр;2859;27;1.27;1.27
2659;Банкя, Ал. Стамболийски 30;Цигари Кинг ред 100;15065;78;3.07;3.07
2659;Банкя, Ал. Стамболийски 30;Чай билков Ассо;8158;72;0.76;0.76
2659;Банкя, Ал. Стамболийски 30;Чесън;1797;59;4.6;4.6
2659;Банкя, Ал. Стамболийски 30;Шоколад Фин млечен 80г;5315;69;1.53;1.53
2659;Банкя, Ал. Стамболийски 30;Яйца Борсата L10 /подово отглеждани/;15407;32;3.27;2.79
2659;Банкя, Ал. Стамболийски 30;СВИНСКА ПЛЕШКА БЕЗ КОСТ;5425;18;6.13;4.99
2659;Банкя, Ал. Стамболийски 30;Тео Шампоан 350мл;13197;28;2.55;1.49
68134;Надежда, Кирил Дрангов 46;Tat грах консерва 420гр.;5146;47;1.53;1.19
68134;Надежда, Кирил Дрангов 46;Аквафреш Паста за зъби Mild&Minty 75мл;3454;81;2.55;2.55
68134;Надежда, Кирил Дрангов 46;Бира Бургаско 2.3л;12393;74;1.63;1.45
68134;Надежда, Кирил Дрангов 46;Верея Прясно мляко 3% 1л;8128;6;1.78;1.49
68134;Надежда, Кирил Дрангов 46;Вино Етно Шардоне 750мл;11721;75;5.11;5.11
68134;Надежда, Кирил Дрангов 46;Градус Кренвирши пилешки кг;17299;26;3.57;3.57
68134;Надежда, Кирил Дрангов 46;Дерони Лютеница Петел традиционна 575гр;10415;49;2.04;2.04
68134;Надежда, Кирил Дрангов 46;Дерони Макарони Петел 400гр;10501;36;0.92;0.92
68134;Надежда, Кирил Дрангов 46;Дестан Извара кашкавалена кг;4933;13;3.06;2.45
68134;Надежда, Кирил Дрангов 46;Домлян Краве сирене 400гр;8439;9;5.01;5.01
68134;Надежда, Кирил Дрангов 46;Кашкавал Маклер Родопско чудо 200гр;11148;11;2.55;2.55
68134;Надежда, Кирил Дрангов 46;Саяна Кисело мляко ЗНП 3.6% 400гр;8439;7;0.92;0.92
68134;Надежда, Кирил Дрангов 46;Ехо Препарат за съдове 400мл;12414;79;1.53;1.53
68134;Надежда, Кирил Дрангов 46;"Захар екопакет кристал ""Захира"" 1кг";8189;38;0.92;0.92
68134;Надежда, Кирил Дрангов 46;Йони Баничка 160;6076;68;1.53;1.53
68134;Надежда, Кирил Дрангов 46;Карнобатска Ракия гроздова 700;630393;77;7.56;5.99
68134;Надежда, Кирил Дрангов 46;Кашкавал Тренена кг;5082;10;11.24;7.99
68134;Надежда, Кирил Дрангов 46;Колгейт Четка за зъби Zig Zag Medium;1544;80;2.04;1.79
68134;Надежда, Кирил Дрангов 46;Крина Боб Екстра 500;5950;46;2.04;2.04
68134;Надежда, Кирил Дрангов 46;Крина Леща Българска 1кг;11194;34;3.06;3.06
68134;Надежда, Кирил Дрангов 46;Кроасани Белино 80гр;3045;67;0.65;0.65
68134;Надежда, Кирил Дрангов 46;Лудогорско Пиле тар. кг;5787;15;4.49;4.49
68134;Надежда, Кирил Дрангов 46;Лудогорско Пилешко филе тар. кг;5822;16;8.69;8.69
68134;Надежда, Кирил Дрангов 46;МКМ Ориз Бисерен 1кг;4872;35;2.3;2.3
68134;Надежда, Кирил Дрангов 46;Милена Бял хляб 700;15964;1;1.02;1.02
68134;Надежда, Кирил Дрангов 46;Милена хляб Селски ръжен 450гр.;3723;3;1.94;1.94
68134;Надежда, Кирил Дрангов 46;Милена хляб Селски типов 450гр.;3550;4;1.94;1.94
68134;Надежда, Кирил Дрангов 46;Мокри кърпи Малива 120бр;16256;84;2.04;2.04
68134;Надежда, Кирил Дрангов 46;Морски дар Пъстърва чистена прясна МАР;9642;30;8.58;6.99
68134;Надежда, Кирил Дрангов 46;Мургаш нискомаслена извара 350гр.;3743;14;2.04;2.04
68134;Надежда, Кирил Дрангов 46;"Немско краве масло ""Двете крави"" 125гр";14121;12;2.04;2.04
68134;Надежда, Кирил Дрангов 46;Нова Бразилия - мляно 200;9970;70;4.6;4.6
68134;Надежда, Кирил Дрангов 46;Нова Бразилия Класик зърна 1кг;7008;71;20.45;20.45
68134;Надежда, Кирил Дрангов 46;Олио Родно 1л;5554;42;1.94;1.94
68134;Надежда, Кирил Дрангов 46;Оцет Кулинар Винен 700;631873;44;1.27;1.27
68134;Надежда, Кирил Дрангов 46;Оцет Кулинар Ябълков 700;631874;45;1.38;1.38
68134;Надежда, Кирил Дрангов 46;ПЕРЕЛИК Салам деликатесен вак 230/240гр;2350;28;4.09;4.09
68134;Надежда, Кирил Дрангов 46;Престиж Бисквити Роден край обикновени 190гр;16663;66;1.27;1.27
68134;Надежда, Кирил Дрангов 46;Росо Пилешки бут тар. кг;10780;17;6.13;6.13
68134;Надежда, Кирил Дрангов 46;СММ Кайма 60/40 На Софрата кг.;13662;25;6.13;6.13
68134;Надежда, Кирил Дрангов 46;СММ Свински Бут без кост кг;4340;19;5.62;3.49
68134;Надежда, Кирил Дрангов 46;СММ Свински Врат с кост нарязан кг;1679;21;6.64;6.64
68134;Надежда, Кирил Дрангов 46;СММ Свинско Месо червено кг;4384;22;5.62;5.62
68134;Надежда, Кирил Дрангов 46;Саяна Краве сирене кг;14095;8;8.69;8.69
68134;Надежда, Кирил Дрангов 46;Симид Хляб Добруджа нарязан 500;15974;2;1.02;1.02
68134;Надежда, Кирил Дрангов 46;Сол Фиоре екстра 1кг;14735;39;0.51;0.51
68134;Надежда, Кирил Дрангов 46;София Мел Брашно екстра 1кг;2787;41;1.22;1.22
68134;Надежда, Кирил Дрангов 46;София Мел Брашно класик 1кг;972;40;1.22;1.22
68134;Надежда, Кирил Дрангов 46;Стела Спагетини №10 500гр;632637;37;1.53;1.53
68134;Надежда, Кирил Дрангов 46;Тео Сапун Bouquet 70;630787;83;0.61;0.61
68134;Надежда, Кирил Дрангов 46;Тоалетна хартия Фамилия 8бр;3712;85;3.06;3.06
68134;Надежда, Кирил Дрангов 46;ФАМИЛИЯ Кори точени 500гр;631020;5;2.04;2.04
68134;Надежда, Кирил Дрангов 46;ФЕРМАТА Колбас Телешки/Хамбургски/Камчия 270гр;2859;27;1.27;1.27
68134;Надежда, Кирил Дрангов 46;Цигари Кинг ред 100;15065;78;3.07;3.07
68134;Надежда, Кирил Дрангов 46;Чай билков Ассо;8158;72;0.76;0.76
68134;Надежда, Кирил Дрангов 46;Шоколад Фин млечен 80г;5315;69;1.53;1.53
68134;Надежда, Кирил Дрангов 46;Яйца Борсата L10 /подово отглеждани/;15407;32;3.27;2.79
68134;Надежда, Кирил Дрангов 46;СВИНСКА ПЛЕШКА БЕЗ КОСТ;5425;18;6.13;4.99
68134;Надежда, Кирил Дрангов 46;Тео Шампоан 350мл;13197;28;2.55;1.49
