"Населено място","Търговски обект","Наименование на продукта","Код на продукта","Категория","Цена на дребно","Цена в промоция"
"68134","БЕНУ Околовръстен път гр.София , Околовръстен път 199А","МУКОФАЛК ПОРТОКАЛ САШЕТИ Х 20","564","88","8.69",""
"68134","БЕНУ Околовръстен път гр.София , Околовръстен път 199А","ФЕНОЛАКС 5МГ ТАБЛ. Х 30","577","88","1.78",""
"68134","БЕНУ Околовръстен път гр.София , Околовръстен път 199А","ДЕРМОДРИН МАЗ 20МГ/Г 30Г Х 1","984","91","4.65",""
"68134","БЕНУ Околовръстен път гр.София , Околовръстен път 199А","АДАПТ. МЛЯКО НАН КОМФОРТИС 1 800Г","1708","65","21.06",""
"68134","БЕНУ Околовръстен път гр.София , Околовръстен път 199А","ЕЛГИДИУМ ПЗ КЛИНИК PERIOBLOCK PRO 50МЛ","5134","81","7.00",""
"68134","БЕНУ Околовръстен път гр.София , Околовръстен път 199А","ЕЛГИДИУМ ДИФЮЖЪН ЧЗ MEDIUM","5146","80","5.47",""
"68134","БЕНУ Околовръстен път гр.София , Околовръстен път 199А","ЧАЙ АЛПИНИСТ ФИЛТЪР Х 20 БИОПРОГРАМА","6144","72","0.81",""
"68134","БЕНУ Околовръстен път гр.София , Околовръстен път 199А","ЧАЙ ШИПКА ФИЛТЪР Х 20 БИОПРОГРАМА","6148","72","1.02",""
"68134","БЕНУ Околовръстен път гр.София , Околовръстен път 199А","Holle Био каша с козе мляко, боровинка и банан 6+ месеца 200г","25616","63","5.41",""
"68134","БЕНУ Околовръстен път гр.София , Околовръстен път 199А","Holle Био каша мюсли 6+ месеца 250г","25654","63","4.14",""
"68134","БЕНУ Околовръстен път гр.София , Околовръстен път 199А","Holle Био пюре зеленчуково къри 6+ месеца 190г","25737","64","1.89","1.39"
"68134","БЕНУ Околовръстен път гр.София , Околовръстен път 199А","Holle Био зеленчуково пюре с телешко месо и леща 10+ месеца 220г","25743","64","3.06","2.29"
"68134","БЕНУ Околовръстен път гр.София , Околовръстен път 199А","Holle Био храна за кърмачета с А2 Формула 2 6+ месеца 600г","26259","65","13.80",""
"68134","БЕНУ Околовръстен път гр.София , Околовръстен път 199А","Elgydium Четка за зъби M Medium 4в1","27320","80","8.94",""
"68134","БЕНУ КАУФЛАНД ЛЮЛИН гр.София, бул Царица Йоанна 97","ИБУТОП ГЕЛ 50ГР","421","95","5.57",""
"68134","БЕНУ КАУФЛАНД ЛЮЛИН гр.София, бул Царица Йоанна 97","САБ СИМПЛЕКС СУСП. 30МЛ","498","87","7.61",""
"68134","БЕНУ КАУФЛАНД ЛЮЛИН гр.София, бул Царица Йоанна 97","МУКОФАЛК ПОРТОКАЛ САШЕТИ Х 20","564","88","8.69",""
"68134","БЕНУ КАУФЛАНД ЛЮЛИН гр.София, бул Царица Йоанна 97","ФЕНОЛАКС 5МГ ТАБЛ. Х 30","577","88","1.78",""
"68134","БЕНУ КАУФЛАНД ЛЮЛИН гр.София, бул Царица Йоанна 97","ДИАРОСТАД КАПС. 2МГ Х 10","621","89","3.78",""
"68134","БЕНУ КАУФЛАНД ЛЮЛИН гр.София, бул Царица Йоанна 97","ИМОМЕД ТАБЛ. 2МГ Х 10","623","89","2.76",""
"68134","БЕНУ КАУФЛАНД ЛЮЛИН гр.София, бул Царица Йоанна 97","ДЕРМОДРИН МАЗ 20МГ/Г 30Г Х 1","984","91","4.65",""
"68134","БЕНУ КАУФЛАНД ЛЮЛИН гр.София, бул Царица Йоанна 97","АЛЕРГОЗАН 1% КРЕМ 1Г/100ГР 60Г","990","91","8.64",""
"68134","БЕНУ КАУФЛАНД ЛЮЛИН гр.София, бул Царица Йоанна 97","АНТИМИКО-БЕТА 50МЛ  Х","1040","90","0.76",""
"68134","БЕНУ КАУФЛАНД ЛЮЛИН гр.София, бул Царица Йоанна 97","ОТИРЕЛАКС СОЛ. 15МЛ","1183","101","3.98",""
"68134","БЕНУ КАУФЛАНД ЛЮЛИН гр.София, бул Царица Йоанна 97","ПЗ ПАРОДОНТАКС FLUORIDE 75МЛ","1857","81","5.06",""
"68134","БЕНУ КАУФЛАНД ЛЮЛИН гр.София, бул Царица Йоанна 97","КСИЛОРИН НАЗ. СПРЕЙ 0,055% 18МЛ Х 1","3061","97","4.90",""
"68134","БЕНУ КАУФЛАНД ЛЮЛИН гр.София, бул Царица Йоанна 97","КОЛДРЕКС ДЖУНИЪР САШЕТИ Х 10","3062","99","5.16",""
"68134","БЕНУ КАУФЛАНД ЛЮЛИН гр.София, бул Царица Йоанна 97","ПРОАЛГИН ТАБЛ. 500МГ Х 20","3077","96","1.27",""
"68134","БЕНУ КАУФЛАНД ЛЮЛИН гр.София, бул Царица Йоанна 97","СПИРТ ЕТИЛОВ 90% 100МЛ ГАЛЕН-ФАРМА","5039","92","0.92",""
"68134","БЕНУ КАУФЛАНД ЛЮЛИН гр.София, бул Царица Йоанна 97","СПИРТ ЕТИЛОВ 95% 100МЛ ГАЛЕН-ФАРМА","5041","92","0.92",""
"68134","БЕНУ КАУФЛАНД ЛЮЛИН гр.София, бул Царица Йоанна 97","СПИРТ САЛИЦИЛОВ 1% 100МЛ ГАЛЕН-ФАРМА","5054","90","0.86",""
"68134","БЕНУ КАУФЛАНД ЛЮЛИН гр.София, бул Царица Йоанна 97","ЧАЙ ШИПКА ФИЛТЪР Х 20 БИОПРОГРАМА","6148","72","1.02",""
"68134","БЕНУ КАУФЛАНД ЛЮЛИН гр.София, бул Царица Йоанна 97","КСИВОЗАН ТАБЛ. 5МГ Х 10","7463","100","5.36",""
"68134","БЕНУ КАУФЛАНД ЛЮЛИН гр.София, бул Царица Йоанна 97","БРОНХОМАКС СИРОП 15МГ/5МЛ 120МЛ","7494","99","3.78",""
"68134","БЕНУ КАУФЛАНД ЛЮЛИН гр.София, бул Царица Йоанна 97","НОЛПАЗА КОНТРОЛ ТАБЛ. 20МГ Х 14","7725","86","2.76",""
"68134","БЕНУ КАУФЛАНД ЛЮЛИН гр.София, бул Царица Йоанна 97","НАЛГЕЗИН ТАБЛ. 275МГ Х 10","7728","95","4.75",""
"68134","БЕНУ КАУФЛАНД ЛЮЛИН гр.София, бул Царица Йоанна 97","СЕПТОЛЕТЕ ТОТАЛ ПАСТИЛИ 3МГ/1МГ Х 16","7729","98","4.65",""
"68134","БЕНУ КАУФЛАНД ЛЮЛИН гр.София, бул Царица Йоанна 97","СЕПТОЛЕТЕ ТОТАЛ ПАСТИЛИ ЛИМОН И БЪЗ 3МГ/1МЛ Х 16","7730","98","5.36",""
"68134","БЕНУ КАУФЛАНД ЛЮЛИН гр.София, бул Царица Йоанна 97","КСИЗАЛ 0,5МГ/МЛ СИРОП 200МЛ Х 1","8313","100","5.62",""
"68134","БЕНУ КАУФЛАНД ЛЮЛИН гр.София, бул Царица Йоанна 97","Парацетамакс експрес 500 мг филмирани таблетки х 20","8547","96","2.09",""
"68134","БЕНУ КАУФЛАНД ЛЮЛИН гр.София, бул Царица Йоанна 97","КСИЛОДЕКС 0,5МГ/МЛ+50МГ/МЛ СПРЕЙ ЗА НОС 10МЛ Х 1","8954","97","4.70",""
"68134","БЕНУ КАУФЛАНД ЛЮЛИН гр.София, бул Царица Йоанна 97","ФЕЛОРАН ГЕЛ 1% 60ГР СФ","9159","95","4.60",""
"68134","БЕНУ КАУФЛАНД ЛЮЛИН гр.София, бул Царица Йоанна 97","ЛОРАНО АКУТ ТАБЛ. 10МГ Х 14","9228","100","6.08",""
"68134","БЕНУ КАУФЛАНД ЛЮЛИН гр.София, бул Царица Йоанна 97","Phyto Softness Шампоан за ежедневна употреба 250 мл","9559","82","15.79",""
"68134","БЕНУ КАУФЛАНД ЛЮЛИН гр.София, бул Царица Йоанна 97","ФАМОТИДИН АЛКАЛОИД ТАБЛ. 40МГ Х 10","13059","86","0.85",""
"68134","БЕНУ КАУФЛАНД ЛЮЛИН гр.София, бул Царица Йоанна 97","ТЕТАТОКС АМП.0,5/1 ДОЗА Х10/КУТИЯ/","13171","93","8.99",""
"68134","БЕНУ КАУФЛАНД ЛЮЛИН гр.София, бул Царица Йоанна 97","ДЕГАН АМП. 10МГ/2МЛ Х 25","15129","87","14.82",""
"68134","БЕНУ КАУФЛАНД ЛЮЛИН гр.София, бул Царица Йоанна 97","БУСТРИКС ИНЖ.СУСП. 1ДОЗА(0,5МЛ) PFS Х 1 + 2 ИГЛИ","18106","93","17.02",""
"68134","БЕНУ Манастирски ливади гр.София, ул. Васил Стефанов 61","ИБУТОП ГЕЛ 50ГР","421","95","5.57",""
"68134","БЕНУ Манастирски ливади гр.София, ул. Васил Стефанов 61","САБ СИМПЛЕКС СУСП. 30МЛ","498","87","7.61",""
"68134","БЕНУ Манастирски ливади гр.София, ул. Васил Стефанов 61","МУКОФАЛК ПОРТОКАЛ САШЕТИ Х 20","564","88","8.69",""
"68134","БЕНУ Манастирски ливади гр.София, ул. Васил Стефанов 61","ФЕНОЛАКС 5МГ ТАБЛ. Х 30","577","88","1.78",""
"68134","БЕНУ Манастирски ливади гр.София, ул. Васил Стефанов 61","ДИАРОСТАД КАПС. 2МГ Х 10","621","89","3.78",""
"68134","БЕНУ Манастирски ливади гр.София, ул. Васил Стефанов 61","ИМОМЕД ТАБЛ. 2МГ Х 10","623","89","2.76",""
"68134","БЕНУ Манастирски ливади гр.София, ул. Васил Стефанов 61","ДЕРМОДРИН МАЗ 20МГ/Г 30Г Х 1","984","91","4.65",""
"68134","БЕНУ Манастирски ливади гр.София, ул. Васил Стефанов 61","АЛЕРГОЗАН 1% КРЕМ 1Г/100ГР 60Г","990","91","8.64",""
"68134","БЕНУ Манастирски ливади гр.София, ул. Васил Стефанов 61","АНТИМИКО-БЕТА 50МЛ  Х","1040","90","0.76",""
"68134","БЕНУ Манастирски ливади гр.София, ул. Васил Стефанов 61","ОТИРЕЛАКС СОЛ. 15МЛ","1183","101","3.98",""
"68134","БЕНУ Манастирски ливади гр.София, ул. Васил Стефанов 61","ПЗ ПАРОДОНТАКС FLUORIDE 75МЛ","1857","81","5.06",""
"68134","БЕНУ Манастирски ливади гр.София, ул. Васил Стефанов 61","КОЛДРЕКС ДЖУНИЪР САШЕТИ Х 10","3062","99","5.16",""
"68134","БЕНУ Манастирски ливади гр.София, ул. Васил Стефанов 61","ПРОАЛГИН ТАБЛ. 500МГ Х 20","3077","96","1.27",""
"68134","БЕНУ Манастирски ливади гр.София, ул. Васил Стефанов 61","ЕЛГИДИУМ ПЗ КЛИНИК PERIOBLOCK PRO 50МЛ","5134","81","7.00",""
"68134","БЕНУ Манастирски ливади гр.София, ул. Васил Стефанов 61","ИБУЛЕК ЗА ДЕЦА СУСП. 100МГ/5МЛ 120МЛ","7329","94","2.12",""
"68134","БЕНУ Манастирски ливади гр.София, ул. Васил Стефанов 61","КСИВОЗАН ТАБЛ. 5МГ Х 10","7463","100","5.36",""
"68134","БЕНУ Манастирски ливади гр.София, ул. Васил Стефанов 61","БРОНХОМАКС СИРОП 15МГ/5МЛ 120МЛ","7494","99","3.78",""
"68134","БЕНУ Манастирски ливади гр.София, ул. Васил Стефанов 61","НОЛПАЗА КОНТРОЛ ТАБЛ. 20МГ Х 14","7725","86","2.76",""
"68134","БЕНУ Манастирски ливади гр.София, ул. Васил Стефанов 61","НАЛГЕЗИН ТАБЛ. 275МГ Х 10","7728","95","4.75",""
"68134","БЕНУ Манастирски ливади гр.София, ул. Васил Стефанов 61","СЕПТОЛЕТЕ ТОТАЛ ПАСТИЛИ 3МГ/1МГ Х 16","7729","98","4.24",""
"68134","БЕНУ Манастирски ливади гр.София, ул. Васил Стефанов 61","СЕПТОЛЕТЕ ТОТАЛ ПАСТИЛИ ЛИМОН И БЪЗ 3МГ/1МЛ Х 16","7730","98","5.36",""
"68134","БЕНУ Манастирски ливади гр.София, ул. Васил Стефанов 61","КСИЗАЛ 0,5МГ/МЛ СИРОП 200МЛ Х 1","8313","100","5.62",""
"68134","БЕНУ Манастирски ливади гр.София, ул. Васил Стефанов 61","Парацетамакс експрес 500 мг филмирани таблетки х 20","8547","96","2.09",""
"68134","БЕНУ Манастирски ливади гр.София, ул. Васил Стефанов 61","КСИЛОДЕКС 0,5МГ/МЛ+50МГ/МЛ СПРЕЙ ЗА НОС 10МЛ Х 1","8954","97","4.70",""
"68134","БЕНУ Манастирски ливади гр.София, ул. Васил Стефанов 61","ФЕЛОРАН ГЕЛ 1% 60ГР СФ","9159","95","4.60",""
"68134","БЕНУ Манастирски ливади гр.София, ул. Васил Стефанов 61","ЛОРАНО АКУТ ТАБЛ. 10МГ Х 14","9228","100","6.08",""
"68134","БЕНУ Манастирски ливади гр.София, ул. Васил Стефанов 61","Phyto Softness Шампоан за ежедневна употреба 250 мл","9559","82","15.49",""
"68134","БЕНУ Манастирски ливади гр.София, ул. Васил Стефанов 61","ФАМОТИДИН АЛКАЛОИД ТАБЛ. 40МГ Х 10","13059","86","0.85",""
"68134","БЕНУ Манастирски ливади гр.София, ул. Васил Стефанов 61","ТЕТАТОКС АМП.0,5/1 ДОЗА Х10/КУТИЯ/","13171","93","8.99",""
"68134","БЕНУ Манастирски ливади гр.София, ул. Васил Стефанов 61","ДЕГАН АМП. 10МГ/2МЛ Х 25","15129","87","14.82",""
"68134","БЕНУ Манастирски ливади гр.София, ул. Васил Стефанов 61","БУСТРИКС ИНЖ.СУСП. 1ДОЗА(0,5МЛ) PFS Х 1 + 2 ИГЛИ","18106","93","17.02",""
"68134","БЕНУ Манастирски ливади гр.София, ул. Васил Стефанов 61","Elgydium Четка за зъби M Medium 4в1","27320","80","8.94",""
"68134","БЕНУ ВРЪБНИЦА гр.София, жк.Връбница, бл.631","ИБУТОП ГЕЛ 50ГР","421","95","5.57",""
"68134","БЕНУ ВРЪБНИЦА гр.София, жк.Връбница, бл.631","САБ СИМПЛЕКС СУСП. 30МЛ","498","87","7.61",""
"68134","БЕНУ ВРЪБНИЦА гр.София, жк.Връбница, бл.631","МУКОФАЛК ПОРТОКАЛ САШЕТИ Х 20","564","88","8.69",""
"68134","БЕНУ ВРЪБНИЦА гр.София, жк.Връбница, бл.631","ФЕНОЛАКС 5МГ ТАБЛ. Х 30","577","88","1.78",""
"68134","БЕНУ ВРЪБНИЦА гр.София, жк.Връбница, бл.631","ИМОМЕД ТАБЛ. 2МГ Х 10","623","89","2.76",""
"68134","БЕНУ ВРЪБНИЦА гр.София, жк.Връбница, бл.631","ДЕРМОДРИН МАЗ 20МГ/Г 30Г Х 1","984","91","4.65",""
"68134","БЕНУ ВРЪБНИЦА гр.София, жк.Връбница, бл.631","АЛЕРГОЗАН 1% КРЕМ 1Г/100ГР 60Г","990","91","8.64",""
"68134","БЕНУ ВРЪБНИЦА гр.София, жк.Връбница, бл.631","АНТИМИКО-БЕТА 50МЛ  Х","1040","90","0.76",""
"68134","БЕНУ ВРЪБНИЦА гр.София, жк.Връбница, бл.631","ОТИРЕЛАКС СОЛ. 15МЛ","1183","101","3.98",""
"68134","БЕНУ ВРЪБНИЦА гр.София, жк.Връбница, бл.631","АДАПТ. МЛЯКО НАН КОМФОРТИС 1 800Г","1708","65","21.06",""
"68134","БЕНУ ВРЪБНИЦА гр.София, жк.Връбница, бл.631","БОЧКО САПУН НЕВЕН 75ГР","2492","83","0.97",""
"68134","БЕНУ ВРЪБНИЦА гр.София, жк.Връбница, бл.631","КСИЛОРИН НАЗ. СПРЕЙ 0,055% 18МЛ Х 1","3061","97","4.90",""
"68134","БЕНУ ВРЪБНИЦА гр.София, жк.Връбница, бл.631","КОЛДРЕКС ДЖУНИЪР САШЕТИ Х 10","3062","99","5.16",""
"68134","БЕНУ ВРЪБНИЦА гр.София, жк.Връбница, бл.631","BABE ПЕДИАТРИК ШАМПОАН ЕКСТРА МЕК 500МЛ","5028","82","14.46",""
"68134","БЕНУ ВРЪБНИЦА гр.София, жк.Връбница, бл.631","СПИРТ ЕТИЛОВ 90% 100МЛ ГАЛЕН-ФАРМА","5039","92","0.92",""
"68134","БЕНУ ВРЪБНИЦА гр.София, жк.Връбница, бл.631","СПИРТ ЕТИЛОВ 95% 100МЛ ГАЛЕН-ФАРМА","5041","92","0.92",""
"68134","БЕНУ ВРЪБНИЦА гр.София, жк.Връбница, бл.631","ЕЛГИДИУМ ПЗ КЛИНИК PERIOBLOCK PRO 50МЛ","5134","81","7.00",""
"68134","БЕНУ ВРЪБНИЦА гр.София, жк.Връбница, бл.631","ЕЛГИДИУМ ДИФЮЖЪН ЧЗ MEDIUM","5146","80","5.47",""
"68134","БЕНУ ВРЪБНИЦА гр.София, жк.Връбница, бл.631","ЧАЙ ШИПКА ФИЛТЪР Х 20 БИОПРОГРАМА","6148","72","1.02",""
"68134","БЕНУ ВРЪБНИЦА гр.София, жк.Връбница, бл.631","ВЛАЖНИ КЪРПИ WET HANKIES CLEAN АНТИБАКТ. Х15 2+2","6787","84","1.43",""
"68134","БЕНУ ВРЪБНИЦА гр.София, жк.Връбница, бл.631","БРОНХОМАКС СИРОП 15МГ/5МЛ 120МЛ","7494","99","3.78",""
"68134","БЕНУ ВРЪБНИЦА гр.София, жк.Връбница, бл.631","СЕПТОЛЕТЕ ТОТАЛ ПАСТИЛИ ЛИМОН И БЪЗ 3МГ/1МЛ Х 16","7730","98","5.36",""
"68134","БЕНУ ВРЪБНИЦА гр.София, жк.Връбница, бл.631","КСИЗАЛ 0,5МГ/МЛ СИРОП 200МЛ Х 1","8313","100","5.62",""
"68134","БЕНУ ВРЪБНИЦА гр.София, жк.Връбница, бл.631","КСИЛОДЕКС 0,5МГ/МЛ+50МГ/МЛ СПРЕЙ ЗА НОС 10МЛ Х 1","8954","97","4.70",""
"68134","БЕНУ ВРЪБНИЦА гр.София, жк.Връбница, бл.631","ФЕЛОРАН ГЕЛ 1% 60ГР СФ","9159","95","4.60",""
"68134","БЕНУ ВРЪБНИЦА гр.София, жк.Връбница, бл.631","ДЕГАН АМП. 10МГ/2МЛ Х 25","15129","87","14.82",""
"68134","БЕНУ ВРЪБНИЦА гр.София, жк.Връбница, бл.631","Elgydium Четка за зъби M Medium 4в1","27320","80","8.94",""
