﻿"Населено място","Търговски обект","Наименование на продукта","Код на продукта","Категория","Цена на дребно","Цена в промоция"
"32901","ДИА-СИ , Ихтиман, ул.Стефан Стамболов 1","ХЛЯБ СИМИД 650г нарязан БЯЛ","4","1","0.88",""
"32901","ДИА-СИ , Ихтиман, ул.Стефан Стамболов 1","ХЛЯБ БЯЛ НА ПЛОЧА 650г Лозана","8","1","0.81",""
"32901","ДИА-СИ , Ихтиман, ул.Стефан Стамболов 1","ХЛЯБ ДОБРУДЖА 650Г ЕЛИАЗ","13","2","0.88",""
"32901","ДИА-СИ , Ихтиман, ул.Стефан Стамболов 1","МАСЛИНИ - МИКС","18","62","5.11",""
"32901","ДИА-СИ , Ихтиман, ул.Стефан Стамболов 1","ЯЙЦА L размер 6бр","21","32","1.48",""
"32901","ДИА-СИ , Ихтиман, ул.Стефан Стамболов 1","ТИПОВ СЕЛСКИ ХЛЯБ 400г ДИАМАНТ","25","4","0.81",""
"32901","ДИА-СИ , Ихтиман, ул.Стефан Стамболов 1","ХЛЯБ МИО НАРЯЗАН","38","1","0.81",""
"32901","ДИА-СИ , Ихтиман, ул.Стефан Стамболов 1","ХЛЯБ ЛИМЕЦ И РЪЖ 400г ЕЛИАЗ","43","3","1.39",""
"32901","ДИА-СИ , Ихтиман, ул.Стефан Стамболов 1","ЛЮТЕНИЦА КАПИТАН ДЕРОНИКО 520г","66","49","2.86",""
"32901","ДИА-СИ , Ихтиман, ул.Стефан Стамболов 1","ЛЮТЕНИЦА ОЛИНЕЗА 520г традиция","72","49","2.75",""
"32901","ДИА-СИ , Ихтиман, ул.Стефан Стамболов 1","ЛЮТЕНИЦА ДЕТСКА ОЛИНЕЗА 520г","76","49","2.60",""
"32901","ДИА-СИ , Ихтиман, ул.Стефан Стамболов 1","ЛЮТЕНИЦА СЕЛЦЕ ЕДРОСМЛЯНА 570г","77","49","2.55",""
"32901","ДИА-СИ , Ихтиман, ул.Стефан Стамболов 1","ЯЙЦА М-размер 10бр","100","31","2.24",""
"32901","ДИА-СИ , Ихтиман, ул.Стефан Стамболов 1","ЛЮТЕНИЦА ТОДОРКА 575г трад.","134","49","2.50",""
"32901","ДИА-СИ , Ихтиман, ул.Стефан Стамболов 1","БИСКВИТИ ОБИКНОВЕНИ ЖИТЕН ДАР 120/130г","154","66","0.69",""
"32901","ДИА-СИ , Ихтиман, ул.Стефан Стамболов 1","БИСКВИТИ ОБИКНОВЕНИ 130Г./КРИСТАЛ ПЛОВДИВ","155","66","0.59",""
"32901","ДИА-СИ , Ихтиман, ул.Стефан Стамболов 1","ХЛЯБ БЪЛГАРИЯ 650Г","214","1","0.81",""
"32901","ДИА-СИ , Ихтиман, ул.Стефан Стамболов 1","ВИНО КАБИЛЕ Шардоне Сов.Блан 750мл","233","75","5.62",""
"32901","ДИА-СИ , Ихтиман, ул.Стефан Стамболов 1","СЛЪНЧО БЕБЕШКА КАША МЛЯКО С ОРИЗ 200Г без глутен","320","63","2.92",""
"32901","ДИА-СИ , Ихтиман, ул.Стефан Стамболов 1","БЕБЕЛАН ПЮРЕ ЯБЪЛКИ,КАЙСИИ,ОВЕСЕНИ ЯДКИ 190г","364","64","1.25",""
"32901","ДИА-СИ , Ихтиман, ул.Стефан Стамболов 1","ЗЕЛЕН ГРАХ МКМ 680г","375","47","1.51",""
"32901","ДИА-СИ , Ихтиман, ул.Стефан Стамболов 1","ДОМАШНО КИСЕЛО МЛЯКО 3.6% 500г Родопчанка","395","7","0.74",""
"32901","ДИА-СИ , Ихтиман, ул.Стефан Стамболов 1","ВИНО СТАРОСЕЛ МИЛЕЗИМ ЧЕРВЕНО 750мл","458","76","10.68",""
"32901","ДИА-СИ , Ихтиман, ул.Стефан Стамболов 1","КАФЕ-ЧИБО ГОЛД СЕЛЕКШЪН 1кг зърна","468","71","19.17",""
"32901","ДИА-СИ , Ихтиман, ул.Стефан Стамболов 1","ГРАХ 400Г ЗИМНИКА","484","47","1.27",""
"32901","ДИА-СИ , Ихтиман, ул.Стефан Стамболов 1","ПИЛЕ ГРИЛ ОХЛАДЕНО ГРАДУС","489","15","4.29",""
"32901","ДИА-СИ , Ихтиман, ул.Стефан Стамболов 1","ПИЛЕШКИ КРЕНВИРШИ ГРАДУС","501","26","2.92",""
"32901","ДИА-СИ , Ихтиман, ул.Стефан Стамболов 1","КАЙМА 60/40 СВИНСКО/ТЕЛЕШКО МЕСО СММ-В-","513","25","6.64",""
"32901","ДИА-СИ , Ихтиман, ул.Стефан Стамболов 1","МАСЛИНИ КАЛАМАТА","515","62","6.39",""
"32901","ДИА-СИ , Ихтиман, ул.Стефан Стамболов 1","СВИНСКИ ВРАТ С КОСТ  България нарязано","516","21","6.03",""
"32901","ДИА-СИ , Ихтиман, ул.Стефан Стамболов 1","ТХК ЧИЧОВЦИ 400г","527","27","1.53",""
"32901","ДИА-СИ , Ихтиман, ул.Стефан Стамболов 1","ХЛЯБ ДОБРУДЖА БОТУНЕЦ 650г нарязан","543","2","0.86",""
"32901","ДИА-СИ , Ихтиман, ул.Стефан Стамболов 1","МЛЯНО КАФЕ ЛАВАЦА QUALITA ORO 250g","613","70","5.97",""
"32901","ДИА-СИ , Ихтиман, ул.Стефан Стамболов 1","СЛЪНЧО БЕЗМЛЕЧНА ОРИЗОВА КАША БИО 4М+ 180г","631","63","2.65",""
"32901","ДИА-СИ , Ихтиман, ул.Стефан Стамболов 1","НОВА БРАЗИЛИЯ КЛАСИК 200г","635","70","3.27",""
"32901","ДИА-СИ , Ихтиман, ул.Стефан Стамболов 1","КАШКАВАЛ БОРИНО  ПИТА","654","10","13.29",""
"32901","ДИА-СИ , Ихтиман, ул.Стефан Стамболов 1","КАШКАВАЛ НАБОРЬ ПИТА-кг-","681","10","7.97",""
"32901","ДИА-СИ , Ихтиман, ул.Стефан Стамболов 1","КИСЕЛО МЛЯКО БОР ЧВОР 400Г 2%","713","7","0.54",""
"32901","ДИА-СИ , Ихтиман, ул.Стефан Стамболов 1","ПРЯСНО МЛЯКО 1Л ВЕРЕЯ 3%","716","6","1.48",""
"32901","ДИА-СИ , Ихтиман, ул.Стефан Стамболов 1","БЕБЕЛАН БАНАН, ЯБЪЛКА И ОВЕСЕНИ ЯДКИ 190г","742","64","1.27",""
"32901","ДИА-СИ , Ихтиман, ул.Стефан Стамболов 1","МАСЛО КРАВЕ ВЪЛЧЕВ 125г","748","12","1.63",""
"32901","ДИА-СИ , Ихтиман, ул.Стефан Стамболов 1","СЛЪНЧО КАША ЕЛДА С ПЛОДОВЕ МЛЕЧНА 200г","755","63","3.06",""
"32901","ДИА-СИ , Ихтиман, ул.Стефан Стамболов 1","МАСЛО КРАВЕ Deut.Mark.250г ДВЕ КРАВИЧКИ","763","12","2.86","2.43"
"32901","ДИА-СИ , Ихтиман, ул.Стефан Стамболов 1","КАФЕ НОВА БРАЗИЛИЯ джезве 200Г","793","70","3.27",""
"32901","ДИА-СИ , Ихтиман, ул.Стефан Стамболов 1","МАСЛО КРАВЕ НЕМСКО 82% 250г","799","12","3.01",""
"32901","ДИА-СИ , Ихтиман, ул.Стефан Стамболов 1","КРАВЕ КАШКАВАЛ РОЖЕН вак","817","11","9.91",""
"32901","ДИА-СИ , Ихтиман, ул.Стефан Стамболов 1","КАФЕ TCHIBO ESPRESSO Milano style 250Г","828","70","5.43",""
"32901","ДИА-СИ , Ихтиман, ул.Стефан Стамболов 1","КРАВЕ СИРЕНЕ МАКЛЕР кг","833","8","7.46",""
"32901","ДИА-СИ , Ихтиман, ул.Стефан Стамболов 1","КРЕНВИРШИ КЕН","851","26","5.26",""
"32901","ДИА-СИ , Ихтиман, ул.Стефан Стамболов 1","КРАВЕ СИРЕНЕ ВЕРЕЯ","871","8","8.67",""
"32901","ДИА-СИ , Ихтиман, ул.Стефан Стамболов 1","БУРГАС МАДЖАРОВ 260г","879","28","4.19",""
"32901","ДИА-СИ , Ихтиман, ул.Стефан Стамболов 1","ПЗ PARODONTAX STRENGTHEN 75мл","883","81","4.75",""
"32901","ДИА-СИ , Ихтиман, ул.Стефан Стамболов 1","ТХК  КЕН 350Г","908","27","1.94",""
"32901","ДИА-СИ , Ихтиман, ул.Стефан Стамболов 1","КРАВЕ СИРЕНЕ САЯНА-КГ-","940","8","6.64",""
"32901","ДИА-СИ , Ихтиман, ул.Стефан Стамболов 1","ТХК ТАНДЕМ 0,330г","960","27","2.30",""
"32901","ДИА-СИ , Ихтиман, ул.Стефан Стамболов 1","КАШКАВАЛ ОТ КРАВЕ МЛЯКО МАТАНД","965","11","12.01",""
"32901","ДИА-СИ , Ихтиман, ул.Стефан Стамболов 1","ТХК НАРОДЕН 300г","969","27","1.71",""
"32901","ДИА-СИ , Ихтиман, ул.Стефан Стамболов 1","ЛЮТЕНИЦА ТОДОРКА 570Г ДОМ .-ЕДРОСМЛЯНА","984","49","2.86",""
"32901","ДИА-СИ , Ихтиман, ул.Стефан Стамболов 1","КРЕНВИРШИ Деликатес 2","1048","26","5.36",""
"32901","ДИА-СИ , Ихтиман, ул.Стефан Стамболов 1","РАКИЯ ПЕЩЕРА 700МЛ","1055","77","6.44",""
"32901","ДИА-СИ , Ихтиман, ул.Стефан Стамболов 1","РАКИЯ КАРНОБАТ 700МЛ","1057","77","5.62",""
"32901","ДИА-СИ , Ихтиман, ул.Стефан Стамболов 1","РАКИЯ ПОМОРИЙСКА 700МЛ","1059","77","7.29",""
"32901","ДИА-СИ , Ихтиман, ул.Стефан Стамболов 1","РАКИЯ ЯМБОЛСКА ГРОЗДОВА 700МЛ","1060","77","5.87",""
"32901","ДИА-СИ , Ихтиман, ул.Стефан Стамболов 1","СВАРЕН БОБ МКМ 500г","1071","46","1.46",""
"32901","ДИА-СИ , Ихтиман, ул.Стефан Стамболов 1","МУСКАТ СОФИЯ КАРНОБАТ 750мл","1085","75","2.24",""
"32901","ДИА-СИ , Ихтиман, ул.Стефан Стамболов 1","БИРА АРИАНА СВЕТЛО 2л/2.3Л","1090","74","1.27",""
"32901","ДИА-СИ , Ихтиман, ул.Стефан Стамболов 1","БИРА ПИРИНСКО 2Л","1098","74","1.32",""
"32901","ДИА-СИ , Ихтиман, ул.Стефан Стамболов 1","КАБЕРНЕ СОВИНЬОН ТЪРГОВИЩЕ 750МЛ","1102","76","3.69",""
"32901","ДИА-СИ , Ихтиман, ул.Стефан Стамболов 1","РАКИЯ КАЙЛЪШКА 700мл","1109","77","7.10",""
"32901","ДИА-СИ , Ихтиман, ул.Стефан Стамболов 1","ШАРДОНЕ ТЪРГОВИЩЕ 750мл резерва","1116","75","3.83",""
"32901","ДИА-СИ , Ихтиман, ул.Стефан Стамболов 1","ГРОЗДОВА РАКИЯ ТЪРГОВИЩЕ 700мл","1138","77","7.13",""
"32901","ДИА-СИ , Ихтиман, ул.Стефан Стамболов 1","ВИНО СТАРОСЕЛ КАБЕРНЕ СОВИНЬОН 750мл","1140","76","7.66",""
"32901","ДИА-СИ , Ихтиман, ул.Стефан Стамболов 1","ШПЕКОВ САЛАМ Житница 270Г","1187","28","2.95",""
"32901","ДИА-СИ , Ихтиман, ул.Стефан Стамболов 1","ЛЮТЕНИЦА ЕДРОСМЛЯНА БЕЗ ЗАХАР 510г ДЕРОНИ","1195","49","4.06",""
"32901","ДИА-СИ , Ихтиман, ул.Стефан Стамболов 1","КОРИ ФАМИЛИЯ 500г","1201","5","1.48",""
"32901","ДИА-СИ , Ихтиман, ул.Стефан Стамболов 1","КОРИ БЕЛЛА 400/500г","1202","5","1.53",""
"32901","ДИА-СИ , Ихтиман, ул.Стефан Стамболов 1","КОРИ ОДРИНСКИ 500Г","1233","5","1.53",""
"32901","ДИА-СИ , Ихтиман, ул.Стефан Стамболов 1","ИЗВАРА МЕРОНЕ 400г","1243","14","1.46",""
"32901","ДИА-СИ , Ихтиман, ул.Стефан Стамболов 1","БИСКВИТИ ОБИКНОВЕНИ Кристал 190г","1249","66","0.84",""
"32901","ДИА-СИ , Ихтиман, ул.Стефан Стамболов 1","КРАВЕ СИРЕНЕ СИТОВО ВАК.","1275","9","7.64",""
"32901","ДИА-СИ , Ихтиман, ул.Стефан Стамболов 1","КАШКАВАЛ СИТОВО ВАК.","1302","11","9.70",""
"32901","ДИА-СИ , Ихтиман, ул.Стефан Стамболов 1","МАСЛИНИ КАЛАМАТА СТАФИДАКИ","1318","62","6.08",""
"32901","ДИА-СИ , Ихтиман, ул.Стефан Стамболов 1","КРАВЕ КАШКАВАЛ  Йовчев пита","1325","10","10.48",""
"32901","ДИА-СИ , Ихтиман, ул.Стефан Стамболов 1","ГРАХ ОЛИНЕЗА 400г","1328","47","1.30",""
"32901","ДИА-СИ , Ихтиман, ул.Стефан Стамболов 1","ИЗВАРА ОЛИМПУС 400г","1342","14","1.84",""
"32901","ДИА-СИ , Ихтиман, ул.Стефан Стамболов 1","ЛЮТЕНИЦА СЕЛЦЕ 580г трад.","1351","49","1.88",""
"32901","ДИА-СИ , Ихтиман, ул.Стефан Стамболов 1","ХЛЯБ ДОБРУДЖА  ЛОЗАНА 650г БЕЗ ГМО","1353","2","0.71",""
"32901","ДИА-СИ , Ихтиман, ул.Стефан Стамболов 1","СПАГЕТИ МИСКО 500г","1360","37","1.32",""
"32901","ДИА-СИ , Ихтиман, ул.Стефан Стамболов 1","ГЪБИ ПРЕСНИ ТАРЕЛКА 250г","1376","60","1.23",""
"32901","ДИА-СИ , Ихтиман, ул.Стефан Стамболов 1","ОЛИО КАРИНА 1Л","1401","42","1.84",""
"32901","ДИА-СИ , Ихтиман, ул.Стефан Стамболов 1","КИСЕЛО МЛЯКО 3.2%ДЯДОВАТА ФЕРМА","1421","7","0.61",""
"32901","ДИА-СИ , Ихтиман, ул.Стефан Стамболов 1","БРАШНО СОФИЯ МЕЛ 1КГ ТИП 500","1423","40","0.92","0.86"
"32901","ДИА-СИ , Ихтиман, ул.Стефан Стамболов 1","МАКАРОНИ СПЕКТЪР 500Г","1442","36","1.15",""
"32901","ДИА-СИ , Ихтиман, ул.Стефан Стамболов 1","МАКАРОНЕНИ ИЗДЕЛИЯ ПЕТЕЛ 400г","1444","36","0.71",""
"32901","ДИА-СИ , Ихтиман, ул.Стефан Стамболов 1","ШОКОЛАД РОШЕН ЛАКМИ 90/100г","1447","69","1.00",""
"32901","ДИА-СИ , Ихтиман, ул.Стефан Стамболов 1","ШАМПОАН КЛИЪР 225/250мл","1455","82","3.06",""
"32901","ДИА-СИ , Ихтиман, ул.Стефан Стамболов 1","МАСЛИНОВО МАСЛО ИБАРА ЕКСТРА ВЪРДЖИН 1л","1488","43","8.94",""
"32901","ДИА-СИ , Ихтиман, ул.Стефан Стамболов 1","БРАШНО ЕКСТРА София мел 1кг","1496","41","0.97",""
"32901","ДИА-СИ , Ихтиман, ул.Стефан Стамболов 1","ОЛИО КАЛИАКРА 1Л","1519","42","1.89",""
"32901","ДИА-СИ , Ихтиман, ул.Стефан Стамболов 1","ПЗ SENSODYNE CLINICAL REPAIR 75мл","1524","81","5.62",""
"32901","ДИА-СИ , Ихтиман, ул.Стефан Стамболов 1","МАСЛИНОВО МАСЛО ЕВ ДЕСАНТИС 1Л","1528","43","10.99",""
"32901","ДИА-СИ , Ихтиман, ул.Стефан Стамболов 1","ОЦЕТ ВИНЕН 700мл ОТ ЗИМНИКА","1538","44","1.12",""
"32901","ДИА-СИ , Ихтиман, ул.Стефан Стамболов 1","ОЛИО БИСЕР 1Л","1548","42","1.95",""
"32901","ДИА-СИ , Ихтиман, ул.Стефан Стамболов 1","ОЛИО КАРАТ 1Л","1551","42","1.69",""
"32901","ДИА-СИ , Ихтиман, ул.Стефан Стамболов 1","СОЛ ГОТВАРСКА СОЛИНА ЕКСТРА 1КГ","1554","39","0.46",""
"32901","ДИА-СИ , Ихтиман, ул.Стефан Стамболов 1","ЧЗ AQUAFRESH 2бр КЛИЙН И ФЛЕКС","1562","80","2.18",""
"32901","ДИА-СИ , Ихтиман, ул.Стефан Стамболов 1","ЧАЙ ЗА ДИАБЕТИЦИ БИОПРОГРАМА","1586","72","0.95",""
"32901","ДИА-СИ , Ихтиман, ул.Стефан Стамболов 1","КАЙСИЕВА РАКИЯ 700мл БОНИДЕКС","1587","77","7.29",""
"32901","ДИА-СИ , Ихтиман, ул.Стефан Стамболов 1","ЧАЙ МАЩЕРКА БИОПРОГРАМА","1641","72","1.02",""
"32901","ДИА-СИ , Ихтиман, ул.Стефан Стамболов 1","МАСЛИНИ НА ГРИЛ С БИЛКОВ ДРЕСИНГ","1652","62","7.61",""
"32901","ДИА-СИ , Ихтиман, ул.Стефан Стамболов 1","ХЛЯБ БЯЛ ПАРЕН 650г Лозана","1687","1","0.81",""
"32901","ДИА-СИ , Ихтиман, ул.Стефан Стамболов 1","ВИНО СОЛЕНИТЕ ХЪЛМОВЕ 750мл ЧЕРВЕНО","1692","76","9.42",""
"32901","ДИА-СИ , Ихтиман, ул.Стефан Стамболов 1","КАФЕ ЕСПРЕСО ИНТЕНЗ ЕДУШО зърна 1кг","1728","71","19.33",""
"32901","ДИА-СИ , Ихтиман, ул.Стефан Стамболов 1","ЦИГАРИ МЕРИЛИН СИН/РОЗОВ СЛИМ 6.20","1732","78","3.17",""
"32901","ДИА-СИ , Ихтиман, ул.Стефан Стамболов 1","КРОАСАН 7 ДЕЙС 92г БРЮЛЕ","1775","67","0.64",""
"32901","ДИА-СИ , Ихтиман, ул.Стефан Стамболов 1","ЧАЙ ЕНЕРГИЯ АХМАД 20бр","1778","72","2.91",""
"32901","ДИА-СИ , Ихтиман, ул.Стефан Стамболов 1","ОЦЕТ ДЕЛ АЛМА 700мл ВИНЕН","1799","44","1.43",""
"32901","ДИА-СИ , Ихтиман, ул.Стефан Стамболов 1","СУХ ШПЕК АЛПИЙСКИ Д2 300г","1839","28","3.27",""
"32901","ДИА-СИ , Ихтиман, ул.Стефан Стамболов 1","МАСЛИНОВО МАСЛО САН Лазаро 1л Екстра върджин","1859","43","11.70",""
"32901","ДИА-СИ , Ихтиман, ул.Стефан Стамболов 1","ШОКОЛАД РОШЕН Бъбли 80г разл.видове","1895","69","1.00",""
"32901","ДИА-СИ , Ихтиман, ул.Стефан Стамболов 1","ЧАЙ ГРИП и ПРОСТУДА Биопрограма 20й1.5г","1902","72","0.92",""
"32901","ДИА-СИ , Ихтиман, ул.Стефан Стамболов 1","ЧАЙ БИОПРОГРАМА 20х1.5г","1904","72","0.84",""
"32901","ДИА-СИ , Ихтиман, ул.Стефан Стамболов 1","ЗЕЛЕН ЧАЙ С ЛИМОН Ahmad Tea","1905","72","2.81",""
"32901","ДИА-СИ , Ихтиман, ул.Стефан Стамболов 1","ЧАЙ ШИПКА БИОПРОГРАМА","1907","72","0.92",""
"32901","ДИА-СИ , Ихтиман, ул.Стефан Стамболов 1","ПЛОДОВ ЧАЙ ДИВА ЯГОДА Ahmad Tea","1909","72","2.68",""
"32901","ДИА-СИ , Ихтиман, ул.Стефан Стамболов 1","СТЕЛА -МАКАРОНЕНИ ИЗДЕЛИЯ 500г","1924","36","1.38",""
"32901","ДИА-СИ , Ихтиман, ул.Стефан Стамболов 1","КАФЕ ЛАВАЦА СУЕРТЕ ЗЪРНА 1КГ","1938","71","15.65",""
"32901","ДИА-СИ , Ихтиман, ул.Стефан Стамболов 1","ЧАЙ АСОРТИ  БИОСЕТ","1942","72","0.97",""
"32901","ДИА-СИ , Ихтиман, ул.Стефан Стамболов 1","ОЦЕТ ДЕЛ АЛМА 700МЛ ЯБЪЛКОВ","1953","45","1.68",""
"32901","ДИА-СИ , Ихтиман, ул.Стефан Стамболов 1","МЛЕЧЕН ГРАХ ФИОРЕ 400г","1981","47","0.98",""
"32901","ДИА-СИ , Ихтиман, ул.Стефан Стамболов 1","БИЛКОВ ЧАЙ МАЛИНА И НАР Ahmad Tea","2065","72","3.01",""
"32901","ДИА-СИ , Ихтиман, ул.Стефан Стамболов 1","ЧАЙ ЛУКЧЕТА разл.видове","2142","72","0.85",""
"32901","ДИА-СИ , Ихтиман, ул.Стефан Стамболов 1","ДОМАТИ НА КУБЧЕТА 800г ФИОРЕ","2145","48","1.69",""
"32901","ДИА-СИ , Ихтиман, ул.Стефан Стамболов 1","КАФЕ TCHIBO ESPRESSO Sicilia style 250г","2177","70","5.43",""
"32901","ДИА-СИ , Ихтиман, ул.Стефан Стамболов 1","СЛЪНЧО БЕБЕШКА КАША БИСКВИТЕНА 200Г","2248","63","2.86",""
"32901","ДИА-СИ , Ихтиман, ул.Стефан Стамболов 1","ЧЗ КОЛГЕЙТ АКТИВЕН ВЪГЛЕН 360","2293","80","1.78",""
"32901","ДИА-СИ , Ихтиман, ул.Стефан Стамболов 1","ВИТА БАНИЦА СИРЕНЕ 500г КОСТЕНЕЦ","2310","68","2.55",""
"32901","ДИА-СИ , Ихтиман, ул.Стефан Стамболов 1","КАФЕ ЕСПРЕСО ИНТЕНЗО 250г EDUSCHO","2329","70","4.75",""
"32901","ДИА-СИ , Ихтиман, ул.Стефан Стамболов 1","ЛОЙД-ЧАЙ ЗДРАВО ГЪРЛО 40г","2331","72","1.78",""
"32901","ДИА-СИ , Ихтиман, ул.Стефан Стамболов 1","ЧАЙ БЮТИ АХМАД 20бр.","2335","72","2.86",""
"32901","ДИА-СИ , Ихтиман, ул.Стефан Стамболов 1","ПЗ ЕЛМЕКС ДЕЦА  75МЛ","2357","81","3.83",""
"32901","ДИА-СИ , Ихтиман, ул.Стефан Стамболов 1","ЧАЙ ЛИПА БИОПРОГРАМА 20Х1.5г","2376","72","2.02",""
"32901","ДИА-СИ , Ихтиман, ул.Стефан Стамболов 1","ЗЕЛЕНИ МАСЛИНИ БЕЗ КОСТИЛКА","2421","62","6.03",""
"32901","ДИА-СИ , Ихтиман, ул.Стефан Стамболов 1","СВИНСКИ БУТ БЕЗ КОСТ България","2422","19","4.18","3.79"
"32901","ДИА-СИ , Ихтиман, ул.Стефан Стамболов 1","ОРИЗ БИСЕРЕН МКМ 1кг","2503","35","1.73",""
"32901","ДИА-СИ , Ихтиман, ул.Стефан Стамболов 1","ПЗ АКВАФРЕШ RENEW 75мл","2506","81","2.70",""
"32901","ДИА-СИ , Ихтиман, ул.Стефан Стамболов 1","ХЛЯБ ДОБРУДЖА БУЛТЕС 650г","2560","2","0.81",""
"32901","ДИА-СИ , Ихтиман, ул.Стефан Стамболов 1","ТРОЯНСКА СЛИВОВА РАКИЯ  700мл","2591","77","8.01",""
"32901","ДИА-СИ , Ихтиман, ул.Стефан Стамболов 1","ЧАЙ БИОСЕТ нов 20х1.5г разл.видове","2630","72","0.96",""
"32901","ДИА-СИ , Ихтиман, ул.Стефан Стамболов 1","КРОАСАН 7 days шоколад 92г","2662","67","0.64",""
"32901","ДИА-СИ , Ихтиман, ул.Стефан Стамболов 1","МАВРУД ШАТО КАРНОБАТ 750МЛ","2669","76","3.78",""
"32901","ДИА-СИ , Ихтиман, ул.Стефан Стамболов 1","ВИЛА ЯМБОЛ МЕРЛО 750мл","2715","76","4.09",""
"32901","ДИА-СИ , Ихтиман, ул.Стефан Стамболов 1","ВИЛА ЯМБОЛ КАБЕРНЕ 750мл","2716","76","4.09",""
"32901","ДИА-СИ , Ихтиман, ул.Стефан Стамболов 1","ВИНО СТАРОСЕЛ ШАРДОНЕ БАРИК 750мл","2737","75","9.66",""
"32901","ДИА-СИ , Ихтиман, ул.Стефан Стамболов 1","ВИЛА ЯМБОЛ МУСКАТ 750мл","2746","75","4.09",""
"32901","ДИА-СИ , Ихтиман, ул.Стефан Стамболов 1","ЛАВАЦА-МЛЯНО КАФЕ 250г без кофеин","2815","70","6.53",""
"32901","ДИА-СИ , Ихтиман, ул.Стефан Стамболов 1","БАВАРСКИ РЪЖЕН ХЛЯБ ЕЛИАЗ","2844","3","1.01",""
"32901","ДИА-СИ , Ихтиман, ул.Стефан Стамболов 1","СЛЪНЧО БЕБЕШКА КАША ПШЕНИЧНА 200Г","2848","63","2.81",""
"32901","ДИА-СИ , Ихтиман, ул.Стефан Стамболов 1","БЕБЕЛАН ПЮРЕ КРУШИ И ЯБЪЛКИ 190г","2849","64","1.07",""
"32901","ДИА-СИ , Ихтиман, ул.Стефан Стамболов 1","БЕБЕЛАН ПЮРЕ ЯБЪЛКИ,ПРАСКОВИ,ЕЛДА 190г 5М+","2851","64","1.14",""
"32901","ДИА-СИ , Ихтиман, ул.Стефан Стамболов 1","КУС КУС СПЕКТЪР500г","2878","36","1.17",""
"32901","ДИА-СИ , Ихтиман, ул.Стефан Стамболов 1","РАКИЯ КЕХЛИБАР 700 МЛ","2988","77","8.17",""
"32901","ДИА-СИ , Ихтиман, ул.Стефан Стамболов 1","НАТУРАЛНИ МАСЛИНИ КОЛОСАЛ БЛОНД","2996","62","5.11",""
"32901","ДИА-СИ , Ихтиман, ул.Стефан Стамболов 1","ЗЕЛЕН ГРАХ 680г КРИНА","2998","47","1.49",""
"32901","ДИА-СИ , Ихтиман, ул.Стефан Стамболов 1","МАСЛИНИ УСЛУ Турция","3280","62","4.09","3.69"
"32901","ДИА-СИ , Ихтиман, ул.Стефан Стамболов 1","МАСЛИНИ КОНФИТ СУПЕР МАМУТ","3281","62","5.98",""
"32901","ДИА-СИ , Ихтиман, ул.Стефан Стамболов 1","МАСЛИНИ ЧЕРНИ БЕЗ КОСТИЛКА","3282","62","5.10",""
"32901","ДИА-СИ , Ихтиман, ул.Стефан Стамболов 1","КАФЕ GALA Wiener Extra 250г","3321","70","3.63",""
"32901","ДИА-СИ , Ихтиман, ул.Стефан Стамболов 1","СВАРЕН БОБ МКМ СЪС ЗЕЛЕНЧУЦИ 500г","3361","46","1.50",""
"32901","ДИА-СИ , Ихтиман, ул.Стефан Стамболов 1","ПЗ ДЕНТАЛ ДРИЙМ 75МЛ МУЛТИ/УАЙТ","3580","81","1.99",""
"32901","ДИА-СИ , Ихтиман, ул.Стефан Стамболов 1","МЕНАДА КАБЕРНЕ СОВИНЬОН 750мл","3600","76","3.83",""
"32901","ДИА-СИ , Ихтиман, ул.Стефан Стамболов 1","ОРИЗ БИСЕРЕН 1кг ФИОРЕ","3627","35","1.63",""
"32901","ДИА-СИ , Ихтиман, ул.Стефан Стамболов 1","ШПЕК КЛАСИК ОРЕХИТЕ 230г","3736","28","3.57",""
"32901","ДИА-СИ , Ихтиман, ул.Стефан Стамболов 1","ЧАЙ ЯГОДА И КАРКАДЕ Биопрограма 40г","3763","72","1.08",""
"32901","ДИА-СИ , Ихтиман, ул.Стефан Стамболов 1","ОБИКНОВЕНИ БИСКВИТИ 200г ВИНЧИНИ","3771","66","0.71",""
"32901","ДИА-СИ , Ихтиман, ул.Стефан Стамболов 1","БЕЛЕНИ ДОМАТИ НА КУБЧЕТА МКМ 400г","3783","48","0.95",""
"32901","ДИА-СИ , Ихтиман, ул.Стефан Стамболов 1","ЧАЙ СТРОЙНА ЛИНИЯ БИОСЕТ 40г","3868","72","1.12",""
"32901","ДИА-СИ , Ихтиман, ул.Стефан Стамболов 1","ШАМПОАН ЗДРАВЕ 390мл","3916","82","3.78",""
"32901","ДИА-СИ , Ихтиман, ул.Стефан Стамболов 1","ВЕРО ФЕЯ  400 мл","3928","79","0.89",""
"32901","ДИА-СИ , Ихтиман, ул.Стефан Стамболов 1","ВЕРО ЕХО 400мл хидробалсам","3929","79","1.22",""
"32901","ДИА-СИ , Ихтиман, ул.Стефан Стамболов 1","БЕБЕЛАН ПЮРЕ ЯБЪЛКИ С КАЙСИИ И МОРКОВИ 190г","3953","64","1.06",""
"32901","ДИА-СИ , Ихтиман, ул.Стефан Стамболов 1","БЕБЕЛАН ЗЕЛЕНЧУКОВА МУСАКА 220г","3981","64","1.63",""
"32901","ДИА-СИ , Ихтиман, ул.Стефан Стамболов 1","САПУН DEX LUXURY 150Г","3989","83","0.76",""
"32901","ДИА-СИ , Ихтиман, ул.Стефан Стамболов 1","ШАМПОАН ШАУМА  250МЛ","4007","82","2.14",""
"32901","ДИА-СИ , Ихтиман, ул.Стефан Стамболов 1","ШАМПОАН ЗДРАВЕ 300мл","4008","82","3.06",""
"32901","ДИА-СИ , Ихтиман, ул.Стефан Стамболов 1","ШАМПОАН ПАЛМОЛИВ 350мл","4009","82","1.73",""
"32901","ДИА-СИ , Ихтиман, ул.Стефан Стамболов 1","ШАМПОАН СТИЛЕНА 400мл","4012","82","1.68",""
"32901","ДИА-СИ , Ихтиман, ул.Стефан Стамболов 1","ШАМПОАН ЕЛСЕВ/ ЛОРЕАЛ 400мл","4013","82","5.11",""
"32901","ДИА-СИ , Ихтиман, ул.Стефан Стамболов 1","САПУН PALMOLIVE 90/100г","4064","83","0.76",""
"32901","ДИА-СИ , Ихтиман, ул.Стефан Стамболов 1","САПУН ТЕО 70г","4066","83","0.39",""
"32901","ДИА-СИ , Ихтиман, ул.Стефан Стамболов 1","САПУН ТЕО МИЛК РИЧ 90/100г","4067","83","0.64",""
"32901","ДИА-СИ , Ихтиман, ул.Стефан Стамболов 1","КРЕМ САПУН КРИСПА 150г","4074","83","1.00",""
"32901","ДИА-СИ , Ихтиман, ул.Стефан Стамболов 1","САПУН СЕЙВГАРД 90г/100г","4075","83","0.95",""
"32901","ДИА-СИ , Ихтиман, ул.Стефан Стамболов 1","САПУН DOVE 100/90г","4078","83","0.92",""
"32901","ДИА-СИ , Ихтиман, ул.Стефан Стамболов 1","САПУН ЛАРК 150г","4079","83","0.86",""
"32901","ДИА-СИ , Ихтиман, ул.Стефан Стамболов 1","ПЗ СПЛАТ 100мл разл.видове","4080","81","2.50",""
"32901","ДИА-СИ , Ихтиман, ул.Стефан Стамболов 1","ПЗ КОЛГЕЙТ BYE BYE STAINS 75мл","4082","81","2.55",""
"32901","ДИА-СИ , Ихтиман, ул.Стефан Стамболов 1","ПЗ АКВАФРЕШ АКТИВ УАЙТ 125МЛ","4084","81","2.04",""
"32901","ДИА-СИ , Ихтиман, ул.Стефан Стамболов 1","ПЗ ЕЛМЕКС ПРОФ. 75МЛ","4095","81","3.83",""
"32901","ДИА-СИ , Ихтиман, ул.Стефан Стамболов 1","ПЗ Aquafresh 100/125мл","4097","81","2.04",""
"32901","ДИА-СИ , Ихтиман, ул.Стефан Стамболов 1","МАКАРОНЕНИ ИЗДЕЛИЯ МКМ 400г нови","4150","36","0.66","0.55"
"32901","ДИА-СИ , Ихтиман, ул.Стефан Стамболов 1","ЧЗ Oral-B 3D 2БР","4152","80","3.06",""
"32901","ДИА-СИ , Ихтиман, ул.Стефан Стамболов 1","ПЗ SENSODINE 75МЛ","4156","81","3.88",""
"32901","ДИА-СИ , Ихтиман, ул.Стефан Стамболов 1","БЕЛИНО-КРОАСАН МАКС 105Г","4173","67","0.69",""
"32901","ДИА-СИ , Ихтиман, ул.Стефан Стамболов 1","ШАМПОАН ЕЛСЕВ 250МЛ","4185","82","3.88",""
"32901","ДИА-СИ , Ихтиман, ул.Стефан Стамболов 1","КАШКАВАЛ ПЕНДАР ВАК.","4192","11","8.82",""
"32901","ДИА-СИ , Ихтиман, ул.Стефан Стамболов 1","ТХК НАРОДЕН 500г","4256","27","3.06",""
"32901","ДИА-СИ , Ихтиман, ул.Стефан Стамболов 1","ПЗ АКВАФРЕШ 50МЛ","4261","81","1.43",""
"32901","ДИА-СИ , Ихтиман, ул.Стефан Стамболов 1","ВЕРО МЕДИКС ПРЕМИУМ БАЛСАМ   415мл","4286","79","1.11",""
"32901","ДИА-СИ , Ихтиман, ул.Стефан Стамболов 1","ПЗ АКВАФРЕШ ALL IN ONE 75/100мл","4308","81","2.81",""
"32901","ДИА-СИ , Ихтиман, ул.Стефан Стамболов 1","ШАМПОАН H&S 330/360мл","4317","82","3.75",""
"32901","ДИА-СИ , Ихтиман, ул.Стефан Стамболов 1","ШАМПОАН GLISS 250мл","4319","82","2.50",""
"32901","ДИА-СИ , Ихтиман, ул.Стефан Стамболов 1","ШАМПОАН УОШ ЕНД ГОУ 360мл","4331","82","3.01",""
"32901","ДИА-СИ , Ихтиман, ул.Стефан Стамболов 1","ПЗ КОЛГЕЙТ ДЕТСКА 50мл","4332","81","2.14",""
"32901","ДИА-СИ , Ихтиман, ул.Стефан Стамболов 1","ПЗ КОЛГЕЙТ 125/150мл","4333","81","1.66",""
"32901","ДИА-СИ , Ихтиман, ул.Стефан Стамболов 1","ПЗ АСТЕРА КИДС 65МЛ","4350","81","1.63",""
"32901","ДИА-СИ , Ихтиман, ул.Стефан Стамболов 1","САПУН ДИАНА 150г","4390","83","0.81",""
"32901","ДИА-СИ , Ихтиман, ул.Стефан Стамболов 1","ВЕРО БИНГО БАЛСАМ 400мл","4440","79","0.75",""
"32901","ДИА-СИ , Ихтиман, ул.Стефан Стамболов 1","ПЗ КОЛГЕЙТ 75мл","4506","81","1.27",""
"32901","ДИА-СИ , Ихтиман, ул.Стефан Стамболов 1","ШАМПОАН ГАРНИЕ ФРУКТИС 250МЛ","4532","82","2.94",""
"32901","ДИА-СИ , Ихтиман, ул.Стефан Стамболов 1","ТОАЛ.ХАРТИЯ ZEWA 8БР ДЕЛУКС","4628","85","4.29",""
"32901","ДИА-СИ , Ихтиман, ул.Стефан Стамболов 1","ПЗ СЕНЗОДИН Екстра уайт./флуорид 100мл","4629","81","3.93",""
"32901","ДИА-СИ , Ихтиман, ул.Стефан Стамболов 1","КРАВЕ МАСЛО ЛЕТЯЩИЯТ ОРЕЛ250г","4633","12","2.55",""
"32901","ДИА-СИ , Ихтиман, ул.Стефан Стамболов 1","СУНГУРЛАРСКА ГРОЗДОВА РАКИЯ 700МЛ","4636","77","7.41",""
"32901","ДИА-СИ , Ихтиман, ул.Стефан Стамболов 1","ОЦЕТ ДЕЛ АЛМА С МЕД 700мл","4674","45","1.75",""
"32901","ДИА-СИ , Ихтиман, ул.Стефан Стамболов 1","ПЗ КОЛГЕЙТ ТОТАЛ Anti Tartar 100мл","4682","81","2.14",""
"32901","ДИА-СИ , Ихтиман, ул.Стефан Стамболов 1","САПУН ТЕО 5БР","4698","83","1.78",""
"32901","ДИА-СИ , Ихтиман, ул.Стефан Стамболов 1","МАСЛИНОВО МАСЛО THE CHEFS 1Л","4700","43","10.99",""
"32901","ДИА-СИ , Ихтиман, ул.Стефан Стамболов 1","ПЗ КОЛГЕЙТ MAX FRESH/WHITE/ADVANCED 75+75мл","4746","81","3.32",""
"32901","ДИА-СИ , Ихтиман, ул.Стефан Стамболов 1","САНТОС-КАФЕ НОВА мляно 200+50г","4749","70","3.06",""
"32901","ДИА-СИ , Ихтиман, ул.Стефан Стамболов 1","САПУН ДОКТОРСКИ Криспа 100г","4757","83","1.17",""
"32901","ДИА-СИ , Ихтиман, ул.Стефан Стамболов 1","ГРАХ ДЕРОНИ 400г","4866","47","1.68",""
"32901","ДИА-СИ , Ихтиман, ул.Стефан Стамболов 1","КАФЕ ЛАВАЦА ЕСПРЕСО 250г мляно","4942","70","6.13",""
"32901","ДИА-СИ , Ихтиман, ул.Стефан Стамболов 1","ТОАЛЕТНА ХАРТИЯ МИЛДЕ 8БР","4950","85","3.37",""
"32901","ДИА-СИ , Ихтиман, ул.Стефан Стамболов 1","МКМ СВАРЕН БОБ ГИГАНТ 560/580Г","5054","46","1.68",""
"32901","ДИА-СИ , Ихтиман, ул.Стефан Стамболов 1","КИСЕЛО МЛЯКО НАБОРЬ 3.6% 500г","5074","7","0.76",""
"32901","ДИА-СИ , Ихтиман, ул.Стефан Стамболов 1","ЛЮТЕНИЦА ОЛИНЕЗА 515Г ДОМАШНА,ЕДРОСМЛЯНА","5098","49","3.04","2.85"
"32901","ДИА-СИ , Ихтиман, ул.Стефан Стамболов 1","БОБ ТРАДИЦИОНЕН СВАРЕН 540г КРИНА","5100","46","1.30","1.13"
"32901","ДИА-СИ , Ихтиман, ул.Стефан Стамболов 1","ЛЮТЕНИЦА ПЪРВОМАЙ  525Г","5188","49","2.14",""
"32901","ДИА-СИ , Ихтиман, ул.Стефан Стамболов 1","ЛЮТЕНИЦА ПЪРВОМАЙ 720Г","5191","49","3.01",""
"32901","ДИА-СИ , Ихтиман, ул.Стефан Стамболов 1","ЛЮТЕНИЦА ДЕРОНИ ЕДРОСМЛЯНА 520г","5202","49","3.37",""
"32901","ДИА-СИ , Ихтиман, ул.Стефан Стамболов 1","ЛЮТЕНИЦА ПЪРВОМАЙ ПО БДС 400г","5228","49","1.99",""
"32901","ДИА-СИ , Ихтиман, ул.Стефан Стамболов 1","ЛЮТЕНИЦА ДЕРОНИ трад 520г","5243","49","2.90",""
"32901","ДИА-СИ , Ихтиман, ул.Стефан Стамболов 1","МЛЕЧЕН ГРАХ МКМ 680г","5297","47","1.58",""
"32901","ДИА-СИ , Ихтиман, ул.Стефан Стамболов 1","ГРАХ ЗЕЛЕН КРИНА 400г","5335","47","0.97",""
"32901","ДИА-СИ , Ихтиман, ул.Стефан Стамболов 1","СВАРЕН БОБ ЗИМНИКА СЪС ЗЕЛЕНЧУЦИ 580г","5350","46","1.38",""
"32901","ДИА-СИ , Ихтиман, ул.Стефан Стамболов 1","ДОМАТИ КУБЧЕ 400г ФИОРЕ","5470","48","0.82",""
"32901","ДИА-СИ , Ихтиман, ул.Стефан Стамболов 1","ОЦЕТ ЯБЪЛКОВ 700мл ОТ ЗИМНИКА","5507","45","1.17",""
"32901","ДИА-СИ , Ихтиман, ул.Стефан Стамболов 1","ВИНО СОЛЕНИТЕ ХЪЛМОВЕ 750мл БЯЛО","5569","75","9.42",""
"32901","ДИА-СИ , Ихтиман, ул.Стефан Стамболов 1","ГРАХ ФИОРЕ 800г","5570","47","1.27",""
"32901","ДИА-СИ , Ихтиман, ул.Стефан Стамболов 1","ГРАХ HEINZ 400г","5571","47","1.32",""
"32901","ДИА-СИ , Ихтиман, ул.Стефан Стамболов 1","ЛЮТЕНИЦА ФИНО-СМЛЯНА БЕЗ ЗАХАР 500г ДЕРОНИ","5601","49","3.01",""
"32901","ДИА-СИ , Ихтиман, ул.Стефан Стамболов 1","ЧЗ АКВАФРЕШ ФЛЕКС ЗОНА 1бр","5620","80","1.82",""
"32901","ДИА-СИ , Ихтиман, ул.Стефан Стамболов 1","ДЕРОНИ ГОРНОТРАКИЙСКА ЛЮТЕНИЦА 520г едр.","5665","49","2.95",""
"32901","ДИА-СИ , Ихтиман, ул.Стефан Стамболов 1","МАКАРОНЕНИ ИЗДЕЛИЯ ДЕРОНИ 400Г","5683","36","0.97",""
"32901","ДИА-СИ , Ихтиман, ул.Стефан Стамболов 1","КИСЕЛО МЛЯКО КАРАБУНАР 3.4% 400г","5692","7","0.86",""
"32901","ДИА-СИ , Ихтиман, ул.Стефан Стамболов 1","ЧАЙ ЗА СЪН 20бр.АХМАД","5693","72","2.79",""
"32901","ДИА-СИ , Ихтиман, ул.Стефан Стамболов 1","ЛЮТЕНИЦА ПЕТЕЛ ДОМАШНА 575Г","5721","49","2.09",""
"32901","ДИА-СИ , Ихтиман, ул.Стефан Стамболов 1","БОБ СВАРЕН МКМ 580 СЪС ЗЕЛЕНЧУЦИ","5725","46","1.48",""
"32901","ДИА-СИ , Ихтиман, ул.Стефан Стамболов 1","БОБ СВАРЕН МКМ 580г","5732","46","1.48",""
"32901","ДИА-СИ , Ихтиман, ул.Стефан Стамболов 1","ПОМОРИЙСКА СПЕЦИАЛНА РАКИЯ 700мл","5805","77","7.99",""
"32901","ДИА-СИ , Ихтиман, ул.Стефан Стамболов 1","ПЗ OraL- B 75мл PROTECT/ULT.FRESH","5826","81","1.73",""
"32901","ДИА-СИ , Ихтиман, ул.Стефан Стамболов 1","ШАМПОАН НИВЕЯ 400мл","5845","82","4.55",""
"32901","ДИА-СИ , Ихтиман, ул.Стефан Стамболов 1","КАФЕ ЛАВАЦА Крема густо 250г","5847","70","4.94",""
"32901","ДИА-СИ , Ихтиман, ул.Стефан Стамболов 1","МУСКАТОВА РАКИЯ ТЪРГОВИЩЕ 700мл","5939","77","8.16",""
"32901","ДИА-СИ , Ихтиман, ул.Стефан Стамболов 1","ЛЮТЕНИЦА СЕЛЦЕ ДОМАШНА 570г","5943","49","2.21",""
"32901","ДИА-СИ , Ихтиман, ул.Стефан Стамболов 1","РАКИЯ СЛИВОВА 700мл БОНИДЕКС","5958","77","7.39",""
"32901","ДИА-СИ , Ихтиман, ул.Стефан Стамболов 1","ВИНО СТАРОСЕЛ МИЛЕЗИМ БЯЛО 750мл","5993","75","10.73",""
"32901","ДИА-СИ , Ихтиман, ул.Стефан Стамболов 1","ШОКОЛАД МЛЕЧЕН 80г","6009","69","0.92",""
"32901","ДИА-СИ , Ихтиман, ул.Стефан Стамболов 1","СЕЛЕКЦИЯ ЗЕЛЕН ЧАЙ Ahmad tea 20пак.","6056","72","3.01",""
"32901","ДИА-СИ , Ихтиман, ул.Стефан Стамболов 1","БИСКВИТИ ОБИКНОВЕНИ С МАСЛО 130г КРИСТАЛ","6079","66","0.79",""
"32901","ДИА-СИ , Ихтиман, ул.Стефан Стамболов 1","ШОКОЛАДИ ЛИНДТ 100г МЛЕЧЕН разл.видове","6147","69","2.86",""
"32901","ДИА-СИ , Ихтиман, ул.Стефан Стамболов 1","БИСКВИТИ ЖИТЕН ДАР 220/230г","6150","66","1.12",""
"32901","ДИА-СИ , Ихтиман, ул.Стефан Стамболов 1","ВИНО СТАРОСЕЛ ШАРДОНЕ 750мл","6185","75","8.64",""
"32901","ДИА-СИ , Ихтиман, ул.Стефан Стамболов 1","КРОАСАН 7 ДЕЙС 70/92г","6196","67","0.64",""
"32901","ДИА-СИ , Ихтиман, ул.Стефан Стамболов 1","КАФЕ ЧИБО ЕСПРЕСО МИЛАНО зърна 1кг","6210","71","21.99",""
"32901","ДИА-СИ , Ихтиман, ул.Стефан Стамболов 1","БИСКВИТИ ЖИТЕН ДАР ПЕТИТ 220г","6345","66","1.17",""
"32901","ДИА-СИ , Ихтиман, ул.Стефан Стамболов 1","КАФЕ ЕДУШО/ЧИБО ФЕМИЛИ 250Г","6385","70","4.60",""
"32901","ДИА-СИ , Ихтиман, ул.Стефан Стамболов 1","ШОКОЛАД МИЛКА МЛЕЧЕН 90/100Г","6395","69","1.22",""
"32901","ДИА-СИ , Ихтиман, ул.Стефан Стамболов 1","КРОАСАН 7DAYS 92г КАКАО И БИСКВИТКА","6469","67","0.64",""
"32901","ДИА-СИ , Ихтиман, ул.Стефан Стамболов 1","МЕНАДА МУСКАТ 750мл","6533","75","3.83",""
"32901","ДИА-СИ , Ихтиман, ул.Стефан Стамболов 1","БИСКВИТИ ДЕТСТВО МОЕ 200г КАРМЕЛА","6538","66","0.76",""
"32901","ДИА-СИ , Ихтиман, ул.Стефан Стамболов 1","СЛЪНЧО-ЗЪРНЕНА КАША ЦАРЕВИЦА без мляко 200г","6681","63","2.15",""
"32901","ДИА-СИ , Ихтиман, ул.Стефан Стамболов 1","ОБИКНОВ. БИСКВИТИ РОДЕН КРАЙ 120г","6696","66","0.61",""
"32901","ДИА-СИ , Ихтиман, ул.Стефан Стамболов 1","ЧАЙ ХРАНОСМИЛАНЕ АХМАД 20бр","6728","72","2.81",""
"32901","ДИА-СИ , Ихтиман, ул.Стефан Стамболов 1","БИСКВИТИ ОБИКНОВЕНИ/ЧАЕНИ ЮЛКЕР 175г","6900","66","0.91",""
"32901","ДИА-СИ , Ихтиман, ул.Стефан Стамболов 1","МЕНАДА ТРАМИНЕР 750мл","6953","75","3.83",""
"32901","ДИА-СИ , Ихтиман, ул.Стефан Стамболов 1","СКУМРИЯ ФИЛЕ замразено Морски дар","7033","29","8.84",""
"32901","ДИА-СИ , Ихтиман, ул.Стефан Стамболов 1","ПЪСТЪРВА ЧИСТЕНА ПРЯСНА Морски дар","7044","30","6.95",""
"32901","ДИА-СИ , Ихтиман, ул.Стефан Стамболов 1","КАФЕ ЛАВАЦА КРЕМА АРОМА зърна 1кг","7077","71","22.24",""
"32901","ДИА-СИ , Ихтиман, ул.Стефан Стамболов 1","ЧАЙ ГОРСКИ ПЛОДОВЕ AHMAD 20пак","7140","72","2.68",""
"32901","ДИА-СИ , Ихтиман, ул.Стефан Стамболов 1","ПРЯСНО МЛЯКО БОЖЕНЦИ 3.5% 1л","7151","6","1.48",""
"32901","ДИА-СИ , Ихтиман, ул.Стефан Стамболов 1","3в1 КАФЯВА ЗАХАР16.5г- 28БР","7153","1","4.58",""
"32901","ДИА-СИ , Ихтиман, ул.Стефан Стамболов 1","ЧАЙ МАЛИНА И ШИПКА Биопрограма 40г 20бр","7157","72","1.12",""
"32901","ДИА-СИ , Ихтиман, ул.Стефан Стамболов 1","ЧАЙ СЕНА-МАЙЧИН ЛИСТ Биопрограма","7166","72","1.22",""
"32901","ДИА-СИ , Ихтиман, ул.Стефан Стамболов 1","ЧАЙ МЕНТА Биопрограма 20х15г","7192","72","0.86",""
"32901","ДИА-СИ , Ихтиман, ул.Стефан Стамболов 1","МЛЯНО КАФЕ ЛАВАЦА Q ROSSA 250г пак.","7209","70","5.41",""
"32901","ДИА-СИ , Ихтиман, ул.Стефан Стамболов 1","СКУМРИЯ СЕВЕРОАТЛАНТИЧЕСКА 3/5 плик Морски Дар","7233","29","5.28",""
"32901","ДИА-СИ , Ихтиман, ул.Стефан Стамболов 1","БИСКВИТИ РОДЕН КРАЙ ОБИКНОВЕНИ 190г","7236","66","0.79",""
"32901","ДИА-СИ , Ихтиман, ул.Стефан Стамболов 1","КРОАСАН МИЛКА 50г","7255","67","0.86",""
"32901","ДИА-СИ , Ихтиман, ул.Стефан Стамболов 1","ПОБЕДА МЛЕЧЕН ШОКОЛАД СЪС СТЕВИЯ 85г","7309","69","1.75",""
"32901","ДИА-СИ , Ихтиман, ул.Стефан Стамболов 1","БИЛКОВ ЧАЙ ДЕТОКС Ahmad Tea 20пак.","7352","72","2.68",""
"32901","ДИА-СИ , Ихтиман, ул.Стефан Стамболов 1","НОВА БРАЗИЛИЯ ЕСПРЕСО ГОЛД 200г","7381","70","3.27",""
"32901","ДИА-СИ , Ихтиман, ул.Стефан Стамболов 1","ПЪСТЪРВА ЧИСТЕНА ЗАМР. 250/300 МОРСКИ ДАР","7408","29","6.59",""
"32901","ДИА-СИ , Ихтиман, ул.Стефан Стамболов 1","КРАВЕ СИРЕНЕ Йовчев кг","7417","8","6.26",""
"32901","ДИА-СИ , Ихтиман, ул.Стефан Стамболов 1","ЯБЪЛКИ ИТАЛИЯ","7465","53","2.15",""
"32901","ДИА-СИ , Ихтиман, ул.Стефан Стамболов 1","ЧЗ КОЛГЕЙТ 360 2бр.","7492","80","3.78",""
"32901","ДИА-СИ , Ихтиман, ул.Стефан Стамболов 1","ВИНО СТАРОСЕЛ ШАРДОНЕ ПО МУСКАТ 750мл","7516","75","7.92",""
"32901","ДИА-СИ , Ихтиман, ул.Стефан Стамболов 1","СЛЪНЧО-ЗЪРНЕНА КАША ОВЕС И ТИКВА без мляко 200г","7584","63","2.45",""
"32901","ДИА-СИ , Ихтиман, ул.Стефан Стамболов 1","СЛЪНЧО ОВЕСЕНА КАША С ЯБЪЛКИ И КРУШИ 200г","7631","63","2.91",""
"32901","ДИА-СИ , Ихтиман, ул.Стефан Стамболов 1","КАФЕ НОВА БРАЗИЛИЯ ЗЪРНА 900г","7661","71","15.33",""
"32901","ДИА-СИ , Ихтиман, ул.Стефан Стамболов 1","БУРГАС ДЕЛИКАТЕС 2 250г","7707","28","2.81",""
"32901","ДИА-СИ , Ихтиман, ул.Стефан Стамболов 1","СЛЪНЧО БЕБЕШКА КАША ЗЪРНИН М 200Г","7750","63","2.79",""
"32901","ДИА-СИ , Ихтиман, ул.Стефан Стамболов 1","ВЕРО БЛЕЙЗИ ПРОФЕШЪНЪЛ 400мл","7768","79","1.17",""
"32901","ДИА-СИ , Ихтиман, ул.Стефан Стамболов 1","ЧАЙ КАРКАДЕ БИОПРОГРАМА 20х15г","7774","72","0.71",""
"32901","ДИА-СИ , Ихтиман, ул.Стефан Стамболов 1","РАКИЯ Дядова УсуканицаОТЛЕЖАЛА 700мл","7780","77","8.48",""
"32901","ДИА-СИ , Ихтиман, ул.Стефан Стамболов 1","БАНИЦА В ТАРЕЛКА 400г","7790","68","1.79",""
"32901","ДИА-СИ , Ихтиман, ул.Стефан Стамболов 1","ПЗ БИОМЕД 75/100мл","7804","81","3.20",""
"32901","ДИА-СИ , Ихтиман, ул.Стефан Стамболов 1","ШОКОЛАД СВОГЕ 80/90г-МЛЕЧЕН","7817","69","1.10",""
"32901","ДИА-СИ , Ихтиман, ул.Стефан Стамболов 1","ШАМПОАН Клиър 360/400мл","7888","82","3.83",""
"32901","ДИА-СИ , Ихтиман, ул.Стефан Стамболов 1","ЧЕРВЕН БОБ HEINZ 400г","7892","46","1.32",""
"32901","ДИА-СИ , Ихтиман, ул.Стефан Стамболов 1","ЗЕЛЕН ГРАХ МКМ 425г","7893","47","1.07",""
"32901","ДИА-СИ , Ихтиман, ул.Стефан Стамболов 1","КИСЕЛО МЛЯКО НАБОРЬ 2% 500г","7972","7","0.69",""
"32901","ДИА-СИ , Ихтиман, ул.Стефан Стамболов 1","ЛЮТЕНИЦА ЕДРОСМЛЯНА 570г ПЕТЕЛ","8090","49","2.59",""
"32901","ДИА-СИ , Ихтиман, ул.Стефан Стамболов 1","КРИНА СВАРЕН ЧЕРВЕН БОБ 540г","8106","46","1.46",""
"32901","ДИА-СИ , Ихтиман, ул.Стефан Стамболов 1","ПИЛЕШКО БУТЧЕ охл.прод","8117","17","1.99",""
"32901","ДИА-СИ , Ихтиман, ул.Стефан Стамболов 1","БАБИНА ЛЮТЕНИЦА ОЛИНЕЗА 515г Едросмляна","8121","49","3.57",""
"32901","ДИА-СИ , Ихтиман, ул.Стефан Стамболов 1","САПУН НАНСИ 140г","8178","83","0.76",""
"32901","ДИА-СИ , Ихтиман, ул.Стефан Стамболов 1","ВИНО ЧЕРГА ЧЕРВЕНО СУХО 750мл","8231","76","5.06",""
"32901","ДИА-СИ , Ихтиман, ул.Стефан Стамболов 1","БАНАНИ","8301","52","1.88",""
"32901","ДИА-СИ , Ихтиман, ул.Стефан Стамболов 1","ЯБЪЛКИ  БЪЛГАРИЯ","8304","53","1.38",""
"32901","ДИА-СИ , Ихтиман, ул.Стефан Стамболов 1","МОРКОВИ","8311","56","1.02",""
"32901","ДИА-СИ , Ихтиман, ул.Стефан Стамболов 1","ЗЕЛЕ ПРЯСНО България","8315","57","0.60",""
"32901","ДИА-СИ , Ихтиман, ул.Стефан Стамболов 1","ВИНО БЯЛО ЧЕРГА 750мл","8316","75","5.06",""
"32901","ДИА-СИ , Ихтиман, ул.Стефан Стамболов 1","МЕНАДА МЕРЛО 750мл","8317","76","3.83",""
"32901","ДИА-СИ , Ихтиман, ул.Стефан Стамболов 1","ДОМАТИ ЧЕРВЕНИ","8319","54","1.91",""
"32901","ДИА-СИ , Ихтиман, ул.Стефан Стамболов 1","КРОМИД ЛУК БЪЛГАРИЯ","8320","55","0.89",""
"32901","ДИА-СИ , Ихтиман, ул.Стефан Стамболов 1","КРАСТАВИЦИ КЛАС 1","8321","58","2.30",""
"32901","ДИА-СИ , Ихтиман, ул.Стефан Стамболов 1","ЧЕСЪН","8323","59","4.60",""
"32901","ДИА-СИ , Ихтиман, ул.Стефан Стамболов 1","ПОРТОКАЛИ КЛАС 1","8332","51","1.25",""
"32901","ДИА-СИ , Ихтиман, ул.Стефан Стамболов 1","ЛИМОНИ КЛАС 1","8335","50","1.94",""
"32901","ДИА-СИ , Ихтиман, ул.Стефан Стамболов 1","ЛЮТЕНИЦА ДЕРОНИ ПИКАНТНА 520г","8336","49","2.90",""
"32901","ДИА-СИ , Ихтиман, ул.Стефан Стамболов 1","КАРТОФИ ЗА ГОТВЕНЕ","8343","61","0.71",""
"32901","ДИА-СИ , Ихтиман, ул.Стефан Стамболов 1","СПАГЕТИНИ Стелла 500г","8398","37","1.32",""
"32901","ДИА-СИ , Ихтиман, ул.Стефан Стамболов 1","КРОАСАН 22 КАРАТА 55г","8488","67","0.28",""
"32901","ДИА-СИ , Ихтиман, ул.Стефан Стамболов 1","БИРА ШУМЕНСКО 2л","8500","74","1.63",""
"32901","ДИА-СИ , Ихтиман, ул.Стефан Стамболов 1","БИРА ЗАГОРКА 2л","8504","74","1.32",""
"32901","ДИА-СИ , Ихтиман, ул.Стефан Стамболов 1","ВИНО СТАРОСЕЛ СОВИНЬОН БЛАН 750мл","8508","75","9.70",""
"32901","ДИА-СИ , Ихтиман, ул.Стефан Стамболов 1","МЕНАДА ШАРДОНЕ 750мл","8521","75","3.83",""
"32901","ДИА-СИ , Ихтиман, ул.Стефан Стамболов 1","ВИНО МЕНАДА МАВРУД 750мл","8543","76","4.09",""
"32901","ДИА-СИ , Ихтиман, ул.Стефан Стамболов 1","ВИНО МУСКАТ ТЪРГОВИЩЕ 750мл резерва","8573","75","3.83",""
"32901","ДИА-СИ , Ихтиман, ул.Стефан Стамболов 1","РАКИЯ ГРОЗДЕН 700МЛ","8575","77","5.61",""
"32901","ДИА-СИ , Ихтиман, ул.Стефан Стамболов 1","МЕРЛО СОФИЯ КАРНОБАТ 750мл","8576","76","2.24",""
"32901","ДИА-СИ , Ихтиман, ул.Стефан Стамболов 1","ВИНО СТАРОСЕЛ ТЕРОАР 750мл","8577","76","8.68",""
"32901","ДИА-СИ , Ихтиман, ул.Стефан Стамболов 1","ВИНО МЕРЛО ТЪРГОВИЩЕ 750МЛ РЕЗЕРВА","8597","76","3.83",""
"32901","ДИА-СИ , Ихтиман, ул.Стефан Стамболов 1","ТРАМИНЕР ШАТО КАРНОБАТ 750мл","8606","75","3.78",""
"32901","ДИА-СИ , Ихтиман, ул.Стефан Стамболов 1","ШАРДОНЕ ШАТО КАРНОБАТ 750МЛ","8614","75","3.78",""
"32901","ДИА-СИ , Ихтиман, ул.Стефан Стамболов 1","КАБЕРНЕ ШАТО КАРНОБАТ 750МЛ","8631","76","3.78",""
"32901","ДИА-СИ , Ихтиман, ул.Стефан Стамболов 1","МЕРЛО ШАТО КАРНОБАТ 750МЛ","8632","76","3.78",""
"32901","ДИА-СИ , Ихтиман, ул.Стефан Стамболов 1","РАКИЯ КАРНОБАТ СПЕЦИАЛНА  700МЛ","8646","77","8.64",""
"32901","ДИА-СИ , Ихтиман, ул.Стефан Стамболов 1","ТРОЯНСКА СЛИВОВА 700МЛ 3 годишна","8660","77","9.38",""
"32901","ДИА-СИ , Ихтиман, ул.Стефан Стамболов 1","ПАСИРАНИ ДОМАТИ 500г The Chefs","8707","48","0.84",""
"32901","ДИА-СИ , Ихтиман, ул.Стефан Стамболов 1","ПЗ Колгейт Max white/Optic 75мл","8719","81","2.55",""
"32901","ДИА-СИ , Ихтиман, ул.Стефан Стамболов 1","ВИЛА ЯМБОЛ МАВРУД 750мл","8752","76","4.09",""
"32901","ДИА-СИ , Ихтиман, ул.Стефан Стамболов 1","ШАМПОАН НИВЕА 250МЛ","8790","82","2.55",""
"32901","ДИА-СИ , Ихтиман, ул.Стефан Стамболов 1","КИСЕЛО МЛЯКО САЯНА3.6% ЗНП 400г","8813","7","0.51",""
"32901","ДИА-СИ , Ихтиман, ул.Стефан Стамболов 1","КАФЕ ЛАВАЦА КУАЛИТА ОРО 1КГ зърна","8891","71","23.00",""
"32901","ДИА-СИ , Ихтиман, ул.Стефан Стамболов 1","ШПЕК ДЕЛИКАТЕСЕН Д2 400Г","8961","28","4.14",""
"32901","ДИА-СИ , Ихтиман, ул.Стефан Стамболов 1","ВИНО СТАРОСЕЛ МЕРЛО 750мл","8973","76","7.66",""
"32901","ДИА-СИ , Ихтиман, ул.Стефан Стамболов 1","ПЗ ОRAL- B ДЕТСКА 75мл","8992","81","2.30",""
"32901","ДИА-СИ , Ихтиман, ул.Стефан Стамболов 1","БЕБЕЛАН ПЮРЕ ОТ ЯБЪЛКИ И ПРАСКОВИ 190г","9019","64","1.15",""
"32901","ДИА-СИ , Ихтиман, ул.Стефан Стамболов 1","ЗАХАР ИВАНОВИ 1кг","9039","38","0.97",""
"32901","ДИА-СИ , Ихтиман, ул.Стефан Стамболов 1","КИСЕЛО МЛЯКО БОР ЧВОР 3.6% 400г","9089","7","0.61",""
"32901","ДИА-СИ , Ихтиман, ул.Стефан Стамболов 1","БЯЛА ЗАХАР КРИСТАЛ 1кг","9141","38","0.92",""
"32901","ДИА-СИ , Ихтиман, ул.Стефан Стамболов 1","БЕБЕЛАН ПЮРЕ ЗЕЛЕНЧУЦИ С ПИЛЕ 190г","9146","64","1.32",""
"32901","ДИА-СИ , Ихтиман, ул.Стефан Стамболов 1","ЛАВАЦА КРЕМА ГУСТО-КАФЕ НА ЗЪРНА 1кг","9153","71","18.76",""
"32901","ДИА-СИ , Ихтиман, ул.Стефан Стамболов 1","БЕБЕШКА ПЗ Бочко 50мл","9219","81","1.66",""
"32901","ДИА-СИ , Ихтиман, ул.Стефан Стамболов 1","СВАРЕН БОБ ЗИМНИКА нормален 580г","9230","46","1.35",""
"32901","ДИА-СИ , Ихтиман, ул.Стефан Стамболов 1","КРАВЕ КАШКАВАЛ КАРАТ  кг","9302","10","8.68",""
"32901","ДИА-СИ , Ихтиман, ул.Стефан Стамболов 1","ДОМАШНО КРАВЕ СИРЕНЕ САЯНА-в-","9303","8","7.46",""
"32901","ДИА-СИ , Ихтиман, ул.Стефан Стамболов 1","КИСЕЛО МЛЯКО ВЕРЕЯ 3.6% 400г","9317","7","0.72",""
"32901","ДИА-СИ , Ихтиман, ул.Стефан Стамболов 1","ДОМАТИ НА КУБЧЕТА 400г ДЕРОНИ","9322","48","1.23",""
"32901","ДИА-СИ , Ихтиман, ул.Стефан Стамболов 1","МАСЛО КРАВЕ ВЪЛЧЕВ 250г","9327","12","2.81",""
"32901","ДИА-СИ , Ихтиман, ул.Стефан Стамболов 1","РАКИЯ ПОМОРИЙСКА МУСКАТОВА 0.7Л","9332","77","9.49",""
"32901","ДИА-СИ , Ихтиман, ул.Стефан Стамболов 1","КРАВЕ МАСЛО ЙОВЧЕВ 200г","9334","12","2.86",""
"32901","ДИА-СИ , Ихтиман, ул.Стефан Стамболов 1","КИСЕЛО МЛЯКО БОЖЕНЦИ 2%400г ЗНП","9342","7","0.64",""
"32901","ДИА-СИ , Ихтиман, ул.Стефан Стамболов 1","ДОМАШНО КИСЕЛО МЛЯКО РОДОПЧАНКА 1кг","9343","7","2.09",""
"32901","ДИА-СИ , Ихтиман, ул.Стефан Стамболов 1","КИСЕЛО МЛЯКО ВЕРЕЯ 2,9%","9354","7","0.74",""
"32901","ДИА-СИ , Ихтиман, ул.Стефан Стамболов 1","КИСЕЛО МЛЯКО ВЕРЕЯ 2% 400г","9375","7","0.69",""
"32901","ДИА-СИ , Ихтиман, ул.Стефан Стамболов 1","ЧАЯ ПРЯСНО МЛЯКО 1Л 3.2%","9414","6","1.32",""
"32901","ДИА-СИ , Ихтиман, ул.Стефан Стамболов 1","ПРЯСНО МЛЯКО Млековита 3.2% 1л","9436","6","1.30",""
"32901","ДИА-СИ , Ихтиман, ул.Стефан Стамболов 1","КРАВЕ СИРЕНЕ ПЕНДАР ВАК.","9440","9","8.17",""
"32901","ДИА-СИ , Ихтиман, ул.Стефан Стамболов 1","КИСЕЛО МЛЯКО РОДОПЧАНКА 2% 370г","9450","7","0.56",""
"32901","ДИА-СИ , Ихтиман, ул.Стефан Стамболов 1","ФИНИ ТОЧЕНИ КОРИ 470г СОФИЯ МЕЛ","9464","5","1.84","1.59"
"32901","ДИА-СИ , Ихтиман, ул.Стефан Стамболов 1","КАШКАВАЛ БОРИНО 500Г","9475","11","12.77",""
"32901","ДИА-СИ , Ихтиман, ул.Стефан Стамболов 1","КРАВЕ СИРЕНЕ КАРАБУНАРБЕЛМЕКЕН кг","9484","8","6.28",""
"32901","ДИА-СИ , Ихтиман, ул.Стефан Стамболов 1","КРАВЕ СИРЕНЕ СИТОВО кг","9517","8","6.26","5.75"
"32901","ДИА-СИ , Ихтиман, ул.Стефан Стамболов 1","КИСЕЛО МЛЯКО ДОМЛЯН 3.6% 400+100г гратис","9555","7","0.73",""
"32901","ДИА-СИ , Ихтиман, ул.Стефан Стамболов 1","КАШКАВАЛ ПЕНДАР","9565","10","9.45",""
"32901","ДИА-СИ , Ихтиман, ул.Стефан Стамболов 1","КРАВЕ СИРЕНЕ МАТАНД вак","9573","9","7.41",""
"32901","ДИА-СИ , Ихтиман, ул.Стефан Стамболов 1","СЛЪНЧО БЕБЕШКА КАША БАНАНОВА 200Г","9585","63","2.92",""
"32901","ДИА-СИ , Ихтиман, ул.Стефан Стамболов 1","КРАВЕ СИРЕНЕ ЛУДОГОРСКО-К-","9594","8","3.57",""
"32901","ДИА-СИ , Ихтиман, ул.Стефан Стамболов 1","КИСЕЛО МЛЯКО ДОМЛЯН 2% 400+100г","9639","7","0.66",""
"32901","ДИА-СИ , Ихтиман, ул.Стефан Стамболов 1","КИСЕЛО МЛЯКО 3.6% РАЛИЦА","9644","7","0.82",""
"32901","ДИА-СИ , Ихтиман, ул.Стефан Стамболов 1","ЧАЙ ЛАЙКА Биопрограма 20г","9663","72","0.86",""
"32901","ДИА-СИ , Ихтиман, ул.Стефан Стамболов 1","БРАШНО ЕКСТРА МКМ 1кг","9725","41","0.76",""
"32901","ДИА-СИ , Ихтиман, ул.Стефан Стамболов 1","БРАШНО ТИП 500 МКМ 1кг","9726","40","0.74",""
"32901","ДИА-СИ , Ихтиман, ул.Стефан Стамболов 1","ЧАЙ ИМУНИТЕТ АХМАД 20бр","9734","72","2.89",""
"32901","ДИА-СИ , Ихтиман, ул.Стефан Стамболов 1","ЧАЙ МАЛИНА И ПРАСКОВА АХМАД 20бр","9735","72","2.91",""
"32901","ДИА-СИ , Ихтиман, ул.Стефан Стамболов 1","БИОПРОГРАМА ЧЕРЕН ЧАЙ 20бр.","9737","72","1.01",""
"32901","ДИА-СИ , Ихтиман, ул.Стефан Стамболов 1","СЛЪНЧО КАША АСОРТИ 4ПЛОДА 200г","9759","63","2.86",""
"32901","ДИА-СИ , Ихтиман, ул.Стефан Стамболов 1","СЛЪНЧО ОВЕСЕНА КАША БАНАН И СЛИВА 200г","9796","63","2.86",""
"32901","ДИА-СИ , Ихтиман, ул.Стефан Стамболов 1","ГОТВАРСКА СОЛ Екстра МКМ 1кг","9864","39","0.55",""
"32901","ДИА-СИ , Ихтиман, ул.Стефан Стамболов 1","ВИНО КАБИЛЕ МЕРЛО + Каберне Совиньон 750мл","9916","76","5.62",""
"32901","ДИА-СИ , Ихтиман, ул.Стефан Стамболов 1","КАФЕ НА ЗЪРНА ЛАВАЦА КУОЛИТИ РОСА 1кг","9920","71","20.44",""
"32901","ДИА-СИ , Ихтиман, ул.Стефан Стамболов 1","ВИНО СТАРОСЕЛ-МАВРУД 750мл","9932","76","7.66",""
"32901","ДИА-СИ , Ихтиман, ул.Стефан Стамболов 1","ЧАЙ ВЪЛШЕБНИК Биопрограма 20х1.5г","9944","72","1.10",""
"32901","ДИА-СИ , Ихтиман, ул.Стефан Стамболов 1","ЛЮТЕНИЦА ДОМАШНА ДЕРОНИ финосмляна 525г","9965","49","2.90",""
"32901","ДИА-СИ , Ихтиман, ул.Стефан Стамболов 1","ЦИГАРИ КИНГ 100 6.00лв","9982","78","3.07",""
"32901","ДИА-СИ , Ихтиман, ул.Стефан Стамболов 1","САПУН ЛЕРВИА 90г","10017","83","0.69",""
"32901","ДИА-СИ , Ихтиман, ул.Стефан Стамболов 1","ПЗ PARODONTAX 75мл различни видове","10023","81","4.90",""
"32901","ДИА-СИ , Ихтиман, ул.Стефан Стамболов 1","ПЗ ORAL-B PRO- 3D 75МЛ","10046","81","2.30",""
"32901","ДИА-СИ , Ихтиман, ул.Стефан Стамболов 1","ШАМПОАН GLISS 400мл","10087","82","3.57",""
"32901","ДИА-СИ , Ихтиман, ул.Стефан Стамболов 1","ПЗ Аквафреш детска 50мл","10100","81","2.91",""
"32901","ДИА-СИ , Ихтиман, ул.Стефан Стамболов 1","ЗАХАР Фиоре 1кг","10102","38","0.85",""
"32901","ДИА-СИ , Ихтиман, ул.Стефан Стамболов 1","МЕНАДА СОВИНЬОН БЛАН 750мл","10135","75","3.83",""
"32901","ДИА-СИ , Ихтиман, ул.Стефан Стамболов 1","ШАМПОАН ТЕО BEAUTY/NATURE 350мл","10150","82","1.58",""
"32901","ДИА-СИ , Ихтиман, ул.Стефан Стамболов 1","БИЛКА-ПЗ ПАРОДОНТ ПРОТЕКТ 75мл","10199","81","2.50",""
"32901","ДИА-СИ , Ихтиман, ул.Стефан Стамболов 1","ШАМПОАН ЕЛСЕВ Hyaluron/Dream Long/Full Resist 250мл","10207","82","3.88",""
"32901","ДИА-СИ , Ихтиман, ул.Стефан Стамболов 1","ПЗ БОЧКО детска 50/75мл","10212","81","1.49",""
"32901","ДИА-СИ , Ихтиман, ул.Стефан Стамболов 1","БИЛКА-ПЗ ДЕТСКА 50мл","10221","81","2.17",""
"32901","ДИА-СИ , Ихтиман, ул.Стефан Стамболов 1","БЕБЕЛАН ПЮРЕ ЯБЪЛКИ И КАЙСИИ 190г","10242","64","1.05",""
"32901","ДИА-СИ , Ихтиман, ул.Стефан Стамболов 1","САПУН ТЕО 140г","10294","83","0.76",""
"32901","ДИА-СИ , Ихтиман, ул.Стефан Стамболов 1","ПЗ ДЕНТАЛ КИДС 6+ 50мл","10337","81","1.27",""
"32901","ДИА-СИ , Ихтиман, ул.Стефан Стамболов 1","ТОАЛЕТНА ХАРТИЯ ЕМЕКА 8 БР","10340","85","2.30",""
"32901","ДИА-СИ , Ихтиман, ул.Стефан Стамболов 1","ПЗ Aguafresh white+complete/shine care 100/125мл","10361","81","2.55",""
"32901","ДИА-СИ , Ихтиман, ул.Стефан Стамболов 1","ШАМПОАН ДЕВА Natural Beauty 500мл","10369","82","2.14",""
"32901","ДИА-СИ , Ихтиман, ул.Стефан Стамболов 1","МАСЛ.МАСЛО ЕКСТРА ВЪРДЖИН Коста доро ДЕЛИКАТЕ 1л","10425","43","9.30",""
"32901","ДИА-СИ , Ихтиман, ул.Стефан Стамболов 1","БЕБЕЛАН БИО - ПЮРЕ ОТ СЛАДЪК КАРТОФ 125г","10469","64","1.12",""
"32901","ДИА-СИ , Ихтиман, ул.Стефан Стамболов 1","ЦИГАРИ МЕРИЛИН 100 РОЗОВ  20бр 6.30ЛВ","10471","78","3.22",""
"32901","ДИА-СИ , Ихтиман, ул.Стефан Стамболов 1","БЕБЕЛАН ПЮРЕ ЯБЪЛКА И МОРКОВ 190г","10502","64","1.11",""
"32901","ДИА-СИ , Ихтиман, ул.Стефан Стамболов 1","ПЗ Аквафреш PLUS 75мл","10580","81","2.50",""
"32901","ДИА-СИ , Ихтиман, ул.Стефан Стамболов 1","СКУМРИЯ ЧИСТЕНА БЕЗ ГЛАВА Морски Дар","10600","29","6.74",""
"32901","ДИА-СИ , Ихтиман, ул.Стефан Стамболов 1","ШАМПОАН ГАРНИЕ ФРУКТИС 400мл","10666","82","4.09",""
"32901","ДИА-СИ , Ихтиман, ул.Стефан Стамболов 1","БЕБЕЛАН ПЮРЕ ОТ КРУШИ 190г 4М+","10712","64","1.20",""
"32901","ДИА-СИ , Ихтиман, ул.Стефан Стамболов 1","БЕБЕЛАН ПЮРЕ БАНАН И ЯБЪЛКИ С БИСКВИТИ 190г 5М+","10713","64","1.25",""
"32901","ДИА-СИ , Ихтиман, ул.Стефан Стамболов 1","БЕБЕЛАН ПЮРЕ МАНГО И БАНАНИ 190г 4М+","10714","64","1.25",""
"32901","ДИА-СИ , Ихтиман, ул.Стефан Стамболов 1","БЕБЕЛАН ПЮРЕ ФИН ЗАЕК И ПИЛЕ СЪС ЗЕЛЕНЧУЦИ 190г 6М+","10715","64","1.61",""
"32901","ДИА-СИ , Ихтиман, ул.Стефан Стамболов 1","БЕБЕЛАН ПЮРЕ СИНИ СЛИВИ 190г 4М+","10716","64","0.97",""
"32901","ДИА-СИ , Ихтиман, ул.Стефан Стамболов 1","БЕБЕЛАН ПЮРЕ ОТ БАНАНИ 190Г 4М+","10718","64","1.20",""
"32901","ДИА-СИ , Ихтиман, ул.Стефан Стамболов 1","СЛЪНЧО-ПЮРЕ БИО МАНГО И ЯБЪЛКА 190г","10719","64","1.17",""
"32901","ДИА-СИ , Ихтиман, ул.Стефан Стамболов 1","БЕБЕЛАН ПЮРЕ АСОРТИ ГРАДИНСКИ ПЛОДОВЕ 190Г 5М+","10720","64","1.05",""
"32901","ДИА-СИ , Ихтиман, ул.Стефан Стамболов 1","БЕБЕЛАН ПЮРЕ ЯБЪЛКИ И СИНИ СЛИВИ С ЕЛДА 190Г 5М+","10721","64","1.25",""
"32901","ДИА-СИ , Ихтиман, ул.Стефан Стамболов 1","БЕБЕЛАН ПЮРЕ БАНАНИ,ЯБЪЛКИ И ПРАСКОВИ 190Г 4М+","10724","64","1.22",""
"32901","ДИА-СИ , Ихтиман, ул.Стефан Стамболов 1","БЕБЕЛАН ПЮРЕ ЗЕЛЕНЧУКОВА СМЕС С БРОКОЛИ 190Г 5М+","10725","64","1.12",""
"32901","ДИА-СИ , Ихтиман, ул.Стефан Стамболов 1","БЕБЕЛАН ДОМАТЕНА СУПА С ПИЛЕ И ОРИЗ 8М+ 220г","10739","64","1.62",""
"32901","ДИА-СИ , Ихтиман, ул.Стефан Стамболов 1","БЕБЕЛАН ВЕГЕТАРИАНСКА ЛАЗАНЯ 8М+ 220г","10740","64","1.62",""
"32901","ДИА-СИ , Ихтиман, ул.Стефан Стамболов 1","БЕБЕЛАН ПУЕШКО СЪС ЗЕЛЕНЧУЦИ 6М+ 190г","10742","64","1.32",""
"32901","ДИА-СИ , Ихтиман, ул.Стефан Стамболов 1","БЕБЕЛАН ПЮРЕ ОТ ЯБЪЛКИ И БОРОВИНКИ 5М+ 190г","10744","64","1.20",""
"32901","ДИА-СИ , Ихтиман, ул.Стефан Стамболов 1","БЕБЕЛАН ПЮРЕ ОТ ЯБЪЛКИ И ЯГОДИ 5М+ 190г","10745","64","1.20",""
"32901","ДИА-СИ , Ихтиман, ул.Стефан Стамболов 1","БЕБЕЛАН ПЮРЕ ЯБЪЛКИ И БАНАНИ С ЕЛДА 190г","10749","64","1.25",""
"32901","ДИА-СИ , Ихтиман, ул.Стефан Стамболов 1","БЕБЕЛАН ПЮРЕ КАРТОФИ С ТИКВА 190г 4М","10792","64","1.17",""
"32901","ДИА-СИ , Ихтиман, ул.Стефан Стамболов 1","СЛЪНЧО-БИО ПЮРЕ КИСЕЛ ЯБЪЛКА И СЛИВА 190г","10863","64","1.30",""
"32901","ДИА-СИ , Ихтиман, ул.Стефан Стамболов 1","СЛЪНЧО-ПЮРЕ ЗЕЛЕНЧУКОВ МИКС 190г","10865","64","1.20",""
"32901","ДИА-СИ , Ихтиман, ул.Стефан Стамболов 1","СЛЪНЧО-ПЮРЕ ГРАХ,БРОКОЛИ,МОРКОВИ 190г","10866","64","1.20",""
"32901","ДИА-СИ , Ихтиман, ул.Стефан Стамболов 1","СЛЪНЧО-ПЮРЕ ТИКВА И МОРКОВ 190г","10867","64","1.20",""
"32901","ДИА-СИ , Ихтиман, ул.Стефан Стамболов 1","СЛЪНЧО-ПЮРЕ ГРАХ И ОРИЗ 190г","10868","64","1.20",""
"32901","ДИА-СИ , Ихтиман, ул.Стефан Стамболов 1","СЛЪНЧО-ПЮРЕ КАРТ.КРЕМ СУПА СЪС СУХАР 190г","10869","64","1.20",""
"32901","ДИА-СИ , Ихтиман, ул.Стефан Стамболов 1","СЛЪНЧО-ПЮРЕ ОТ БИО ЗЕЛЕНЧУЦИ 190г","10870","64","1.18",""
"32901","ДИА-СИ , Ихтиман, ул.Стефан Стамболов 1","СЛЪНЧО-ПЮРЕ МОРКОВ И КАРТОФ 190г","10874","64","1.20",""
"32901","ДИА-СИ , Ихтиман, ул.Стефан Стамболов 1","СЛЪНЧО-ПЮРЕ ОТ МОРКОВИ 100г","10875","64","0.89",""
"32901","ДИА-СИ , Ихтиман, ул.Стефан Стамболов 1","СЛЪНЧО-ПИЛЕШКА КАВЪРМА 190г пюре","10876","64","1.30",""
"32901","ДИА-СИ , Ихтиман, ул.Стефан Стамболов 1","СЛЪНЧО-ПЮРЕ ЧЕРЕН ДРОБ С КАРТОФИ И МОРКОВИ 190г","10877","64","1.35",""
"32901","ДИА-СИ , Ихтиман, ул.Стефан Стамболов 1","СЛЪНЧО-СЬОМГА С МОРКОВИ И ГРАХ 190г","10878","64","1.35",""
"32901","ДИА-СИ , Ихтиман, ул.Стефан Стамболов 1","СЛЪНЧО-ТЕЛЕШКО СЪС ЗЕЛЕНЧУЦИ 190г","10879","64","1.22",""
"32901","ДИА-СИ , Ихтиман, ул.Стефан Стамболов 1","СЛЪНЧО-ТЕЛЕШКО С ДОМАТ И ОРИЗ 190г","10880","64","1.22",""
"32901","ДИА-СИ , Ихтиман, ул.Стефан Стамболов 1","СЛЪНЧО-КАША С БАНАНИ И БИСКВИТИ 200г","10882","63","2.92",""
"32901","ДИА-СИ , Ихтиман, ул.Стефан Стамболов 1","СЛЪНЧО-ПЮРЕ МУСАКА 8м 190г","10884","64","1.30",""
"32901","ДИА-СИ , Ихтиман, ул.Стефан Стамболов 1","СЛЪНЧО-ПЮРЕ ПУЕШКО С МОРКОВИ И ОРИЗ 190г","10886","64","1.35",""
"32901","ДИА-СИ , Ихтиман, ул.Стефан Стамболов 1","СЛЪНЧО-ПИЛЕШКО СЪС ЗЕЛЕНЧУЦИ 190г","10887","64","1.30",""
"32901","ДИА-СИ , Ихтиман, ул.Стефан Стамболов 1","СЛЪНЧО-ПЮРЕ ПУЕШКО С КАРТОФИ И КАРФИОЛ 190г","10888","64","1.22",""
"32901","ДИА-СИ , Ихтиман, ул.Стефан Стамболов 1","СЛЪНЧО-ПЮРЕ БИО КАРТОФИ 4М+ 130г","10889","64","0.98",""
"32901","ДИА-СИ , Ихтиман, ул.Стефан Стамболов 1","СЛЪНЧО-НЕКТАР/ СОК 200мл","10890","64","1.07",""
"32901","ДИА-СИ , Ихтиман, ул.Стефан Стамболов 1","СЛЪНЧО-ПЮРЕ ЯБЪЛКА И ТИКВА 190г","10893","64","1.12",""
"32901","ДИА-СИ , Ихтиман, ул.Стефан Стамболов 1","СЛЪНЧО-ПЮРЕ КРУША И ПРАСКОВА 190г","10894","64","1.07",""
"32901","ДИА-СИ , Ихтиман, ул.Стефан Стамболов 1","СЛЪНЧО-ПЮРЕ ЯБЪЛКА,БАНАН И ПРАСКОВА 190г","10895","64","1.12",""
"32901","ДИА-СИ , Ихтиман, ул.Стефан Стамболов 1","СЛЪНЧО-ПЮРЕ ЯБЪЛКА И КАЙСИЯ 190г","10896","64","1.00",""
"32901","ДИА-СИ , Ихтиман, ул.Стефан Стамболов 1","СЛЪНЧО-ПЮРЕ ПРАСКОВА И БАНАН 190г","10898","64","1.00",""
"32901","ДИА-СИ , Ихтиман, ул.Стефан Стамболов 1","СЛЪНЧО-ПЮРЕ ЯБЪЛКА И МОРКОВ 190г","10899","64","1.10",""
"32901","ДИА-СИ , Ихтиман, ул.Стефан Стамболов 1","СЛЪНЧО-ПЮРЕ ПЛОДОВ МИКС С КРУШИ 190г","10901","64","1.10",""
"32901","ДИА-СИ , Ихтиман, ул.Стефан Стамболов 1","СЛЪНЧО-ПЮРЕ МЛЯКО С ОРИЗ И ЯБЪЛКА 190г","10902","64","1.15",""
"32901","ДИА-СИ , Ихтиман, ул.Стефан Стамболов 1","СЛЪНЧО-ПЮРЕ КРУША И БАНАН 190г","10903","64","1.10",""
"32901","ДИА-СИ , Ихтиман, ул.Стефан Стамболов 1","СЛЪНЧО-ПЮРЕ ЯБЪЛКА 4М 190г","10904","64","1.00",""
"32901","ДИА-СИ , Ихтиман, ул.Стефан Стамболов 1","СЛЪНЧО-ПЮРЕ ДЕСЕРТ ГРИС ХАЛВА 190г 6М+","10905","64","1.05",""
"32901","ДИА-СИ , Ихтиман, ул.Стефан Стамболов 1","СЛЪНЧО-ПЮРЕ БАНАНИ С ГРИС 190г","10906","64","1.15",""
"32901","ДИА-СИ , Ихтиман, ул.Стефан Стамболов 1","СЛЪНЧО-МЛЕЧНА КАША БАНАН С БИСКВИТА 190г","10907","64","1.15",""
"32901","ДИА-СИ , Ихтиман, ул.Стефан Стамболов 1","СЛЪНЧО- ПЮРЕ КРЕМ ОТ РОЖКОВ СЛАДЪК СЪН 190г","10908","64","1.15",""
"32901","ДИА-СИ , Ихтиман, ул.Стефан Стамболов 1","СЛЪНЧО-ПЮРЕ КРЕМ С БИСКВИТИ 190г","10909","64","1.15",""
"32901","ДИА-СИ , Ихтиман, ул.Стефан Стамболов 1","СЛЪНЧО-ПЮРЕ ЗЪРНИН М 190г","10910","64","1.05",""
"32901","ДИА-СИ , Ихтиман, ул.Стефан Стамболов 1","СЛЪНЧО-ПЮРЕ ПЛОДОВ ДЕСЕРТ С ЕЛДА 190г","10911","64","1.15",""
"32901","ДИА-СИ , Ихтиман, ул.Стефан Стамболов 1","СЛЪНЧО-ПЮРЕ КРЕМ ВАНИЛИЯ 190г 6м+","10912","64","1.15",""
"32901","ДИА-СИ , Ихтиман, ул.Стефан Стамболов 1","СЛЪНЧО-ПЮРЕ ТЕЛЕШКО С ЕЛДА 190г 4М+","10914","64","1.11",""
"32901","ДИА-СИ , Ихтиман, ул.Стефан Стамболов 1","СЛЪНЧО-ОРИЗОВО-МЛЕЧНА КАША С 3 ПЛОДА 200г","10915","63","2.76",""
"32901","ДИА-СИ , Ихтиман, ул.Стефан Стамболов 1","СЛЪНЧО-ПЮРЕ СПАНАК С ОРИЗ 190г","10917","64","1.09",""
"32901","ДИА-СИ , Ихтиман, ул.Стефан Стамболов 1","СЛЪНЧО- БИО ПЮРЕ БАНАН И СЛИВА 190г","10950","64","1.30",""
"32901","ДИА-СИ , Ихтиман, ул.Стефан Стамболов 1","КРЕМ САПУН 75г МОЯТА ПРИРОДА","10998","83","0.71",""
"32901","ДИА-СИ , Ихтиман, ул.Стефан Стамболов 1","КРАВЕ СИРЕНЕ ПЕНДАР БДС-кг-","11010","8","5.87",""
"32901","ДИА-СИ , Ихтиман, ул.Стефан Стамболов 1","ДОМАТИ ЦЕЛИ НЕБЕЛЕНИ ФИОРЕ  680г","11020","48","1.07",""
"32901","ДИА-СИ , Ихтиман, ул.Стефан Стамболов 1","ШПЕК САНДВИЧ БОНИ 330г","11047","28","3.71","3.22"
"32901","ДИА-СИ , Ихтиман, ул.Стефан Стамболов 1","ПИЛЕШКО ФИЛЕ ГРАДУС МИНИ ОПАК","11076","16","8.48",""
"32901","ДИА-СИ , Ихтиман, ул.Стефан Стамболов 1","БУРГАС МАДЖАРОВ Ф70 300г","11097","28","4.95",""
"32901","ДИА-СИ , Ихтиман, ул.Стефан Стамболов 1","КИСЕЛО МЛЯКО САЯНА3.6% 400г","11303","7","0.67",""
"32901","ДИА-СИ , Ихтиман, ул.Стефан Стамболов 1","САПУН АРОМА 75г","11314","83","0.43",""
"32901","ДИА-СИ , Ихтиман, ул.Стефан Стамболов 1","СВИНСКИ ВРАТ БЕЗ КОСТ Испания","11326","21","4.89",""
"32901","ДИА-СИ , Ихтиман, ул.Стефан Стамболов 1","СВИНСКО МЕСО ЗА ГОТВЕНЕ България","11338","22","4.59",""
"32901","ДИА-СИ , Ихтиман, ул.Стефан Стамболов 1","ПРЕСЕН ШПЕК ЧИЧОВЦИ 410Г","11344","28","2.81",""
"32901","ДИА-СИ , Ихтиман, ул.Стефан Стамболов 1","ЧИЧОВЦИ БУРГАС 400г","11401","28","2.86",""
"32901","ДИА-СИ , Ихтиман, ул.Стефан Стамболов 1","СВИНСКА ПЛЕШКА БЕЗ КОСТ България","11430","18","3.89",""
"32901","ДИА-СИ , Ихтиман, ул.Стефан Стамболов 1","БУРГАС КЕН 260г","11480","28","3.04",""
"32901","ДИА-СИ , Ихтиман, ул.Стефан Стамболов 1","КАФЕ ЕДУШО ЕСПРЕСО КЛАСИК НА ЗЪРНА 1КГ","11481","71","19.33",""
"32901","ДИА-СИ , Ихтиман, ул.Стефан Стамболов 1","КРАВЕ КАШКАВАЛ РОЖЕН-кг-","11483","10","9.39",""
