Населено място,Търговски обект,Наименование на продукта,Код на продукта,Категория,Цена на дребно,Цена в промоция
68134,DN SHOP – УЛ. АКАДЕМИК ДМИТРИЙ ЛИХАЧОВ 26 1,Хляб Добруджа 830г.,47141,1,1.28,
68134,"DN SHOP – ЖК. ОБЕЛЯ 1, БЛОК 122Б",Хляб Добруджа 830г.,47141,1,1.28,
68134,DN SHOP – УЛ. АКАДЕМИК ДМИТРИЙ ЛИХАЧОВ 26 1,Хляб Добруджа 500г. без ГМО,47142,1,1.02,
68134,"DN SHOP – ЖК. ОБЕЛЯ 1, БЛОК 122Б",Хляб Добруджа 500г. без ГМО,47142,1,1.02,
68134,DN SHOP – УЛ. ТЪРНОВО 27,Братя Пееви дом.кисело мляко 3.8 500гр,46001,7,1.74,
68134,DN SHOP – БУЛ. ПАНЧО ВЛАДИГЕРОВ 23,Братя Пееви дом.кисело мляко 3.8 500гр,46001,7,1.74,
68134,DN SHOP – УЛ. ОПЪЛЧЕНСКА 108,Братя Пееви дом.кисело мляко 3.8 500гр,46001,7,1.74,
68134,DN SHOP – УЛ. АКАДЕМИК ДМИТРИЙ ЛИХАЧОВ 26 1,Братя Пееви дом.кисело мляко 3.8 500гр,46001,7,1.74,
68134,"DN SHOP – ЖК. ОБЕЛЯ 1, БЛОК 122Б",Братя Пееви дом.кисело мляко 3.8 500гр,46001,7,1.74,
68134,DN SHOP – УЛ. ТЪРНОВО 27,Братя Пееви дом.сирене 460гр.,46002,9,5.27,
68134,DN SHOP – БУЛ. ПАНЧО ВЛАДИГЕРОВ 23,Братя Пееви дом.сирене 460гр.,46002,9,5.27,
68134,DN SHOP – УЛ. ОПЪЛЧЕНСКА 108,Братя Пееви дом.сирене 460гр.,46002,9,5.27,
68134,DN SHOP – УЛ. АКАДЕМИК ДМИТРИЙ ЛИХАЧОВ 26 1,Братя Пееви дом.сирене 460гр.,46002,9,5.27,
68134,"DN SHOP – ЖК. ОБЕЛЯ 1, БЛОК 122Б",Братя Пееви дом.сирене 460гр.,46002,9,5.27,
68134,DN SHOP – УЛ. ТЪРНОВО 27,Мургаш сирене краве 400гр.,47032,9,4.7,
68134,DN SHOP – УЛ. ОПЪЛЧЕНСКА 108,Мургаш сирене краве 400гр.,47032,9,4.7,
68134,DN SHOP – УЛ. АКАДЕМИК ДМИТРИЙ ЛИХАЧОВ 26 1,Мургаш сирене краве 400гр.,47032,9,4.7,
68134,"DN SHOP – ЖК. ОБЕЛЯ 1, БЛОК 122Б",Мургаш сирене краве 400гр.,47032,9,4.7,
68134,DN SHOP – УЛ. ТЪРНОВО 27,Мургаш кашкавал 200гр.,47041,11,3.12,
68134,DN SHOP – УЛ. ОПЪЛЧЕНСКА 108,Мургаш кашкавал 200гр.,47041,11,3.12,
68134,DN SHOP – УЛ. АКАДЕМИК ДМИТРИЙ ЛИХАЧОВ 26 1,Мургаш кашкавал 200гр.,47041,11,3.12,
68134,"DN SHOP – ЖК. ОБЕЛЯ 1, БЛОК 122Б",Мургаш кашкавал 200гр.,47041,11,3.12,
68134,DN SHOP – УЛ. ТЪРНОВО 27,Мургаш кашкавал 400гр.,47042,11,5.98,
68134,DN SHOP – УЛ. ОПЪЛЧЕНСКА 108,Мургаш кашкавал 400гр.,47042,11,5.98,
68134,DN SHOP – УЛ. АКАДЕМИК ДМИТРИЙ ЛИХАЧОВ 26 1,Мургаш кашкавал 400гр.,47042,11,5.98,
68134,"DN SHOP – ЖК. ОБЕЛЯ 1, БЛОК 122Б",Мургаш кашкавал 400гр.,47042,11,5.98,
68134,DN SHOP – УЛ. ТЪРНОВО 27,Братя Пееви кашкавал 460гр.,46003,11,6.54,
68134,DN SHOP – БУЛ. ПАНЧО ВЛАДИГЕРОВ 23,Братя Пееви кашкавал 460гр.,46003,11,6.54,
68134,DN SHOP – УЛ. ОПЪЛЧЕНСКА 108,Братя Пееви кашкавал 460гр.,46003,11,6.54,
68134,DN SHOP – УЛ. АКАДЕМИК ДМИТРИЙ ЛИХАЧОВ 26 1,Братя Пееви кашкавал 460гр.,46003,11,6.54,
68134,"DN SHOP – ЖК. ОБЕЛЯ 1, БЛОК 122Б",Братя Пееви кашкавал 460гр.,46003,11,6.54,
68134,DN SHOP – УЛ. ТЪРНОВО 27,Масло крава голяма,46021,12,4.29,
68134,DN SHOP – БУЛ. ПАНЧО ВЛАДИГЕРОВ 23,Масло крава голяма,46021,12,4.29,
68134,DN SHOP – УЛ. 117 № 2,Масло крава голяма,46021,12,4.29,
68134,DN SHOP – УЛ. ОПЪЛЧЕНСКА 108,Масло крава голяма,46021,12,4.29,
68134,DN SHOP – УЛ. АКАДЕМИК ДМИТРИЙ ЛИХАЧОВ 26 1,Масло крава голяма,46021,12,4.29,
68134,"DN SHOP – ЖК. ОБЕЛЯ 1, БЛОК 122Б",Масло крава голяма,46021,12,4.29,
68134,DN SHOP – УЛ. ТЪРНОВО 27,Яйца 6-ца L,46023,32,1.79,
68134,DN SHOP – УЛ. ОПЪЛЧЕНСКА 108,Яйца 6-ца L,46023,32,1.79,
68134,DN SHOP – УЛ. АКАДЕМИК ДМИТРИЙ ЛИХАЧОВ 26 1,Яйца 6-ца L,46023,32,1.79,
68134,"DN SHOP – ЖК. ОБЕЛЯ 1, БЛОК 122Б",Яйца 6-ца L,46023,32,1.79,
68134,DN SHOP – УЛ. АКАДЕМИК ДМИТРИЙ ЛИХАЧОВ 26 1,СПЕКТЪР МАКАРОНИ 500ГР Х 10,47361,36,1.38,
68134,"DN SHOP – ЖК. ОБЕЛЯ 1, БЛОК 122Б",СПЕКТЪР МАКАРОНИ 500ГР Х 10,47361,36,1.38,
68134,DN SHOP – УЛ. АКАДЕМИК ДМИТРИЙ ЛИХАЧОВ 26 1,СПЕКТЪР СПАГЕТИ 500ГР Х 10,47363,37,1.38,
68134,"DN SHOP – ЖК. ОБЕЛЯ 1, БЛОК 122Б",СПЕКТЪР СПАГЕТИ 500ГР Х 10,47363,37,1.38,
68134,DN SHOP – УЛ. ТЪРНОВО 27,ЗАХАР СЛАДЕЯ 1КГХ10,47224,38,1.28,
68134,DN SHOP – БУЛ. ПАНЧО ВЛАДИГЕРОВ 23,ЗАХАР СЛАДЕЯ 1КГХ10,47224,38,1.28,
68134,DN SHOP – УЛ. 117 № 2,ЗАХАР СЛАДЕЯ 1КГХ10,47224,38,1.28,
68134,DN SHOP – УЛ. ОПЪЛЧЕНСКА 108,ЗАХАР СЛАДЕЯ 1КГХ10,47224,38,1.28,
68134,DN SHOP – УЛ. АКАДЕМИК ДМИТРИЙ ЛИХАЧОВ 26 1,ЗАХАР СЛАДЕЯ 1КГХ10,47224,38,1.28,
68134,"DN SHOP – ЖК. ОБЕЛЯ 1, БЛОК 122Б",ЗАХАР СЛАДЕЯ 1КГХ10,47224,38,1.28,
68134,DN SHOP – УЛ. АКАДЕМИК ДМИТРИЙ ЛИХАЧОВ 26 1,СОЛ ОРБЕЛ 1КГх10,47230,39,0.77,
68134,"DN SHOP – ЖК. ОБЕЛЯ 1, БЛОК 122Б",СОЛ ОРБЕЛ 1КГх10,47230,39,0.77,
68134,DN SHOP – УЛ. АКАДЕМИК ДМИТРИЙ ЛИХАЧОВ 26 1,СОФИЯ МЕЛ БРАШНО КЛАСИК 1КГх10,47237,40,1.18,
68134,"DN SHOP – ЖК. ОБЕЛЯ 1, БЛОК 122Б",СОФИЯ МЕЛ БРАШНО КЛАСИК 1КГх10,47237,40,1.18,
68134,DN SHOP – УЛ. АКАДЕМИК ДМИТРИЙ ЛИХАЧОВ 26 1,ОЛИО КАЛИАКРА 1Л Х 6,47341,42,2.4,
68134,"DN SHOP – ЖК. ОБЕЛЯ 1, БЛОК 122Б",ОЛИО КАЛИАКРА 1Л Х 6,47341,42,2.4,
68134,DN SHOP – УЛ. АКАДЕМИК ДМИТРИЙ ЛИХАЧОВ 26 1,ОЦЕТ КУЛИНАР ВИНЕН Х12,47343,44,1.28,
68134,"DN SHOP – ЖК. ОБЕЛЯ 1, БЛОК 122Б",ОЦЕТ КУЛИНАР ВИНЕН Х12,47343,44,1.28,
68134,DN SHOP – УЛ. АКАДЕМИК ДМИТРИЙ ЛИХАЧОВ 26 1,ОЦЕТ КУЛИНАР ЯБЪЛКОВ Х12,47344,45,1.33,
68134,"DN SHOP – ЖК. ОБЕЛЯ 1, БЛОК 122Б",ОЦЕТ КУЛИНАР ЯБЪЛКОВ Х12,47344,45,1.33,
68134,DN SHOP – УЛ. ТЪРНОВО 27,ИСИДА/ОБЕРОН ДОМАТИ 0.400 КУБЧЕТА х6,47255,48,1.07,
68134,DN SHOP – БУЛ. ПАНЧО ВЛАДИГЕРОВ 23,ИСИДА/ОБЕРОН ДОМАТИ 0.400 КУБЧЕТА х6,47255,48,1.07,
68134,DN SHOP – УЛ. 117 № 2,ИСИДА/ОБЕРОН ДОМАТИ 0.400 КУБЧЕТА х6,47255,48,1.07,
68134,DN SHOP – УЛ. ОПЪЛЧЕНСКА 108,ИСИДА/ОБЕРОН ДОМАТИ 0.400 КУБЧЕТА х6,47255,48,1.07,
68134,DN SHOP – УЛ. АКАДЕМИК ДМИТРИЙ ЛИХАЧОВ 26 1,ИСИДА/ОБЕРОН ДОМАТИ 0.400 КУБЧЕТА х6,47255,48,1.07,
68134,"DN SHOP – ЖК. ОБЕЛЯ 1, БЛОК 122Б",ИСИДА/ОБЕРОН ДОМАТИ 0.400 КУБЧЕТА х6,47255,48,1.07,
68134,DN SHOP – УЛ. ТЪРНОВО 27,Роден край обик. б-ти. 120гр.,1641,66,0.77,
68134,DN SHOP – БУЛ. ПАНЧО ВЛАДИГЕРОВ 23,Роден край обик. б-ти. 120гр.,1641,66,0.77,
68134,DN SHOP – УЛ. 117 № 2,Роден край обик. б-ти. 120гр.,1641,66,0.77,
68134,DN SHOP – УЛ. ОПЪЛЧЕНСКА 108,Роден край обик. б-ти. 120гр.,1641,66,0.77,
68134,DN SHOP – УЛ. АКАДЕМИК ДМИТРИЙ ЛИХАЧОВ 26 1,Роден край обик. б-ти. 120гр.,1641,66,0.77,
68134,"DN SHOP – ЖК. ОБЕЛЯ 1, БЛОК 122Б",Роден край обик. б-ти. 120гр.,1641,66,0.77,
68134,DN SHOP – УЛ. ТЪРНОВО 27,Макс дабъл лешник 92г.,1117,67,0.81,
68134,DN SHOP – БУЛ. ПАНЧО ВЛАДИГЕРОВ 23,Макс дабъл лешник 92г.,1117,67,0.81,
68134,DN SHOP – УЛ. 117 № 2,Макс дабъл лешник 92г.,1117,67,0.81,
68134,DN SHOP – УЛ. ОПЪЛЧЕНСКА 108,Макс дабъл лешник 92г.,1117,67,0.81,
68134,DN SHOP – УЛ. АКАДЕМИК ДМИТРИЙ ЛИХАЧОВ 26 1,Макс дабъл лешник 92г.,1117,67,0.81,
68134,"DN SHOP – ЖК. ОБЕЛЯ 1, БЛОК 122Б",Макс дабъл лешник 92г.,1117,67,0.81,
68134,DN SHOP – УЛ. ТЪРНОВО 27,Супер макс кроасан с какао 110г. 18,1112,67,1.17,
68134,DN SHOP – БУЛ. ПАНЧО ВЛАДИГЕРОВ 23,Супер макс кроасан с какао 110г. 18,1112,67,1.17,
68134,DN SHOP – УЛ. 117 № 2,Супер макс кроасан с какао 110г. 18,1112,67,1.17,
68134,DN SHOP – УЛ. ОПЪЛЧЕНСКА 108,Супер макс кроасан с какао 110г. 18,1112,67,1.17,
68134,DN SHOP – УЛ. АКАДЕМИК ДМИТРИЙ ЛИХАЧОВ 26 1,Супер макс кроасан с какао 110г. 18,1112,67,1.17,
68134,"DN SHOP – ЖК. ОБЕЛЯ 1, БЛОК 122Б",Супер макс кроасан с какао 110г. 18,1112,67,1.17,
68134,DN SHOP – УЛ. ТЪРНОВО 27,Лото кроасан с какаов крем 50гр.,404,67,0.36,
68134,DN SHOP – БУЛ. ПАНЧО ВЛАДИГЕРОВ 23,Лото кроасан с какаов крем 50гр.,404,67,0.36,
68134,DN SHOP – УЛ. 117 № 2,Лото кроасан с какаов крем 50гр.,404,67,0.36,
68134,DN SHOP – УЛ. ОПЪЛЧЕНСКА 108,Лото кроасан с какаов крем 50гр.,404,67,0.36,
68134,DN SHOP – УЛ. АКАДЕМИК ДМИТРИЙ ЛИХАЧОВ 26 1,Лото кроасан с какаов крем 50гр.,404,67,0.36,
68134,"DN SHOP – ЖК. ОБЕЛЯ 1, БЛОК 122Б",Лото кроасан с какаов крем 50гр.,404,67,0.36,
68134,DN SHOP – УЛ. ТЪРНОВО 27,Лото кроасан с шампанско 110гр.,399,67,0.66,
68134,DN SHOP – БУЛ. ПАНЧО ВЛАДИГЕРОВ 23,Лото кроасан с шампанско 110гр.,399,67,0.66,
68134,DN SHOP – УЛ. 117 № 2,Лото кроасан с шампанско 110гр.,399,67,0.66,
68134,DN SHOP – УЛ. ОПЪЛЧЕНСКА 108,Лото кроасан с шампанско 110гр.,399,67,0.66,
68134,DN SHOP – УЛ. АКАДЕМИК ДМИТРИЙ ЛИХАЧОВ 26 1,Лото кроасан с шампанско 110гр.,399,67,0.66,
68134,"DN SHOP – ЖК. ОБЕЛЯ 1, БЛОК 122Б",Лото кроасан с шампанско 110гр.,399,67,0.66,
68134,DN SHOP – УЛ. ТЪРНОВО 27,Милка Кроасан Ванилия 50гр. 14,1124,67,1.18,
68134,DN SHOP – БУЛ. ПАНЧО ВЛАДИГЕРОВ 23,Милка Кроасан Ванилия 50гр. 14,1124,67,1.18,
68134,DN SHOP – УЛ. 117 № 2,Милка Кроасан Ванилия 50гр. 14,1124,67,1.18,
68134,DN SHOP – УЛ. ОПЪЛЧЕНСКА 108,Милка Кроасан Ванилия 50гр. 14,1124,67,1.18,
68134,DN SHOP – УЛ. АКАДЕМИК ДМИТРИЙ ЛИХАЧОВ 26 1,Милка Кроасан Ванилия 50гр. 14,1124,67,1.18,
68134,"DN SHOP – ЖК. ОБЕЛЯ 1, БЛОК 122Б",Милка Кроасан Ванилия 50гр. 14,1124,67,1.18,
68134,DN SHOP – УЛ. ТЪРНОВО 27,Милка ш-д 100гр. млечен 25,1436,69,1.43,
68134,DN SHOP – БУЛ. ПАНЧО ВЛАДИГЕРОВ 23,Милка ш-д 100гр. млечен 25,1436,69,1.43,
68134,DN SHOP – УЛ. 117 № 2,Милка ш-д 100гр. млечен 25,1436,69,1.43,
68134,DN SHOP – УЛ. ОПЪЛЧЕНСКА 108,Милка ш-д 100гр. млечен 25,1436,69,1.43,
68134,DN SHOP – УЛ. АКАДЕМИК ДМИТРИЙ ЛИХАЧОВ 26 1,Милка ш-д 100гр. млечен 25,1436,69,1.43,
68134,"DN SHOP – ЖК. ОБЕЛЯ 1, БЛОК 122Б",Милка ш-д 100гр. млечен 25,1436,69,1.43,
68134,DN SHOP – УЛ. ТЪРНОВО 27,Фин млечен 80 гр. 25,1529,69,1.17,
68134,DN SHOP – БУЛ. ПАНЧО ВЛАДИГЕРОВ 23,Фин млечен 80 гр. 25,1529,69,1.17,
68134,DN SHOP – УЛ. 117 № 2,Фин млечен 80 гр. 25,1529,69,1.17,
68134,DN SHOP – УЛ. ОПЪЛЧЕНСКА 108,Фин млечен 80 гр. 25,1529,69,1.17,
68134,DN SHOP – УЛ. АКАДЕМИК ДМИТРИЙ ЛИХАЧОВ 26 1,Фин млечен 80 гр. 25,1529,69,1.17,
68134,"DN SHOP – ЖК. ОБЕЛЯ 1, БЛОК 122Б",Фин млечен 80 гр. 25,1529,69,1.17,
68134,DN SHOP – УЛ. ТЪРНОВО 27,АЕРО млечен шоколад 5,2641,69,1.32,
68134,DN SHOP – БУЛ. ПАНЧО ВЛАДИГЕРОВ 23,АЕРО млечен шоколад 5,2641,69,1.32,
68134,DN SHOP – УЛ. 117 № 2,АЕРО млечен шоколад 5,2641,69,1.32,
68134,DN SHOP – УЛ. ОПЪЛЧЕНСКА 108,АЕРО млечен шоколад 5,2641,69,1.32,
68134,DN SHOP – УЛ. АКАДЕМИК ДМИТРИЙ ЛИХАЧОВ 26 1,АЕРО млечен шоколад 5,2641,69,1.32,
68134,"DN SHOP – ЖК. ОБЕЛЯ 1, БЛОК 122Б",АЕРО млечен шоколад 5,2641,69,1.32,
68134,DN SHOP – УЛ. ТЪРНОВО 27,Лакми Млечен 90гр.-9143-24,2653,69,1.12,1
68134,DN SHOP – БУЛ. ПАНЧО ВЛАДИГЕРОВ 23,Лакми Млечен 90гр.-9143-24,2653,69,1.12,1
68134,DN SHOP – УЛ. 117 № 2,Лакми Млечен 90гр.-9143-24,2653,69,1.12,1
68134,DN SHOP – УЛ. ОПЪЛЧЕНСКА 108,Лакми Млечен 90гр.-9143-24,2653,69,1.12,1
68134,DN SHOP – УЛ. АКАДЕМИК ДМИТРИЙ ЛИХАЧОВ 26 1,Лакми Млечен 90гр.-9143-24,2653,69,1.12,1
68134,"DN SHOP – ЖК. ОБЕЛЯ 1, БЛОК 122Б",Лакми Млечен 90гр.-9143-24,2653,69,1.12,1
68134,DN SHOP – УЛ. ТЪРНОВО 27,Линдт Линдор млечен 100гр. червен,2021,69,3.57,
68134,DN SHOP – БУЛ. ПАНЧО ВЛАДИГЕРОВ 23,Линдт Линдор млечен 100гр. червен,2021,69,3.57,
68134,DN SHOP – УЛ. 117 № 2,Линдт Линдор млечен 100гр. червен,2021,69,3.57,
68134,DN SHOP – УЛ. ОПЪЛЧЕНСКА 108,Линдт Линдор млечен 100гр. червен,2021,69,3.57,
68134,DN SHOP – УЛ. АКАДЕМИК ДМИТРИЙ ЛИХАЧОВ 26 1,Линдт Линдор млечен 100гр. червен,2021,69,3.57,
68134,"DN SHOP – ЖК. ОБЕЛЯ 1, БЛОК 122Б",Линдт Линдор млечен 100гр. червен,2021,69,3.57,
68134,DN SHOP – УЛ. ТЪРНОВО 27,Йон млечен с бадеми ш-д,1982,69,2.66,
68134,DN SHOP – БУЛ. ПАНЧО ВЛАДИГЕРОВ 23,Йон млечен с бадеми ш-д,1982,69,2.66,
68134,DN SHOP – УЛ. 117 № 2,Йон млечен с бадеми ш-д,1982,69,2.66,
68134,DN SHOP – УЛ. ОПЪЛЧЕНСКА 108,Йон млечен с бадеми ш-д,1982,69,2.66,
68134,DN SHOP – УЛ. АКАДЕМИК ДМИТРИЙ ЛИХАЧОВ 26 1,Йон млечен с бадеми ш-д,1982,69,2.66,
68134,"DN SHOP – ЖК. ОБЕЛЯ 1, БЛОК 122Б",Йон млечен с бадеми ш-д,1982,69,2.66,
68134,DN SHOP – УЛ. ТЪРНОВО 27,Тоблерон 100 гр.,1493,69,3.32,
68134,DN SHOP – БУЛ. ПАНЧО ВЛАДИГЕРОВ 23,Тоблерон 100 гр.,1493,69,3.32,
68134,DN SHOP – УЛ. 117 № 2,Тоблерон 100 гр.,1493,69,3.32,
68134,DN SHOP – УЛ. ОПЪЛЧЕНСКА 108,Тоблерон 100 гр.,1493,69,3.32,
68134,DN SHOP – УЛ. АКАДЕМИК ДМИТРИЙ ЛИХАЧОВ 26 1,Тоблерон 100 гр.,1493,69,3.32,
68134,"DN SHOP – ЖК. ОБЕЛЯ 1, БЛОК 122Б",Тоблерон 100 гр.,1493,69,3.32,
68134,DN SHOP – УЛ. ТЪРНОВО 27,Н.Бразилия джезве 200 гр,104,70,4.5,3.93
68134,DN SHOP – БУЛ. ПАНЧО ВЛАДИГЕРОВ 23,Н.Бразилия джезве 200 гр,104,70,4.5,3.93
68134,DN SHOP – УЛ. 117 № 2,Н.Бразилия джезве 200 гр,104,70,4.5,3.93
68134,DN SHOP – УЛ. ОПЪЛЧЕНСКА 108,Н.Бразилия джезве 200 гр,104,70,4.5,3.93
68134,DN SHOP – УЛ. АКАДЕМИК ДМИТРИЙ ЛИХАЧОВ 26 1,Н.Бразилия джезве 200 гр,104,70,4.5,3.93
68134,"DN SHOP – ЖК. ОБЕЛЯ 1, БЛОК 122Б",Н.Бразилия джезве 200 гр,104,70,4.5,3.93
68134,DN SHOP – УЛ. ТЪРНОВО 27,Н.Бразилия мляно 200 гр,102,70,4.5,3.93
68134,DN SHOP – БУЛ. ПАНЧО ВЛАДИГЕРОВ 23,Н.Бразилия мляно 200 гр,102,70,4.5,3.93
68134,DN SHOP – УЛ. 117 № 2,Н.Бразилия мляно 200 гр,102,70,4.5,3.93
68134,DN SHOP – УЛ. ОПЪЛЧЕНСКА 108,Н.Бразилия мляно 200 гр,102,70,4.5,3.93
68134,DN SHOP – УЛ. АКАДЕМИК ДМИТРИЙ ЛИХАЧОВ 26 1,Н.Бразилия мляно 200 гр,102,70,4.5,3.93
68134,"DN SHOP – ЖК. ОБЕЛЯ 1, БЛОК 122Б",Н.Бразилия мляно 200 гр,102,70,4.5,3.93
68134,DN SHOP – УЛ. ТЪРНОВО 27,Бианчи Фемили Д оро класик 250гр.,182,70,5.88,
68134,DN SHOP – БУЛ. ПАНЧО ВЛАДИГЕРОВ 23,Бианчи Фемили Д оро класик 250гр.,182,70,5.88,
68134,DN SHOP – УЛ. 117 № 2,Бианчи Фемили Д оро класик 250гр.,182,70,5.88,
68134,DN SHOP – УЛ. ОПЪЛЧЕНСКА 108,Бианчи Фемили Д оро класик 250гр.,182,70,5.88,
68134,DN SHOP – УЛ. АКАДЕМИК ДМИТРИЙ ЛИХАЧОВ 26 1,Бианчи Фемили Д оро класик 250гр.,182,70,5.88,
68134,"DN SHOP – ЖК. ОБЕЛЯ 1, БЛОК 122Б",Бианчи Фемили Д оро класик 250гр.,182,70,5.88,
68134,DN SHOP – УЛ. ТЪРНОВО 27,Бианчи Фемили Д оро БК 250гр.,185,70,7.41,
68134,DN SHOP – БУЛ. ПАНЧО ВЛАДИГЕРОВ 23,Бианчи Фемили Д оро БК 250гр.,185,70,7.41,
68134,DN SHOP – УЛ. 117 № 2,Бианчи Фемили Д оро БК 250гр.,185,70,7.41,
68134,DN SHOP – УЛ. ОПЪЛЧЕНСКА 108,Бианчи Фемили Д оро БК 250гр.,185,70,7.41,
68134,DN SHOP – УЛ. АКАДЕМИК ДМИТРИЙ ЛИХАЧОВ 26 1,Бианчи Фемили Д оро БК 250гр.,185,70,7.41,
68134,"DN SHOP – ЖК. ОБЕЛЯ 1, БЛОК 122Б",Бианчи Фемили Д оро БК 250гр.,185,70,7.41,
68134,DN SHOP – УЛ. ТЪРНОВО 27,Бианчи Неро Файн арома  250гр.,186,70,6.8,
68134,DN SHOP – БУЛ. ПАНЧО ВЛАДИГЕРОВ 23,Бианчи Неро Файн арома  250гр.,186,70,6.8,
68134,DN SHOP – УЛ. 117 № 2,Бианчи Неро Файн арома  250гр.,186,70,6.8,
68134,DN SHOP – УЛ. ОПЪЛЧЕНСКА 108,Бианчи Неро Файн арома  250гр.,186,70,6.8,
68134,DN SHOP – УЛ. АКАДЕМИК ДМИТРИЙ ЛИХАЧОВ 26 1,Бианчи Неро Файн арома  250гр.,186,70,6.8,
68134,"DN SHOP – ЖК. ОБЕЛЯ 1, БЛОК 122Б",Бианчи Неро Файн арома  250гр.,186,70,6.8,
68134,DN SHOP – УЛ. ТЪРНОВО 27,Бианчи Фемили Д оро интенс 250гр.,188,70,5.22,
68134,DN SHOP – БУЛ. ПАНЧО ВЛАДИГЕРОВ 23,Бианчи Фемили Д оро интенс 250гр.,188,70,5.22,
68134,DN SHOP – УЛ. 117 № 2,Бианчи Фемили Д оро интенс 250гр.,188,70,5.22,
68134,DN SHOP – УЛ. ОПЪЛЧЕНСКА 108,Бианчи Фемили Д оро интенс 250гр.,188,70,5.22,
68134,DN SHOP – УЛ. АКАДЕМИК ДМИТРИЙ ЛИХАЧОВ 26 1,Бианчи Фемили Д оро интенс 250гр.,188,70,5.22,
68134,"DN SHOP – ЖК. ОБЕЛЯ 1, БЛОК 122Б",Бианчи Фемили Д оро интенс 250гр.,188,70,5.22,
68134,DN SHOP – УЛ. ТЪРНОВО 27,Лаваца 250гр. роса,162,70,7.52,
68134,DN SHOP – БУЛ. ПАНЧО ВЛАДИГЕРОВ 23,Лаваца 250гр. роса,162,70,7.52,
68134,DN SHOP – УЛ. 117 № 2,Лаваца 250гр. роса,162,70,7.52,
68134,DN SHOP – УЛ. ОПЪЛЧЕНСКА 108,Лаваца 250гр. роса,162,70,7.52,
68134,DN SHOP – УЛ. АКАДЕМИК ДМИТРИЙ ЛИХАЧОВ 26 1,Лаваца 250гр. роса,162,70,7.52,
68134,"DN SHOP – ЖК. ОБЕЛЯ 1, БЛОК 122Б",Лаваца 250гр. роса,162,70,7.52,
68134,DN SHOP – УЛ. ТЪРНОВО 27,Лаваца 250гр.вакуум crema e gusto,161,70,6.03,
68134,DN SHOP – БУЛ. ПАНЧО ВЛАДИГЕРОВ 23,Лаваца 250гр.вакуум crema e gusto,161,70,6.03,
68134,DN SHOP – УЛ. 117 № 2,Лаваца 250гр.вакуум crema e gusto,161,70,6.03,
68134,DN SHOP – УЛ. ОПЪЛЧЕНСКА 108,Лаваца 250гр.вакуум crema e gusto,161,70,6.03,
68134,DN SHOP – УЛ. АКАДЕМИК ДМИТРИЙ ЛИХАЧОВ 26 1,Лаваца 250гр.вакуум crema e gusto,161,70,6.03,
68134,"DN SHOP – ЖК. ОБЕЛЯ 1, БЛОК 122Б",Лаваца 250гр.вакуум crema e gusto,161,70,6.03,
68134,DN SHOP – УЛ. ТЪРНОВО 27,Лаваца Крема Арома 1кг.,171,71,28.17,
68134,DN SHOP – БУЛ. ПАНЧО ВЛАДИГЕРОВ 23,Лаваца Крема Арома 1кг.,171,71,28.17,
68134,DN SHOP – УЛ. 117 № 2,Лаваца Крема Арома 1кг.,171,71,28.17,
68134,DN SHOP – УЛ. ОПЪЛЧЕНСКА 108,Лаваца Крема Арома 1кг.,171,71,28.17,
68134,DN SHOP – УЛ. АКАДЕМИК ДМИТРИЙ ЛИХАЧОВ 26 1,Лаваца Крема Арома 1кг.,171,71,28.17,
68134,"DN SHOP – ЖК. ОБЕЛЯ 1, БЛОК 122Б",Лаваца Крема Арома 1кг.,171,71,28.17,
68134,DN SHOP – УЛ. ТЪРНОВО 27,Лаваца Куалита Роса 1кг.,172,71,26.69,
68134,DN SHOP – БУЛ. ПАНЧО ВЛАДИГЕРОВ 23,Лаваца Куалита Роса 1кг.,172,71,26.69,
68134,DN SHOP – УЛ. 117 № 2,Лаваца Куалита Роса 1кг.,172,71,26.69,
68134,DN SHOP – УЛ. ОПЪЛЧЕНСКА 108,Лаваца Куалита Роса 1кг.,172,71,26.69,
68134,DN SHOP – УЛ. АКАДЕМИК ДМИТРИЙ ЛИХАЧОВ 26 1,Лаваца Куалита Роса 1кг.,172,71,26.69,
68134,"DN SHOP – ЖК. ОБЕЛЯ 1, БЛОК 122Б",Лаваца Куалита Роса 1кг.,172,71,26.69,
68134,DN SHOP – УЛ. ТЪРНОВО 27,кафе Бианчи 1кг,39,71,25.05,
68134,DN SHOP – БУЛ. ПАНЧО ВЛАДИГЕРОВ 23,кафе Бианчи 1кг,39,71,25.05,
68134,DN SHOP – УЛ. 117 № 2,кафе Бианчи 1кг,39,71,25.05,
68134,DN SHOP – УЛ. ОПЪЛЧЕНСКА 108,кафе Бианчи 1кг,39,71,25.05,
68134,DN SHOP – УЛ. АКАДЕМИК ДМИТРИЙ ЛИХАЧОВ 26 1,кафе Бианчи 1кг,39,71,25.05,
68134,"DN SHOP – ЖК. ОБЕЛЯ 1, БЛОК 122Б",кафе Бианчи 1кг,39,71,25.05,
68134,DN SHOP – УЛ. ТЪРНОВО 27,ЧАЙ Биопрограма Алпинист,84,72,0.97,
68134,DN SHOP – БУЛ. ПАНЧО ВЛАДИГЕРОВ 23,ЧАЙ Биопрограма Алпинист,84,72,0.97,
68134,DN SHOP – УЛ. 117 № 2,ЧАЙ Биопрограма Алпинист,84,72,0.97,
68134,DN SHOP – УЛ. ОПЪЛЧЕНСКА 108,ЧАЙ Биопрограма Алпинист,84,72,0.97,
68134,DN SHOP – УЛ. АКАДЕМИК ДМИТРИЙ ЛИХАЧОВ 26 1,ЧАЙ Биопрограма Алпинист,84,72,0.97,
68134,"DN SHOP – ЖК. ОБЕЛЯ 1, БЛОК 122Б",ЧАЙ Биопрограма Алпинист,84,72,0.97,
68134,DN SHOP – УЛ. ТЪРНОВО 27,Загорка 2л.,15037,74,1.53,
68134,DN SHOP – БУЛ. ПАНЧО ВЛАДИГЕРОВ 23,Загорка 2л.,15037,74,1.53,
68134,DN SHOP – УЛ. 117 № 2,Загорка 2л.,15037,74,1.53,
68134,DN SHOP – УЛ. ОПЪЛЧЕНСКА 108,Загорка 2л.,15037,74,1.53,
68134,DN SHOP – УЛ. АКАДЕМИК ДМИТРИЙ ЛИХАЧОВ 26 1,Загорка 2л.,15037,74,1.53,
68134,"DN SHOP – ЖК. ОБЕЛЯ 1, БЛОК 122Б",Загорка 2л.,15037,74,1.53,
68134,DN SHOP – УЛ. ТЪРНОВО 27,Астика 2л.,15465,74,1.43,
68134,DN SHOP – БУЛ. ПАНЧО ВЛАДИГЕРОВ 23,Астика 2л.,15465,74,1.43,
68134,DN SHOP – УЛ. 117 № 2,Астика 2л.,15465,74,1.43,
68134,DN SHOP – УЛ. ОПЪЛЧЕНСКА 108,Астика 2л.,15465,74,1.43,
68134,DN SHOP – УЛ. АКАДЕМИК ДМИТРИЙ ЛИХАЧОВ 26 1,Астика 2л.,15465,74,1.43,
68134,"DN SHOP – ЖК. ОБЕЛЯ 1, БЛОК 122Б",Астика 2л.,15465,74,1.43,
68134,DN SHOP – УЛ. ТЪРНОВО 27,Кинг 80 червен 6.00,30301,78,3.07,
68134,DN SHOP – БУЛ. ПАНЧО ВЛАДИГЕРОВ 23,Кинг 80 червен 6.00,30301,78,3.07,
68134,DN SHOP – УЛ. 117 № 2,Кинг 80 червен 6.00,30301,78,3.07,
68134,DN SHOP – УЛ. ОПЪЛЧЕНСКА 108,Кинг 80 червен 6.00,30301,78,3.07,
68134,DN SHOP – УЛ. АКАДЕМИК ДМИТРИЙ ЛИХАЧОВ 26 1,Кинг 80 червен 6.00,30301,78,3.07,
68134,"DN SHOP – ЖК. ОБЕЛЯ 1, БЛОК 122Б",Кинг 80 червен 6.00,30301,78,3.07,
68134,DN SHOP – УЛ. ТЪРНОВО 27,Кинг 100 червен 6.00,30302,78,3.07,
68134,DN SHOP – БУЛ. ПАНЧО ВЛАДИГЕРОВ 23,Кинг 100 червен 6.00,30302,78,3.07,
68134,DN SHOP – УЛ. 117 № 2,Кинг 100 червен 6.00,30302,78,3.07,
68134,DN SHOP – УЛ. ОПЪЛЧЕНСКА 108,Кинг 100 червен 6.00,30302,78,3.07,
68134,DN SHOP – УЛ. АКАДЕМИК ДМИТРИЙ ЛИХАЧОВ 26 1,Кинг 100 червен 6.00,30302,78,3.07,
68134,"DN SHOP – ЖК. ОБЕЛЯ 1, БЛОК 122Б",Кинг 100 червен 6.00,30302,78,3.07,
68134,DN SHOP – УЛ. ТЪРНОВО 27,Кинг карбон неон 6.00,30303,78,3.07,
68134,DN SHOP – БУЛ. ПАНЧО ВЛАДИГЕРОВ 23,Кинг карбон неон 6.00,30303,78,3.07,
68134,DN SHOP – УЛ. 117 № 2,Кинг карбон неон 6.00,30303,78,3.07,
68134,DN SHOP – УЛ. ОПЪЛЧЕНСКА 108,Кинг карбон неон 6.00,30303,78,3.07,
68134,DN SHOP – УЛ. АКАДЕМИК ДМИТРИЙ ЛИХАЧОВ 26 1,Кинг карбон неон 6.00,30303,78,3.07,
68134,"DN SHOP – ЖК. ОБЕЛЯ 1, БЛОК 122Б",Кинг карбон неон 6.00,30303,78,3.07,
68134,DN SHOP – УЛ. ТЪРНОВО 27,Кинг ONYX 100 червен 6.20,30306,78,3.17,
68134,DN SHOP – БУЛ. ПАНЧО ВЛАДИГЕРОВ 23,Кинг ONYX 100 червен 6.20,30306,78,3.17,
68134,DN SHOP – УЛ. 117 № 2,Кинг ONYX 100 червен 6.20,30306,78,3.17,
68134,DN SHOP – УЛ. ОПЪЛЧЕНСКА 108,Кинг ONYX 100 червен 6.20,30306,78,3.17,
68134,DN SHOP – УЛ. АКАДЕМИК ДМИТРИЙ ЛИХАЧОВ 26 1,Кинг ONYX 100 червен 6.20,30306,78,3.17,
68134,"DN SHOP – ЖК. ОБЕЛЯ 1, БЛОК 122Б",Кинг ONYX 100 червен 6.20,30306,78,3.17,
68134,DN SHOP – УЛ. ТЪРНОВО 27,Кинг ONYX 100 син 6.20,30307,78,3.17,
68134,DN SHOP – БУЛ. ПАНЧО ВЛАДИГЕРОВ 23,Кинг ONYX 100 син 6.20,30307,78,3.17,
68134,DN SHOP – УЛ. 117 № 2,Кинг ONYX 100 син 6.20,30307,78,3.17,
68134,DN SHOP – УЛ. ОПЪЛЧЕНСКА 108,Кинг ONYX 100 син 6.20,30307,78,3.17,
68134,DN SHOP – УЛ. АКАДЕМИК ДМИТРИЙ ЛИХАЧОВ 26 1,Кинг ONYX 100 син 6.20,30307,78,3.17,
68134,"DN SHOP – ЖК. ОБЕЛЯ 1, БЛОК 122Б",Кинг ONYX 100 син 6.20,30307,78,3.17,
68134,DN SHOP – УЛ. ТЪРНОВО 27,Кинг ONYX Denim centrio 6.20,30308,78,3.17,
68134,DN SHOP – БУЛ. ПАНЧО ВЛАДИГЕРОВ 23,Кинг ONYX Denim centrio 6.20,30308,78,3.17,
68134,DN SHOP – УЛ. 117 № 2,Кинг ONYX Denim centrio 6.20,30308,78,3.17,
68134,DN SHOP – УЛ. ОПЪЛЧЕНСКА 108,Кинг ONYX Denim centrio 6.20,30308,78,3.17,
68134,DN SHOP – УЛ. АКАДЕМИК ДМИТРИЙ ЛИХАЧОВ 26 1,Кинг ONYX Denim centrio 6.20,30308,78,3.17,
68134,"DN SHOP – ЖК. ОБЕЛЯ 1, БЛОК 122Б",Кинг ONYX Denim centrio 6.20,30308,78,3.17,
68134,DN SHOP – УЛ. ТЪРНОВО 27,Кинг ONYX Sky centrio 6.20,30309,78,3.17,
68134,DN SHOP – БУЛ. ПАНЧО ВЛАДИГЕРОВ 23,Кинг ONYX Sky centrio 6.20,30309,78,3.17,
68134,DN SHOP – УЛ. 117 № 2,Кинг ONYX Sky centrio 6.20,30309,78,3.17,
68134,DN SHOP – УЛ. ОПЪЛЧЕНСКА 108,Кинг ONYX Sky centrio 6.20,30309,78,3.17,
68134,DN SHOP – УЛ. АКАДЕМИК ДМИТРИЙ ЛИХАЧОВ 26 1,Кинг ONYX Sky centrio 6.20,30309,78,3.17,
68134,"DN SHOP – ЖК. ОБЕЛЯ 1, БЛОК 122Б",Кинг ONYX Sky centrio 6.20,30309,78,3.17,
68134,DN SHOP – УЛ. ТЪРНОВО 27,Кинг SOLIIDFILTER BLUE 100 6.00,30310,78,3.07,
68134,DN SHOP – БУЛ. ПАНЧО ВЛАДИГЕРОВ 23,Кинг SOLIIDFILTER BLUE 100 6.00,30310,78,3.07,
68134,DN SHOP – УЛ. 117 № 2,Кинг SOLIIDFILTER BLUE 100 6.00,30310,78,3.07,
68134,DN SHOP – УЛ. ОПЪЛЧЕНСКА 108,Кинг SOLIIDFILTER BLUE 100 6.00,30310,78,3.07,
68134,DN SHOP – УЛ. АКАДЕМИК ДМИТРИЙ ЛИХАЧОВ 26 1,Кинг SOLIIDFILTER BLUE 100 6.00,30310,78,3.07,
68134,"DN SHOP – ЖК. ОБЕЛЯ 1, БЛОК 122Б",Кинг SOLIIDFILTER BLUE 100 6.00,30310,78,3.07,
68134,DN SHOP – УЛ. ТЪРНОВО 27,Мерилин розов 6.20,30321,78,3.17,
68134,DN SHOP – БУЛ. ПАНЧО ВЛАДИГЕРОВ 23,Мерилин розов 6.20,30321,78,3.17,
68134,DN SHOP – УЛ. 117 № 2,Мерилин розов 6.20,30321,78,3.17,
68134,DN SHOP – УЛ. ОПЪЛЧЕНСКА 108,Мерилин розов 6.20,30321,78,3.17,
68134,DN SHOP – УЛ. АКАДЕМИК ДМИТРИЙ ЛИХАЧОВ 26 1,Мерилин розов 6.20,30321,78,3.17,
68134,"DN SHOP – ЖК. ОБЕЛЯ 1, БЛОК 122Б",Мерилин розов 6.20,30321,78,3.17,
68134,DN SHOP – УЛ. ТЪРНОВО 27,Мерилин син Нова 6.20,30322,78,3.17,
68134,DN SHOP – БУЛ. ПАНЧО ВЛАДИГЕРОВ 23,Мерилин син Нова 6.20,30322,78,3.17,
68134,DN SHOP – УЛ. 117 № 2,Мерилин син Нова 6.20,30322,78,3.17,
68134,DN SHOP – УЛ. ОПЪЛЧЕНСКА 108,Мерилин син Нова 6.20,30322,78,3.17,
68134,DN SHOP – УЛ. АКАДЕМИК ДМИТРИЙ ЛИХАЧОВ 26 1,Мерилин син Нова 6.20,30322,78,3.17,
68134,"DN SHOP – ЖК. ОБЕЛЯ 1, БЛОК 122Б",Мерилин син Нова 6.20,30322,78,3.17,
68134,DN SHOP – УЛ. ТЪРНОВО 27,Мерилин уайт  6.20,30323,78,3.17,
68134,DN SHOP – БУЛ. ПАНЧО ВЛАДИГЕРОВ 23,Мерилин уайт  6.20,30323,78,3.17,
68134,DN SHOP – УЛ. 117 № 2,Мерилин уайт  6.20,30323,78,3.17,
68134,DN SHOP – УЛ. ОПЪЛЧЕНСКА 108,Мерилин уайт  6.20,30323,78,3.17,
68134,DN SHOP – УЛ. АКАДЕМИК ДМИТРИЙ ЛИХАЧОВ 26 1,Мерилин уайт  6.20,30323,78,3.17,
68134,"DN SHOP – ЖК. ОБЕЛЯ 1, БЛОК 122Б",Мерилин уайт  6.20,30323,78,3.17,
68134,DN SHOP – УЛ. ТЪРНОВО 27,Мерилин plus розов Нова 6.30,30327,78,3.22,
68134,DN SHOP – БУЛ. ПАНЧО ВЛАДИГЕРОВ 23,Мерилин plus розов Нова 6.30,30327,78,3.22,
68134,DN SHOP – УЛ. 117 № 2,Мерилин plus розов Нова 6.30,30327,78,3.22,
68134,DN SHOP – УЛ. ОПЪЛЧЕНСКА 108,Мерилин plus розов Нова 6.30,30327,78,3.22,
68134,DN SHOP – УЛ. АКАДЕМИК ДМИТРИЙ ЛИХАЧОВ 26 1,Мерилин plus розов Нова 6.30,30327,78,3.22,
68134,"DN SHOP – ЖК. ОБЕЛЯ 1, БЛОК 122Б",Мерилин plus розов Нова 6.30,30327,78,3.22,
68134,DN SHOP – УЛ. ТЪРНОВО 27,Мерилин  plus син 6.30,30328,78,3.22,
68134,DN SHOP – БУЛ. ПАНЧО ВЛАДИГЕРОВ 23,Мерилин  plus син 6.30,30328,78,3.22,
68134,DN SHOP – УЛ. 117 № 2,Мерилин  plus син 6.30,30328,78,3.22,
68134,DN SHOP – УЛ. ОПЪЛЧЕНСКА 108,Мерилин  plus син 6.30,30328,78,3.22,
68134,DN SHOP – УЛ. АКАДЕМИК ДМИТРИЙ ЛИХАЧОВ 26 1,Мерилин  plus син 6.30,30328,78,3.22,
68134,"DN SHOP – ЖК. ОБЕЛЯ 1, БЛОК 122Б",Мерилин  plus син 6.30,30328,78,3.22,
68134,DN SHOP – УЛ. ТЪРНОВО 27,Мерилин Crystal Pink 6.20,30329,78,3.17,
68134,DN SHOP – БУЛ. ПАНЧО ВЛАДИГЕРОВ 23,Мерилин Crystal Pink 6.20,30329,78,3.17,
68134,DN SHOP – УЛ. 117 № 2,Мерилин Crystal Pink 6.20,30329,78,3.17,
68134,DN SHOP – УЛ. ОПЪЛЧЕНСКА 108,Мерилин Crystal Pink 6.20,30329,78,3.17,
68134,DN SHOP – УЛ. АКАДЕМИК ДМИТРИЙ ЛИХАЧОВ 26 1,Мерилин Crystal Pink 6.20,30329,78,3.17,
68134,"DN SHOP – ЖК. ОБЕЛЯ 1, БЛОК 122Б",Мерилин Crystal Pink 6.20,30329,78,3.17,
68134,DN SHOP – УЛ. ТЪРНОВО 27,Мерилин Crystal Blue 6.20,30330,78,3.17,
68134,DN SHOP – БУЛ. ПАНЧО ВЛАДИГЕРОВ 23,Мерилин Crystal Blue 6.20,30330,78,3.17,
68134,DN SHOP – УЛ. 117 № 2,Мерилин Crystal Blue 6.20,30330,78,3.17,
68134,DN SHOP – УЛ. ОПЪЛЧЕНСКА 108,Мерилин Crystal Blue 6.20,30330,78,3.17,
68134,DN SHOP – УЛ. АКАДЕМИК ДМИТРИЙ ЛИХАЧОВ 26 1,Мерилин Crystal Blue 6.20,30330,78,3.17,
68134,"DN SHOP – ЖК. ОБЕЛЯ 1, БЛОК 122Б",Мерилин Crystal Blue 6.20,30330,78,3.17,
68134,DN SHOP – УЛ. ТЪРНОВО 27,Корсет лилав 6.70,30331,78,3.43,
68134,DN SHOP – БУЛ. ПАНЧО ВЛАДИГЕРОВ 23,Корсет лилав 6.70,30331,78,3.43,
68134,DN SHOP – УЛ. 117 № 2,Корсет лилав 6.70,30331,78,3.43,
68134,DN SHOP – УЛ. ОПЪЛЧЕНСКА 108,Корсет лилав 6.70,30331,78,3.43,
68134,DN SHOP – УЛ. АКАДЕМИК ДМИТРИЙ ЛИХАЧОВ 26 1,Корсет лилав 6.70,30331,78,3.43,
68134,"DN SHOP – ЖК. ОБЕЛЯ 1, БЛОК 122Б",Корсет лилав 6.70,30331,78,3.43,
68134,DN SHOP – УЛ. ТЪРНОВО 27,Корсет розов 6.00,30332,78,3.22,
68134,DN SHOP – БУЛ. ПАНЧО ВЛАДИГЕРОВ 23,Корсет розов 6.00,30332,78,3.22,
68134,DN SHOP – УЛ. 117 № 2,Корсет розов 6.00,30332,78,3.22,
68134,DN SHOP – УЛ. ОПЪЛЧЕНСКА 108,Корсет розов 6.00,30332,78,3.22,
68134,DN SHOP – УЛ. АКАДЕМИК ДМИТРИЙ ЛИХАЧОВ 26 1,Корсет розов 6.00,30332,78,3.22,
68134,"DN SHOP – ЖК. ОБЕЛЯ 1, БЛОК 122Б",Корсет розов 6.00,30332,78,3.22,
68134,DN SHOP – УЛ. ТЪРНОВО 27,Корсет White 6.70,30333,78,3.43,
68134,DN SHOP – БУЛ. ПАНЧО ВЛАДИГЕРОВ 23,Корсет White 6.70,30333,78,3.43,
68134,DN SHOP – УЛ. 117 № 2,Корсет White 6.70,30333,78,3.43,
68134,DN SHOP – УЛ. ОПЪЛЧЕНСКА 108,Корсет White 6.70,30333,78,3.43,
68134,DN SHOP – УЛ. АКАДЕМИК ДМИТРИЙ ЛИХАЧОВ 26 1,Корсет White 6.70,30333,78,3.43,
68134,"DN SHOP – ЖК. ОБЕЛЯ 1, БЛОК 122Б",Корсет White 6.70,30333,78,3.43,
68134,DN SHOP – УЛ. ТЪРНОВО 27,Корсет табакера Pearl Shell 6.00,30337,78,3.07,
68134,DN SHOP – БУЛ. ПАНЧО ВЛАДИГЕРОВ 23,Корсет табакера Pearl Shell 6.00,30337,78,3.07,
68134,DN SHOP – УЛ. 117 № 2,Корсет табакера Pearl Shell 6.00,30337,78,3.07,
68134,DN SHOP – УЛ. ОПЪЛЧЕНСКА 108,Корсет табакера Pearl Shell 6.00,30337,78,3.07,
68134,DN SHOP – УЛ. АКАДЕМИК ДМИТРИЙ ЛИХАЧОВ 26 1,Корсет табакера Pearl Shell 6.00,30337,78,3.07,
68134,"DN SHOP – ЖК. ОБЕЛЯ 1, БЛОК 122Б",Корсет табакера Pearl Shell 6.00,30337,78,3.07,
68134,DN SHOP – УЛ. ТЪРНОВО 27,Корсет табакера Marine 6.30,30339,78,3.22,
68134,DN SHOP – БУЛ. ПАНЧО ВЛАДИГЕРОВ 23,Корсет табакера Marine 6.30,30339,78,3.22,
68134,DN SHOP – УЛ. 117 № 2,Корсет табакера Marine 6.30,30339,78,3.22,
68134,DN SHOP – УЛ. ОПЪЛЧЕНСКА 108,Корсет табакера Marine 6.30,30339,78,3.22,
68134,DN SHOP – УЛ. АКАДЕМИК ДМИТРИЙ ЛИХАЧОВ 26 1,Корсет табакера Marine 6.30,30339,78,3.22,
68134,"DN SHOP – ЖК. ОБЕЛЯ 1, БЛОК 122Б",Корсет табакера Marine 6.30,30339,78,3.22,
68134,DN SHOP – УЛ. ТЪРНОВО 27,Корсет табакера Black Pearl Shell 6.30,30340,78,3.22,
68134,DN SHOP – БУЛ. ПАНЧО ВЛАДИГЕРОВ 23,Корсет табакера Black Pearl Shell 6.30,30340,78,3.22,
68134,DN SHOP – УЛ. 117 № 2,Корсет табакера Black Pearl Shell 6.30,30340,78,3.22,
68134,DN SHOP – УЛ. ОПЪЛЧЕНСКА 108,Корсет табакера Black Pearl Shell 6.30,30340,78,3.22,
68134,DN SHOP – УЛ. АКАДЕМИК ДМИТРИЙ ЛИХАЧОВ 26 1,Корсет табакера Black Pearl Shell 6.30,30340,78,3.22,
68134,"DN SHOP – ЖК. ОБЕЛЯ 1, БЛОК 122Б",Корсет табакера Black Pearl Shell 6.30,30340,78,3.22,
68134,DN SHOP – УЛ. АКАДЕМИК ДМИТРИЙ ЛИХАЧОВ 26 1,ВЕРО ФЕЯ БАЛСАМ 0.450 ОРХИДЕЯ Х 3,77781,79,1.07,
68134,"DN SHOP – ЖК. ОБЕЛЯ 1, БЛОК 122Б",ВЕРО ФЕЯ БАЛСАМ 0.450 ОРХИДЕЯ Х 3,77781,79,1.07,
68134,DN SHOP – УЛ. АКАДЕМИК ДМИТРИЙ ЛИХАЧОВ 26 1,ДУАЛ ВЕРО 1Л. AGRUMI  Х 3,77787,79,2.91,
68134,"DN SHOP – ЖК. ОБЕЛЯ 1, БЛОК 122Б",ДУАЛ ВЕРО 1Л. AGRUMI  Х 3,77787,79,2.91,
68134,DN SHOP – УЛ. АКАДЕМИК ДМИТРИЙ ЛИХАЧОВ 26 1,МЕДИКС ВЕРО 0.500 КЛАСИК /ЗЕЛЕН/ВИОЛЕТ  Х 3,77789,79,0.77,
68134,"DN SHOP – ЖК. ОБЕЛЯ 1, БЛОК 122Б",МЕДИКС ВЕРО 0.500 КЛАСИК /ЗЕЛЕН/ВИОЛЕТ  Х 3,77789,79,0.77,
68134,DN SHOP – УЛ. АКАДЕМИК ДМИТРИЙ ЛИХАЧОВ 26 1,ЧЗ КОЛГЕЙТ CLASSIC DEEP CLEAN/СЕНС СОФТ X 6,77649,80,0.72,
68134,"DN SHOP – ЖК. ОБЕЛЯ 1, БЛОК 122Б",ЧЗ КОЛГЕЙТ CLASSIC DEEP CLEAN/СЕНС СОФТ X 6,77649,80,0.72,
68134,DN SHOP – УЛ. АКАДЕМИК ДМИТРИЙ ЛИХАЧОВ 26 1,ПЗ 75МЛ КОЛГЕЙТ ЗАЩИТА ОТ КАРИЕС Х 3,77641,81,1.18,
68134,"DN SHOP – ЖК. ОБЕЛЯ 1, БЛОК 122Б",ПЗ 75МЛ КОЛГЕЙТ ЗАЩИТА ОТ КАРИЕС Х 3,77641,81,1.18,
68134,DN SHOP – УЛ. АКАДЕМИК ДМИТРИЙ ЛИХАЧОВ 26 1,ПЗ 75МЛ КОЛГЕЙТ ИЗБЕЛВАЩА Х 3,77643,81,1.28,
68134,"DN SHOP – ЖК. ОБЕЛЯ 1, БЛОК 122Б",ПЗ 75МЛ КОЛГЕЙТ ИЗБЕЛВАЩА Х 3,77643,81,1.28,
68134,DN SHOP – УЛ. АКАДЕМИК ДМИТРИЙ ЛИХАЧОВ 26 1,ПЗ 75МЛ КОЛГЕЙТ ТРИПЪЛ ЕКШЪН Х 3,77644,81,1.23,
68134,"DN SHOP – ЖК. ОБЕЛЯ 1, БЛОК 122Б",ПЗ 75МЛ КОЛГЕЙТ ТРИПЪЛ ЕКШЪН Х 3,77644,81,1.23,
68134,DN SHOP – УЛ. АКАДЕМИК ДМИТРИЙ ЛИХАЧОВ 26 1,ПЗ КОЛГЕЙТ ДЕТСКА 50 МЛ ДЪВКА ТИГЪР 3,77645,81,1.07,
68134,"DN SHOP – ЖК. ОБЕЛЯ 1, БЛОК 122Б",ПЗ КОЛГЕЙТ ДЕТСКА 50 МЛ ДЪВКА ТИГЪР 3,77645,81,1.07,
68134,DN SHOP – УЛ. АКАДЕМИК ДМИТРИЙ ЛИХАЧОВ 26 1,ПЗ 75МЛ. КОЛГЕЙТ CHARCOAL 3,77646,81,2.05,
68134,"DN SHOP – ЖК. ОБЕЛЯ 1, БЛОК 122Б",ПЗ 75МЛ. КОЛГЕЙТ CHARCOAL 3,77646,81,2.05,
68134,DN SHOP – УЛ. АКАДЕМИК ДМИТРИЙ ЛИХАЧОВ 26 1,ТЕО ШАМП.350МЛ МЪЖКИ 3в1 Х 3,77671,82,2.2,
68134,"DN SHOP – ЖК. ОБЕЛЯ 1, БЛОК 122Б",ТЕО ШАМП.350МЛ МЪЖКИ 3в1 Х 3,77671,82,2.2,
68134,DN SHOP – УЛ. АКАДЕМИК ДМИТРИЙ ЛИХАЧОВ 26 1,ШАМПОАН УОШ ЕНД ГОУ 400МЛ CLASSIC 2в1 Х 6,77678,82,2.76,
68134,"DN SHOP – ЖК. ОБЕЛЯ 1, БЛОК 122Б",ШАМПОАН УОШ ЕНД ГОУ 400МЛ CLASSIC 2в1 Х 6,77678,82,2.76,
68134,DN SHOP – УЛ. АКАДЕМИК ДМИТРИЙ ЛИХАЧОВ 26 1,ТЕО БУКЕТ САПУН 70Г ЕКЗОТИК X 5,77752,83,0.56,
68134,"DN SHOP – ЖК. ОБЕЛЯ 1, БЛОК 122Б",ТЕО БУКЕТ САПУН 70Г ЕКЗОТИК X 5,77752,83,0.56,
68134,DN SHOP – УЛ. АКАДЕМИК ДМИТРИЙ ЛИХАЧОВ 26 1,ДАВ САПУН 90 ГР REGULAR ТЪМНО СИН Х 5,77761,83,1.07,
68134,"DN SHOP – ЖК. ОБЕЛЯ 1, БЛОК 122Б",ДАВ САПУН 90 ГР REGULAR ТЪМНО СИН Х 5,77761,83,1.07,
68134,DN SHOP – УЛ. ТЪРНОВО 27,Мокри кърпички 15бр.,3497,84,0.26,
68134,DN SHOP – БУЛ. ПАНЧО ВЛАДИГЕРОВ 23,Мокри кърпички 15бр.,3497,84,0.26,
68134,DN SHOP – УЛ. 117 № 2,Мокри кърпички 15бр.,3497,84,0.26,
68134,DN SHOP – УЛ. ОПЪЛЧЕНСКА 108,Мокри кърпички 15бр.,3497,84,0.26,
68134,DN SHOP – УЛ. АКАДЕМИК ДМИТРИЙ ЛИХАЧОВ 26 1,Мокри кърпички 15бр.,3497,84,0.26,
68134,"DN SHOP – ЖК. ОБЕЛЯ 1, БЛОК 122Б",Мокри кърпички 15бр.,3497,84,0.26,
68134,DN SHOP – УЛ. ТЪРНОВО 27,МОКРИ КЪРПИ С КАПАК ЕКО 120БР Х 24,77822,84,1.02,
68134,DN SHOP – БУЛ. ПАНЧО ВЛАДИГЕРОВ 23,МОКРИ КЪРПИ С КАПАК ЕКО 120БР Х 24,77822,84,1.02,
68134,DN SHOP – УЛ. 117 № 2,МОКРИ КЪРПИ С КАПАК ЕКО 120БР Х 24,77822,84,1.02,
68134,DN SHOP – УЛ. ОПЪЛЧЕНСКА 108,МОКРИ КЪРПИ С КАПАК ЕКО 120БР Х 24,77822,84,1.02,
68134,DN SHOP – УЛ. АКАДЕМИК ДМИТРИЙ ЛИХАЧОВ 26 1,МОКРИ КЪРПИ С КАПАК ЕКО 120БР Х 24,77822,84,1.02,
68134,"DN SHOP – ЖК. ОБЕЛЯ 1, БЛОК 122Б",МОКРИ КЪРПИ С КАПАК ЕКО 120БР Х 24,77822,84,1.02,
68134,DN SHOP – УЛ. ТЪРНОВО 27,Етно  шардоне 0.75л.,5521,75,4.65,
68134,DN SHOP – БУЛ. ПАНЧО ВЛАДИГЕРОВ 23,Етно  шардоне 0.75л.,5521,75,4.65,
68134,DN SHOP – УЛ. 117 № 2,Етно  шардоне 0.75л.,5521,75,4.65,
68134,DN SHOP – УЛ. ОПЪЛЧЕНСКА 108,Етно  шардоне 0.75л.,5521,75,4.65,
68134,DN SHOP – УЛ. АКАДЕМИК ДМИТРИЙ ЛИХАЧОВ 26 1,Етно  шардоне 0.75л.,5521,75,4.65,
68134,"DN SHOP – ЖК. ОБЕЛЯ 1, БЛОК 122Б",Етно  шардоне 0.75л.,5521,75,4.65,
68134,DN SHOP – УЛ. ТЪРНОВО 27,Сайкъл Sauvignon Blanc 0.75л.,5531,75,5.98,
68134,DN SHOP – БУЛ. ПАНЧО ВЛАДИГЕРОВ 23,Сайкъл Sauvignon Blanc 0.75л.,5531,75,5.98,
68134,DN SHOP – УЛ. 117 № 2,Сайкъл Sauvignon Blanc 0.75л.,5531,75,5.98,
68134,DN SHOP – УЛ. ОПЪЛЧЕНСКА 108,Сайкъл Sauvignon Blanc 0.75л.,5531,75,5.98,
68134,DN SHOP – УЛ. АКАДЕМИК ДМИТРИЙ ЛИХАЧОВ 26 1,Сайкъл Sauvignon Blanc 0.75л.,5531,75,5.98,
68134,"DN SHOP – ЖК. ОБЕЛЯ 1, БЛОК 122Б",Сайкъл Sauvignon Blanc 0.75л.,5531,75,5.98,
68134,DN SHOP – УЛ. ТЪРНОВО 27,Сайкъл  Syrah 0.75л.,5543,76,5.98,
68134,DN SHOP – БУЛ. ПАНЧО ВЛАДИГЕРОВ 23,Сайкъл  Syrah 0.75л.,5543,76,5.98,
68134,DN SHOP – УЛ. 117 № 2,Сайкъл  Syrah 0.75л.,5543,76,5.98,
68134,DN SHOP – УЛ. ОПЪЛЧЕНСКА 108,Сайкъл  Syrah 0.75л.,5543,76,5.98,
68134,DN SHOP – УЛ. АКАДЕМИК ДМИТРИЙ ЛИХАЧОВ 26 1,Сайкъл  Syrah 0.75л.,5543,76,5.98,
68134,"DN SHOP – ЖК. ОБЕЛЯ 1, БЛОК 122Б",Сайкъл  Syrah 0.75л.,5543,76,5.98,
68134,DN SHOP – УЛ. ТЪРНОВО 27,Вила Ямбол шардоне 0.75л.,5611,75,4.4,
68134,DN SHOP – БУЛ. ПАНЧО ВЛАДИГЕРОВ 23,Вила Ямбол шардоне 0.75л.,5611,75,4.4,
68134,DN SHOP – УЛ. 117 № 2,Вила Ямбол шардоне 0.75л.,5611,75,4.4,
68134,DN SHOP – УЛ. ОПЪЛЧЕНСКА 108,Вила Ямбол шардоне 0.75л.,5611,75,4.4,
68134,DN SHOP – УЛ. АКАДЕМИК ДМИТРИЙ ЛИХАЧОВ 26 1,Вила Ямбол шардоне 0.75л.,5611,75,4.4,
68134,"DN SHOP – ЖК. ОБЕЛЯ 1, БЛОК 122Б",Вила Ямбол шардоне 0.75л.,5611,75,4.4,
68134,DN SHOP – УЛ. ТЪРНОВО 27,Вила Ямбол мерло 0.75л.,5614,75,4.4,
68134,DN SHOP – БУЛ. ПАНЧО ВЛАДИГЕРОВ 23,Вила Ямбол шардоне 0.75л.,5614,75,4.4,
68134,DN SHOP – УЛ. 117 № 2,Вила Ямбол шардоне 0.75л.,5614,75,4.4,
68134,DN SHOP – УЛ. ОПЪЛЧЕНСКА 108,Вила Ямбол шардоне 0.75л.,5614,75,4.4,
68134,DN SHOP – УЛ. АКАДЕМИК ДМИТРИЙ ЛИХАЧОВ 26 1,Вила Ямбол шардоне 0.75л.,5614,75,4.4,
68134,"DN SHOP – ЖК. ОБЕЛЯ 1, БЛОК 122Б",Вила Ямбол шардоне 0.75л.,5614,75,4.4,
68134,DN SHOP – УЛ. ТЪРНОВО 27,Верано Азур сов.блан 0.75л.,5631,75,6.03,5.62
68134,DN SHOP – БУЛ. ПАНЧО ВЛАДИГЕРОВ 23,Верано Азур сов.блан 0.75л.,5631,75,6.03,5.62
68134,DN SHOP – УЛ. 117 № 2,Верано Азур сов.блан 0.75л.,5631,75,6.03,5.62
68134,DN SHOP – УЛ. ОПЪЛЧЕНСКА 108,Верано Азур сов.блан 0.75л.,5631,75,6.03,5.62
68134,DN SHOP – УЛ. АКАДЕМИК ДМИТРИЙ ЛИХАЧОВ 26 1,Верано Азур сов.блан 0.75л.,5631,75,6.03,5.62
68134,"DN SHOP – ЖК. ОБЕЛЯ 1, БЛОК 122Б",Верано Азур сов.блан 0.75л.,5631,75,6.03,5.62
68134,DN SHOP – УЛ. ТЪРНОВО 27,Верано Азур червено 0.75л.,5633,76,6.03,5.62
68134,DN SHOP – БУЛ. ПАНЧО ВЛАДИГЕРОВ 23,Верано Азур червено 0.75л.,5633,76,6.03,5.62
68134,DN SHOP – УЛ. 117 № 2,Верано Азур червено 0.75л.,5633,76,6.03,5.62
68134,DN SHOP – УЛ. ОПЪЛЧЕНСКА 108,Верано Азур червено 0.75л.,5633,76,6.03,5.62
68134,DN SHOP – УЛ. АКАДЕМИК ДМИТРИЙ ЛИХАЧОВ 26 1,Верано Азур червено 0.75л.,5633,76,6.03,5.62
68134,"DN SHOP – ЖК. ОБЕЛЯ 1, БЛОК 122Б",Верано Азур червено 0.75л.,5633,76,6.03,5.62
68134,DN SHOP – УЛ. ТЪРНОВО 27,Пиксел сов. блан 0.75л.,5641,75,7.98,
68134,DN SHOP – БУЛ. ПАНЧО ВЛАДИГЕРОВ 23,Пиксел сов. блан 0.75л.,5641,75,7.98,
68134,DN SHOP – УЛ. 117 № 2,Пиксел сов. блан 0.75л.,5641,75,7.98,
68134,DN SHOP – УЛ. ОПЪЛЧЕНСКА 108,Пиксел сов. блан 0.75л.,5641,75,7.98,
68134,DN SHOP – УЛ. АКАДЕМИК ДМИТРИЙ ЛИХАЧОВ 26 1,Пиксел сов. блан 0.75л.,5641,75,7.98,
68134,"DN SHOP – ЖК. ОБЕЛЯ 1, БЛОК 122Б",Пиксел сов. блан 0.75л.,5641,75,7.98,
68134,DN SHOP – УЛ. ТЪРНОВО 27,Пиксел кабарне сов. 0.75л.,5644,76,7.98,
68134,DN SHOP – БУЛ. ПАНЧО ВЛАДИГЕРОВ 23,Пиксел кабарне сов. 0.75л.,5644,76,7.98,
68134,DN SHOP – УЛ. 117 № 2,Пиксел кабарне сов. 0.75л.,5644,76,7.98,
68134,DN SHOP – УЛ. ОПЪЛЧЕНСКА 108,Пиксел кабарне сов. 0.75л.,5644,76,7.98,
68134,DN SHOP – УЛ. АКАДЕМИК ДМИТРИЙ ЛИХАЧОВ 26 1,Пиксел кабарне сов. 0.75л.,5644,76,7.98,
68134,"DN SHOP – ЖК. ОБЕЛЯ 1, БЛОК 122Б",Пиксел кабарне сов. 0.75л.,5644,76,7.98,
68134,DN SHOP – УЛ. ТЪРНОВО 27,Фейс ту фейс совиньон блан 0.75л.,5661,75,13.6,
68134,DN SHOP – БУЛ. ПАНЧО ВЛАДИГЕРОВ 23,Фейс ту фейс совиньон блан 0.75л.,5661,75,13.6,
68134,DN SHOP – УЛ. 117 № 2,Фейс ту фейс совиньон блан 0.75л.,5661,75,13.6,
68134,DN SHOP – УЛ. ОПЪЛЧЕНСКА 108,Фейс ту фейс совиньон блан 0.75л.,5661,75,13.6,
68134,DN SHOP – УЛ. АКАДЕМИК ДМИТРИЙ ЛИХАЧОВ 26 1,Фейс ту фейс совиньон блан 0.75л.,5661,75,13.6,
68134,"DN SHOP – ЖК. ОБЕЛЯ 1, БЛОК 122Б",Фейс ту фейс совиньон блан 0.75л.,5661,75,13.6,
68134,DN SHOP – УЛ. ТЪРНОВО 27,Фейс ту фейс Купаж 0.75,5665,76,13.6,
68134,DN SHOP – БУЛ. ПАНЧО ВЛАДИГЕРОВ 23,Фейс ту фейс Купаж 0.75,5665,76,13.6,
68134,DN SHOP – УЛ. 117 № 2,Фейс ту фейс Купаж 0.75,5665,76,13.6,
68134,DN SHOP – УЛ. ОПЪЛЧЕНСКА 108,Фейс ту фейс Купаж 0.75,5665,76,13.6,
68134,DN SHOP – УЛ. АКАДЕМИК ДМИТРИЙ ЛИХАЧОВ 26 1,Фейс ту фейс Купаж 0.75,5665,76,13.6,
68134,"DN SHOP – ЖК. ОБЕЛЯ 1, БЛОК 122Б",Фейс ту фейс Купаж 0.75,5665,76,13.6,
68134,DN SHOP – УЛ. ТЪРНОВО 27,Кабиле шардоне 0.75л.,5672,75,6.95,
68134,DN SHOP – БУЛ. ПАНЧО ВЛАДИГЕРОВ 23,Кабиле шардоне 0.75л.,5672,75,6.95,
68134,DN SHOP – УЛ. 117 № 2,Кабиле шардоне 0.75л.,5672,75,6.95,
68134,DN SHOP – УЛ. ОПЪЛЧЕНСКА 108,Кабиле шардоне 0.75л.,5672,75,6.95,
68134,DN SHOP – УЛ. АКАДЕМИК ДМИТРИЙ ЛИХАЧОВ 26 1,Кабиле шардоне 0.75л.,5672,75,6.95,
68134,"DN SHOP – ЖК. ОБЕЛЯ 1, БЛОК 122Б",Кабиле шардоне 0.75л.,5672,75,6.95,
68134,DN SHOP – УЛ. ТЪРНОВО 27,Кабиле сира 0.75л.,5676,76,6.95,
68134,DN SHOP – БУЛ. ПАНЧО ВЛАДИГЕРОВ 23,Кабиле сира 0.75л.,5676,76,6.95,
68134,DN SHOP – УЛ. 117 № 2,Кабиле сира 0.75л.,5676,76,6.95,
68134,DN SHOP – УЛ. ОПЪЛЧЕНСКА 108,Кабиле сира 0.75л.,5676,76,6.95,
68134,DN SHOP – УЛ. АКАДЕМИК ДМИТРИЙ ЛИХАЧОВ 26 1,Кабиле сира 0.75л.,5676,76,6.95,
68134,"DN SHOP – ЖК. ОБЕЛЯ 1, БЛОК 122Б",Кабиле сира 0.75л.,5676,76,6.95,
68134,DN SHOP – УЛ. ТЪРНОВО 27,Кабиле резерва мерло 0.75,5678,76,8.64,
68134,DN SHOP – БУЛ. ПАНЧО ВЛАДИГЕРОВ 23,Кабиле резерва мерло 0.75,5678,76,8.64,
68134,DN SHOP – УЛ. 117 № 2,Кабиле резерва мерло 0.75,5678,76,8.64,
68134,DN SHOP – УЛ. ОПЪЛЧЕНСКА 108,Кабиле резерва мерло 0.75,5678,76,8.64,
68134,DN SHOP – УЛ. АКАДЕМИК ДМИТРИЙ ЛИХАЧОВ 26 1,Кабиле резерва мерло 0.75,5678,76,8.64,
68134,"DN SHOP – ЖК. ОБЕЛЯ 1, БЛОК 122Б",Кабиле резерва мерло 0.75,5678,76,8.64,
68134,DN SHOP – УЛ. ТЪРНОВО 27,Менада шардоне 0.75л.,5701,75,3.83,
68134,DN SHOP – БУЛ. ПАНЧО ВЛАДИГЕРОВ 23,Менада шардоне 0.75л.,5701,75,3.83,
68134,DN SHOP – УЛ. 117 № 2,Менада шардоне 0.75л.,5701,75,3.83,
68134,DN SHOP – УЛ. ОПЪЛЧЕНСКА 108,Менада шардоне 0.75л.,5701,75,3.83,
68134,DN SHOP – УЛ. АКАДЕМИК ДМИТРИЙ ЛИХАЧОВ 26 1,Менада шардоне 0.75л.,5701,75,3.83,
68134,"DN SHOP – ЖК. ОБЕЛЯ 1, БЛОК 122Б",Менада шардоне 0.75л.,5701,75,3.83,
68134,DN SHOP – УЛ. ТЪРНОВО 27,Менада мерло 0.75л.,5706,76,3.83,
68134,DN SHOP – БУЛ. ПАНЧО ВЛАДИГЕРОВ 23,Менада мерло 0.75л.,5706,76,3.83,
68134,DN SHOP – УЛ. 117 № 2,Менада мерло 0.75л.,5706,76,3.83,
68134,DN SHOP – УЛ. ОПЪЛЧЕНСКА 108,Менада мерло 0.75л.,5706,76,3.83,
68134,DN SHOP – УЛ. АКАДЕМИК ДМИТРИЙ ЛИХАЧОВ 26 1,Менада мерло 0.75л.,5706,76,3.83,
68134,"DN SHOP – ЖК. ОБЕЛЯ 1, БЛОК 122Б",Менада мерло 0.75л.,5706,76,3.83,
68134,DN SHOP – УЛ. ТЪРНОВО 27,Черга бяло 0.75л.,5725,75,5.11,
68134,DN SHOP – БУЛ. ПАНЧО ВЛАДИГЕРОВ 23,Черга бяло 0.75л.,5725,75,5.11,
68134,DN SHOP – УЛ. 117 № 2,Черга бяло 0.75л.,5725,75,5.11,
68134,DN SHOP – УЛ. ОПЪЛЧЕНСКА 108,Черга бяло 0.75л.,5725,75,5.11,
68134,DN SHOP – УЛ. АКАДЕМИК ДМИТРИЙ ЛИХАЧОВ 26 1,Черга бяло 0.75л.,5725,75,5.11,
68134,"DN SHOP – ЖК. ОБЕЛЯ 1, БЛОК 122Б",Черга бяло 0.75л.,5725,75,5.11,
68134,DN SHOP – УЛ. ТЪРНОВО 27,Черга червена 0.75л.,5727,76,5.11,
68134,DN SHOP – БУЛ. ПАНЧО ВЛАДИГЕРОВ 23,Черга червена 0.75л.,5727,76,5.11,
68134,DN SHOP – УЛ. 117 № 2,Черга червена 0.75л.,5727,76,5.11,
68134,DN SHOP – УЛ. ОПЪЛЧЕНСКА 108,Черга червена 0.75л.,5727,76,5.11,
68134,DN SHOP – УЛ. АКАДЕМИК ДМИТРИЙ ЛИХАЧОВ 26 1,Черга червена 0.75л.,5727,76,5.11,
68134,"DN SHOP – ЖК. ОБЕЛЯ 1, БЛОК 122Б",Черга червена 0.75л.,5727,76,5.11,
68134,DN SHOP – УЛ. ТЪРНОВО 27,Сакар бяло 0.75л.,5742,75,2.7,
68134,DN SHOP – БУЛ. ПАНЧО ВЛАДИГЕРОВ 23,Сакар бяло 0.75л.,5742,75,2.7,
68134,DN SHOP – УЛ. 117 № 2,Сакар бяло 0.75л.,5742,75,2.7,
68134,DN SHOP – УЛ. ОПЪЛЧЕНСКА 108,Сакар бяло 0.75л.,5742,75,2.7,
68134,DN SHOP – УЛ. АКАДЕМИК ДМИТРИЙ ЛИХАЧОВ 26 1,Сакар бяло 0.75л.,5742,75,2.7,
68134,"DN SHOP – ЖК. ОБЕЛЯ 1, БЛОК 122Б",Сакар бяло 0.75л.,5742,75,2.7,
68134,DN SHOP – УЛ. ТЪРНОВО 27,Сакар Червено 0.75л.,5743,76,2.7,
68134,DN SHOP – БУЛ. ПАНЧО ВЛАДИГЕРОВ 23,Сакар Червено 0.75л.,5743,76,2.7,
68134,DN SHOP – УЛ. 117 № 2,Сакар Червено 0.75л.,5743,76,2.7,
68134,DN SHOP – УЛ. ОПЪЛЧЕНСКА 108,Сакар Червено 0.75л.,5743,76,2.7,
68134,DN SHOP – УЛ. АКАДЕМИК ДМИТРИЙ ЛИХАЧОВ 26 1,Сакар Червено 0.75л.,5743,76,2.7,
68134,"DN SHOP – ЖК. ОБЕЛЯ 1, БЛОК 122Б",Сакар Червено 0.75л.,5743,76,2.7,
68134,DN SHOP – УЛ. ТЪРНОВО 27,Мезек сов.блан и пино гри 0.75л.,6101,75,6.14,
68134,DN SHOP – БУЛ. ПАНЧО ВЛАДИГЕРОВ 23,Мезек сов.блан и пино гри 0.75л.,6101,75,6.14,
68134,DN SHOP – УЛ. 117 № 2,Мезек сов.блан и пино гри 0.75л.,6101,75,6.14,
68134,DN SHOP – УЛ. ОПЪЛЧЕНСКА 108,Мезек сов.блан и пино гри 0.75л.,6101,75,6.14,
68134,DN SHOP – УЛ. АКАДЕМИК ДМИТРИЙ ЛИХАЧОВ 26 1,Мезек сов.блан и пино гри 0.75л.,6101,75,6.14,
68134,"DN SHOP – ЖК. ОБЕЛЯ 1, БЛОК 122Б",Мезек сов.блан и пино гри 0.75л.,6101,75,6.14,
68134,DN SHOP – УЛ. ТЪРНОВО 27,Мезек Мерло 0.75л.,6105,76,6.14,
68134,DN SHOP – БУЛ. ПАНЧО ВЛАДИГЕРОВ 23,Мезек Мерло 0.75л.,6105,76,6.14,
68134,DN SHOP – УЛ. 117 № 2,Мезек Мерло 0.75л.,6105,76,6.14,
68134,DN SHOP – УЛ. ОПЪЛЧЕНСКА 108,Мезек Мерло 0.75л.,6105,76,6.14,
68134,DN SHOP – УЛ. АКАДЕМИК ДМИТРИЙ ЛИХАЧОВ 26 1,Мезек Мерло 0.75л.,6105,76,6.14,
68134,"DN SHOP – ЖК. ОБЕЛЯ 1, БЛОК 122Б",Мезек Мерло 0.75л.,6105,76,6.14,
68134,DN SHOP – УЛ. ТЪРНОВО 27,Катаржина Шевал сов.блан 0.75л.,6075,75,6.14,
68134,DN SHOP – БУЛ. ПАНЧО ВЛАДИГЕРОВ 23,Катаржина Шевал сов.блан 0.75л.,6075,75,6.14,
68134,DN SHOP – УЛ. 117 № 2,Катаржина Шевал сов.блан 0.75л.,6075,75,6.14,
68134,DN SHOP – УЛ. ОПЪЛЧЕНСКА 108,Катаржина Шевал сов.блан 0.75л.,6075,75,6.14,
68134,DN SHOP – УЛ. АКАДЕМИК ДМИТРИЙ ЛИХАЧОВ 26 1,Катаржина Шевал сов.блан 0.75л.,6075,75,6.14,
68134,"DN SHOP – ЖК. ОБЕЛЯ 1, БЛОК 122Б",Катаржина Шевал сов.блан 0.75л.,6075,75,6.14,
68134,DN SHOP – УЛ. ТЪРНОВО 27,Катаржина Шевал Мерло 0.75л.,6077,76,6.14,
68134,DN SHOP – БУЛ. ПАНЧО ВЛАДИГЕРОВ 23,Катаржина Шевал Мерло 0.75л.,6077,76,6.14,
68134,DN SHOP – УЛ. 117 № 2,Катаржина Шевал Мерло 0.75л.,6077,76,6.14,
68134,DN SHOP – УЛ. ОПЪЛЧЕНСКА 108,Катаржина Шевал Мерло 0.75л.,6077,76,6.14,
68134,DN SHOP – УЛ. АКАДЕМИК ДМИТРИЙ ЛИХАЧОВ 26 1,Катаржина Шевал Мерло 0.75л.,6077,76,6.14,
68134,"DN SHOP – ЖК. ОБЕЛЯ 1, БЛОК 122Б",Катаржина Шевал Мерло 0.75л.,6077,76,6.14,
68134,DN SHOP – УЛ. ТЪРНОВО 27,Контемплейшън совиньон блан 0.75л.,6051,75,8.64,
68134,DN SHOP – БУЛ. ПАНЧО ВЛАДИГЕРОВ 23,Контемплейшън совиньон блан 0.75л.,6051,75,8.64,
68134,DN SHOP – УЛ. 117 № 2,Контемплейшън совиньон блан 0.75л.,6051,75,8.64,
68134,DN SHOP – УЛ. ОПЪЛЧЕНСКА 108,Контемплейшън совиньон блан 0.75л.,6051,75,8.64,
68134,DN SHOP – УЛ. АКАДЕМИК ДМИТРИЙ ЛИХАЧОВ 26 1,Контемплейшън совиньон блан 0.75л.,6051,75,8.64,
68134,"DN SHOP – ЖК. ОБЕЛЯ 1, БЛОК 122Б",Контемплейшън совиньон блан 0.75л.,6051,75,8.64,
68134,DN SHOP – УЛ. ТЪРНОВО 27,Контемплейшън мерло и малбек 0.75л. 9,6054,76,8.64,
68134,DN SHOP – БУЛ. ПАНЧО ВЛАДИГЕРОВ 23,Контемплейшън мерло и малбек 0.75л. 9,6054,76,8.64,
68134,DN SHOP – УЛ. 117 № 2,Контемплейшън мерло и малбек 0.75л. 9,6054,76,8.64,
68134,DN SHOP – УЛ. ОПЪЛЧЕНСКА 108,Контемплейшън мерло и малбек 0.75л. 9,6054,76,8.64,
68134,DN SHOP – УЛ. АКАДЕМИК ДМИТРИЙ ЛИХАЧОВ 26 1,Контемплейшън мерло и малбек 0.75л. 9,6054,76,8.64,
68134,"DN SHOP – ЖК. ОБЕЛЯ 1, БЛОК 122Б",Контемплейшън мерло и малбек 0.75л. 9,6054,76,8.64,
68134,DN SHOP – УЛ. ТЪРНОВО 27,Либера Совиньон 0.75л.,6012,75,7.66,
68134,DN SHOP – БУЛ. ПАНЧО ВЛАДИГЕРОВ 23,Либера Совиньон 0.75л.,6012,75,7.66,
68134,DN SHOP – УЛ. 117 № 2,Либера Совиньон 0.75л.,6012,75,7.66,
68134,DN SHOP – УЛ. ОПЪЛЧЕНСКА 108,Либера Совиньон 0.75л.,6012,75,7.66,
68134,DN SHOP – УЛ. АКАДЕМИК ДМИТРИЙ ЛИХАЧОВ 26 1,Либера Совиньон 0.75л.,6012,75,7.66,
68134,"DN SHOP – ЖК. ОБЕЛЯ 1, БЛОК 122Б",Либера Совиньон 0.75л.,6012,75,7.66,
68134,DN SHOP – УЛ. ТЪРНОВО 27,Либера Сира 0.75л.,6017,76,7.66,
68134,DN SHOP – БУЛ. ПАНЧО ВЛАДИГЕРОВ 23,Либера Сира 0.75л.,6017,76,7.66,
68134,DN SHOP – УЛ. 117 № 2,Либера Сира 0.75л.,6017,76,7.66,
68134,DN SHOP – УЛ. ОПЪЛЧЕНСКА 108,Либера Сира 0.75л.,6017,76,7.66,
68134,DN SHOP – УЛ. АКАДЕМИК ДМИТРИЙ ЛИХАЧОВ 26 1,Либера Сира 0.75л.,6017,76,7.66,
68134,"DN SHOP – ЖК. ОБЕЛЯ 1, БЛОК 122Б",Либера Сира 0.75л.,6017,75,7.66,
68134,DN SHOP – УЛ. ТЪРНОВО 27,Логодаж шардоне 0.75л.,6202,75,6.08,
68134,DN SHOP – БУЛ. ПАНЧО ВЛАДИГЕРОВ 23,Логодаж шардоне 0.75л.,6202,75,6.08,
68134,DN SHOP – УЛ. 117 № 2,Логодаж шардоне 0.75л.,6202,75,6.08,
68134,DN SHOP – УЛ. ОПЪЛЧЕНСКА 108,Логодаж шардоне 0.75л.,6202,75,6.08,
68134,DN SHOP – УЛ. АКАДЕМИК ДМИТРИЙ ЛИХАЧОВ 26 1,Логодаж шардоне 0.75л.,6202,75,6.08,
68134,"DN SHOP – ЖК. ОБЕЛЯ 1, БЛОК 122Б",Логодаж шардоне 0.75л.,6202,75,6.08,
68134,DN SHOP – УЛ. ТЪРНОВО 27,Логодаж ширас и кабарне сов. 0.75л.,6205,76,6.08,
68134,DN SHOP – БУЛ. ПАНЧО ВЛАДИГЕРОВ 23,Логодаж ширас и кабарне сов. 0.75л.,6205,76,6.08,
68134,DN SHOP – УЛ. 117 № 2,Логодаж ширас и кабарне сов. 0.75л.,6205,76,6.08,
68134,DN SHOP – УЛ. ОПЪЛЧЕНСКА 108,Логодаж ширас и кабарне сов. 0.75л.,6205,76,6.08,
68134,DN SHOP – УЛ. АКАДЕМИК ДМИТРИЙ ЛИХАЧОВ 26 1,Логодаж ширас и кабарне сов. 0.75л.,6205,76,6.08,
68134,"DN SHOP – ЖК. ОБЕЛЯ 1, БЛОК 122Б",Логодаж ширас и кабарне сов. 0.75л.,6205,76,6.08,
68134,DN SHOP – УЛ. ТЪРНОВО 27,Мелник бяло 0.75л.,6221,75,3.48,
68134,DN SHOP – БУЛ. ПАНЧО ВЛАДИГЕРОВ 23,Мелник бяло 0.75л.,6221,75,3.48,
68134,DN SHOP – УЛ. 117 № 2,Мелник бяло 0.75л.,6221,75,3.48,
68134,DN SHOP – УЛ. ОПЪЛЧЕНСКА 108,Мелник бяло 0.75л.,6221,75,3.48,
68134,DN SHOP – УЛ. АКАДЕМИК ДМИТРИЙ ЛИХАЧОВ 26 1,Мелник бяло 0.75л.,6221,75,3.48,
68134,"DN SHOP – ЖК. ОБЕЛЯ 1, БЛОК 122Б",Мелник бяло 0.75л.,6221,75,3.48,
68134,DN SHOP – УЛ. ТЪРНОВО 27,Нобиле сов.блан логодаж 0.75л.,6213,75,6.9,
68134,DN SHOP – БУЛ. ПАНЧО ВЛАДИГЕРОВ 23,Нобиле сов.блан логодаж 0.75л.,6213,75,6.9,
68134,DN SHOP – УЛ. 117 № 2,Нобиле сов.блан логодаж 0.75л.,6213,75,6.9,
68134,DN SHOP – УЛ. ОПЪЛЧЕНСКА 108,Нобиле сов.блан логодаж 0.75л.,6213,75,6.9,
68134,DN SHOP – УЛ. АКАДЕМИК ДМИТРИЙ ЛИХАЧОВ 26 1,Нобиле сов.блан логодаж 0.75л.,6213,75,6.9,
68134,"DN SHOP – ЖК. ОБЕЛЯ 1, БЛОК 122Б",Нобиле сов.блан логодаж 0.75л.,6213,75,6.9,
68134,DN SHOP – УЛ. ТЪРНОВО 27,Мелник червено 0.75л.,6223,76,3.48,
68134,DN SHOP – БУЛ. ПАНЧО ВЛАДИГЕРОВ 23,Мелник червено 0.75л.,6223,76,3.48,
68134,DN SHOP – УЛ. 117 № 2,Мелник червено 0.75л.,6223,76,3.48,
68134,DN SHOP – УЛ. ОПЪЛЧЕНСКА 108,Мелник червено 0.75л.,6223,76,3.48,
68134,DN SHOP – УЛ. АКАДЕМИК ДМИТРИЙ ЛИХАЧОВ 26 1,Мелник червено 0.75л.,6223,76,3.48,
68134,"DN SHOP – ЖК. ОБЕЛЯ 1, БЛОК 122Б",Мелник червено 0.75л.,6223,76,3.48,
68134,DN SHOP – УЛ. ТЪРНОВО 27,Пентаграм сов. блан 0.75л.,6501,75,4.95,
68134,DN SHOP – БУЛ. ПАНЧО ВЛАДИГЕРОВ 23,Пентаграм сов. блан 0.75л.,6501,75,4.95,
68134,DN SHOP – УЛ. 117 № 2,Пентаграм сов. блан 0.75л.,6501,75,4.95,
68134,DN SHOP – УЛ. ОПЪЛЧЕНСКА 108,Пентаграм сов. блан 0.75л.,6501,75,4.95,
68134,DN SHOP – УЛ. АКАДЕМИК ДМИТРИЙ ЛИХАЧОВ 26 1,Пентаграм сов. блан 0.75л.,6501,75,4.95,
68134,"DN SHOP – ЖК. ОБЕЛЯ 1, БЛОК 122Б",Пентаграм сов. блан 0.75л.,6501,75,4.95,
68134,DN SHOP – УЛ. ТЪРНОВО 27,Пентаграм мерло 0.75л.,6507,76,4.95,
68134,DN SHOP – БУЛ. ПАНЧО ВЛАДИГЕРОВ 23,Пентаграм мерло 0.75л.,6507,76,4.95,
68134,DN SHOP – УЛ. 117 № 2,Пентаграм мерло 0.75л.,6507,76,4.95,
68134,DN SHOP – УЛ. ОПЪЛЧЕНСКА 108,Пентаграм мерло 0.75л.,6507,76,4.95,
68134,DN SHOP – УЛ. АКАДЕМИК ДМИТРИЙ ЛИХАЧОВ 26 1,Пентаграм мерло 0.75л.,6507,76,4.95,
68134,"DN SHOP – ЖК. ОБЕЛЯ 1, БЛОК 122Б",Пентаграм мерло 0.75л.,6507,76,4.95,
68134,DN SHOP – УЛ. ТЪРНОВО 27,Печат мерло 0.75л.,6546,76,6.13,
68134,DN SHOP – БУЛ. ПАНЧО ВЛАДИГЕРОВ 23,Печат мерло 0.75л.,6546,76,6.13,
68134,DN SHOP – УЛ. 117 № 2,Печат мерло 0.75л.,6546,76,6.13,
68134,DN SHOP – УЛ. ОПЪЛЧЕНСКА 108,Печат мерло 0.75л.,6546,76,6.13,
68134,DN SHOP – УЛ. АКАДЕМИК ДМИТРИЙ ЛИХАЧОВ 26 1,Печат мерло 0.75л.,6546,76,6.13,
68134,"DN SHOP – ЖК. ОБЕЛЯ 1, БЛОК 122Б",Печат мерло 0.75л.,6546,76,6.13,
68134,DN SHOP – УЛ. ТЪРНОВО 27,Печат каб. совинъон 0.75л.,6547,76,6.13,
68134,DN SHOP – БУЛ. ПАНЧО ВЛАДИГЕРОВ 23,Печат каб. совинъон 0.75л.,6547,76,6.13,
68134,DN SHOP – УЛ. 117 № 2,Печат каб. совинъон 0.75л.,6547,76,6.13,
68134,DN SHOP – УЛ. ОПЪЛЧЕНСКА 108,Печат каб. совинъон 0.75л.,6547,76,6.13,
68134,DN SHOP – УЛ. АКАДЕМИК ДМИТРИЙ ЛИХАЧОВ 26 1,Печат каб. совинъон 0.75л.,6547,76,6.13,
68134,"DN SHOP – ЖК. ОБЕЛЯ 1, БЛОК 122Б",Печат каб. совинъон 0.75л.,6547,76,6.13,
68134,DN SHOP – УЛ. ТЪРНОВО 27,Раковина мерло 0.75л.,6555,76,3.63,
68134,DN SHOP – БУЛ. ПАНЧО ВЛАДИГЕРОВ 23,Раковина мерло 0.75л.,6555,76,3.63,
68134,DN SHOP – УЛ. 117 № 2,Раковина мерло 0.75л.,6555,76,3.63,
68134,DN SHOP – УЛ. ОПЪЛЧЕНСКА 108,Раковина мерло 0.75л.,6555,76,3.63,
68134,DN SHOP – УЛ. АКАДЕМИК ДМИТРИЙ ЛИХАЧОВ 26 1,Раковина мерло 0.75л.,6555,76,3.63,
68134,"DN SHOP – ЖК. ОБЕЛЯ 1, БЛОК 122Б",Раковина мерло 0.75л.,6555,76,3.63,
68134,DN SHOP – УЛ. ТЪРНОВО 27,Файнд Ми сов. блан 0.750л.,6557,75,7.66,
68134,DN SHOP – БУЛ. ПАНЧО ВЛАДИГЕРОВ 23,Файнд Ми сов. блан 0.750л.,6557,75,7.66,
68134,DN SHOP – УЛ. 117 № 2,Файнд Ми сов. блан 0.750л.,6557,75,7.66,
68134,DN SHOP – УЛ. ОПЪЛЧЕНСКА 108,Файнд Ми сов. блан 0.750л.,6557,75,7.66,
68134,DN SHOP – УЛ. АКАДЕМИК ДМИТРИЙ ЛИХАЧОВ 26 1,Файнд Ми сов. блан 0.750л.,6557,75,7.66,
68134,"DN SHOP – ЖК. ОБЕЛЯ 1, БЛОК 122Б",Файнд Ми сов. блан 0.750л.,6557,75,7.66,
68134,DN SHOP – УЛ. ТЪРНОВО 27,Ейнджъл сов.блан 0.75л.,6621,75,6.85,
68134,DN SHOP – БУЛ. ПАНЧО ВЛАДИГЕРОВ 23,Ейнджъл сов.блан 0.75л.,6621,75,6.85,
68134,DN SHOP – УЛ. 117 № 2,Ейнджъл сов.блан 0.75л.,6621,75,6.85,
68134,DN SHOP – УЛ. ОПЪЛЧЕНСКА 108,Ейнджъл сов.блан 0.75л.,6621,75,6.85,
68134,DN SHOP – УЛ. АКАДЕМИК ДМИТРИЙ ЛИХАЧОВ 26 1,Ейнджъл сов.блан 0.75л.,6621,75,6.85,
68134,"DN SHOP – ЖК. ОБЕЛЯ 1, БЛОК 122Б",Ейнджъл сов.блан 0.75л.,6621,75,6.85,
68134,DN SHOP – УЛ. ТЪРНОВО 27,Ейнджъл мерло 0.75л.,6623,76,6.85,
68134,DN SHOP – БУЛ. ПАНЧО ВЛАДИГЕРОВ 23,Ейнджъл мерло 0.75л.,6623,76,6.85,
68134,DN SHOP – УЛ. 117 № 2,Ейнджъл мерло 0.75л.,6623,76,6.85,
68134,DN SHOP – УЛ. ОПЪЛЧЕНСКА 108,Ейнджъл мерло 0.75л.,6623,76,6.85,
68134,DN SHOP – УЛ. АКАДЕМИК ДМИТРИЙ ЛИХАЧОВ 26 1,Ейнджъл мерло 0.75л.,6623,76,6.85,
68134,"DN SHOP – ЖК. ОБЕЛЯ 1, БЛОК 122Б",Ейнджъл мерло 0.75л.,6623,76,6.85,
68134,DN SHOP – УЛ. ТЪРНОВО 27,Тера Тангра Сов. блан 0.75л.,6631,75,9.15,
68134,DN SHOP – БУЛ. ПАНЧО ВЛАДИГЕРОВ 23,Тера Тангра Сов. блан 0.75л.,6631,75,9.15,
68134,DN SHOP – УЛ. 117 № 2,Тера Тангра Сов. блан 0.75л.,6631,75,9.15,
68134,DN SHOP – УЛ. ОПЪЛЧЕНСКА 108,Тера Тангра Сов. блан 0.75л.,6631,75,9.15,
68134,DN SHOP – УЛ. АКАДЕМИК ДМИТРИЙ ЛИХАЧОВ 26 1,Тера Тангра Сов. блан 0.75л.,6631,75,9.15,
68134,"DN SHOP – ЖК. ОБЕЛЯ 1, БЛОК 122Б",Тера Тангра Сов. блан 0.75л.,6631,75,9.15,
68134,DN SHOP – УЛ. ТЪРНОВО 27,Тера Тангра малбек и каб.сов. 0.75л.,6633,76,9.15,
68134,DN SHOP – БУЛ. ПАНЧО ВЛАДИГЕРОВ 23,Тера Тангра малбек и каб.сов. 0.75л.,6633,76,9.15,
68134,DN SHOP – УЛ. 117 № 2,Тера Тангра малбек и каб.сов. 0.75л.,6633,76,9.15,
68134,DN SHOP – УЛ. ОПЪЛЧЕНСКА 108,Тера Тангра малбек и каб.сов. 0.75л.,6633,76,9.15,
68134,DN SHOP – УЛ. АКАДЕМИК ДМИТРИЙ ЛИХАЧОВ 26 1,Тера Тангра малбек и каб.сов. 0.75л.,6633,76,9.15,
68134,"DN SHOP – ЖК. ОБЕЛЯ 1, БЛОК 122Б",Тера Тангра малбек и каб.сов. 0.75л.,6633,76,9.15,
68134,DN SHOP – УЛ. ТЪРНОВО 27,Старосел Совиньон блан 0.75л.,7121,75,10.89,
68134,DN SHOP – БУЛ. ПАНЧО ВЛАДИГЕРОВ 23,Старосел Совиньон блан 0.75л.,7121,75,10.89,
68134,DN SHOP – УЛ. 117 № 2,Старосел Совиньон блан 0.75л.,7121,75,10.89,
68134,DN SHOP – УЛ. ОПЪЛЧЕНСКА 108,Старосел Совиньон блан 0.75л.,7121,75,10.89,
68134,DN SHOP – УЛ. АКАДЕМИК ДМИТРИЙ ЛИХАЧОВ 26 1,Старосел Совиньон блан 0.75л.,7121,75,10.89,
68134,"DN SHOP – ЖК. ОБЕЛЯ 1, БЛОК 122Б",Старосел Совиньон блан 0.75л.,7121,75,10.89,
68134,DN SHOP – УЛ. ТЪРНОВО 27,Старосел Мерло 0.75л.,7125,76,8.39,
68134,DN SHOP – БУЛ. ПАНЧО ВЛАДИГЕРОВ 23,Старосел Мерло 0.75л.,7125,76,8.39,
68134,DN SHOP – УЛ. 117 № 2,Старосел Мерло 0.75л.,7125,76,8.39,
68134,DN SHOP – УЛ. ОПЪЛЧЕНСКА 108,Старосел Мерло 0.75л.,7125,76,8.39,
68134,DN SHOP – УЛ. АКАДЕМИК ДМИТРИЙ ЛИХАЧОВ 26 1,Старосел Мерло 0.75л.,7125,76,8.39,
68134,"DN SHOP – ЖК. ОБЕЛЯ 1, БЛОК 122Б",Старосел Мерло 0.75л.,7125,76,8.39,
68134,DN SHOP – УЛ. ТЪРНОВО 27,Пещера ракия 0.7л.,8035,77,6.54,6.23
68134,DN SHOP – БУЛ. ПАНЧО ВЛАДИГЕРОВ 23,Пещера ракия 0.7л.,8035,77,6.54,6.23
68134,DN SHOP – УЛ. 117 № 2,Пещера ракия 0.7л.,8035,77,6.54,6.23
68134,DN SHOP – УЛ. ОПЪЛЧЕНСКА 108,Пещера ракия 0.7л.,8035,77,6.54,6.23
68134,DN SHOP – УЛ. АКАДЕМИК ДМИТРИЙ ЛИХАЧОВ 26 1,Пещера ракия 0.7л.,8035,77,6.54,6.23
68134,"DN SHOP – ЖК. ОБЕЛЯ 1, БЛОК 122Б",Пещера ракия 0.7л.,8035,77,6.54,6.23
68134,DN SHOP – УЛ. ТЪРНОВО 27,Пещера Отлежала ракия 0.7л.,8042,77,7.77,
68134,DN SHOP – БУЛ. ПАНЧО ВЛАДИГЕРОВ 23,Пещера Отлежала ракия 0.7л.,8042,77,7.77,
68134,DN SHOP – УЛ. 117 № 2,Пещера Отлежала ракия 0.7л.,8042,77,7.77,
68134,DN SHOP – УЛ. ОПЪЛЧЕНСКА 108,Пещера Отлежала ракия 0.7л.,8042,77,7.77,
68134,DN SHOP – УЛ. АКАДЕМИК ДМИТРИЙ ЛИХАЧОВ 26 1,Пещера Отлежала ракия 0.7л.,8042,77,7.77,
68134,"DN SHOP – ЖК. ОБЕЛЯ 1, БЛОК 122Б",Пещера Отлежала ракия 0.7л.,8042,77,7.77,
68134,DN SHOP – УЛ. ТЪРНОВО 27,Ямболска спиртна напитка 0.7л.,8055,77,6.29,
68134,DN SHOP – БУЛ. ПАНЧО ВЛАДИГЕРОВ 23,Ямболска спиртна напитка 0.7л.,8055,77,6.29,
68134,DN SHOP – УЛ. 117 № 2,Ямболска спиртна напитка 0.7л.,8055,77,6.29,
68134,DN SHOP – УЛ. ОПЪЛЧЕНСКА 108,Ямболска спиртна напитка 0.7л.,8055,77,6.29,
68134,DN SHOP – УЛ. АКАДЕМИК ДМИТРИЙ ЛИХАЧОВ 26 1,Ямболска спиртна напитка 0.7л.,8055,77,6.29,
68134,"DN SHOP – ЖК. ОБЕЛЯ 1, БЛОК 122Б",Ямболска спиртна напитка 0.7л.,8055,77,6.29,
68134,DN SHOP – УЛ. ТЪРНОВО 27,Кайлъшка ракия 0.7л.,8062,77,7.46,6.9
68134,DN SHOP – БУЛ. ПАНЧО ВЛАДИГЕРОВ 23,Кайлъшка ракия 0.7л.,8062,77,7.46,6.9
68134,DN SHOP – УЛ. 117 № 2,Кайлъшка ракия 0.7л.,8062,77,7.46,6.9
68134,DN SHOP – УЛ. ОПЪЛЧЕНСКА 108,Кайлъшка ракия 0.7л.,8062,77,7.46,6.9
68134,DN SHOP – УЛ. АКАДЕМИК ДМИТРИЙ ЛИХАЧОВ 26 1,Кайлъшка ракия 0.7л.,8062,77,7.46,6.9
68134,"DN SHOP – ЖК. ОБЕЛЯ 1, БЛОК 122Б",Кайлъшка ракия 0.7л.,8062,77,7.46,6.9
68134,DN SHOP – УЛ. ТЪРНОВО 27,Кайлъшка сливова ракия 0.7л.,8065,77,7.93,7.26
68134,DN SHOP – БУЛ. ПАНЧО ВЛАДИГЕРОВ 23,Кайлъшка сливова ракия 0.7л.,8065,77,7.93,7.26
68134,DN SHOP – УЛ. 117 № 2,Кайлъшка сливова ракия 0.7л.,8065,77,7.93,7.26
68134,DN SHOP – УЛ. ОПЪЛЧЕНСКА 108,Кайлъшка сливова ракия 0.7л.,8065,77,7.93,7.26
68134,DN SHOP – УЛ. АКАДЕМИК ДМИТРИЙ ЛИХАЧОВ 26 1,Кайлъшка сливова ракия 0.7л.,8065,77,7.93,7.26
68134,"DN SHOP – ЖК. ОБЕЛЯ 1, БЛОК 122Б",Кайлъшка сливова ракия 0.7л.,8065,77,7.93,7.26
68134,DN SHOP – УЛ. ТЪРНОВО 27,Кайлъшка мускатова ракия 0.7л.,8066,77,8.69,7.97
68134,DN SHOP – БУЛ. ПАНЧО ВЛАДИГЕРОВ 23,Кайлъшка мускатова ракия 0.7л.,8066,77,8.69,7.97
68134,DN SHOP – УЛ. 117 № 2,Кайлъшка мускатова ракия 0.7л.,8066,77,8.69,7.97
68134,DN SHOP – УЛ. ОПЪЛЧЕНСКА 108,Кайлъшка мускатова ракия 0.7л.,8066,77,8.69,7.97
68134,DN SHOP – УЛ. АКАДЕМИК ДМИТРИЙ ЛИХАЧОВ 26 1,Кайлъшка мускатова ракия 0.7л.,8066,77,8.69,7.97
68134,"DN SHOP – ЖК. ОБЕЛЯ 1, БЛОК 122Б",Кайлъшка мускатова ракия 0.7л.,8066,77,8.69,7.97
68134,DN SHOP – УЛ. ТЪРНОВО 27,Карнобат ракия 0.7л.,8233,77,6.8,
68134,DN SHOP – БУЛ. ПАНЧО ВЛАДИГЕРОВ 23,Карнобат ракия 0.7л.,8233,77,6.8,
68134,DN SHOP – УЛ. 117 № 2,Карнобат ракия 0.7л.,8233,77,6.8,
68134,DN SHOP – УЛ. ОПЪЛЧЕНСКА 108,Карнобат ракия 0.7л.,8233,77,6.8,
68134,DN SHOP – УЛ. АКАДЕМИК ДМИТРИЙ ЛИХАЧОВ 26 1,Карнобат ракия 0.7л.,8233,77,6.8,
68134,"DN SHOP – ЖК. ОБЕЛЯ 1, БЛОК 122Б",Карнобат ракия 0.7л.,8233,77,6.8,
68134,DN SHOP – УЛ. ТЪРНОВО 27,Грозден спиртна напитка 0.7л.,8243,77,5.93,
68134,DN SHOP – БУЛ. ПАНЧО ВЛАДИГЕРОВ 23,Грозден спиртна напитка 0.7л.,8243,77,5.93,
68134,DN SHOP – УЛ. 117 № 2,Грозден спиртна напитка 0.7л.,8243,77,5.93,
68134,DN SHOP – УЛ. ОПЪЛЧЕНСКА 108,Грозден спиртна напитка 0.7л.,8243,77,5.93,
68134,DN SHOP – УЛ. АКАДЕМИК ДМИТРИЙ ЛИХАЧОВ 26 1,Грозден спиртна напитка 0.7л.,8243,77,5.93,
68134,"DN SHOP – ЖК. ОБЕЛЯ 1, БЛОК 122Б",Грозден спиртна напитка 0.7л.,8243,77,5.93,
68134,DN SHOP – УЛ. ТЪРНОВО 27,Троянска сливова об. ракия 0.7л.,8452,77,8.08,7.46
68134,DN SHOP – БУЛ. ПАНЧО ВЛАДИГЕРОВ 23,Троянска сливова об. ракия 0.7л.,8452,77,8.08,7.46
68134,DN SHOP – УЛ. 117 № 2,Троянска сливова об. ракия 0.7л.,8452,77,8.08,7.46
68134,DN SHOP – УЛ. ОПЪЛЧЕНСКА 108,Троянска сливова об. ракия 0.7л.,8452,77,8.08,7.46
68134,DN SHOP – УЛ. АКАДЕМИК ДМИТРИЙ ЛИХАЧОВ 26 1,Троянска сливова об. ракия 0.7л.,8452,77,8.08,7.46
68134,"DN SHOP – ЖК. ОБЕЛЯ 1, БЛОК 122Б",Троянска сливова об. ракия 0.7л.,8452,77,8.08,7.46
68134,DN SHOP – УЛ. ТЪРНОВО 27,Троянска сливова Отлежала ракия 0.7л.,8456,77,9.2,8.53
68134,DN SHOP – БУЛ. ПАНЧО ВЛАДИГЕРОВ 23,Троянска сливова Отлежала ракия 0.7л.,8456,77,9.2,8.53
68134,DN SHOP – УЛ. 117 № 2,Троянска сливова Отлежала ракия 0.7л.,8456,77,9.2,8.53
68134,DN SHOP – УЛ. ОПЪЛЧЕНСКА 108,Троянска сливова Отлежала ракия 0.7л.,8456,77,9.2,8.53
68134,DN SHOP – УЛ. АКАДЕМИК ДМИТРИЙ ЛИХАЧОВ 26 1,Троянска сливова Отлежала ракия 0.7л.,8456,77,9.2,8.53
68134,"DN SHOP – ЖК. ОБЕЛЯ 1, БЛОК 122Б",Троянска сливова Отлежала ракия 0.7л.,8456,77,9.2,8.53
68134,DN SHOP – УЛ. ТЪРНОВО 27,Троянска Сливова резерва 12г. 0.7л.,8461,77,22.49,
68134,DN SHOP – БУЛ. ПАНЧО ВЛАДИГЕРОВ 23,Троянска Сливова резерва 12г. 0.7л.,8461,77,22.49,
68134,DN SHOP – УЛ. 117 № 2,Троянска Сливова резерва 12г. 0.7л.,8461,77,22.49,
68134,DN SHOP – УЛ. ОПЪЛЧЕНСКА 108,Троянска Сливова резерва 12г. 0.7л.,8461,77,22.49,
68134,DN SHOP – УЛ. АКАДЕМИК ДМИТРИЙ ЛИХАЧОВ 26 1,Троянска Сливова резерва 12г. 0.7л.,8461,77,22.49,
68134,"DN SHOP – ЖК. ОБЕЛЯ 1, БЛОК 122Б",Троянска Сливова резерва 12г. 0.7л.,8461,77,22.49,
68134,DN SHOP – УЛ. ТЪРНОВО 27,Троянска Сливова резерва 15г. 0.7л.,8462,77,31.18,
68134,DN SHOP – БУЛ. ПАНЧО ВЛАДИГЕРОВ 23,Троянска Сливова резерва 15г. 0.7л.,8462,77,31.18,
68134,DN SHOP – УЛ. 117 № 2,Троянска Сливова резерва 15г. 0.7л.,8462,77,31.18,
68134,DN SHOP – УЛ. ОПЪЛЧЕНСКА 108,Троянска Сливова резерва 15г. 0.7л.,8462,77,31.18,
68134,DN SHOP – УЛ. АКАДЕМИК ДМИТРИЙ ЛИХАЧОВ 26 1,Троянска Сливова резерва 15г. 0.7л.,8462,77,31.18,
68134,"DN SHOP – ЖК. ОБЕЛЯ 1, БЛОК 122Б",Троянска Сливова резерва 15г. 0.7л.,8462,77,31.18,
68134,DN SHOP – УЛ. ТЪРНОВО 27,Троянска Сливова резерва 18г. 0.7л.,8463,77,39.47,
68134,DN SHOP – БУЛ. ПАНЧО ВЛАДИГЕРОВ 23,Троянска Сливова резерва 18г. 0.7л.,8463,77,39.47,
68134,DN SHOP – УЛ. 117 № 2,Троянска Сливова резерва 18г. 0.7л.,8463,77,39.47,
68134,DN SHOP – УЛ. ОПЪЛЧЕНСКА 108,Троянска Сливова резерва 18г. 0.7л.,8463,77,39.47,
68134,DN SHOP – УЛ. АКАДЕМИК ДМИТРИЙ ЛИХАЧОВ 26 1,Троянска Сливова резерва 18г. 0.7л.,8463,77,39.47,
68134,"DN SHOP – ЖК. ОБЕЛЯ 1, БЛОК 122Б",Троянска Сливова резерва 18г. 0.7л.,8463,77,39.47,
68134,DN SHOP – УЛ. ТЪРНОВО 27,Дядова усуканица отлежала 0.7л.,8493,77,8.43,
68134,DN SHOP – БУЛ. ПАНЧО ВЛАДИГЕРОВ 23,Дядова усуканица отлежала 0.7л.,8493,77,8.43,
68134,DN SHOP – УЛ. 117 № 2,Дядова усуканица отлежала 0.7л.,8493,77,8.43,
68134,DN SHOP – УЛ. ОПЪЛЧЕНСКА 108,Дядова усуканица отлежала 0.7л.,8493,77,8.43,
68134,DN SHOP – УЛ. АКАДЕМИК ДМИТРИЙ ЛИХАЧОВ 26 1,Дядова усуканица отлежала 0.7л.,8493,77,8.43,
68134,"DN SHOP – ЖК. ОБЕЛЯ 1, БЛОК 122Б",Дядова усуканица отлежала 0.7л.,8493,77,8.43,
68134,DN SHOP – УЛ. ТЪРНОВО 27,Дядова усуканица Маврудова ракия 0.7л.,8494,77,7.66,
68134,DN SHOP – БУЛ. ПАНЧО ВЛАДИГЕРОВ 23,Дядова усуканица Маврудова ракия 0.7л.,8494,77,7.66,
68134,DN SHOP – УЛ. 117 № 2,Дядова усуканица Маврудова ракия 0.7л.,8494,77,7.66,
68134,DN SHOP – УЛ. ОПЪЛЧЕНСКА 108,Дядова усуканица Маврудова ракия 0.7л.,8494,77,7.66,
68134,DN SHOP – УЛ. АКАДЕМИК ДМИТРИЙ ЛИХАЧОВ 26 1,Дядова усуканица Маврудова ракия 0.7л.,8494,77,7.66,
68134,"DN SHOP – ЖК. ОБЕЛЯ 1, БЛОК 122Б",Дядова усуканица Маврудова ракия 0.7л.,8494,77,7.66,
68134,DN SHOP – УЛ. ТЪРНОВО 27,Дядова усуканица ракия 0.7л.,8495,77,7.15,
68134,DN SHOP – БУЛ. ПАНЧО ВЛАДИГЕРОВ 23,Дядова усуканица ракия 0.7л.,8495,77,7.15,
68134,DN SHOP – УЛ. 117 № 2,Дядова усуканица ракия 0.7л.,8495,77,7.15,
68134,DN SHOP – УЛ. ОПЪЛЧЕНСКА 108,Дядова усуканица ракия 0.7л.,8495,77,7.15,
68134,DN SHOP – УЛ. АКАДЕМИК ДМИТРИЙ ЛИХАЧОВ 26 1,Дядова усуканица ракия 0.7л.,8495,77,7.15,
68134,"DN SHOP – ЖК. ОБЕЛЯ 1, БЛОК 122Б",Дядова усуканица ракия 0.7л.,8495,77,7.15,
68134,DN SHOP – УЛ. ТЪРНОВО 27,Бургаска Мускатова ракия 0.7л.,8505,77,9.25,
68134,DN SHOP – БУЛ. ПАНЧО ВЛАДИГЕРОВ 23,Бургаска Мускатова ракия 0.7л.,8505,77,9.25,
68134,DN SHOP – УЛ. 117 № 2,Бургаска Мускатова ракия 0.7л.,8505,77,9.25,
68134,DN SHOP – УЛ. ОПЪЛЧЕНСКА 108,Бургаска Мускатова ракия 0.7л.,8505,77,9.25,
68134,DN SHOP – УЛ. АКАДЕМИК ДМИТРИЙ ЛИХАЧОВ 26 1,Бургаска Мускатова ракия 0.7л.,8505,77,9.25,
68134,"DN SHOP – ЖК. ОБЕЛЯ 1, БЛОК 122Б",Бургаска Мускатова ракия 0.7л.,8505,77,9.25,
68134,DN SHOP – УЛ. ТЪРНОВО 27,Поморийска гроздова об. ракия 0.7л.,8511,77,7.11,
68134,DN SHOP – БУЛ. ПАНЧО ВЛАДИГЕРОВ 23,Поморийска гроздова об. ракия 0.7л.,8511,77,7.11,
68134,DN SHOP – УЛ. 117 № 2,Поморийска гроздова об. ракия 0.7л.,8511,77,7.11,
68134,DN SHOP – УЛ. ОПЪЛЧЕНСКА 108,Поморийска гроздова об. ракия 0.7л.,8511,77,7.11,
68134,DN SHOP – УЛ. АКАДЕМИК ДМИТРИЙ ЛИХАЧОВ 26 1,Поморийска гроздова об. ракия 0.7л.,8511,77,7.11,
68134,"DN SHOP – ЖК. ОБЕЛЯ 1, БЛОК 122Б",Поморийска гроздова об. ракия 0.7л.,8511,77,7.11,
68134,DN SHOP – УЛ. ТЪРНОВО 27,Поморийска спец. ракия 0.7л,8512,77,7.98,
68134,DN SHOP – БУЛ. ПАНЧО ВЛАДИГЕРОВ 23,Поморийска спец. ракия 0.7л,8512,77,7.98,
68134,DN SHOP – УЛ. 117 № 2,Поморийска спец. ракия 0.7л,8512,77,7.98,
68134,DN SHOP – УЛ. ОПЪЛЧЕНСКА 108,Поморийска спец. ракия 0.7л,8512,77,7.98,
68134,DN SHOP – УЛ. АКАДЕМИК ДМИТРИЙ ЛИХАЧОВ 26 1,Поморийска спец. ракия 0.7л,8512,77,7.98,
68134,"DN SHOP – ЖК. ОБЕЛЯ 1, БЛОК 122Б",Поморийска спец. ракия 0.7л,8512,77,7.98,
68134,DN SHOP – УЛ. ТЪРНОВО 27,Поморийска Мускатова ракия 0.7л.,8513,77,9.25,
68134,DN SHOP – БУЛ. ПАНЧО ВЛАДИГЕРОВ 23,Поморийска Мускатова ракия 0.7л.,8513,77,9.25,
68134,DN SHOP – УЛ. 117 № 2,Поморийска Мускатова ракия 0.7л.,8513,77,9.25,
68134,DN SHOP – УЛ. ОПЪЛЧЕНСКА 108,Поморийска Мускатова ракия 0.7л.,8513,77,9.25,
68134,DN SHOP – УЛ. АКАДЕМИК ДМИТРИЙ ЛИХАЧОВ 26 1,Поморийска Мускатова ракия 0.7л.,8513,77,9.25,
68134,"DN SHOP – ЖК. ОБЕЛЯ 1, БЛОК 122Б",Поморийска Мускатова ракия 0.7л.,8513,77,9.25,
68134,DN SHOP – УЛ. ТЪРНОВО 27,Сунгурларска гроздова об. ракия 0.7л.,8551,77,7.61,
68134,DN SHOP – БУЛ. ПАНЧО ВЛАДИГЕРОВ 23,Сунгурларска гроздова об. ракия 0.7л.,8551,77,7.61,
68134,DN SHOP – УЛ. 117 № 2,Сунгурларска гроздова об. ракия 0.7л.,8551,77,7.61,
68134,DN SHOP – УЛ. ОПЪЛЧЕНСКА 108,Сунгурларска гроздова об. ракия 0.7л.,8551,77,7.61,
68134,DN SHOP – УЛ. АКАДЕМИК ДМИТРИЙ ЛИХАЧОВ 26 1,Сунгурларска гроздова об. ракия 0.7л.,8551,77,7.61,
68134,"DN SHOP – ЖК. ОБЕЛЯ 1, БЛОК 122Б",Сунгурларска гроздова об. ракия 0.7л.,8551,77,7.61,
68134,DN SHOP – УЛ. ТЪРНОВО 27,Сунгурларска гроздова отл. ракия 0.7л.,8552,77,8.18,
68134,DN SHOP – БУЛ. ПАНЧО ВЛАДИГЕРОВ 23,Сунгурларска гроздова отл. ракия 0.7л.,8552,77,8.18,
68134,DN SHOP – УЛ. 117 № 2,Сунгурларска гроздова отл. ракия 0.7л.,8552,77,8.18,
68134,DN SHOP – УЛ. ОПЪЛЧЕНСКА 108,Сунгурларска гроздова отл. ракия 0.7л.,8552,77,8.18,
68134,DN SHOP – УЛ. АКАДЕМИК ДМИТРИЙ ЛИХАЧОВ 26 1,Сунгурларска гроздова отл. ракия 0.7л.,8552,77,8.18,
68134,"DN SHOP – ЖК. ОБЕЛЯ 1, БЛОК 122Б",Сунгурларска гроздова отл. ракия 0.7л.,8552,77,8.18,
68134,DN SHOP – УЛ. ТЪРНОВО 27,Сунгурларска гроздова специална ракия 0.7л.,8553,77,10.73,
68134,DN SHOP – БУЛ. ПАНЧО ВЛАДИГЕРОВ 23,Сунгурларска гроздова специална ракия 0.7л.,8553,77,10.73,
68134,DN SHOP – УЛ. 117 № 2,Сунгурларска гроздова специална ракия 0.7л.,8553,77,10.73,
68134,DN SHOP – УЛ. ОПЪЛЧЕНСКА 108,Сунгурларска гроздова специална ракия 0.7л.,8553,77,10.73,
68134,DN SHOP – УЛ. АКАДЕМИК ДМИТРИЙ ЛИХАЧОВ 26 1,Сунгурларска гроздова специална ракия 0.7л.,8553,77,10.73,
68134,"DN SHOP – ЖК. ОБЕЛЯ 1, БЛОК 122Б",Сунгурларска гроздова специална ракия 0.7л.,8553,77,10.73,
68134,DN SHOP – УЛ. АКАДЕМИК ДМИТРИЙ ЛИХАЧОВ 26 1,Хляб Типов 650г.,47143,4,1.23,
68134,"DN SHOP – ЖК. ОБЕЛЯ 1, БЛОК 122Б",Хляб Типов 650г.,47143,4,1.23,
68134,DN SHOP – УЛ. ТЪРНОВО 27,Ифантис Шунка тост-слайс 300гр.,46033,27,1.99,
68134,DN SHOP – БУЛ. ПАНЧО ВЛАДИГЕРОВ 23,Ифантис Шунка тост-слайс 300гр.,46033,27,1.99,
68134,DN SHOP – УЛ. 117 № 2,Ифантис Шунка тост-слайс 300гр.,46033,27,1.99,
68134,DN SHOP – УЛ. ОПЪЛЧЕНСКА 108,Ифантис Шунка тост-слайс 300гр.,46033,27,1.99,
68134,DN SHOP – УЛ. АКАДЕМИК ДМИТРИЙ ЛИХАЧОВ 26 1,Ифантис Шунка тост-слайс 300гр.,46033,27,1.99,
68134,"DN SHOP – ЖК. ОБЕЛЯ 1, БЛОК 122Б",Ифантис Шунка тост-слайс 300гр.,46033,27,1.99,
68134,DN SHOP – УЛ. ТЪРНОВО 27,КЕН Лионска Наденица 390гр.,46037,27,3.32,
68134,DN SHOP – УЛ. ОПЪЛЧЕНСКА 108,КЕН Лионска Наденица 390гр.,46037,27,3.32,
68134,DN SHOP – УЛ. АКАДЕМИК ДМИТРИЙ ЛИХАЧОВ 26 1,КЕН Лионска Наденица 390гр.,46037,27,3.32,
68134,"DN SHOP – ЖК. ОБЕЛЯ 1, БЛОК 122Б",КЕН Лионска Наденица 390гр.,46037,27,3.32,
68134,DN SHOP – УЛ. ТЪРНОВО 27,КЕН Македонска Наденица 390гр.,46034,27,3.32,
68134,DN SHOP – УЛ. ОПЪЛЧЕНСКА 108,КЕН Македонска Наденица 390гр.,46034,27,3.32,
68134,DN SHOP – УЛ. АКАДЕМИК ДМИТРИЙ ЛИХАЧОВ 26 1,КЕН Македонска Наденица 390гр.,46034,27,3.32,
68134,"DN SHOP – ЖК. ОБЕЛЯ 1, БЛОК 122Б",КЕН Македонска Наденица 390гр.,46034,27,3.32,
68134,DN SHOP – УЛ. ТЪРНОВО 27,КЕН Сръбска наденица топ сирене вакум 250гр.,46038,27,2.97,
68134,DN SHOP – УЛ. ОПЪЛЧЕНСКА 108,КЕН Сръбска наденица топ сирене вакум 250гр.,46038,27,2.97,
68134,DN SHOP – УЛ. АКАДЕМИК ДМИТРИЙ ЛИХАЧОВ 26 1,КЕН Сръбска наденица топ сирене вакум 250гр.,46038,27,2.97,
68134,"DN SHOP – ЖК. ОБЕЛЯ 1, БЛОК 122Б",КЕН Сръбска наденица топ сирене вакум 250гр.,46038,27,2.97,
68134,DN SHOP – УЛ. ТЪРНОВО 27,Амбарица 260гр.,46044,28,3.83,
68134,DN SHOP – УЛ. ОПЪЛЧЕНСКА 108,Амбарица 260гр.,46044,28,3.83,
68134,DN SHOP – УЛ. АКАДЕМИК ДМИТРИЙ ЛИХАЧОВ 26 1,Амбарица 260гр.,46044,28,3.83,
68134,"DN SHOP – ЖК. ОБЕЛЯ 1, БЛОК 122Б",Амбарица 260гр.,46044,28,3.83,
