"Населено място","Търговски обект","Наименование на продукта","Код на продукта","Категория","Цена на дребно","Цена в промоция"
"12509","МАГАЗИН ВЪЛНАРИ - УЛ.'ГЕОРГИ ДИМИТРОВ'22","ХЛЯБ ТИПОВ 600ГР","000021","4","0.72",""
"12509","МАГАЗИН ВЪЛНАРИ - УЛ.'ГЕОРГИ ДИМИТРОВ'22","БИРА ЗАГОРКА 2Л","000077","74","1.27",""
"12509","МАГАЗИН ВЪЛНАРИ - УЛ.'ГЕОРГИ ДИМИТРОВ'22","КРАСТАВИЦА ГЪРЦИЯ КЛ 2","000200","58","3.80",""
"12509","МАГАЗИН ВЪЛНАРИ - УЛ.'ГЕОРГИ ДИМИТРОВ'22","КАРТОФИ МИТ ГЕРМАНИЯ КЛ. 1","000202","61","0.56",""
"12509","МАГАЗИН ВЪЛНАРИ - УЛ.'ГЕОРГИ ДИМИТРОВ'22","ЛУК КАБА ТУРЦИЯ ОПС","000204","55","0.61",""
"12509","МАГАЗИН ВЪЛНАРИ - УЛ.'ГЕОРГИ ДИМИТРОВ'22","БАНАНИ ВНОС ЕКВАДОР ОПС","000206","52","1.75",""
"12509","МАГАЗИН ВЪЛНАРИ - УЛ.'ГЕОРГИ ДИМИТРОВ'22","ПОРТОКАЛИ ГЪРЦИЯ КЛ 2","000212","51","1.53",""
"12509","МАГАЗИН ВЪЛНАРИ - УЛ.'ГЕОРГИ ДИМИТРОВ'22","ЛИМОНИ ТУРЦИЯ КЛ 2","000213","50","2.39",""
"12509","МАГАЗИН ВЪЛНАРИ - УЛ.'ГЕОРГИ ДИМИТРОВ'22","ДОМАТИ ГЪРЦИЯ КЛ2","000215","54","2.69",""
"12509","МАГАЗИН ВЪЛНАРИ - УЛ.'ГЕОРГИ ДИМИТРОВ'22","ЗЕЛЕ  ГЪРЦИЯ ОПС","000219","57","0.65",""
"12509","МАГАЗИН ВЪЛНАРИ - УЛ.'ГЕОРГИ ДИМИТРОВ'22","МОРКОВИ ТУРЦИЯ ОПС","000220","56","0.79",""
"12509","МАГАЗИН ВЪЛНАРИ - УЛ.'ГЕОРГИ ДИМИТРОВ'22","ЧЕСЪН ИСПАНИЯ ОПС КЛ2","000224","59","3.68",""
"12509","МАГАЗИН ВЪЛНАРИ - УЛ.'ГЕОРГИ ДИМИТРОВ'22","ЯБЪЛКА ЖЪЛТА ПОЛША КЛ.2","000247","53","1.38",""
"12509","МАГАЗИН ВЪЛНАРИ - УЛ.'ГЕОРГИ ДИМИТРОВ'22","ШПЕК СУХ РИЛА","000505","28","6.85",""
"12509","МАГАЗИН ВЪЛНАРИ - УЛ.'ГЕОРГИ ДИМИТРОВ'22","КАШКАВАЛ  1КГ АРАЧИЕВИ","000616","11","10.73",""
"12509","МАГАЗИН ВЪЛНАРИ - УЛ.'ГЕОРГИ ДИМИТРОВ'22","РИБА СКУМРИЯ НОРВЕЖКА","000651","29","5.67",""
"12509","МАГАЗИН ВЪЛНАРИ - УЛ.'ГЕОРГИ ДИМИТРОВ'22","МЕРИЛИН PINK SLIMS","001285","78","3.17",""
"12509","МАГАЗИН ВЪЛНАРИ - УЛ.'ГЕОРГИ ДИМИТРОВ'22","КИНГ ЧЕРВЕН 80","001287","78","3.07",""
"12509","МАГАЗИН ВЪЛНАРИ - УЛ.'ГЕОРГИ ДИМИТРОВ'22","ЧЕТКА ЗА ЗЪБИ COLGATE EKSTRA CLEAN 1+1","010032","80","1.02",""
"12509","МАГАЗИН ВЪЛНАРИ - УЛ.'ГЕОРГИ ДИМИТРОВ'22","МАКАРОНИ ARBELLA 400ГР  ОХЛЮВ","010135","36","0.61",""
"12509","МАГАЗИН ВЪЛНАРИ - УЛ.'ГЕОРГИ ДИМИТРОВ'22","МАКАРОНИ ARBELLA 400ГР  СПАГЕТИ","010143","37","0.61",""
"12509","МАГАЗИН ВЪЛНАРИ - УЛ.'ГЕОРГИ ДИМИТРОВ'22","АДАПТИРАНО МЛЯКО FRISOLAC 1 400G","010784","65","10.73",""
"12509","МАГАЗИН ВЪЛНАРИ - УЛ.'ГЕОРГИ ДИМИТРОВ'22","ОЛИО 1Л ДОБРУДЖА","010836","42","1.62",""
"12509","МАГАЗИН ВЪЛНАРИ - УЛ.'ГЕОРГИ ДИМИТРОВ'22","ПЕЩЕРСКА ГРОЗДОВА 700МЛ","011140","77","6.80",""
"12509","МАГАЗИН ВЪЛНАРИ - УЛ.'ГЕОРГИ ДИМИТРОВ'22","ВИНО SOPHIA 750ML SHARDONNAY","011160","75","2.14",""
"12509","МАГАЗИН ВЪЛНАРИ - УЛ.'ГЕОРГИ ДИМИТРОВ'22","КОРИ ФАМИЛИЯ 500ГР","011365","5","1.76",""
"12509","МАГАЗИН ВЪЛНАРИ - УЛ.'ГЕОРГИ ДИМИТРОВ'22","ЗАХАР КРИСТАЛНА 1КГ ЕМОНА","011405","38","0.76",""
"12509","МАГАЗИН ВЪЛНАРИ - УЛ.'ГЕОРГИ ДИМИТРОВ'22","АДАПТИРАНО МЛЯКО APTAMIL 1 800G","012634","65","23.00",""
"12509","МАГАЗИН ВЪЛНАРИ - УЛ.'ГЕОРГИ ДИМИТРОВ'22","ПРЕХОДНО МЛЯКО APTAMIL 2 800G","012635","65","23.00",""
"12509","МАГАЗИН ВЪЛНАРИ - УЛ.'ГЕОРГИ ДИМИТРОВ'22","СОЛ ЕКСТРА 1КГ СИВЕС","012798","39","0.38",""
"12509","МАГАЗИН ВЪЛНАРИ - УЛ.'ГЕОРГИ ДИМИТРОВ'22","ВИНО СОФИЯ КАБЕРНЕ 750МЛ КАРНОБАТ","013053","76","2.14",""
"12509","МАГАЗИН ВЪЛНАРИ - УЛ.'ГЕОРГИ ДИМИТРОВ'22","ПРЕХОДНО МЛЯКО FRISO 3","013774","65","9.50",""
"12509","МАГАЗИН ВЪЛНАРИ - УЛ.'ГЕОРГИ ДИМИТРОВ'22","ПЮРЕ ГАНЧЕВ БАНАНИ","013775","64","1.02",""
"12509","МАГАЗИН ВЪЛНАРИ - УЛ.'ГЕОРГИ ДИМИТРОВ'22","КОРИ ТРАКИЙСКИ 400ГР","013789","5","1.27",""
"12509","МАГАЗИН ВЪЛНАРИ - УЛ.'ГЕОРГИ ДИМИТРОВ'22","ФЕРМАТА КОЛБАС КАМЧИЯ 300ГР","013816","27","0.95",""
"12509","МАГАЗИН ВЪЛНАРИ - УЛ.'ГЕОРГИ ДИМИТРОВ'22","ФЕРМАТА КОЛБАС ХАМБУРГСКИ 270ГР","013817","27","0.95",""
"12509","МАГАЗИН ВЪЛНАРИ - УЛ.'ГЕОРГИ ДИМИТРОВ'22","КАФЕ ДЖОРДАНИ 200ГР","015319","70","2.65",""
"12509","МАГАЗИН ВЪЛНАРИ - УЛ.'ГЕОРГИ ДИМИТРОВ'22","КАШКАВАЛ МИЛКИ 250ГР","015589","11","3.01",""
"12509","МАГАЗИН ВЪЛНАРИ - УЛ.'ГЕОРГИ ДИМИТРОВ'22","ВИНО СОФИЯ МУСКАТ 750МЛ","015959","75","2.14",""
"12509","МАГАЗИН ВЪЛНАРИ - УЛ.'ГЕОРГИ ДИМИТРОВ'22","КАРНОБАТСКА 700МЛ","016003","77","6.59",""
"12509","МАГАЗИН ВЪЛНАРИ - УЛ.'ГЕОРГИ ДИМИТРОВ'22","КИСЕЛО МЛЯКО ДОМЛЯН 4.5%","016163","7","0.92",""
"12509","МАГАЗИН ВЪЛНАРИ - УЛ.'ГЕОРГИ ДИМИТРОВ'22","ПЮРЕ ГАНЧЕВ 190ГР МЛЯКО С ОРИЗ И СМЕТАНА","016776","64","1.02",""
"12509","МАГАЗИН ВЪЛНАРИ - УЛ.'ГЕОРГИ ДИМИТРОВ'22","СИРЕНЕ БОРЯНА 200ГР","019049","9","1.99",""
"12509","МАГАЗИН ВЪЛНАРИ - УЛ.'ГЕОРГИ ДИМИТРОВ'22","ЗЕХТИН 1Л ЕКСТРА ВИРЖИН 100%","019200","43","7.66",""
"12509","МАГАЗИН ВЪЛНАРИ - УЛ.'ГЕОРГИ ДИМИТРОВ'22","APTAMIL 3 800ГР","019371","65","19.42",""
"12509","МАГАЗИН ВЪЛНАРИ - УЛ.'ГЕОРГИ ДИМИТРОВ'22","МИНЕРАЛНА ВОДА ВЕЛИНГРАД 1,5Л","019618","73","0.41",""
"12509","МАГАЗИН ВЪЛНАРИ - УЛ.'ГЕОРГИ ДИМИТРОВ'22","ДОМАТИ КУБЧЕТА 400ГР NOVI","021950","48","0.61",""
"12509","МАГАЗИН ВЪЛНАРИ - УЛ.'ГЕОРГИ ДИМИТРОВ'22","ХЛЯБ ЕШРЕФОГЛУ 500ГР","022668","1","0.64",""
"12509","МАГАЗИН ВЪЛНАРИ - УЛ.'ГЕОРГИ ДИМИТРОВ'22","КРАВЕ МАСЛО ЛУДОГОРИЕ 125ГР","022963","12","1.53",""
"12509","МАГАЗИН ВЪЛНАРИ - УЛ.'ГЕОРГИ ДИМИТРОВ'22","ПРЯСНО МЛЯКО МЕГЛЕ 3,2%","025724","6","1.48",""
"12509","МАГАЗИН ВЪЛНАРИ - УЛ.'ГЕОРГИ ДИМИТРОВ'22","СИРЕНЕ СЕРДИКА 200ГР","026372","9","2.55",""
"12509","МАГАЗИН ВЪЛНАРИ - УЛ.'ГЕОРГИ ДИМИТРОВ'22","ОРИЗ БИСЕРЕН ОБЕРОН 1КГ","026634","35","1.68",""
"12509","МАГАЗИН ВЪЛНАРИ - УЛ.'ГЕОРГИ ДИМИТРОВ'22","ПАСТА ЗА ЗЪБИ COLGATE 75ML","027428","81","1.02",""
"12509","МАГАЗИН ВЪЛНАРИ - УЛ.'ГЕОРГИ ДИМИТРОВ'22","БЯЛО САЛ.СИРЕНЕ ЛУДОГОРИЕ 900ГР","027541","9","5.57",""
"12509","МАГАЗИН ВЪЛНАРИ - УЛ.'ГЕОРГИ ДИМИТРОВ'22","ЦИГАРИ KING ЧЕРВЕН 100","029500","78","3.07",""
"12509","МАГАЗИН ВЪЛНАРИ - УЛ.'ГЕОРГИ ДИМИТРОВ'22","ОРИЗ НАРОДЕН ВКУС ФАМИЛЕКС 1КГ","029714","35","1.27",""
"12509","МАГАЗИН ВЪЛНАРИ - УЛ.'ГЕОРГИ ДИМИТРОВ'22","ОЛИО ФАМИЛЕКС 1Л","029918","42","1.62",""
"51651","МАГАЗИН НИКОЛА КОЗЛЕВО - УЛ.'ДЕВЕТИ СЕПТЕМВРИ'17","КРАСТАВИЦА ГЪРЦИЯ КЛ 2","000200","58","3.80",""
"51651","МАГАЗИН НИКОЛА КОЗЛЕВО - УЛ.'ДЕВЕТИ СЕПТЕМВРИ'17","КАРТОФИ МИТ ГЕРМАНИЯ КЛ. 1","000202","61","0.56",""
"51651","МАГАЗИН НИКОЛА КОЗЛЕВО - УЛ.'ДЕВЕТИ СЕПТЕМВРИ'17","ЛУК КАБА ТУРЦИЯ ОПС","000204","55","0.61",""
"51651","МАГАЗИН НИКОЛА КОЗЛЕВО - УЛ.'ДЕВЕТИ СЕПТЕМВРИ'17","БАНАНИ ВНОС ЕКВАДОР ОПС","000206","52","1.75",""
"51651","МАГАЗИН НИКОЛА КОЗЛЕВО - УЛ.'ДЕВЕТИ СЕПТЕМВРИ'17","ЛИМОНИ ТУРЦИЯ КЛ 2","000213","50","2.39",""
"51651","МАГАЗИН НИКОЛА КОЗЛЕВО - УЛ.'ДЕВЕТИ СЕПТЕМВРИ'17","ДОМАТИ ГЪРЦИЯ КЛ2","000215","54","2.69",""
"51651","МАГАЗИН НИКОЛА КОЗЛЕВО - УЛ.'ДЕВЕТИ СЕПТЕМВРИ'17","ЗЕЛЕ  ГЪРЦИЯ ОПС","000219","57","0.65",""
"51651","МАГАЗИН НИКОЛА КОЗЛЕВО - УЛ.'ДЕВЕТИ СЕПТЕМВРИ'17","МОРКОВИ ТУРЦИЯ ОПС","000220","56","0.79",""
"51651","МАГАЗИН НИКОЛА КОЗЛЕВО - УЛ.'ДЕВЕТИ СЕПТЕМВРИ'17","ЧЕСЪН ИСПАНИЯ ОПС КЛ2","000224","59","3.68",""
"51651","МАГАЗИН НИКОЛА КОЗЛЕВО - УЛ.'ДЕВЕТИ СЕПТЕМВРИ'17","ЯБЪЛКА ЖЪЛТА ПОЛША КЛ.2","000247","53","1.38",""
"51651","МАГАЗИН НИКОЛА КОЗЛЕВО - УЛ.'ДЕВЕТИ СЕПТЕМВРИ'17","ШПЕК СУХ РИЛА","000505","28","6.85",""
"51651","МАГАЗИН НИКОЛА КОЗЛЕВО - УЛ.'ДЕВЕТИ СЕПТЕМВРИ'17","КАШКАВАЛ  1КГ АРАЧИЕВИ","000616","11","10.73",""
"51651","МАГАЗИН НИКОЛА КОЗЛЕВО - УЛ.'ДЕВЕТИ СЕПТЕМВРИ'17","РИБА СКУМРИЯ НОРВЕЖКА","000651","29","5.67",""
"51651","МАГАЗИН НИКОЛА КОЗЛЕВО - УЛ.'ДЕВЕТИ СЕПТЕМВРИ'17","КРАВЕ СИРЕНЕ ХАРМАН 0,800ГР","001198","9","8.69",""
"51651","МАГАЗИН НИКОЛА КОЗЛЕВО - УЛ.'ДЕВЕТИ СЕПТЕМВРИ'17","КРОАСАН 7 ДЕЙС 92 ГР","001229","67","0.61",""
"51651","МАГАЗИН НИКОЛА КОЗЛЕВО - УЛ.'ДЕВЕТИ СЕПТЕМВРИ'17","МЕРИЛИН PINK SLIMS","001285","78","3.17",""
"51651","МАГАЗИН НИКОЛА КОЗЛЕВО - УЛ.'ДЕВЕТИ СЕПТЕМВРИ'17","КИНГ ЧЕРВЕН 80","001287","78","3.07",""
"51651","МАГАЗИН НИКОЛА КОЗЛЕВО - УЛ.'ДЕВЕТИ СЕПТЕМВРИ'17","ЧЕТКА ЗА ЗЪБИ COLGATE EKSTRA CLEAN 1+1","010032","80","1.02",""
"51651","МАГАЗИН НИКОЛА КОЗЛЕВО - УЛ.'ДЕВЕТИ СЕПТЕМВРИ'17","МАКАРОНИ ARBELLA 400ГР  СПАГЕТИ","010143","37","0.61",""
"51651","МАГАЗИН НИКОЛА КОЗЛЕВО - УЛ.'ДЕВЕТИ СЕПТЕМВРИ'17","БИЛКОВ ЧАЙ RUBIS 20БР БУКЕТ","010597","72","0.56",""
"51651","МАГАЗИН НИКОЛА КОЗЛЕВО - УЛ.'ДЕВЕТИ СЕПТЕМВРИ'17","САПУН DOVE 90G  BEAUTY CREAM BAR","010756","83","0.92",""
"51651","МАГАЗИН НИКОЛА КОЗЛЕВО - УЛ.'ДЕВЕТИ СЕПТЕМВРИ'17","АДАПТИРАНО МЛЯКО FRISOLAC 1 400G","010784","65","10.73",""
"51651","МАГАЗИН НИКОЛА КОЗЛЕВО - УЛ.'ДЕВЕТИ СЕПТЕМВРИ'17","ПРЕХОДНО МЛЯКО FRISO 2 400G","010785","65","10.53",""
"51651","МАГАЗИН НИКОЛА КОЗЛЕВО - УЛ.'ДЕВЕТИ СЕПТЕМВРИ'17","СОЛ ЕКСТРА 1КГ ТРАПЕЗНА","010832","39","0.38",""
"51651","МАГАЗИН НИКОЛА КОЗЛЕВО - УЛ.'ДЕВЕТИ СЕПТЕМВРИ'17","ОЛИО 1Л ДОБРУДЖА","010836","42","1.62",""
"51651","МАГАЗИН НИКОЛА КОЗЛЕВО - УЛ.'ДЕВЕТИ СЕПТЕМВРИ'17","ПЕЩЕРСКА ГРОЗДОВА 700МЛ","011140","77","6.80",""
"51651","МАГАЗИН НИКОЛА КОЗЛЕВО - УЛ.'ДЕВЕТИ СЕПТЕМВРИ'17","ВИНО SOPHIA 750ML SHARDONNAY","011160","75","2.14",""
"51651","МАГАЗИН НИКОЛА КОЗЛЕВО - УЛ.'ДЕВЕТИ СЕПТЕМВРИ'17","ВИНО SOPHIA 750ML MERLOT","011161","76","2.14",""
"51651","МАГАЗИН НИКОЛА КОЗЛЕВО - УЛ.'ДЕВЕТИ СЕПТЕМВРИ'17","КИСЕЛО МЛЯКО БОЛЯРЧЕ 3.6% 400ГР","011224","7","0.71",""
"51651","МАГАЗИН НИКОЛА КОЗЛЕВО - УЛ.'ДЕВЕТИ СЕПТЕМВРИ'17","КОРИ ФАМИЛИЯ 500ГР","011365","5","1.76",""
"51651","МАГАЗИН НИКОЛА КОЗЛЕВО - УЛ.'ДЕВЕТИ СЕПТЕМВРИ'17","ЗАХАР КРИСТАЛНА 1КГ ЕМОНА","011405","38","0.76",""
"51651","МАГАЗИН НИКОЛА КОЗЛЕВО - УЛ.'ДЕВЕТИ СЕПТЕМВРИ'17","Б-ТИ ЗАКУСКА ПОБЕДА 255ГР","012027","66","1.07",""
"51651","МАГАЗИН НИКОЛА КОЗЛЕВО - УЛ.'ДЕВЕТИ СЕПТЕМВРИ'17","АДАПТИРАНО МЛЯКО APTAMIL 1 800G","012634","65","23.00",""
"51651","МАГАЗИН НИКОЛА КОЗЛЕВО - УЛ.'ДЕВЕТИ СЕПТЕМВРИ'17","ПРЕХОДНО МЛЯКО APTAMIL 2 800G","012635","65","23.00",""
"51651","МАГАЗИН НИКОЛА КОЗЛЕВО - УЛ.'ДЕВЕТИ СЕПТЕМВРИ'17","СОЛ ЕКСТРА 1КГ СИВЕС","012798","39","0.38",""
"51651","МАГАЗИН НИКОЛА КОЗЛЕВО - УЛ.'ДЕВЕТИ СЕПТЕМВРИ'17","ВИНО СОФИЯ КАБЕРНЕ 750МЛ КАРНОБАТ","013053","76","2.14",""
"51651","МАГАЗИН НИКОЛА КОЗЛЕВО - УЛ.'ДЕВЕТИ СЕПТЕМВРИ'17","БРАШНО 1КГ ТИП 500 ЕМОНА","013463","40","0.61",""
"51651","МАГАЗИН НИКОЛА КОЗЛЕВО - УЛ.'ДЕВЕТИ СЕПТЕМВРИ'17","ПРЕХОДНО МЛЯКО FRISO 3","013774","65","9.50",""
"51651","МАГАЗИН НИКОЛА КОЗЛЕВО - УЛ.'ДЕВЕТИ СЕПТЕМВРИ'17","ПЮРЕ ГАНЧЕВ БАНАНИ","013775","64","1.02",""
"51651","МАГАЗИН НИКОЛА КОЗЛЕВО - УЛ.'ДЕВЕТИ СЕПТЕМВРИ'17","КОРИ ТРАКИЙСКИ 400ГР","013789","5","1.27",""
"51651","МАГАЗИН НИКОЛА КОЗЛЕВО - УЛ.'ДЕВЕТИ СЕПТЕМВРИ'17","ФЕРМАТА КОЛБАС ТЕЛЕШКИ 270ГР","013815","27","0.95",""
"51651","МАГАЗИН НИКОЛА КОЗЛЕВО - УЛ.'ДЕВЕТИ СЕПТЕМВРИ'17","ФЕРМАТА КОЛБАС КАМЧИЯ 300ГР","013816","27","0.95",""
"51651","МАГАЗИН НИКОЛА КОЗЛЕВО - УЛ.'ДЕВЕТИ СЕПТЕМВРИ'17","ФЕРМАТА КОЛБАС ХАМБУРГСКИ 270ГР","013817","27","0.95",""
"51651","МАГАЗИН НИКОЛА КОЗЛЕВО - УЛ.'ДЕВЕТИ СЕПТЕМВРИ'17","ЧАЙ РАЗЛИЧНИ ЕЛИС 30ГР","013887","72","0.51",""
"51651","МАГАЗИН НИКОЛА КОЗЛЕВО - УЛ.'ДЕВЕТИ СЕПТЕМВРИ'17","ПЮРЕ ГАНЧЕВ АСОРТИ 190ГР","014006","64","1.02",""
"51651","МАГАЗИН НИКОЛА КОЗЛЕВО - УЛ.'ДЕВЕТИ СЕПТЕМВРИ'17","КАФЕ ДЖОРДАНИ 200ГР","015319","70","2.65",""
"51651","МАГАЗИН НИКОЛА КОЗЛЕВО - УЛ.'ДЕВЕТИ СЕПТЕМВРИ'17","КАШКАВАЛ МИЛКИ 250ГР","015589","11","3.01",""
"51651","МАГАЗИН НИКОЛА КОЗЛЕВО - УЛ.'ДЕВЕТИ СЕПТЕМВРИ'17","КАФЕ ДЖОРДАНИ 1КГ НА ЗЪРНА CLASSIC","015678","71","12.78",""
"51651","МАГАЗИН НИКОЛА КОЗЛЕВО - УЛ.'ДЕВЕТИ СЕПТЕМВРИ'17","ВИНО СОФИЯ МУСКАТ 750МЛ","015959","75","2.14",""
"51651","МАГАЗИН НИКОЛА КОЗЛЕВО - УЛ.'ДЕВЕТИ СЕПТЕМВРИ'17","КИСЕЛО МЛЯКО ДОМЛЯН 4.5%","016163","7","0.92",""
"51651","МАГАЗИН НИКОЛА КОЗЛЕВО - УЛ.'ДЕВЕТИ СЕПТЕМВРИ'17","ОЦЕТ КУЛИНАР 700МЛ ЯБЪЛКОВ","016439","45","1.22",""
"51651","МАГАЗИН НИКОЛА КОЗЛЕВО - УЛ.'ДЕВЕТИ СЕПТЕМВРИ'17","ЛЮТЕНИЦА ПЕТЕЛ 575ГР","016489","49","1.99",""
"51651","МАГАЗИН НИКОЛА КОЗЛЕВО - УЛ.'ДЕВЕТИ СЕПТЕМВРИ'17","ПЮРЕ ГАНЧЕВ 190ГР МЛЯКО С ОРИЗ И СМЕТАНА","016776","64","1.02",""
"51651","МАГАЗИН НИКОЛА КОЗЛЕВО - УЛ.'ДЕВЕТИ СЕПТЕМВРИ'17","ОЦЕТ КУЛИНАР ВИНЕН 700МЛ","018597","44","1.17",""
"51651","МАГАЗИН НИКОЛА КОЗЛЕВО - УЛ.'ДЕВЕТИ СЕПТЕМВРИ'17","СИРЕНЕ БОРЯНА 200ГР","019049","9","1.99",""
"51651","МАГАЗИН НИКОЛА КОЗЛЕВО - УЛ.'ДЕВЕТИ СЕПТЕМВРИ'17","ШПЕК НАРОДЕН 220ГР-БУРГАС","019365","28","2.55",""
"51651","МАГАЗИН НИКОЛА КОЗЛЕВО - УЛ.'ДЕВЕТИ СЕПТЕМВРИ'17","APTAMIL 3 800ГР","019371","65","19.42",""
"51651","МАГАЗИН НИКОЛА КОЗЛЕВО - УЛ.'ДЕВЕТИ СЕПТЕМВРИ'17","МИНЕРАЛНА ВОДА ВЕЛИНГРАД 1,5Л","019618","73","0.41",""
"51651","МАГАЗИН НИКОЛА КОЗЛЕВО - УЛ.'ДЕВЕТИ СЕПТЕМВРИ'17","КИСЕЛО МЛЯКО ХАРМАН 3,6 % 400ГР","019788","7","0.76",""
"51651","МАГАЗИН НИКОЛА КОЗЛЕВО - УЛ.'ДЕВЕТИ СЕПТЕМВРИ'17","БОБ ТРАДИЦИОНЕН ЕМОНА 1КГ","021793","33","2.24",""
"51651","МАГАЗИН НИКОЛА КОЗЛЕВО - УЛ.'ДЕВЕТИ СЕПТЕМВРИ'17","МОКРИ КЪРПИ PEPINO 120БР","021832","84","0.71",""
"51651","МАГАЗИН НИКОЛА КОЗЛЕВО - УЛ.'ДЕВЕТИ СЕПТЕМВРИ'17","ДОМАТИ КУБЧЕТА 400ГР NOVI","021950","48","0.61",""
"51651","МАГАЗИН НИКОЛА КОЗЛЕВО - УЛ.'ДЕВЕТИ СЕПТЕМВРИ'17","МОКРИ КЪРПИ PEPINO 72БР ЛУКС","022046","84","0.51",""
"51651","МАГАЗИН НИКОЛА КОЗЛЕВО - УЛ.'ДЕВЕТИ СЕПТЕМВРИ'17","ХЛЯБ ЕШРЕФОГЛУ 500ГР","022668","1","0.64",""
"51651","МАГАЗИН НИКОЛА КОЗЛЕВО - УЛ.'ДЕВЕТИ СЕПТЕМВРИ'17","КРАВЕ МАСЛО ЛУДОГОРИЕ 125ГР","022963","12","1.53",""
"51651","МАГАЗИН НИКОЛА КОЗЛЕВО - УЛ.'ДЕВЕТИ СЕПТЕМВРИ'17","НАРОДЕН ШПЕК 220ГР- КЛАСИК","023008","28","2.45",""
"51651","МАГАЗИН НИКОЛА КОЗЛЕВО - УЛ.'ДЕВЕТИ СЕПТЕМВРИ'17","ЛЮТЕНИЦА ПЕТЕЛ 575ГР ДОМАШНА","025028","49","1.94",""
"51651","МАГАЗИН НИКОЛА КОЗЛЕВО - УЛ.'ДЕВЕТИ СЕПТЕМВРИ'17","ПРЯСНО МЛЯКО МЕГЛЕ 3,2%","025724","6","1.48",""
"51651","МАГАЗИН НИКОЛА КОЗЛЕВО - УЛ.'ДЕВЕТИ СЕПТЕМВРИ'17","САПУН ФАКС 125ГР","026121","83","0.66",""
"51651","МАГАЗИН НИКОЛА КОЗЛЕВО - УЛ.'ДЕВЕТИ СЕПТЕМВРИ'17","СИРЕНЕ СЕРДИКА 200ГР","026372","9","2.55",""
"51651","МАГАЗИН НИКОЛА КОЗЛЕВО - УЛ.'ДЕВЕТИ СЕПТЕМВРИ'17","ОРИЗ БИСЕРЕН ОБЕРОН 1КГ","026634","35","1.68",""
"51651","МАГАЗИН НИКОЛА КОЗЛЕВО - УЛ.'ДЕВЕТИ СЕПТЕМВРИ'17","ХЛЯБ ДОБРУДЖАНСКИ 500ГР","026655","2","0.61",""
"51651","МАГАЗИН НИКОЛА КОЗЛЕВО - УЛ.'ДЕВЕТИ СЕПТЕМВРИ'17","ПАСТА ЗА ЗЪБИ COLGATE 75ML","027428","81","1.02",""
"51651","МАГАЗИН НИКОЛА КОЗЛЕВО - УЛ.'ДЕВЕТИ СЕПТЕМВРИ'17","БЯЛО САЛ.СИРЕНЕ ЛУДОГОРИЕ 900ГР","027541","9","5.57",""
"51651","МАГАЗИН НИКОЛА КОЗЛЕВО - УЛ.'ДЕВЕТИ СЕПТЕМВРИ'17","ЦИГАРИ KING ЧЕРВЕН 100","029500","78","3.07",""
"51651","МАГАЗИН НИКОЛА КОЗЛЕВО - УЛ.'ДЕВЕТИ СЕПТЕМВРИ'17","ОРИЗ НАРОДЕН ВКУС ФАМИЛЕКС 1КГ","029714","35","1.27",""
"51651","МАГАЗИН НИКОЛА КОЗЛЕВО - УЛ.'ДЕВЕТИ СЕПТЕМВРИ'17","ОЛИО ФАМИЛЕКС 1Л","029918","42","1.62",""
"31396","МАГАЗИН ЗЪРНЕВО - ул.'Първа'45","ХЛЯБ ТИПОВ 600ГР","000021","4","0.72",""
"31396","МАГАЗИН ЗЪРНЕВО - ул.'Първа'45","КРАСТАВИЦА ГЪРЦИЯ КЛ 2","000200","58","3.80",""
"31396","МАГАЗИН ЗЪРНЕВО - ул.'Първа'45","КАРТОФИ МИТ ГЕРМАНИЯ КЛ. 1","000202","61","0.56",""
"31396","МАГАЗИН ЗЪРНЕВО - ул.'Първа'45","ЛУК КАБА ТУРЦИЯ ОПС","000204","55","0.61",""
"31396","МАГАЗИН ЗЪРНЕВО - ул.'Първа'45","БАНАНИ ВНОС ЕКВАДОР ОПС","000206","52","1.75",""
"31396","МАГАЗИН ЗЪРНЕВО - ул.'Първа'45","ПОРТОКАЛИ ГЪРЦИЯ КЛ 2","000212","51","1.53",""
"31396","МАГАЗИН ЗЪРНЕВО - ул.'Първа'45","ЛИМОНИ ТУРЦИЯ КЛ 2","000213","50","2.39",""
"31396","МАГАЗИН ЗЪРНЕВО - ул.'Първа'45","ДОМАТИ ГЪРЦИЯ КЛ2","000215","54","2.69",""
"31396","МАГАЗИН ЗЪРНЕВО - ул.'Първа'45","ЗЕЛЕ  ГЪРЦИЯ ОПС","000219","57","0.65",""
"31396","МАГАЗИН ЗЪРНЕВО - ул.'Първа'45","МОРКОВИ ТУРЦИЯ ОПС","000220","56","0.79",""
"31396","МАГАЗИН ЗЪРНЕВО - ул.'Първа'45","ЧЕСЪН ИСПАНИЯ ОПС КЛ2","000224","59","3.68",""
"31396","МАГАЗИН ЗЪРНЕВО - ул.'Първа'45","ЯБЪЛКА ЖЪЛТА ПОЛША КЛ.2","000247","53","1.38",""
"31396","МАГАЗИН ЗЪРНЕВО - ул.'Първа'45","ШПЕК СУХ РИЛА","000505","28","6.85",""
"31396","МАГАЗИН ЗЪРНЕВО - ул.'Първа'45","КАШКАВАЛ  1КГ АРАЧИЕВИ","000616","11","10.73",""
"31396","МАГАЗИН ЗЪРНЕВО - ул.'Първа'45","РИБА СКУМРИЯ НОРВЕЖКА","000651","29","5.67",""
"31396","МАГАЗИН ЗЪРНЕВО - ул.'Първа'45","КРОАСАН 7 ДЕЙС 92 ГР","001229","67","0.61",""
"31396","МАГАЗИН ЗЪРНЕВО - ул.'Първа'45","МЕРИЛИН PINK SLIMS","001285","78","3.17",""
"31396","МАГАЗИН ЗЪРНЕВО - ул.'Първа'45","КИНГ ЧЕРВЕН 80","001287","78","3.07",""
"31396","МАГАЗИН ЗЪРНЕВО - ул.'Първа'45","ЧЕТКА ЗА ЗЪБИ COLGATE EKSTRA CLEAN 1+1","010032","80","1.02",""
"31396","МАГАЗИН ЗЪРНЕВО - ул.'Първа'45","МАКАРОНИ ARBELLA 400ГР  ОХЛЮВ","010135","36","0.61",""
"31396","МАГАЗИН ЗЪРНЕВО - ул.'Първа'45","МАКАРОНИ ARBELLA 400ГР  СПАГЕТИ","010143","37","0.61",""
"31396","МАГАЗИН ЗЪРНЕВО - ул.'Първа'45","БИЛКОВ ЧАЙ RUBIS 20БР БУКЕТ","010597","72","0.56",""
"31396","МАГАЗИН ЗЪРНЕВО - ул.'Първа'45","ОЛИО 1Л ДОБРУДЖА","010836","42","1.62",""
"31396","МАГАЗИН ЗЪРНЕВО - ул.'Първа'45","ПЕЩЕРСКА ГРОЗДОВА 700МЛ","011140","77","6.80",""
"31396","МАГАЗИН ЗЪРНЕВО - ул.'Първа'45","ШАМПОАН PALMOLIVE 350МЛ","011209","82","1.53",""
"31396","МАГАЗИН ЗЪРНЕВО - ул.'Първа'45","КИСЕЛО МЛЯКО БОЛЯРЧЕ 3.6% 400ГР","011224","7","0.71",""
"31396","МАГАЗИН ЗЪРНЕВО - ул.'Първа'45","КОРИ ФАМИЛИЯ 500ГР","011365","5","1.76",""
"31396","МАГАЗИН ЗЪРНЕВО - ул.'Първа'45","ЗАХАР КРИСТАЛНА 1КГ ЕМОНА","011405","38","0.76",""
"31396","МАГАЗИН ЗЪРНЕВО - ул.'Първа'45","ЧАЙ БИОПРОГРАМА 30ГР ЛАЙКА","011430","72","0.97",""
"31396","МАГАЗИН ЗЪРНЕВО - ул.'Първа'45","Б-ТИ ЗАКУСКА ПОБЕДА 255ГР","012027","66","1.07",""
"31396","МАГАЗИН ЗЪРНЕВО - ул.'Първа'45","СОЛ ЕКСТРА 1КГ СИВЕС","012798","39","0.38",""
"31396","МАГАЗИН ЗЪРНЕВО - ул.'Първа'45","БРАШНО 1КГ ТИП 500 ЕМОНА","013463","40","0.61",""
"31396","МАГАЗИН ЗЪРНЕВО - ул.'Първа'45","КОРИ ТРАКИЙСКИ 400ГР","013789","5","1.27",""
"31396","МАГАЗИН ЗЪРНЕВО - ул.'Първа'45","ФЕРМАТА КОЛБАС ТЕЛЕШКИ 270ГР","013815","27","0.95",""
"31396","МАГАЗИН ЗЪРНЕВО - ул.'Първа'45","ФЕРМАТА КОЛБАС КАМЧИЯ 300ГР","013816","27","0.95",""
"31396","МАГАЗИН ЗЪРНЕВО - ул.'Първа'45","ФЕРМАТА КОЛБАС ХАМБУРГСКИ 270ГР","013817","27","0.95",""
"31396","МАГАЗИН ЗЪРНЕВО - ул.'Първа'45","КАФЕ ДЖОРДАНИ 200ГР","015319","70","2.65",""
"31396","МАГАЗИН ЗЪРНЕВО - ул.'Първа'45","КАШКАВАЛ МИЛКИ 250ГР","015589","11","3.01",""
"31396","МАГАЗИН ЗЪРНЕВО - ул.'Първа'45","КИСЕЛО МЛЯКО ДОМЛЯН 4.5%","016163","7","0.92",""
"31396","МАГАЗИН ЗЪРНЕВО - ул.'Първа'45","БОБ 1КГ КРЪСТЕВ","016486","33","2.04",""
"31396","МАГАЗИН ЗЪРНЕВО - ул.'Първа'45","ЛЮТЕНИЦА ПЕТЕЛ 575ГР","016489","49","1.99",""
"31396","МАГАЗИН ЗЪРНЕВО - ул.'Първа'45","СИРЕНЕ БОРЯНА 200ГР","019049","9","1.99",""
"31396","МАГАЗИН ЗЪРНЕВО - ул.'Първа'45","ЗЕХТИН 1Л ЕКСТРА ВИРЖИН 100%","019200","43","7.66",""
"31396","МАГАЗИН ЗЪРНЕВО - ул.'Първа'45","ШПЕК НАРОДЕН 220ГР-БУРГАС","019365","28","2.55",""
"31396","МАГАЗИН ЗЪРНЕВО - ул.'Първа'45","МИНЕРАЛНА ВОДА ВЕЛИНГРАД 1,5Л","019618","73","0.41",""
"31396","МАГАЗИН ЗЪРНЕВО - ул.'Първа'45","БОБ ТРАДИЦИОНЕН ЕМОНА 1КГ","021793","33","2.24",""
"31396","МАГАЗИН ЗЪРНЕВО - ул.'Първа'45","МОКРИ КЪРПИ PEPINO 120БР","021832","84","0.71",""
"31396","МАГАЗИН ЗЪРНЕВО - ул.'Първа'45","МОКРИ КЪРПИ PEPINO 72БР ЛУКС","022046","84","0.51",""
"31396","МАГАЗИН ЗЪРНЕВО - ул.'Първа'45","МОКРИ КЪРПИ PEPINO 120БР ЛУКС","022047","84","0.92",""
"31396","МАГАЗИН ЗЪРНЕВО - ул.'Първа'45","ХЛЯБ ЕШРЕФОГЛУ 500ГР","022668","1","0.64",""
"31396","МАГАЗИН ЗЪРНЕВО - ул.'Първа'45","НАРОДЕН ШПЕК 220ГР- КЛАСИК","023008","28","2.45",""
"31396","МАГАЗИН ЗЪРНЕВО - ул.'Първа'45","ЛЮТЕНИЦА ПЕТЕЛ 575ГР ДОМАШНА","025028","49","1.94",""
"31396","МАГАЗИН ЗЪРНЕВО - ул.'Първа'45","ПРЯСНО МЛЯКО МЕГЛЕ 3,2%","025724","6","1.48",""
"31396","МАГАЗИН ЗЪРНЕВО - ул.'Първа'45","САПУН ФАКС 125ГР","026121","83","0.66",""
"31396","МАГАЗИН ЗЪРНЕВО - ул.'Първа'45","СИРЕНЕ СЕРДИКА 200ГР","026372","9","2.55",""
"31396","МАГАЗИН ЗЪРНЕВО - ул.'Първа'45","ХЛЯБ ДОБРУДЖАНСКИ 500ГР","026655","2","0.61",""
"31396","МАГАЗИН ЗЪРНЕВО - ул.'Първа'45","ПАСТА ЗА ЗЪБИ COLGATE 75ML","027428","81","1.02",""
"31396","МАГАЗИН ЗЪРНЕВО - ул.'Първа'45","БЯЛО САЛ.СИРЕНЕ ЛУДОГОРИЕ 900ГР","027541","9","5.57",""
"31396","МАГАЗИН ЗЪРНЕВО - ул.'Първа'45","ЦИГАРИ KING ЧЕРВЕН 100","029500","78","3.07",""
"31396","МАГАЗИН ЗЪРНЕВО - ул.'Първа'45","ОЛИО ФАМИЛЕКС 1Л","029918","42","1.62",""
"78032","МАГАЗИН ЦАНИ ГИНЧЕВО - ИВАН ВАЗОВ 23","ХЛЯБ ТИПОВ 600ГР","000021","4","0.72",""
"78032","МАГАЗИН ЦАНИ ГИНЧЕВО - ИВАН ВАЗОВ 23","КРАСТАВИЦА ГЪРЦИЯ КЛ 2","000200","58","3.80",""
"78032","МАГАЗИН ЦАНИ ГИНЧЕВО - ИВАН ВАЗОВ 23","КАРТОФИ МИТ ГЕРМАНИЯ КЛ. 1","000202","61","0.56",""
"78032","МАГАЗИН ЦАНИ ГИНЧЕВО - ИВАН ВАЗОВ 23","ЛУК КАБА ТУРЦИЯ ОПС","000204","55","0.61",""
"78032","МАГАЗИН ЦАНИ ГИНЧЕВО - ИВАН ВАЗОВ 23","БАНАНИ ВНОС ЕКВАДОР ОПС","000206","52","1.75",""
"78032","МАГАЗИН ЦАНИ ГИНЧЕВО - ИВАН ВАЗОВ 23","ПОРТОКАЛИ ГЪРЦИЯ КЛ 2","000212","51","1.53",""
"78032","МАГАЗИН ЦАНИ ГИНЧЕВО - ИВАН ВАЗОВ 23","ЛИМОНИ ТУРЦИЯ КЛ 2","000213","50","2.39",""
"78032","МАГАЗИН ЦАНИ ГИНЧЕВО - ИВАН ВАЗОВ 23","ДОМАТИ ГЪРЦИЯ КЛ2","000215","54","2.69",""
"78032","МАГАЗИН ЦАНИ ГИНЧЕВО - ИВАН ВАЗОВ 23","ЗЕЛЕ  ГЪРЦИЯ ОПС","000219","57","0.65",""
"78032","МАГАЗИН ЦАНИ ГИНЧЕВО - ИВАН ВАЗОВ 23","МОРКОВИ ТУРЦИЯ ОПС","000220","56","0.79",""
"78032","МАГАЗИН ЦАНИ ГИНЧЕВО - ИВАН ВАЗОВ 23","ЧЕСЪН ИСПАНИЯ ОПС КЛ2","000224","59","3.68",""
"78032","МАГАЗИН ЦАНИ ГИНЧЕВО - ИВАН ВАЗОВ 23","ЯБЪЛКА ЖЪЛТА ПОЛША КЛ.2","000247","53","1.38",""
"78032","МАГАЗИН ЦАНИ ГИНЧЕВО - ИВАН ВАЗОВ 23","ШПЕК СУХ РИЛА","000505","28","6.85",""
"78032","МАГАЗИН ЦАНИ ГИНЧЕВО - ИВАН ВАЗОВ 23","РИБА СКУМРИЯ НОРВЕЖКА","000651","29","5.67",""
"78032","МАГАЗИН ЦАНИ ГИНЧЕВО - ИВАН ВАЗОВ 23","КРОАСАН 7 ДЕЙС 92 ГР","001229","67","0.61",""
"78032","МАГАЗИН ЦАНИ ГИНЧЕВО - ИВАН ВАЗОВ 23","МЕРИЛИН PINK SLIMS","001285","78","3.17",""
"78032","МАГАЗИН ЦАНИ ГИНЧЕВО - ИВАН ВАЗОВ 23","КИНГ ЧЕРВЕН 80","001287","78","3.07",""
"78032","МАГАЗИН ЦАНИ ГИНЧЕВО - ИВАН ВАЗОВ 23","МАКАРОНИ ARBELLA 400ГР  ОХЛЮВ","010135","36","0.61",""
"78032","МАГАЗИН ЦАНИ ГИНЧЕВО - ИВАН ВАЗОВ 23","МАКАРОНИ ARBELLA 400ГР  СПАГЕТИ","010143","37","0.61",""
"78032","МАГАЗИН ЦАНИ ГИНЧЕВО - ИВАН ВАЗОВ 23","БИЛКОВ ЧАЙ RUBIS 20БР БУКЕТ","010597","72","0.56",""
"78032","МАГАЗИН ЦАНИ ГИНЧЕВО - ИВАН ВАЗОВ 23","САПУН DOVE 90G  BEAUTY CREAM BAR","010756","83","0.92",""
"78032","МАГАЗИН ЦАНИ ГИНЧЕВО - ИВАН ВАЗОВ 23","СОЛ ЕКСТРА 1КГ ТРАПЕЗНА","010832","39","0.38",""
"78032","МАГАЗИН ЦАНИ ГИНЧЕВО - ИВАН ВАЗОВ 23","ОЛИО 1Л ДОБРУДЖА","010836","42","1.62",""
"78032","МАГАЗИН ЦАНИ ГИНЧЕВО - ИВАН ВАЗОВ 23","ПЕЩЕРСКА ГРОЗДОВА 700МЛ","011140","77","6.80",""
"78032","МАГАЗИН ЦАНИ ГИНЧЕВО - ИВАН ВАЗОВ 23","ВИНО SOPHIA 750ML SHARDONNAY","011160","75","2.14",""
"78032","МАГАЗИН ЦАНИ ГИНЧЕВО - ИВАН ВАЗОВ 23","ВИНО SOPHIA 750ML MERLOT","011161","76","2.14",""
"78032","МАГАЗИН ЦАНИ ГИНЧЕВО - ИВАН ВАЗОВ 23","ШАМПОАН PALMOLIVE 350МЛ","011209","82","1.53",""
"78032","МАГАЗИН ЦАНИ ГИНЧЕВО - ИВАН ВАЗОВ 23","КОРИ ФАМИЛИЯ 500ГР","011365","5","1.76",""
"78032","МАГАЗИН ЦАНИ ГИНЧЕВО - ИВАН ВАЗОВ 23","ЗАХАР КРИСТАЛНА 1КГ ЕМОНА","011405","38","0.76",""
"78032","МАГАЗИН ЦАНИ ГИНЧЕВО - ИВАН ВАЗОВ 23","ЧАЙ БИОПРОГРАМА 30ГР ЛАЙКА","011430","72","0.97",""
"78032","МАГАЗИН ЦАНИ ГИНЧЕВО - ИВАН ВАЗОВ 23","Б-ТИ ЗАКУСКА ПОБЕДА 255ГР","012027","66","1.07",""
"78032","МАГАЗИН ЦАНИ ГИНЧЕВО - ИВАН ВАЗОВ 23","СОЛ ЕКСТРА 1КГ СИВЕС","012798","39","0.38",""
"78032","МАГАЗИН ЦАНИ ГИНЧЕВО - ИВАН ВАЗОВ 23","ВИНО СОФИЯ КАБЕРНЕ 750МЛ КАРНОБАТ","013053","76","2.14",""
"78032","МАГАЗИН ЦАНИ ГИНЧЕВО - ИВАН ВАЗОВ 23","БРАШНО 1КГ ТИП 500 ЕМОНА","013463","40","0.61",""
"78032","МАГАЗИН ЦАНИ ГИНЧЕВО - ИВАН ВАЗОВ 23","КОРИ ТРАКИЙСКИ 400ГР","013789","5","1.27",""
"78032","МАГАЗИН ЦАНИ ГИНЧЕВО - ИВАН ВАЗОВ 23","ФЕРМАТА КОЛБАС ТЕЛЕШКИ 270ГР","013815","27","0.95",""
"78032","МАГАЗИН ЦАНИ ГИНЧЕВО - ИВАН ВАЗОВ 23","ФЕРМАТА КОЛБАС КАМЧИЯ 300ГР","013816","27","0.95",""
"78032","МАГАЗИН ЦАНИ ГИНЧЕВО - ИВАН ВАЗОВ 23","ФЕРМАТА КОЛБАС ХАМБУРГСКИ 270ГР","013817","27","0.95",""
"78032","МАГАЗИН ЦАНИ ГИНЧЕВО - ИВАН ВАЗОВ 23","КАФЕ ДЖОРДАНИ 200ГР","015319","70","2.65",""
"78032","МАГАЗИН ЦАНИ ГИНЧЕВО - ИВАН ВАЗОВ 23","КАШКАВАЛ МИЛКИ 250ГР","015589","11","3.01",""
"78032","МАГАЗИН ЦАНИ ГИНЧЕВО - ИВАН ВАЗОВ 23","ВИНО СОФИЯ МУСКАТ 750МЛ","015959","75","2.14",""
"78032","МАГАЗИН ЦАНИ ГИНЧЕВО - ИВАН ВАЗОВ 23","КИСЕЛО МЛЯКО ДОМЛЯН 4.5%","016163","7","0.92",""
"78032","МАГАЗИН ЦАНИ ГИНЧЕВО - ИВАН ВАЗОВ 23","ЛЮТЕНИЦА СЕЛЦЕ ТРАДИЦИОННА 580ГР","016397","49","1.89",""
"78032","МАГАЗИН ЦАНИ ГИНЧЕВО - ИВАН ВАЗОВ 23","ОЦЕТ КУЛИНАР 700МЛ ЯБЪЛКОВ","016439","45","1.22",""
"78032","МАГАЗИН ЦАНИ ГИНЧЕВО - ИВАН ВАЗОВ 23","ЛЮТЕНИЦА ПЕТЕЛ 575ГР","016489","49","1.99",""
"78032","МАГАЗИН ЦАНИ ГИНЧЕВО - ИВАН ВАЗОВ 23","ОЦЕТ КУЛИНАР ВИНЕН 700МЛ","018597","44","1.17",""
"78032","МАГАЗИН ЦАНИ ГИНЧЕВО - ИВАН ВАЗОВ 23","СИРЕНЕ БОРЯНА 200ГР","019049","9","1.99",""
"78032","МАГАЗИН ЦАНИ ГИНЧЕВО - ИВАН ВАЗОВ 23","ЗЕХТИН 1Л ЕКСТРА ВИРЖИН 100%","019200","43","7.66",""
"78032","МАГАЗИН ЦАНИ ГИНЧЕВО - ИВАН ВАЗОВ 23","МИНЕРАЛНА ВОДА ВЕЛИНГРАД 1,5Л","019618","73","0.41",""
"78032","МАГАЗИН ЦАНИ ГИНЧЕВО - ИВАН ВАЗОВ 23","БОБ ТРАДИЦИОНЕН ЕМОНА 1КГ","021793","33","2.24",""
"78032","МАГАЗИН ЦАНИ ГИНЧЕВО - ИВАН ВАЗОВ 23","МОКРИ КЪРПИ PEPINO 120БР","021832","84","0.71",""
"78032","МАГАЗИН ЦАНИ ГИНЧЕВО - ИВАН ВАЗОВ 23","ДОМАТИ КУБЧЕТА 400ГР NOVI","021950","48","0.61",""
"78032","МАГАЗИН ЦАНИ ГИНЧЕВО - ИВАН ВАЗОВ 23","МОКРИ КЪРПИ PEPINO 72БР ЛУКС","022046","84","0.51",""
"78032","МАГАЗИН ЦАНИ ГИНЧЕВО - ИВАН ВАЗОВ 23","ХЛЯБ ЕШРЕФОГЛУ 500ГР","022668","1","0.64",""
"78032","МАГАЗИН ЦАНИ ГИНЧЕВО - ИВАН ВАЗОВ 23","НАРОДЕН ШПЕК 220ГР- КЛАСИК","023008","28","2.45",""
"78032","МАГАЗИН ЦАНИ ГИНЧЕВО - ИВАН ВАЗОВ 23","ПРЯСНО МЛЯКО МЕГЛЕ 3,2%","025724","6","1.48",""
"78032","МАГАЗИН ЦАНИ ГИНЧЕВО - ИВАН ВАЗОВ 23","СИРЕНЕ СЕРДИКА 200ГР","026372","9","2.55",""
"78032","МАГАЗИН ЦАНИ ГИНЧЕВО - ИВАН ВАЗОВ 23","ХЛЯБ ДОБРУДЖАНСКИ 500ГР","026655","2","0.61",""
"78032","МАГАЗИН ЦАНИ ГИНЧЕВО - ИВАН ВАЗОВ 23","ПАСТА ЗА ЗЪБИ COLGATE 75ML","027428","81","1.02",""
"78032","МАГАЗИН ЦАНИ ГИНЧЕВО - ИВАН ВАЗОВ 23","ЦИГАРИ KING ЧЕРВЕН 100","029500","78","3.07",""
"83510","МАГАЗИН ШУМЕН - БУЛ.'СИМЕОН ВЕЛИКИ' 41","ХЛЯБ ТИПОВ 600ГР","000021","4","0.72",""
"83510","МАГАЗИН ШУМЕН - БУЛ.'СИМЕОН ВЕЛИКИ' 41","БИРА ЗАГОРКА 2Л","000077","74","1.27",""
"83510","МАГАЗИН ШУМЕН - БУЛ.'СИМЕОН ВЕЛИКИ' 41","КРАСТАВИЦА ГЪРЦИЯ КЛ 2","000200","58","3.80",""
"83510","МАГАЗИН ШУМЕН - БУЛ.'СИМЕОН ВЕЛИКИ' 41","КАРТОФИ МИТ ГЕРМАНИЯ КЛ. 1","000202","61","0.56",""
"83510","МАГАЗИН ШУМЕН - БУЛ.'СИМЕОН ВЕЛИКИ' 41","ЛУК КАБА ТУРЦИЯ ОПС","000204","55","0.61",""
"83510","МАГАЗИН ШУМЕН - БУЛ.'СИМЕОН ВЕЛИКИ' 41","БАНАНИ ВНОС ЕКВАДОР ОПС","000206","52","1.75",""
"83510","МАГАЗИН ШУМЕН - БУЛ.'СИМЕОН ВЕЛИКИ' 41","ПОРТОКАЛИ ГЪРЦИЯ КЛ 2","000212","51","1.59",""
"83510","МАГАЗИН ШУМЕН - БУЛ.'СИМЕОН ВЕЛИКИ' 41","ЛИМОНИ ТУРЦИЯ КЛ 2","000213","50","2.39",""
"83510","МАГАЗИН ШУМЕН - БУЛ.'СИМЕОН ВЕЛИКИ' 41","ЗЕЛЕ  ГЪРЦИЯ ОПС","000219","57","0.65",""
"83510","МАГАЗИН ШУМЕН - БУЛ.'СИМЕОН ВЕЛИКИ' 41","МОРКОВИ ТУРЦИЯ ОПС","000220","56","0.79",""
"83510","МАГАЗИН ШУМЕН - БУЛ.'СИМЕОН ВЕЛИКИ' 41","ЧЕСЪН ИСПАНИЯ ОПС КЛ2","000224","59","3.68",""
"83510","МАГАЗИН ШУМЕН - БУЛ.'СИМЕОН ВЕЛИКИ' 41","ЯБЪЛКА ЖЪЛТА ПОЛША КЛ.2","000247","53","1.38",""
"83510","МАГАЗИН ШУМЕН - БУЛ.'СИМЕОН ВЕЛИКИ' 41","ЯБЪЛКА ЧЕРВЕНА ПОЛША КЛ 2","000248","53","1.53",""
"83510","МАГАЗИН ШУМЕН - БУЛ.'СИМЕОН ВЕЛИКИ' 41","КАШКАВАЛ  1КГ АРАЧИЕВИ","000616","11","11.29",""
"83510","МАГАЗИН ШУМЕН - БУЛ.'СИМЕОН ВЕЛИКИ' 41","РИБА СКУМРИЯ НОРВЕЖКА","000651","29","5.67",""
"83510","МАГАЗИН ШУМЕН - БУЛ.'СИМЕОН ВЕЛИКИ' 41","КАШКАВАЛ ЛУДОГОРИЕ 1КГ","000870","11","9.35",""
"83510","МАГАЗИН ШУМЕН - БУЛ.'СИМЕОН ВЕЛИКИ' 41","КАФЕ НА ЗЪРНА БАЛКАМ 1КГ","001019","71","12.78",""
"83510","МАГАЗИН ШУМЕН - БУЛ.'СИМЕОН ВЕЛИКИ' 41","КРАВЕ СИРЕНЕ ХАРМАН 0,800ГР","001198","9","8.69",""
"83510","МАГАЗИН ШУМЕН - БУЛ.'СИМЕОН ВЕЛИКИ' 41","КРОАСАН 7 ДЕЙС 92 ГР","001229","67","0.61",""
"83510","МАГАЗИН ШУМЕН - БУЛ.'СИМЕОН ВЕЛИКИ' 41","МЕРИЛИН PINK SLIMS","001285","78","3.17",""
"83510","МАГАЗИН ШУМЕН - БУЛ.'СИМЕОН ВЕЛИКИ' 41","КИНГ ЧЕРВЕН 80","001287","78","3.07",""
"83510","МАГАЗИН ШУМЕН - БУЛ.'СИМЕОН ВЕЛИКИ' 41","ЧЕТКА ЗА ЗЪБИ COLGATE EKSTRA CLEAN 1+1","010032","80","1.02",""
"83510","МАГАЗИН ШУМЕН - БУЛ.'СИМЕОН ВЕЛИКИ' 41","МАКАРОНИ ARBELLA 400ГР  МИДА","010137","36","0.61",""
"83510","МАГАЗИН ШУМЕН - БУЛ.'СИМЕОН ВЕЛИКИ' 41","МАКАРОНИ ARBELLA 400ГР  ПЕПЕРУДА","010138","36","0.61",""
"83510","МАГАЗИН ШУМЕН - БУЛ.'СИМЕОН ВЕЛИКИ' 41","МАКАРОНИ ARBELLA 400ГР  СПАГЕТИ","010143","37","0.61",""
"83510","МАГАЗИН ШУМЕН - БУЛ.'СИМЕОН ВЕЛИКИ' 41","САПУН ТЕО 140G","010290","83","0.76",""
"83510","МАГАЗИН ШУМЕН - БУЛ.'СИМЕОН ВЕЛИКИ' 41","ШАМПОАН MEDIX STILENA 400ML","010454","82","1.53",""
"83510","МАГАЗИН ШУМЕН - БУЛ.'СИМЕОН ВЕЛИКИ' 41","БИЛКОВ ЧАЙ RUBIS 20БР БУКЕТ","010597","72","0.56",""
"83510","МАГАЗИН ШУМЕН - БУЛ.'СИМЕОН ВЕЛИКИ' 41","САПУН DOVE 90G  BEAUTY CREAM BAR","010756","83","0.92",""
"83510","МАГАЗИН ШУМЕН - БУЛ.'СИМЕОН ВЕЛИКИ' 41","АДАПТИРАНО МЛЯКО FRISOLAC 1 400G","010784","65","10.73",""
"83510","МАГАЗИН ШУМЕН - БУЛ.'СИМЕОН ВЕЛИКИ' 41","ПРЕХОДНО МЛЯКО FRISO 2 400G","010785","65","10.53",""
"83510","МАГАЗИН ШУМЕН - БУЛ.'СИМЕОН ВЕЛИКИ' 41","ОЛИО 1Л ДОБРУДЖА","010836","42","1.62",""
"83510","МАГАЗИН ШУМЕН - БУЛ.'СИМЕОН ВЕЛИКИ' 41","ПЕЩЕРСКА ГРОЗДОВА 700МЛ","011140","77","6.80",""
"83510","МАГАЗИН ШУМЕН - БУЛ.'СИМЕОН ВЕЛИКИ' 41","ВИНО SOPHIA 750ML SHARDONNAY","011160","75","2.14",""
"83510","МАГАЗИН ШУМЕН - БУЛ.'СИМЕОН ВЕЛИКИ' 41","ВИНО SOPHIA 750ML MERLOT","011161","76","2.14",""
"83510","МАГАЗИН ШУМЕН - БУЛ.'СИМЕОН ВЕЛИКИ' 41","ОЛИО ПЛИСКА 1Л","011173","42","1.69",""
"83510","МАГАЗИН ШУМЕН - БУЛ.'СИМЕОН ВЕЛИКИ' 41","ШАМПОАН PALMOLIVE 350МЛ","011209","82","1.53",""
"83510","МАГАЗИН ШУМЕН - БУЛ.'СИМЕОН ВЕЛИКИ' 41","КИСЕЛО МЛЯКО БОЛЯРЧЕ 3.6% 400ГР","011224","7","0.76",""
"83510","МАГАЗИН ШУМЕН - БУЛ.'СИМЕОН ВЕЛИКИ' 41","КОРИ ФАМИЛИЯ 500ГР","011365","5","1.97",""
"83510","МАГАЗИН ШУМЕН - БУЛ.'СИМЕОН ВЕЛИКИ' 41","ЗАХАР КРИСТАЛНА 1КГ ЕМОНА","011405","38","0.76",""
"83510","МАГАЗИН ШУМЕН - БУЛ.'СИМЕОН ВЕЛИКИ' 41","ЧАЙ БИОПРОГРАМА 30ГР ШИПКА","011424","72","1.05",""
"83510","МАГАЗИН ШУМЕН - БУЛ.'СИМЕОН ВЕЛИКИ' 41","ЧАЙ БИОПРОГРАМА 30ГР ЛАЙКА","011430","72","0.99",""
"83510","МАГАЗИН ШУМЕН - БУЛ.'СИМЕОН ВЕЛИКИ' 41","Б-ТИ ЗАКУСКА ПОБЕДА 255ГР","012027","66","1.07",""
"83510","МАГАЗИН ШУМЕН - БУЛ.'СИМЕОН ВЕЛИКИ' 41","С-Н СИНДИ 150ГР ALOE VERA MILK","012094","83","0.66",""
"83510","МАГАЗИН ШУМЕН - БУЛ.'СИМЕОН ВЕЛИКИ' 41","КАФЕ НОВА БРАЗИЛИЯ КЛАСИК 200ГР","012503","70","3.06",""
"83510","МАГАЗИН ШУМЕН - БУЛ.'СИМЕОН ВЕЛИКИ' 41","АДАПТИРАНО МЛЯКО APTAMIL 1 800G","012634","65","23.00",""
"83510","МАГАЗИН ШУМЕН - БУЛ.'СИМЕОН ВЕЛИКИ' 41","ПРЕХОДНО МЛЯКО APTAMIL 2 800G","012635","65","23.00",""
"83510","МАГАЗИН ШУМЕН - БУЛ.'СИМЕОН ВЕЛИКИ' 41","СОЛ ЕКСТРА 1КГ СИВЕС","012798","39","0.38",""
"83510","МАГАЗИН ШУМЕН - БУЛ.'СИМЕОН ВЕЛИКИ' 41","ВИНО СОФИЯ КАБЕРНЕ 750МЛ КАРНОБАТ","013053","76","2.14",""
"83510","МАГАЗИН ШУМЕН - БУЛ.'СИМЕОН ВЕЛИКИ' 41","БРАШНО 1КГ ТИП 500 ЕМОНА","013463","40","0.61",""
"83510","МАГАЗИН ШУМЕН - БУЛ.'СИМЕОН ВЕЛИКИ' 41","ПРЕХОДНО МЛЯКО FRISO 3","013774","65","9.50",""
"83510","МАГАЗИН ШУМЕН - БУЛ.'СИМЕОН ВЕЛИКИ' 41","ПЮРЕ ГАНЧЕВ БАНАНИ","013775","64","1.02",""
"83510","МАГАЗИН ШУМЕН - БУЛ.'СИМЕОН ВЕЛИКИ' 41","КОРИ ТРАКИЙСКИ 400ГР","013789","5","1.27",""
"83510","МАГАЗИН ШУМЕН - БУЛ.'СИМЕОН ВЕЛИКИ' 41","ФЕРМАТА КОЛБАС ТЕЛЕШКИ 270ГР","013815","27","0.95",""
"83510","МАГАЗИН ШУМЕН - БУЛ.'СИМЕОН ВЕЛИКИ' 41","ЧАЙ РАЗЛИЧНИ ЕЛИС 30ГР","013887","72","0.51",""
"83510","МАГАЗИН ШУМЕН - БУЛ.'СИМЕОН ВЕЛИКИ' 41","ПЮРЕ ГАНЧЕВ АСОРТИ 190ГР","014006","64","1.02",""
"83510","МАГАЗИН ШУМЕН - БУЛ.'СИМЕОН ВЕЛИКИ' 41","КАФЕ ДЖОРДАНИ 200ГР","015319","70","2.65",""
"83510","МАГАЗИН ШУМЕН - БУЛ.'СИМЕОН ВЕЛИКИ' 41","КАШКАВАЛ МИЛКИ 250ГР","015589","11","3.01",""
"83510","МАГАЗИН ШУМЕН - БУЛ.'СИМЕОН ВЕЛИКИ' 41","КАФЕ ДЖОРДАНИ 1КГ НА ЗЪРНА CLASSIC","015678","71","12.78",""
"83510","МАГАЗИН ШУМЕН - БУЛ.'СИМЕОН ВЕЛИКИ' 41","ВИНО СОФИЯ МУСКАТ 750МЛ","015959","75","2.14",""
"83510","МАГАЗИН ШУМЕН - БУЛ.'СИМЕОН ВЕЛИКИ' 41","КАШКАВАЛ САЯНА 400ГР","015967","11","4.70",""
"83510","МАГАЗИН ШУМЕН - БУЛ.'СИМЕОН ВЕЛИКИ' 41","КАРНОБАТСКА 700МЛ","016003","77","6.59",""
"83510","МАГАЗИН ШУМЕН - БУЛ.'СИМЕОН ВЕЛИКИ' 41","КИСЕЛО МЛЯКО ДОМЛЯН 4.5%","016163","7","0.92",""
"83510","МАГАЗИН ШУМЕН - БУЛ.'СИМЕОН ВЕЛИКИ' 41","ЛЮТЕНИЦА СЕЛЦЕ ТРАДИЦИОННА 580ГР","016397","49","1.89",""
"83510","МАГАЗИН ШУМЕН - БУЛ.'СИМЕОН ВЕЛИКИ' 41","ОЦЕТ КУЛИНАР 700МЛ ЯБЪЛКОВ","016439","45","1.22",""
"83510","МАГАЗИН ШУМЕН - БУЛ.'СИМЕОН ВЕЛИКИ' 41","БОБ 1КГ КРЪСТЕВ","016486","33","2.04",""
"83510","МАГАЗИН ШУМЕН - БУЛ.'СИМЕОН ВЕЛИКИ' 41","ЛЮТЕНИЦА ПЕТЕЛ 575ГР","016489","49","1.99",""
"83510","МАГАЗИН ШУМЕН - БУЛ.'СИМЕОН ВЕЛИКИ' 41","ПЮРЕ ГАНЧЕВ 190ГР","016774","64","1.02",""
"83510","МАГАЗИН ШУМЕН - БУЛ.'СИМЕОН ВЕЛИКИ' 41","ПЮРЕ ГАНЧЕВ 190ГР МЛЯКО С ОРИЗ И СМЕТАНА","016776","64","1.02",""
"83510","МАГАЗИН ШУМЕН - БУЛ.'СИМЕОН ВЕЛИКИ' 41","ПШЕНИЧНА МЛЕЧНА КАША С БАНАН, ЯБЪЛКА И ПОРТОКАЛ 200ГР","017364","63","2.33",""
"83510","МАГАЗИН ШУМЕН - БУЛ.'СИМЕОН ВЕЛИКИ' 41","КАФЕ ДЖОРДАНИ 1КГ ЗЪРНА BAR","018141","71","14.82",""
"83510","МАГАЗИН ШУМЕН - БУЛ.'СИМЕОН ВЕЛИКИ' 41","ОЦЕТ КУЛИНАР ВИНЕН 700МЛ","018597","44","1.17",""
"83510","МАГАЗИН ШУМЕН - БУЛ.'СИМЕОН ВЕЛИКИ' 41","ОРИЗ КРЪСТЕВ БИСЕРЕН 1КГ","018605","35","1.53",""
"83510","МАГАЗИН ШУМЕН - БУЛ.'СИМЕОН ВЕЛИКИ' 41","СИРЕНЕ БОРЯНА 200ГР","019049","9","1.99",""
"83510","МАГАЗИН ШУМЕН - БУЛ.'СИМЕОН ВЕЛИКИ' 41","ЗЕХТИН 1Л ЕКСТРА ВИРЖИН 100%","019200","43","7.66",""
"83510","МАГАЗИН ШУМЕН - БУЛ.'СИМЕОН ВЕЛИКИ' 41","ЧЕТКА ЗА ЗЪБИ COLGATE 360 CLEAN","019298","80","1.38",""
"83510","МАГАЗИН ШУМЕН - БУЛ.'СИМЕОН ВЕЛИКИ' 41","APTAMIL 3 800ГР","019371","65","19.42",""
"83510","МАГАЗИН ШУМЕН - БУЛ.'СИМЕОН ВЕЛИКИ' 41","МИНЕРАЛНА ВОДА ВЕЛИНГРАД 1,5Л","019618","73","0.35",""
"83510","МАГАЗИН ШУМЕН - БУЛ.'СИМЕОН ВЕЛИКИ' 41","КИСЕЛО МЛЯКО ХАРМАН 3,6 % 400ГР","019788","7","0.76",""
"83510","МАГАЗИН ШУМЕН - БУЛ.'СИМЕОН ВЕЛИКИ' 41","ЧЗ КОЛГЕЙТ 360 1БР АКТИВЕН ВЪГЛЕН И ЗЛАТО","020130","80","1.38",""
"83510","МАГАЗИН ШУМЕН - БУЛ.'СИМЕОН ВЕЛИКИ' 41","БОБ ТРАДИЦИОНЕН ЕМОНА 1КГ","021793","33","2.24",""
"83510","МАГАЗИН ШУМЕН - БУЛ.'СИМЕОН ВЕЛИКИ' 41","МОКРИ КЪРПИ PEPINO 120БР","021832","84","0.71",""
"83510","МАГАЗИН ШУМЕН - БУЛ.'СИМЕОН ВЕЛИКИ' 41","ДОМАТИ КУБЧЕТА 400ГР NOVI","021950","48","0.61",""
"83510","МАГАЗИН ШУМЕН - БУЛ.'СИМЕОН ВЕЛИКИ' 41","МОКРИ КЪРПИ PEPINO 72БР ЛУКС","022046","84","0.51",""
"83510","МАГАЗИН ШУМЕН - БУЛ.'СИМЕОН ВЕЛИКИ' 41","МОКРИ КЪРПИ PEPINO 120БР ЛУКС","022047","84","0.92",""
"83510","МАГАЗИН ШУМЕН - БУЛ.'СИМЕОН ВЕЛИКИ' 41","ХЛЯБ ЕШРЕФОГЛУ 500ГР","022668","1","0.64",""
"83510","МАГАЗИН ШУМЕН - БУЛ.'СИМЕОН ВЕЛИКИ' 41","ПРЯСНО МЛЯКО САЯНА 3,2% 1Л","022837","6","1.43",""
"83510","МАГАЗИН ШУМЕН - БУЛ.'СИМЕОН ВЕЛИКИ' 41","КРАВЕ МАСЛО ЛУДОГОРИЕ 250ГР","022962","12","2.81",""
"83510","МАГАЗИН ШУМЕН - БУЛ.'СИМЕОН ВЕЛИКИ' 41","КРАВЕ МАСЛО ЛУДОГОРИЕ 125ГР","022963","12","1.53",""
"83510","МАГАЗИН ШУМЕН - БУЛ.'СИМЕОН ВЕЛИКИ' 41","НАРОДЕН ШПЕК 220ГР- КЛАСИК","023008","28","2.55",""
"83510","МАГАЗИН ШУМЕН - БУЛ.'СИМЕОН ВЕЛИКИ' 41","КРАВЕ МАСЛО ДВЕТЕ КРАВИ 0,250","024465","12","3.06",""
"83510","МАГАЗИН ШУМЕН - БУЛ.'СИМЕОН ВЕЛИКИ' 41","ЛЮТЕНИЦА ПЕТЕЛ 575ГР ДОМАШНА","025028","49","1.94",""
"83510","МАГАЗИН ШУМЕН - БУЛ.'СИМЕОН ВЕЛИКИ' 41","САПУН ФАКС 125ГР","026121","83","0.66",""
"83510","МАГАЗИН ШУМЕН - БУЛ.'СИМЕОН ВЕЛИКИ' 41","КАШКАВАЛ МИЛККОМ 200ГР","026339","11","2.55",""
"83510","МАГАЗИН ШУМЕН - БУЛ.'СИМЕОН ВЕЛИКИ' 41","ОРИЗ БИСЕРЕН ОБЕРОН 1КГ","026634","35","1.68",""
"83510","МАГАЗИН ШУМЕН - БУЛ.'СИМЕОН ВЕЛИКИ' 41","ХЛЯБ ДОБРУДЖАНСКИ 500ГР","026655","2","0.61",""
"83510","МАГАЗИН ШУМЕН - БУЛ.'СИМЕОН ВЕЛИКИ' 41","КРАВЕ СИРЕНЕ САЯНА 800ГР","027087","9","6.33",""
"83510","МАГАЗИН ШУМЕН - БУЛ.'СИМЕОН ВЕЛИКИ' 41","ПАСТА ЗА ЗЪБИ COLGATE 75ML","027428","81","1.02",""
"83510","МАГАЗИН ШУМЕН - БУЛ.'СИМЕОН ВЕЛИКИ' 41","БЯЛО САЛ.СИРЕНЕ ЛУДОГОРИЕ 900ГР","027541","9","5.57",""
"83510","МАГАЗИН ШУМЕН - БУЛ.'СИМЕОН ВЕЛИКИ' 41","ИЗВАРА ДОМЛЯН 450ГР","028652","14","1.53",""
"83510","МАГАЗИН ШУМЕН - БУЛ.'СИМЕОН ВЕЛИКИ' 41","ЦИГАРИ KING ЧЕРВЕН 100","029500","78","3.07",""
"83510","МАГАЗИН ШУМЕН - БУЛ.'СИМЕОН ВЕЛИКИ' 41","ОРИЗ НАРОДЕН ВКУС ФАМИЛЕКС 1КГ","029714","35","1.27",""
"83510","МАГАЗИН ШУМЕН - БУЛ.'СИМЕОН ВЕЛИКИ' 41","ЦИГАРИ MERILYN СИН СЛИМ","029738","78","3.17",""
"83510","МАГАЗИН ШУМЕН - БУЛ.'СИМЕОН ВЕЛИКИ' 41","ОЛИО ФАМИЛЕКС 1Л","029918","42","1.62",""
"83510","МАГАЗИН ШУМЕН - БУЛ.'СИМЕОН ВЕЛИКИ' 41","ХЛЯБ СЕЛСКИ ТИПОВ LAGARDE 450ГР","030167","4","1.38",""
"83510","МАГАЗИН ШУМЕН - БУЛ.'СИМЕОН ВЕЛИКИ' 41","ХЛЯБ СЕЛСКИ РЪЖЕН LAGARDE 450ГР","030168","3","1.38",""
"83510","МАГАЗИН ШУМЕН - БУЛ.'СИМЕОН ВЕЛИКИ' 41","ЗЕЛЕН ГРАХ 800ГР CHEFS","030228","47","1.27",""
"83510","МАГАЗИН ШУМЕН - БУЛ.'СИМЕОН ВЕЛИКИ' 41","ШОКОЛАД ЛИНД ЛИНДОР МИЛК 100ГР.","030299","69","1.53",""
