"Населено място","Търговски обект","Наименование на продукта","Код на продукта","Категория","Цена на дребно","Цена в промоция"
"66425","Ж ЛОГИСТИК ООД","Ракия Пещера 0.7 ","20006","77","5.9800","5.9800"
"66425","Ж ЛОГИСТИК ООД","Ракия Пещера-ОТЛЕЖАЛА 0.7 ","20011","77","6.8000","6.8000"
"66425","Ж ЛОГИСТИК ООД","Ракия Кайлъшка Пещера 0.7 ","20042","77","6.7000","6.7000"
"66425","Ж ЛОГИСТИК ООД","Ямболска грозд.Пещ.0.7 ","20050","77","5.6200","5.6200"
"66425","Ж ЛОГИСТИК ООД","Вила Ямбол Мерло 0.75 ","20161","76","3.8300","3.8300"
"66425","Ж ЛОГИСТИК ООД","Вила Ямбол Мускат 0.75 ","20162","75","3.8300","3.8300"
"66425","Ж ЛОГИСТИК ООД","Вила Ямбол Шардоне 0.75 ","20163","75","3.8300","3.8300"
"66425","Ж ЛОГИСТИК ООД","Вила Ямбол Каберне 0.75 ","20164","76","3.8300","3.8300"
"66425","Ж ЛОГИСТИК ООД","Вила Ямбол Мавруд 0.75 ","20165","76","3.8300","3.8300"
"66425","Ж ЛОГИСТИК ООД","Бяло вино Верано Азур 0.75 ","20312","75","5.5200","5.5200"
"66425","Ж ЛОГИСТИК ООД","Червено вино Верано Азур 0.75 ","20314","76","5.6800","5.6800"
"66425","Ж ЛОГИСТИК ООД","Кайлъшка Сливова Ракия 0.7 л ","20326","77","7.1600","7.1600"
"66425","Ж ЛОГИСТИК ООД","Вино Пиксел Совиньон блан 0.75 ","20328","75","6.1700","6.1700"
"66425","Ж ЛОГИСТИК ООД","Вино Пиксел Глера 0.75 ","20333","75","6.1700","6.1700"
"66425","Ж ЛОГИСТИК ООД","Ракия Кайлъшка Мускатова 0.7 ","20349","77","7.8500","7.8500"
"66425","Ж ЛОГИСТИК ООД","Вино Пиксел Каберне 0.75 ","20350","76","6.1700","6.1700"
"66425","Ж ЛОГИСТИК ООД","Вино F2F Червен купаж 0.75 ","20354","76","10.5300","10.5300"
"66425","Ж ЛОГИСТИК ООД","Вино F2F Дорнфелдер 0.75 ","20355","76","10.5300","10.5300"
"66425","Ж ЛОГИСТИК ООД","Вино F2F Шардоне 0.75 ","20356","75","10.5300","10.5300"
"66425","Ж ЛОГИСТИК ООД","Вино Пиксел Шардоне 0.75 ","20376","75","6.1700","6.1700"
"66425","Ж ЛОГИСТИК ООД","Вино Кабиле Шардоне Сов. 0.75 ","20379","75","5.8800","5.8800"
"66425","Ж ЛОГИСТИК ООД","Вино Кабиле Мерло Каберне 0.75 ","20381","76","5.8800","5.8800"
"66425","Ж ЛОГИСТИК ООД","Вино Кабиле Мавруд Каберне0.75 ","20382","76","5.8800","5.8800"
"66425","Ж ЛОГИСТИК ООД","Вино Кабиле Шардоне 0.75 ","20384","75","5.8800","5.8800"
"66425","Ж ЛОГИСТИК ООД","Вино Ню Блум Сов.Блан 0.75 ","20387","75","6.3500","6.3500"
"66425","Ж ЛОГИСТИК ООД","ВИНО КАБИЛЕ СИРА 0.75 ","20393","76","5.8800","5.8800"
"66425","Ж ЛОГИСТИК ООД","ВИНО НЮ БЛУМ ДОРНФЕЛДЕР 0.75 ","20397","76","6.3500","6.3500"
"66425","Ж ЛОГИСТИК ООД","ВИНО НЮ БЛУМ РЕГЕНТ 0.75 ","20398","76","6.3500","6.3500"
"66425","Ж ЛОГИСТИК ООД","ВИНО ВЕРАНО АЗУР МЕРЛО 0.75 ","20399","76","5.0600","5.0600"
"66425","Ж ЛОГИСТИК ООД","ВИНО F2F СОВИНЬОН БЛАН 0.75 ","20401","75","10.5300","10.5300"
"66425","Ж ЛОГИСТИК ООД","ВИНО ПИКСЕЛ СИРА 0.75 ","20404","76","6.1700","6.1700"
"66425","Ж ЛОГИСТИК ООД","ВИНО ПИКСЕЛ РЕГЕНТ 0.75 ","20405","76","6.1700","6.1700"
"66425","Ж ЛОГИСТИК ООД","ВИНО ВЕРАНО АЗУР ГЛЕРА 0.75 ","20406","75","5.3700","5.3700"
"66425","Ж ЛОГИСТИК ООД","ВИНО КАБИЛЕ РЕЗЕРВА СИРА 0.75 ","20412","76","6.9100","6.9100"
"66425","Ж ЛОГИСТИК ООД","ВИНО КАБИЛЕ РЕЗЕРВА КАБЕРНЕ0.7 ","20413","76","6.9100","6.9100"
"66425","Ж ЛОГИСТИК ООД","ВИНО КАБИЛЕ РЕЗЕРВА МЕРЛО 0.75 ","20414","76","6.9100","6.9100"
"66425","Ж ЛОГИСТИК ООД","ВИНЕЯАРДС КАБЕРНЕ БОЛЯРОВО 0.7 ","20418","76","21.0200","21.0200"
"66425","Ж ЛОГИСТИК ООД","ВИНЕЯАРДС МЕРЛО+КАБ.ФРАН+ПЕТИ ","20419","76","21.0200","21.0200"
"66425","Ж ЛОГИСТИК ООД","ВИНЕЯАРДС СИРА ТОПОЛИЦА 0.75 ","20420","76","21.0200","21.0200"
"66425","Ж ЛОГИСТИК ООД","ВЕРАНО ФЮЖЪН БЯЛО ПРАС.МАР 0.7 ","20422","75","4.2900","4.2900"
"66425","Ж ЛОГИСТИК ООД","РАКИЯ КАРНОБАТСКА ОТЛЕЖАЛА 0.7 ","30021","77","8.1300","8.1300"
"66425","Ж ЛОГИСТИК ООД","Ракия Карнобат 0.7л ","30059","77","5.6800","5.6800"
"66425","Ж ЛОГИСТИК ООД","Грозден 0.7л ","30061","77","5.6000","5.6000"
"66425","Ж ЛОГИСТИК ООД","Ракия Кехлибар 0.7л ","30069","77","7.7700","7.7700"
"66425","Ж ЛОГИСТИК ООД","ВИНО Соф.мускат КАРНОБАТ 0.7л ","30130","75","1.8700","1.8700"
"66425","Ж ЛОГИСТИК ООД","ВИНО Соф.каберне КАРНОБАТ 0.7л ","30132","76","1.8700","1.8700"
"66425","Ж ЛОГИСТИК ООД","Вино Сайкъл Гевюрц Траминер0.7 ","30133","75","4.6000","4.6000"
"66425","Ж ЛОГИСТИК ООД","Вино Сайкъл Сира 0.75л ","30134","76","4.6000","4.6000"
"66425","Ж ЛОГИСТИК ООД","Вино Сайкъл Пино Ноар 0.75л ","30135","76","4.6000","4.6000"
"66425","Ж ЛОГИСТИК ООД","Вино Сайкъл Мерло Пино Ноар ","30136","76","4.6000","4.6000"
"66425","Ж ЛОГИСТИК ООД","Вино Сайкъл Сира Вионие 0.75л ","30137","76","4.6000","4.6000"
"66425","Ж ЛОГИСТИК ООД","Ракия Кт Специална Селекция0.7 ","30138","77","8.0800","8.0800"
"66425","Ж ЛОГИСТИК ООД","Ракия Мускатова Карнобат 0.7л ","30139","77","7.1600","7.1600"
"66425","Ж ЛОГИСТИК ООД","Вино Шато Кт Мускат 0.75л ","30140","75","3.4800","3.4800"
"66425","Ж ЛОГИСТИК ООД","Вино Шато Кт Шардоне 0.75л ","30141","75","3.4800","3.4800"
"66425","Ж ЛОГИСТИК ООД","Вино Шато Кт Мерло 0.75л ","30142","76","3.2200","3.2200"
"66425","Ж ЛОГИСТИК ООД","Вино Шато Кт Каберне 0.75л ","30143","76","3.2200","3.2200"
"66425","Ж ЛОГИСТИК ООД","Вино Шато Кт Мавруд 0.75л ","30144","76","3.2200","3.2200"
"66425","Ж ЛОГИСТИК ООД","ВИНО Соф.Шардоне 0.75л КАРНОБА ","30145","75","1.8700","1.8700"
"66425","Ж ЛОГИСТИК ООД","ВИНО Соф.Мерло 0.75л КАРНОБАТ ","30146","76","1.8700","1.8700"
"66425","Ж ЛОГИСТИК ООД","Вино Шато Кт Траминер 0.75л ","30150","75","3.4800","3.4800"
"66425","Ж ЛОГИСТИК ООД","Вино Керацуда 0.7л Карнобат ","30163","75","2.6100","2.6100"
"66425","Ж ЛОГИСТИК ООД","Вино Сайкъл Сов.Блан 0.75 ","30205","75","5.0100","5.0100"
"66425","Ж ЛОГИСТИК ООД","Вино Сайкъл Сов.Бл.Вио 0.75 ","30206","75","5.0100","5.0100"
"66425","Ж ЛОГИСТИК ООД","Вино Сайкъл Шард.Коломбар 0.75 ","30207","75","5.0100","5.0100"
"66425","Ж ЛОГИСТИК ООД","Вино Сайкъл Ризл.Сов.Блан 0.75 ","30208","76","4.3600","4.3600"
"66425","Ж ЛОГИСТИК ООД","ВИНО САЙКЪЛ МЕРЛО 0.75 ","30212","76","4.6000","4.6000"
"66425","Ж ЛОГИСТИК ООД","ВИНО САЙКЪЛ КАБЕРНЕ СОВ. 0.75 ","30213","76","4.6000","4.6000"
"66425","Ж ЛОГИСТИК ООД","Вино Бр.Минкови Черв.КЮВЕ 0.75 ","30220","76","8.5100","8.5100"
"66425","Ж ЛОГИСТИК ООД","Вино Бр.Минкови СИРА 0.75л ","30221","76","8.5100","8.5100"
"66425","Ж ЛОГИСТИК ООД","Вино Бр.Минкови Каберне 0.75 ","30222","76","8.5100","8.5100"
"66425","Ж ЛОГИСТИК ООД","Вино Бр.Минкови Шардоне 0.75 ","30223","75","8.5100","8.5100"
"66425","Ж ЛОГИСТИК ООД","Вино Бр.Минкови Бяло КЮВЕ 0.75 ","30224","75","8.5100","8.5100"
"66425","Ж ЛОГИСТИК ООД","Вино Бр.Минкови Мерло 0.75 ","30225","76","8.5100","8.5100"
"66425","Ж ЛОГИСТИК ООД","Вино Етно Шардоне 0.75 ","30237","75","3.9900","3.9900"
"66425","Ж ЛОГИСТИК ООД","Вино Етно Мерло 0.75 ","30239","76","3.6800","3.6800"
"66425","Ж ЛОГИСТИК ООД","ВИНО ЕТНО ТРАМИНЕР 0.75 ","30243","75","3.9900","3.9900"
"66425","Ж ЛОГИСТИК ООД","Вино Сайкъл Каберне Фран 0.75 ","30244","76","4.6000","4.6000"
"66425","Ж ЛОГИСТИК ООД","Вино Етно Сира\Рубин 0.75л ","30246","76","3.6800","3.6800"
"66425","Ж ЛОГИСТИК ООД","Вино Етно Совин.Блан 0.75л ","30247","75","3.9900","3.9900"
"66425","Ж ЛОГИСТИК ООД","Вино Етно Мускат\Димят 0.75л ","30248","75","3.9900","3.9900"
"66425","Ж ЛОГИСТИК ООД","Вино ЕТно Каберне\Мавруд 0.75 ","30249","76","3.6800","3.6800"
"66425","Ж ЛОГИСТИК ООД","вино Сайкъл КС/КФ/Мерло 0.75 ","30257","76","4.6000","4.6000"
"66425","Ж ЛОГИСТИК ООД","Вино Меча Кръв Червено 0.75 л ","30280","76","1.4300","1.4300"
"66425","Ж ЛОГИСТИК ООД","Вино Льо Фотограф Сира 0.75 л ","30285","76","9.8200","9.8200"
"66425","Ж ЛОГИСТИК ООД","Вино Льо Фотограф Каб.Ф 0.75л ","30286","76","8.6900","8.6900"
"66425","Ж ЛОГИСТИК ООД","Вино Льо Фотограф П.Ноар 0.75л ","30287","76","8.6900","8.6900"
"66425","Ж ЛОГИСТИК ООД","Вино Льо Фотограф Ризлинг0.75л ","30288","75","9.4600","9.4600"
"66425","Ж ЛОГИСТИК ООД","Вино Льо Фотограф Сов.Бл.0.75л ","30289","75","9.8200","9.8200"
"66425","Ж ЛОГИСТИК ООД","Вино Льо Фотограф ПИНО ГРИ0.75 ","30300","75","9.8200","9.8200"
"66425","Ж ЛОГИСТИК ООД","СМАКИ ДАБЪЛ ЧЕРИ 92ГР ","40081","67","0.7900","0.7900"
"66425","Ж ЛОГИСТИК ООД","СМАКИ МАКС БРЮЛЕ 92ГР ","40082","67","0.7900","0.7900"
"66425","Ж ЛОГИСТИК ООД","СМАКИ МАКС КАКАО 92ГР ","40083","67","0.7900","0.7900"
"66425","Ж ЛОГИСТИК ООД","СВОГЕ МЛЕЧЕН 80ГР ","40091","69","0.9800","0.9800"
"66425","Ж ЛОГИСТИК ООД","ФИН МЛЕЧЕН 80ГР ","40092","69","0.7900","0.7900"
"66425","Ж ЛОГИСТИК ООД","СМАКИ ДАБЪЛ ягода 92ГР ","40102","67","0.7900","0.7900"
"66425","Ж ЛОГИСТИК ООД","КРОАСАН 7 ДЕЙС МИНИ КАКАО ","40179","67","0.7700","0.7700"
"66425","Ж ЛОГИСТИК ООД","КРОАСАН 7 ДЕЙС МИНИ МИЛФЕЙ ","40180","67","0.7700","0.7700"
"66425","Ж ЛОГИСТИК ООД","СМАКИ ДАБЪЛ ВАНИЛИЯ+БИСКВ 92ГР ","40225","67","0.7900","0.7900"
"66425","Ж ЛОГИСТИК ООД","ЛИНДТ ЛИНДОР 60% КАКАО 100ГР ","60041","69","3.3200","3.3200"
"66425","Ж ЛОГИСТИК ООД","ЛИНДТ ЛИНДОР БЯЛ 100ГР ","60042","69","3.3200","3.3200"
"66425","Ж ЛОГИСТИК ООД","ЛИНДТ ЛИНДОР МЛЕЧЕН 100ГР ","60043","69","3.3200","3.3200"
"66425","Ж ЛОГИСТИК ООД","ЛИНДТ ЛИНДОР ПИСТАЧИО 100ГР ","60044","69","3.3200","3.3200"
"66425","Ж ЛОГИСТИК ООД","ЛИНДТ ГРАНД БАДЕМ БЯЛ 150ГР ","60045","69","5.7300","5.7300"
"66425","Ж ЛОГИСТИК ООД","ЛИНДТ ЕКСЕЛЕНС С ПОРТОКАЛ 100Г ","60053","69","3.7800","3.7800"
"66425","Ж ЛОГИСТИК ООД","ЛИНДТ ЕКСЕЛЕНС КАРАМЕЛ МОР 100 ","60054","69","3.7800","3.7800"
"66425","Ж ЛОГИСТИК ООД","ЛИНДТ КЛАСИК МЛЕЧЕН 100ГР ","60055","69","3.3200","3.3200"
"66425","Ж ЛОГИСТИК ООД","ЛИНДТ ЕКСЕЛЕНС 90% КАКАО 100ГР ","60087","69","3.7800","3.7800"
"66425","Ж ЛОГИСТИК ООД","ЛИНДТ КЛАСИК МЛЕЧЕН ЛЕШНИК 100 ","60088","69","3.7500","3.7500"
"66425","Ж ЛОГИСТИК ООД","ЛИНДТ ЕКСЕЛЕНС 85% КАКАО 100ГР ","60097","69","3.7800","3.7800"
"66425","Ж ЛОГИСТИК ООД","ЛИНДТ ЕКСЕЛЕНС С МЕНТА 100ГР ","60099","69","3.7800","3.7800"
"66425","Ж ЛОГИСТИК ООД","ЛИНДТ ЛИНДОР СОЛЕН КАРАМ. 100Г ","60179","69","3.3200","3.3200"
"66425","Ж ЛОГИСТИК ООД","ЛИНДТ ЕКСТРА КРЕМИ ЛЕШНИК 100Г ","60215","69","3.3200","3.3200"
"66425","Ж ЛОГИСТИК ООД","ЛИНДТ ЕКСТРА КРЕМИ МЛЕЧЕН 100Г ","60216","69","3.3200","3.3200"
"66425","Ж ЛОГИСТИК ООД","КАРУЗО КРОАС.ХЛЕБЧЕ ШОКОЛАД 82 ","60217","67","0.6600","0.6600"
"66425","Ж ЛОГИСТИК ООД","КАРУЗО КРОАС.ХЛЕБЧЕ ЧИЙЗ.БОРОВ ","60218","67","0.6600","0.6600"
"66425","Ж ЛОГИСТИК ООД","КАРУЗО КРОАС.ХЛЕБЧЕ ПИСТАЧИО82 ","60219","67","0.6600","0.6600"
"66425","Ж ЛОГИСТИК ООД","КАРУЗО КРОАС.ХЛЕБЧЕ ЧИЙЗ.ЧЕРЕШ ","60220","67","0.6600","0.6600"
"66425","Ж ЛОГИСТИК ООД","КАРУЗО КРОАС.ХЛЕБЧЕ ЧИЙЗ.ЯГОДА ","60221","67","0.6600","0.6600"
"66425","Ж ЛОГИСТИК ООД","КАРУЗО КРОАС.ХЛЕБЧЕ ТИРАМИСУ ","60222","67","0.6600","0.6600"
"66425","Ж ЛОГИСТИК ООД","БАУЛИ КРОАСАН ЧЕРЕША 6*50Г ","60234","67","3.9900","3.9900"
"66425","Ж ЛОГИСТИК ООД","БАУЛИ КРОАСАН КАЙСИЯ 6*50Г ","60235","67","3.9900","3.9900"
"66425","Ж ЛОГИСТИК ООД","БАУЛИ КРОАСАН ШОКОЛАД 6*50Г ","60236","67","3.9900","3.9900"
"66425","Ж ЛОГИСТИК ООД","БАУЛИ КРОАСАН ВАНИЛИЯ 6*50Г ","60237","67","3.9900","3.9900"
"66425","Ж ЛОГИСТИК ООД","ЛИНДТ ЕКСЕЛЕНС 70% КАКАО 100ГР ","60257","69","3.7800","3.7800"
"66425","Ж ЛОГИСТИК ООД","МИЛКА ШОКОЛАД 85ГР ","90007","69","1.4300","1.4300"
"66425","Ж ЛОГИСТИК ООД","МИЛКА ШОКОЛАД 100ГР ","90008","69","1.4300","1.4300"
"66425","Ж ЛОГИСТИК ООД","Магарешко мляко  0.75л ","120030","75","1.3300","1.3300"
"66425","Ж ЛОГИСТИК ООД","Мавруд Асеновград 0.75л ","120035","76","3.7100","3.7100"
"66425","Ж ЛОГИСТИК ООД","Резерва Мавруд  0.75л ","120036","76","4.4100","4.4100"
"66425","Ж ЛОГИСТИК ООД","Мавруд СП.РЕЗ. 0.75 л ","120037","76","5.0600","5.0600"
"66425","Ж ЛОГИСТИК ООД","Магарешко мляко Червено 0.75 ","120088","76","1.3300","1.3300"
"66425","Ж ЛОГИСТИК ООД","БАНКЯ НАТ.МИН.ВОДА 1.5 ","150201","73","0.7700","0.7700"
"66425","Ж ЛОГИСТИК ООД","РОСА ИЗВОРНА ВОДА 1.5 ","150204","73","0.7700","0.7700"
"66425","Ж ЛОГИСТИК ООД","ВЕСА ИЗВОРНА ВОДА 1.5 ","170102","73","0.7700","0.7700"
"66425","Ж ЛОГИСТИК ООД","СЕЛАНА ТРАПЕЗНА ВОДА 1.5 ","170104","73","0.7700","0.7700"
"66425","Ж ЛОГИСТИК ООД","ЕЛИТ ДУБАЙСКИ ШОКОЛОД 90ГР ","180030","69","4.0900","4.0900"
"66425","Ж ЛОГИСТИК ООД","ЕЛИТ ДУБАЙСКИ ШОКОЛОД БЯЛ 90ГР ","180066","69","4.0900","4.0900"
"66425","Ж ЛОГИСТИК ООД","ЕЛИТ ДУБАЙСКИ ШОКОЛОД НАТУР.90 ","180068","69","4.0900","4.0900"
"66425","Ж ЛОГИСТИК ООД","Каберне Резерва Търговище 0.75 ","190009","76","3.6800","3.6800"
"66425","Ж ЛОГИСТИК ООД","Траминер Търговище 0.75л ","190010","75","4.1400","4.1400"
"66425","Ж ЛОГИСТИК ООД","Шардоне Търговище 0.75л ","190011","75","3.5800","3.5800"
"66425","Ж ЛОГИСТИК ООД","Мускат Търговище 0.75л ","190012","75","3.5800","3.5800"
"66425","Ж ЛОГИСТИК ООД","Мерло резерва Търговище 0.7л ","190016","76","3.6800","3.6800"
"66425","Ж ЛОГИСТИК ООД","Каберне Търговище 0.75л  ПВЦ ","190020","76","2.8100","2.8100"
"66425","Ж ЛОГИСТИК ООД","Мерло Търговище 0.75л  ПВЦ ","190021","76","2.8100","2.8100"
"66425","Ж ЛОГИСТИК ООД","Ракия Бургаска мускатова 0.7л ","190023","77","8.5400","8.5400"
"66425","Ж ЛОГИСТИК ООД","Ракия Поморийска муск. 0.7л ","190024","77","8.5400","8.5400"
"66425","Ж ЛОГИСТИК ООД","Ракия Мускатова 0.7л-Търговище ","190026","77","5.3400","5.3400"
"66425","Ж ЛОГИСТИК ООД","Ракия Хан Крум Мускатова 0.7 ","190027","77","7.7600","7.7600"
"66425","Ж ЛОГИСТИК ООД","Ракия ТРОЯНСКА СЛИВОВА ОБ.0.7л ","190028","77","7.5700","7.5700"
"66425","Ж ЛОГИСТИК ООД","Ракия Троянска сливова ОТЛ.0.7 ","190029","77","8.6400","8.6400"
"66425","Ж ЛОГИСТИК ООД","Ракия Троянска Кайсиева 0.7 ","190030","77","8.3300","8.3300"
"66425","Ж ЛОГИСТИК ООД","РАКИЯ БУРГАСКА ГРОЗДОВА 0.7 ","190032","77","6.7000","6.7000"
"66425","Ж ЛОГИСТИК ООД","РАКИЯ СЛИВОВА ФЕМИЛИ РЕЗЕРВ 89 ","190033","77","102.2600","102.2600"
"66425","Ж ЛОГИСТИК ООД","РАКИЯ КАЙСИЕВА ТЪРГОВИЩЕ 0.7л ","190047","77","7.0000","7.0000"
"66425","Ж ЛОГИСТИК ООД","Вино Мезек Мавруд 0.7л ","190048","76","4.1900","4.1900"
"66425","Ж ЛОГИСТИК ООД","Вино Траминер Хан Крум Преслав ","190049","75","3.8300","3.8300"
"66425","Ж ЛОГИСТИК ООД","Вино Мускат Хан Крум 0.75 син ","190054","75","3.8300","3.8300"
"66425","Ж ЛОГИСТИК ООД","Вино Мерло Хан Крум 0.75 син ","190055","76","3.8300","3.8300"
"66425","Ж ЛОГИСТИК ООД","Вино Шардоне Хан Крум 0.75 син ","190056","75","3.8300","3.8300"
"66425","Ж ЛОГИСТИК ООД","Вино Каберне Хан Крум 0.75 син ","190057","76","3.8300","3.8300"
"66425","Ж ЛОГИСТИК ООД","Вино Траминер Хан Крум 0.7 син ","190058","75","4.2400","4.2400"
"66425","Ж ЛОГИСТИК ООД","ВИНО СОВ БЛАН ХАН КРУМ 0.7 СИН ","190059","75","3.8300","3.8300"
"66425","Ж ЛОГИСТИК ООД","Вино Черга бяла 0.75л ","190060","75","4.7600","4.7600"
"66425","Ж ЛОГИСТИК ООД","Вино Черга червена 0.75л ","190061","76","4.7600","4.7600"
"66425","Ж ЛОГИСТИК ООД","Вино Мезек Каберне&Мавруд 0.7 ","190063","76","4.1900","4.1900"
"66425","Ж ЛОГИСТИК ООД","Вино Мезек Каберне 0.75л ","190064","76","4.1900","4.1900"
"66425","Ж ЛОГИСТИК ООД","Вино Мезек Мерло 0.75л ","190065","76","4.1900","4.1900"
"66425","Ж ЛОГИСТИК ООД","Ракия ПОМОРИЙСКА обикн.0.7л ","190076","77","6.7000","6.7000"
"66425","Ж ЛОГИСТИК ООД","ВИНО МЕЗЕК МЕРЛО 0.7л ","190096","76","3.7500","3.7500"
"66425","Ж ЛОГИСТИК ООД","Вино Мезек Каберне&Мавруд 0.75 ","190097","76","3.8800","3.8800"
"66425","Ж ЛОГИСТИК ООД","Вино Мезек Каберне 0.75 ","190098","76","3.7500","3.7500"
"66425","Ж ЛОГИСТИК ООД","Вино Мезек Сира 0.75л ","190208","76","4.1900","4.1900"
"66425","Ж ЛОГИСТИК ООД","Вино Мезек Сов.Блан&Пино Гри ","190209","75","4.1900","4.1900"
"66425","Ж ЛОГИСТИК ООД","Вино Мезек Шардоне 0.75л ","190210","75","4.1900","4.1900"
"66425","Ж ЛОГИСТИК ООД","Ракия Помор.специална 0.7 л ","190212","77","7.3100","7.3100"
"66425","Ж ЛОГИСТИК ООД","Ракия Сунгуларска Гроздова 0.7 ","190214","77","5.8200","5.8200"
"66425","Ж ЛОГИСТИК ООД","Ракия Гроздова 0.7 Търговище ","190216","77","4.8300","4.8300"
"66425","Ж ЛОГИСТИК ООД","Вино Сов.Блан Търговище 0.7 ","190224","75","3.5800","3.5800"
"66425","Ж ЛОГИСТИК ООД","Вино Сов.Блан Преслав 0.7 ","190225","75","2.8400","2.8400"
"66425","Ж ЛОГИСТИК ООД","ВИНО КУАНТУМ 0.75Л СИРА&КАБ. ","190230","75","4.0900","4.0900"
"66425","Ж ЛОГИСТИК ООД","ЕЛЛА СЛИМС 6.20 ","890001","78","3.1700","3.1700"
"66425","Ж ЛОГИСТИК ООД","ОМЕ 6.20 ","900134","78","3.1700","3.1700"
"66425","Ж ЛОГИСТИК ООД","ОМЕ ЙЕЛОУ 6.20 ","900135","78","3.1700","3.1700"
"66425","Ж ЛОГИСТИК ООД","ОМЕ УАЙТ 6.20 ","900136","78","3.1700","3.1700"
"66425","Ж ЛОГИСТИК ООД","ОМЕ ГРИЙН 6.20 ","900137","78","3.1700","3.1700"
"66425","Ж ЛОГИСТИК ООД","КАРЕЛИЯ 100 БЛУ 6.00 ТТ ","900138","78","3.0700","3.0700"
"66425","Ж ЛОГИСТИК ООД","КАРЕЛИЯ 100 УАЙТ 6.00 ТТ ","900139","78","3.0700","3.0700"
"66425","Ж ЛОГИСТИК ООД","КАРЕЛИЯ 100 МИСТ 6.00 ТТ ","900140","78","3.0700","3.0700"
"66425","Ж ЛОГИСТИК ООД","КАРЕЛИЯ S 6.20 ","900141","78","3.1700","3.1700"
"66425","Ж ЛОГИСТИК ООД","КАРЕЛИЯ L 6.20 ","900142","78","3.1700","3.1700"
"66425","Ж ЛОГИСТИК ООД","КАРЕЛИЯ I 6.20 ","900143","78","3.1700","3.1700"
"66425","Ж ЛОГИСТИК ООД","КАРЕЛИЯ M 6.20 ","900144","78","3.1700","3.1700"
"66425","Ж ЛОГИСТИК ООД","ДЖОРДЖ КАРЕЛИЯ S СМУТЪР 6.50 ","900145","78","3.3200","3.3200"
"66425","Ж ЛОГИСТИК ООД","ДЖОРДЖ КАРЕЛИЯ S ФИЛТЪР 6.50 ","900146","78","3.3200","3.3200"
"66425","Ж ЛОГИСТИК ООД","ДЖ.КАРЕЛИЯ РИО  9.50 ","900147","78","4.8600","4.8600"
"66425","Ж ЛОГИСТИК ООД","ДЖ.КАРЕЛИЯ СМУТЪР  9.50 ","900148","78","4.8600","4.8600"
"66425","Ж ЛОГИСТИК ООД","ДАВИДОВ ГОЛД 7.30 ","920089","78","3.7300","3.7300"
"66425","Ж ЛОГИСТИК ООД","ДАВИДОВ КЛАСИК 7.30 ","920090","78","3.7300","3.7300"
"66425","Ж ЛОГИСТИК ООД","ДАВИДОВ СИЛВЪР 7.30 ","920091","78","3.7300","3.7300"
"66425","Ж ЛОГИСТИК ООД","ДАВИДОВ УАЙТ 7.30 ","920092","78","3.7300","3.7300"
"66425","Ж ЛОГИСТИК ООД","ДАВИДОВ БЛЕК ФИЛТЪР 7.30 ","920093","78","3.7300","3.7300"
"66425","Ж ЛОГИСТИК ООД","ДАВИДОВ РИЧ БЛУ 6.50 ","920094","78","3.3200","3.3200"
"66425","Ж ЛОГИСТИК ООД","ДАВИДОВ РИЧ БЛЕК 6.10 ","920095","78","3.1200","3.1200"
"66425","Ж ЛОГИСТИК ООД","ДАВИДОВ РИЧ СИЛВЪР 6.10 ","920096","78","3.1200","3.1200"
"66425","Ж ЛОГИСТИК ООД","ДАВИДОВ ГОЛД 7.60 ","920097","78","3.8900","3.8900"
"66425","Ж ЛОГИСТИК ООД","ДАВИДОВ КЛАСИК 7.60 ","920098","78","3.8900","3.8900"
"66425","Ж ЛОГИСТИК ООД","ДАВИДОВ БЛЕК ФИЛТЪР 7.60 ","920099","78","3.8900","3.8900"
"66425","Ж ЛОГИСТИК ООД","ДАВИДОВ УАЙТ 7.60 ","920100","78","3.8900","3.8900"
"66425","Ж ЛОГИСТИК ООД","ДАВИДОВ МАГЕНТА 7.00 ","920128","78","3.5800","3.5800"
"66425","Ж ЛОГИСТИК ООД","ДАВИДОВ SS РОЗЕ  7.00 ","920129","78","3.5800","3.5800"
"66425","Ж ЛОГИСТИК ООД","ДАВИДОВ СЛИМ УАЙТ 6.70 ","920130","78","3.4300","3.4300"
"66425","Ж ЛОГИСТИК ООД","ДАВИДОВ СЛИМ КЛАСИК 6.70 ","920131","78","3.4300","3.4300"
"66425","Ж ЛОГИСТИК ООД","ДАВИДОВ СЛИМ ГОЛД 6.70 ","920132","78","3.4300","3.4300"
"66425","Ж ЛОГИСТИК ООД","ДАВИДОВ СЛИМ ГОЛДЪН ФИЛТЪР 6.7 ","920133","78","3.4300","3.4300"
"66425","Ж ЛОГИСТИК ООД","ДАВИДОВ СЛИМ СИЛВЪР 6.7 ","920134","78","3.4300","3.4300"
"66425","Ж ЛОГИСТИК ООД","ТЮТЮН ГОЛД.ВИРД.ГРИЙН 40г12.70 ","920135","78","6.4900","6.4900"
"66425","Ж ЛОГИСТИК ООД","ТЮТЮН ГОЛД.ВИРД.ЙЕЛОУ 30г 9.5 ","920136","78","4.8600","4.8600"
"66425","Ж ЛОГИСТИК ООД","ДАВИДОВ РИЧ БЛЕК 6.50 ","920137","78","3.3200","3.3200"
"66425","Ж ЛОГИСТИК ООД","ДАВИДОВ РИЧ БЛУ 6.50 ","920138","78","3.3200","3.3200"
"66425","Ж ЛОГИСТИК ООД","ДАВИДОВ РИЧ СИЛВЪР 6.50 ","920139","78","3.3200","3.3200"
"66425","Ж ЛОГИСТИК ООД","ДАВИДОВ СЛИМ ЛИЛАК 7.00 ","920140","78","3.5800","3.5800"
"66425","Ж ЛОГИСТИК ООД","ДАВИДОВ РИЧ БЛЕК 6.80 ","920141","78","3.4800","3.4800"
"66425","Ж ЛОГИСТИК ООД","ДАВИДОВ РИЧ БЛУ 6.80 ","920142","78","3.4800","3.4800"
"66425","Ж ЛОГИСТИК ООД","ДАВИДОВ РИЧ СИЛВЪР 6.80 ","920143","78","3.4800","3.4800"
"66425","Ж ЛОГИСТИК ООД","ДАВИДОВ МАГЕНТА СС 7.40 ","920144","78","3.7800","3.7800"
"66425","Ж ЛОГИСТИК ООД","ДАВИДОВ СИЛВЪР 7.60 ","920145","78","3.8900","3.8900"
"66425","Ж ЛОГИСТИК ООД","ДАВИДОВ SS ЛИЛАК 7.40 ","920146","78","3.7800","3.7800"
"66425","Ж ЛОГИСТИК ООД","ДАВИДОВ SS РОЗЕ 7.40 ","920147","78","3.7800","3.7800"
"66425","Ж ЛОГИСТИК ООД","ПАРЛАМЕНТ СЛИМ БЯЛ 8.00 ТТ ","930050","78","4.0900","4.0900"
"66425","Ж ЛОГИСТИК ООД","ПАРЛАМЕНТ СЛИМ СИН 8.00 ТТ ","930051","78","4.0900","4.0900"
"66425","Ж ЛОГИСТИК ООД","МАРЛБОРО 100 ГОЛД ТТ 7.30 ","930052","78","3.7300","3.7300"
"66425","Ж ЛОГИСТИК ООД","МАРЛБОРО 100 РЕД ТТ 7.30 ","930053","78","3.7300","3.7300"
"66425","Ж ЛОГИСТИК ООД","ПАРЛАМЕНТ 100 АКВА 8.00 ТТ ","930054","78","4.0900","4.0900"
"66425","Ж ЛОГИСТИК ООД","ПАРЛАМЕНТ 80 АКВА 8.00 ТТ ","930055","78","4.0900","4.0900"
"66425","Ж ЛОГИСТИК ООД","ПАРЛАМЕНТ 80 СИЛВЪР 8.00 ТТ ","930056","78","4.0900","4.0900"
"66425","Ж ЛОГИСТИК ООД","ПАРЛАМЕНТ МАНХАТЪН 7.10 ","930059","78","3.6300","3.6300"
"66425","Ж ЛОГИСТИК ООД","МУРАТИ XS СИНЬО 6.70 ТТ ","930060","78","3.4300","3.4300"
"66425","Ж ЛОГИСТИК ООД","МУРАТИ XS СИВО 6.70 ТТ ","930061","78","3.4300","3.4300"
"66425","Ж ЛОГИСТИК ООД","ЛМ 100 РЕД 6.40 ","930167","78","3.2700","3.2700"
"66425","Ж ЛОГИСТИК ООД","ЛМ 100 БЛУ 6.40 ","930168","78","3.2700","3.2700"
"66425","Ж ЛОГИСТИК ООД","МАРЛБОРО 80 РЕД ТТ 7.30 ","930173","78","3.7300","3.7300"
"66425","Ж ЛОГИСТИК ООД","МАРЛБОРО 80 ГОЛД ТТ 7.30 ","930174","78","3.7300","3.7300"
"66425","Ж ЛОГИСТИК ООД","МАРЛБОРО ТЪЧ 6.70 ","930175","78","3.4300","3.4300"
"66425","Ж ЛОГИСТИК ООД","МАРЛБОРО ФАЙН ТЪЧ 6.70 ","930176","78","3.4300","3.4300"
"66425","Ж ЛОГИСТИК ООД","МАРЛБОРО XL ТЪЧ 6.70 ","930177","78","3.4300","3.4300"
"66425","Ж ЛОГИСТИК ООД","МАРЛБОРО XL ФАЙН ТЪЧ 6.70 ","930178","78","3.4300","3.4300"
"66425","Ж ЛОГИСТИК ООД","МАРЛБОРО XL ГОЛД ТЪЧ 6.70 ","930179","78","3.4300","3.4300"
"66425","Ж ЛОГИСТИК ООД","ЛМ 80 БЛУ 6.70 ","930180","78","3.4300","3.4300"
"66425","Ж ЛОГИСТИК ООД","ЛМ 80 РЕД 6.70 ","930181","78","3.4300","3.4300"
"66425","Ж ЛОГИСТИК ООД","МАРЛБОРО КРАФТЕД РЕД ТТ 6.00 ","930182","78","3.0700","3.0700"
"66425","Ж ЛОГИСТИК ООД","МАРЛБОРО КРАФТЕД ГОЛД ТТ 6.00 ","930183","78","3.0700","3.0700"
"66425","Ж ЛОГИСТИК ООД","МАРЛБОРО С-ЛАЙН ТТ 6.20 ","930184","78","3.1700","3.1700"
"66425","Ж ЛОГИСТИК ООД","ХИЙТС ТЮРКОАЗ 6.50 ","930343","78","3.3200","3.3200"
"66425","Ж ЛОГИСТИК ООД","ХИЙТС РЪСЕТ 6.50 ","930344","78","3.3200","3.3200"
"66425","Ж ЛОГИСТИК ООД","ФИИТ МАРИЙН 2019 52.00 ","930401","78","25.5200","25.5200"
"66425","Ж ЛОГИСТИК ООД","ФИИТ РЕГЮЛАР 2019 52.00 ","930402","78","2.6600","2.6600"
"66425","Ж ЛОГИСТИК ООД","ФИИТ РЕГЮЛАР ДИЙП 2019 52.00 ","930403","78","2.6600","2.6600"
"66425","Ж ЛОГИСТИК ООД","ФИИТ РОКСО 2022 52.00 ","930404","78","25.5200","25.5200"
"66425","Ж ЛОГИСТИК ООД","ФИИТ ЕЛЕМЕНТ КЕЙ 52.00 ","930405","78","2.6600","2.6600"
"66425","Ж ЛОГИСТИК ООД","ФИИТ ЕЛЕМЕНТ РИА 52.00 ","930406","78","2.6600","2.6600"
"66425","Ж ЛОГИСТИК ООД","ФИИТ ЕЛЕМЕНТ КЕЛИ 52.00 ","930407","78","2.6600","2.6600"
"66425","Ж ЛОГИСТИК ООД","ФИИТ РЕГУЛАР СИЛВЪР 52.00 ","930408","78","2.6600","2.6600"
"66425","Ж ЛОГИСТИК ООД","ФИИТ РЕГУЛАР КОПЪР 55.00 ","930409","78","2.8100","2.8100"
"66425","Ж ЛОГИСТИК ООД","ФИИТ РЕГУЛАР 55.00 ","930410","78","2.8100","2.8100"
"66425","Ж ЛОГИСТИК ООД","ФИИТ РИА 55.00 ","930411","78","2.8100","2.8100"
"66425","Ж ЛОГИСТИК ООД","ТЕРЕА ТЮРКОАЗ 6.50 ","930635","78","3.3200","3.3200"
"66425","Ж ЛОГИСТИК ООД","ТЕРЕА СИЕНА 6.50 ","930636","78","3.3200","3.3200"
"66425","Ж ЛОГИСТИК ООД","ТЕРЕА СИЛВЪР 6.50 ","930637","78","3.3200","3.3200"
"66425","Ж ЛОГИСТИК ООД","ТЕРЕА РЪСЕТ 6.50 ","930638","78","3.3200","3.3200"
"66425","Ж ЛОГИСТИК ООД","ТЕРЕА АМБЪР 6.50 ","930639","78","3.3200","3.3200"
"66425","Ж ЛОГИСТИК ООД","ТЕРЕА ЙЕЛОУ 6.50 ","930640","78","3.3200","3.3200"
"66425","Ж ЛОГИСТИК ООД","ТЕРЕА ТИК 6.50 ","930641","78","3.3200","3.3200"
"66425","Ж ЛОГИСТИК ООД","ТЕРЕА КОНА 6.50 ","930642","78","3.3200","3.3200"
"66425","Ж ЛОГИСТИК ООД","ТЕРЕА АМАРЕЛО  6.50 ","930643","78","3.3200","3.3200"
"66425","Ж ЛОГИСТИК ООД","ТЕРЕА БРОНЗ 6.50 ","930644","78","3.3200","3.3200"
"66425","Ж ЛОГИСТИК ООД","ТЕРЕА СОФТ 6.50 ","930645","78","3.3200","3.3200"
"66425","Ж ЛОГИСТИК ООД","ДЕЛИЯ КЛАСИК ГОЛД 6.00 ","930684","78","3.0700","3.0700"
"66425","Ж ЛОГИСТИК ООД","ДЕЛИЯ КЛАСИК СИЛВЪР 6.00 ","930685","78","3.0700","3.0700"
"66425","Ж ЛОГИСТИК ООД","ДЕЛИЯ КЛАСИК ГРИЙН 6.00 ","930686","78","3.0700","3.0700"
"66425","Ж ЛОГИСТИК ООД","ДЕЛИЯ КЛАСИК РЕД 6.00 ","930687","78","3.0700","3.0700"
"66425","Ж ЛОГИСТИК ООД","ТЮТЮН ПУЕБЛО КЛАСИК 12ЛВ 30ГР ","940033","78","6.1400","6.1400"
"66425","Ж ЛОГИСТИК ООД","ТЮТЮН ПУЕБЛО БЛУ 12ЛВ 30ГР ","940034","78","6.1400","6.1400"
"66425","Ж ЛОГИСТИК ООД","ТЮТЮН РЕД БУЛ-ЦВАРЕ 12.00 ","940035","78","6.1400","6.1400"
"66425","Ж ЛОГИСТИК ООД","КОРСЕТ ЛИЛАВ 6.30 ","950080","78","3.2200","3.2200"
"66425","Ж ЛОГИСТИК ООД","КОРСЕТ ПИНК 6.30 ","950081","78","3.2200","3.2200"
"66425","Ж ЛОГИСТИК ООД","КОРСЕТ МАРИН 6.30 ","950082","78","3.2200","3.2200"
"66425","Ж ЛОГИСТИК ООД","МЕРИЛИН КРИСТЪЛ ПИНК 6.20 ","950083","78","3.1700","3.1700"
"66425","Ж ЛОГИСТИК ООД","МЕРИЛИН КРИСТЪЛ БЛУ 6.20 ","950084","78","3.1700","3.1700"
"66425","Ж ЛОГИСТИК ООД","МЕРИЛИН ПИНК 6.20 ","950085","78","3.1700","3.1700"
"66425","Ж ЛОГИСТИК ООД","МЕРИЛИН БЛУ 6.20 ","950086","78","3.1700","3.1700"
"66425","Ж ЛОГИСТИК ООД","КОРСЕТ ЧЕРНА ПЕРЛА 6.30 ","950087","78","3.2200","3.2200"
"66425","Ж ЛОГИСТИК ООД","КИНГ 80 РЕД 6.00 ","950088","78","3.0700","3.0700"
"66425","Ж ЛОГИСТИК ООД","КИНГ 100 РЕД 6.00 ","950089","78","3.0700","3.0700"
"66425","Ж ЛОГИСТИК ООД","КИНГ ЦЕНТ СКАЙ БЛУ 6.20 ","950090","78","3.1700","3.1700"
"66425","Ж ЛОГИСТИК ООД","КИНГ ЦЕНТ ДЕНИМ  БЛУ 6.20 ","950091","78","3.1700","3.1700"
"66425","Ж ЛОГИСТИК ООД","КОРСЕТ МАРИН 6.70 ","950092","78","3.4300","3.4300"
"66425","Ж ЛОГИСТИК ООД","КОРСЕТ УАЙТ ХОЛОУ ФИЛТЪР 6.70 ","950093","78","3.4300","3.4300"
"66425","Ж ЛОГИСТИК ООД","КОРСЕТ ЛИЛАК ХОЛОУ ФИЛТЪР 6.70 ","950094","78","3.4300","3.4300"
"66425","Ж ЛОГИСТИК ООД","РОТМАНС 100 ДАРК 6.40 ","960211","78","3.2700","3.2700"
"66425","Ж ЛОГИСТИК ООД","РОТМАНС 100 СКАЙ 6.40 ","960212","78","3.2700","3.2700"
"66425","Ж ЛОГИСТИК ООД","РОТМАНС 100 СИЛВЪР 6.40 ","960213","78","3.2700","3.2700"
"66425","Ж ЛОГИСТИК ООД","ДЪНХИЛ N65 ПЪРПЪЛ СИГНАТ 7.00 ","960222","78","3.5800","3.5800"
"66425","Ж ЛОГИСТИК ООД","РОТМАНС 80 ДАРК 6.40 ","960225","78","3.2700","3.2700"
"66425","Ж ЛОГИСТИК ООД","ДЪНХИЛ СЕЛЕКТ ЯПОНСКА РОЗА 7.5 ","960226","78","3.8300","3.8300"
"66425","Ж ЛОГИСТИК ООД","ДЪНХИЛ N36 САЛМОН СИГНАТ 7.00 ","960227","78","3.5800","3.5800"
"66425","Ж ЛОГИСТИК ООД","РОТМАНС 80 СКАЙ 6.40 ","960229","78","3.2700","3.2700"
"66425","Ж ЛОГИСТИК ООД","РОТМАНС 80 УАЙТ 6.40 ","960230","78","3.2700","3.2700"
"66425","Ж ЛОГИСТИК ООД","РОТМАНС КЛАСИК БЛУ 100 6.20 ","960232","78","3.1700","3.1700"
"66425","Ж ЛОГИСТИК ООД","РОТМАНС КЛАСИК РЕД 100 6.20 ","960233","78","3.1700","3.1700"
"66425","Ж ЛОГИСТИК ООД","ДЪНХИЛ ЕСЕНС ШАМПАНСКО 7.00 ","960234","78","3.5800","3.5800"
"66425","Ж ЛОГИСТИК ООД","ДЪНХИЛ СЕЛЕКТ РИВИЕРА 7.50 ","960235","78","3.8300","3.8300"
"66425","Ж ЛОГИСТИК ООД","ДЪНХИЛ ЕВОГ БЛУ 6.60 ","960236","78","3.3700","3.3700"
"66425","Ж ЛОГИСТИК ООД","ДЪНХИЛ ЕВОГ БРОНЗ 6.60 ","960237","78","3.3700","3.3700"
"66425","Ж ЛОГИСТИК ООД","ДЪНХИЛ N21 УАЙТ СИГНАТУРЕ 7.00 ","960238","78","3.5800","3.5800"
"66425","Ж ЛОГИСТИК ООД","ДЪНХИЛ ЕСЕНС ГРЕЙ 7.00 ","960239","78","3.5800","3.5800"
"66425","Ж ЛОГИСТИК ООД","ДЪНХИЛ ОПУС ЕНИГМА БЛЕК 9.00 ","960240","78","4.6000","4.6000"
"66425","Ж ЛОГИСТИК ООД","ДЪНХИЛ ОПУС ЕНИГМА БЛУ 9.00 ","960241","78","4.6000","4.6000"
"66425","Ж ЛОГИСТИК ООД","ДЪНХИЛ ЕСЕНС СИЛВЪР 7.00 ","960242","78","3.5800","3.5800"
"66425","Ж ЛОГИСТИК ООД","РОТМАНС БЛУ L-СЕРИЯ 6.40 ","960243","78","3.2700","3.2700"
"66425","Ж ЛОГИСТИК ООД","РОТМАНС 100 СИЛВ ПРЕМИУМ 6.60 ","960244","78","3.3700","3.3700"
"66425","Ж ЛОГИСТИК ООД","РОТМАНС 80 СИЛВ ПРЕМИУМ 6.60 ","960245","78","3.3700","3.3700"
"66425","Ж ЛОГИСТИК ООД","ДЪНХИЛ ПРЕМИУМ БЛЕНД 7.50 ","960246","78","3.8300","3.8300"
"66425","Ж ЛОГИСТИК ООД","ЛЪКИ СТРАЙК 100 ЛАЙТ БЛУ 6.60 ","960247","78","3.3700","3.3700"
"66425","Ж ЛОГИСТИК ООД","ДЪНХИЛ ЕВОГ БРОНЗ 7.00 ","960248","78","3.5800","3.5800"
"66425","Ж ЛОГИСТИК ООД","ДЪНХИЛ ЕВОГ БЛУ 7.00 ","960249","78","3.5800","3.5800"
"66425","Ж ЛОГИСТИК ООД","ДЪНХИЛ СЕЛЕКТ грийн 7.80 ","960250","78","3.9900","3.9900"
"66425","Ж ЛОГИСТИК ООД","ДЪНХИЛ СЕЛЕКТ РИВИЕРА 7.80 ","960251","78","3.9900","3.9900"
"66425","Ж ЛОГИСТИК ООД","ДЪНХИЛ СЕЛЕКТ ЯПОНСКА РОЗА 7.8 ","960252","78","3.9900","3.9900"
"66425","Ж ЛОГИСТИК ООД","ДЪНХИЛ N65 ПЪРПЪЛ СИГНАТ 7.30 ","960253","78","3.7300","3.7300"
"66425","Ж ЛОГИСТИК ООД","ДЪНХИЛ N21 УАЙТ СИГНАТ 7.30 ","960254","78","3.7300","3.7300"
"66425","Ж ЛОГИСТИК ООД","ДЪНХИЛ N36 САЛМОН СИГНАТ 7.30 ","960255","78","3.7300","3.7300"
"66425","Ж ЛОГИСТИК ООД","ДЪНХИЛ N45 ТЮРКОАЗ СИГНАТ 7.30 ","960256","78","3.7300","3.7300"
"66425","Ж ЛОГИСТИК ООД","ДЪНХИЛ N78 БЛЕК СИГНАТ 7.30 ","960257","78","3.7300","3.7300"
"66425","Ж ЛОГИСТИК ООД","ДЪНХИЛ ЕВОГ БРОНЗ 7.30 ","960258","78","3.7300","3.7300"
"66425","Ж ЛОГИСТИК ООД","ДЪНХИЛ ЕВОГ БЛУ 7.30 ","960259","78","3.7300","3.7300"
"66425","Ж ЛОГИСТИК ООД","ДЪНХИЛ ЧЕРЕН 7.80 ","960260","78","3.9900","3.9900"
"66425","Ж ЛОГИСТИК ООД","ДЪНХИЛ СИН 7.80 ","960261","78","3.9900","3.9900"
"66425","Ж ЛОГИСТИК ООД","ДЪНХИЛ СИВ 7.80 ","960262","78","3.9900","3.9900"
"66425","Ж ЛОГИСТИК ООД","ДЪНХИЛ БЯЛ 7.80 ","960263","78","3.9900","3.9900"
"66425","Ж ЛОГИСТИК ООД","ВОГ ЙЕЛОУ 7.00 ","960264","78","3.5800","3.5800"
"66425","Ж ЛОГИСТИК ООД","ВОГ ЛИЛАВ 7.00 ","960265","78","3.5800","3.5800"
"66425","Ж ЛОГИСТИК ООД","ВОГ ПИНК 7.00 ","960266","78","3.5800","3.5800"
"66425","Ж ЛОГИСТИК ООД","ВОГ АЙВЪР 7.00 ","960267","78","3.5800","3.5800"
"66425","Ж ЛОГИСТИК ООД","РОТМАНС ПЪРПЪЛ S-СЕРИЯ 6.90 ","960268","78","3.5300","3.5300"
"66425","Ж ЛОГИСТИК ООД","РОТМАНС РОЗЕ S-СЕРИЯ 6.90 ","960269","78","3.5300","3.5300"
"66425","Ж ЛОГИСТИК ООД","ЛЪКИ СТРАЙК 100 ЛАЙТ БЛУ 7.10 ","960270","78","3.6300","3.6300"
"66425","Ж ЛОГИСТИК ООД","ЛЪКИ СТРАЙК 100 ДАРК БЛУ 7.10 ","960271","78","3.6300","3.6300"
"66425","Ж ЛОГИСТИК ООД","ДЪНХИЛ ЕСЕНС ШАМПАНСКО 7.30 ","960272","78","3.7300","3.7300"
"66425","Ж ЛОГИСТИК ООД","ДЪНХИЛ ЕСЕНС ГРЕЙ 7.30 ","960273","78","3.7300","3.7300"
"66425","Ж ЛОГИСТИК ООД","РОТМАНС 80 СИЛВ ПРЕМИУМ 7.10 ","960274","78","3.6300","3.6300"
"66425","Ж ЛОГИСТИК ООД","РОТМАНС 80 ГОЛД ПРЕМИУМ 7.10 ","960275","78","3.6300","3.6300"
"66425","Ж ЛОГИСТИК ООД","РОТМАНС 80 БЛЕК ПРЕМИУМ 7.10 ","960276","78","3.6300","3.6300"
"66425","Ж ЛОГИСТИК ООД","ЛЪКИ СТРАЙК 100 ЧЕРЕН 7.10 ","960277","78","3.6300","3.6300"
"66425","Ж ЛОГИСТИК ООД","РОТМАНС КЛАСИК БЛУ 100 6.00 ","960278","78","3.0700","3.0700"
"66425","Ж ЛОГИСТИК ООД","РОТМАНС КЛАСИК РЕД 100 6.00 ","960279","78","3.0700","3.0700"
"66425","Ж ЛОГИСТИК ООД","РОТМАНС БЛЕК L-СЕРИЯ 6.90 ","960280","78","3.5300","3.5300"
"66425","Ж ЛОГИСТИК ООД","РОТМАНС БЛУ L-СЕРИЯ 6.90 ","960281","78","3.5300","3.5300"
"66425","Ж ЛОГИСТИК ООД","РОТМАНС ГОЛД L-СЕРИЯ 6.90 ","960282","78","3.5300","3.5300"
"66425","Ж ЛОГИСТИК ООД","РОТМАНС 100 ГОЛД ПРЕМИУМ 7.10 ","960283","78","3.6300","3.6300"
"66425","Ж ЛОГИСТИК ООД","РОТМАНС 100 СИЛВЪР ПРЕМИУМ 7.1 ","960284","78","3.6300","3.6300"
"66425","Ж ЛОГИСТИК ООД","РОТМАНС SSL ПЪРПЪЛ 6.20 ","960285","78","3.1700","3.1700"
"66425","Ж ЛОГИСТИК ООД","РОТМАНС SSL РОЗЕ 6.20 ","960286","78","3.1700","3.1700"
"66425","Ж ЛОГИСТИК ООД","ЛЪКИ СТРАЙК 100 БЛУ 6.00 ","960287","78","3.0700","3.0700"
"66425","Ж ЛОГИСТИК ООД","ЛЪКИ СТРАЙК 100 ГОЛД 6.00 ","960288","78","3.0700","3.0700"
"66425","Ж ЛОГИСТИК ООД","ЛЪКИ СТРАЙК 100 РЕД 6.00 ","960289","78","3.0700","3.0700"
"66425","Ж ЛОГИСТИК ООД","РОТМАНС SL БЛЕК 6.20 ","960290","78","3.1700","3.1700"
"66425","Ж ЛОГИСТИК ООД","РОТМАНС SL БЛУ 6.20 ","960291","78","3.1700","3.1700"
"66425","Ж ЛОГИСТИК ООД","РОТМАНС SL ГОЛД 6.20 ","960292","78","3.1700","3.1700"
"66425","Ж ЛОГИСТИК ООД","ДЪНХИЛ ЕСЕНС СИЛВЪР 7.30 ","960293","78","3.7300","3.7300"
"66425","Ж ЛОГИСТИК ООД","ДЪНХИЛ ПРЕМИУМ БЛЕНД 7.80 ","960294","78","3.9900","3.9900"
"66425","Ж ЛОГИСТИК ООД","ДЪНХИЛ ЧЕРЕН 4.20е ","960295","78","4.2000","4.2000"
"66425","Ж ЛОГИСТИК ООД","ДЪНХИЛ СИН 4.20е ","960296","78","4.2000","4.2000"
"66425","Ж ЛОГИСТИК ООД","ДЪНХИЛ СИВ 4.20е ","960297","78","4.2000","4.2000"
"66425","Ж ЛОГИСТИК ООД","ДЪНХИЛ БЯЛ 4.20е ","960298","78","4.2000","4.2000"
"66425","Ж ЛОГИСТИК ООД","ДЪНХИЛ ПРЕМИУМ БЛЕНД 4.20е ","960299","78","4.2000","4.2000"
"66425","Ж ЛОГИСТИК ООД","ДЪНХИЛ ЕСЕНС ШАМПАНСКО 3.80е ","960300","78","3.8000","3.8000"
"66425","Ж ЛОГИСТИК ООД","ДЪНХИЛ ЕСЕНС ГРЕЙ 3.80е ","960301","78","3.8000","3.8000"
"66425","Ж ЛОГИСТИК ООД","ДЪНХИЛ ЕСЕНС СИЛВЪР 3.80е ","960302","78","3.8000","3.8000"
"66425","Ж ЛОГИСТИК ООД","РОТМАНС ПЪРПЪЛ S-СЕРИЯ 3.80е ","960303","78","3.8000","3.8000"
"66425","Ж ЛОГИСТИК ООД","РОТМАНС РОЗЕ S-СЕРИЯ 3.80е ","960304","78","3.8000","3.8000"
"66425","Ж ЛОГИСТИК ООД","РОТМАНС БЛЕК L-СЕРИЯ 3.80е ","960305","78","3.8000","3.8000"
"66425","Ж ЛОГИСТИК ООД","РОТМАНС БЛУ L-СЕРИЯ 3.80е ","960306","78","3.8000","3.8000"
"66425","Ж ЛОГИСТИК ООД","РОТМАНС ГОЛД L-СЕРИЯ 3.80е ","960307","78","3.8000","3.8000"
"66425","Ж ЛОГИСТИК ООД","УИНСТОН СЕЛЕКШЪН НАЙТ 6.40 ","970137","78","3.2700","3.2700"
"66425","Ж ЛОГИСТИК ООД","УИНСТОН СЕЛЕКШЪН СЪНСЕТ 6.40 ","970138","78","3.2700","3.2700"
"66425","Ж ЛОГИСТИК ООД","УИНСТОН КОНЦЕПТ БЛУ 6.50 ","970139","78","3.3200","3.3200"
"66425","Ж ЛОГИСТИК ООД","УИНСТОН КОНЦЕПТ БЛЕК 6.50 ","970140","78","3.3200","3.3200"
"66425","Ж ЛОГИСТИК ООД","УИНСТОН КОНЦЕПТ КАСТЕЛ 6.50 ","970141","78","3.3200","3.3200"
"66425","Ж ЛОГИСТИК ООД","СОБРАНИЕ ПИНК СУПЕР СЛИМ 8.10 ","970142","78","4.1400","4.1400"
"66425","Ж ЛОГИСТИК ООД","СОБРАНИЕ УАЙТ СУПЕР СЛИМ 8.10 ","970143","78","4.1400","4.1400"
"66425","Ж ЛОГИСТИК ООД","УИНСТОН 80 БЛУ 6.70 ","970144","78","3.4300","3.4300"
"66425","Ж ЛОГИСТИК ООД","УИНСТОН 80 РЕД 6.70 ","970145","78","3.4300","3.4300"
"66425","Ж ЛОГИСТИК ООД","УИНСТОН СУПЕР СЛИМ БЛУ 6.70 ","970146","78","3.4300","3.4300"
"66425","Ж ЛОГИСТИК ООД","УИНСТОН СУПЕР СЛИМ СИЛВЪР 6.70 ","970147","78","3.4300","3.4300"
"66425","Ж ЛОГИСТИК ООД","КАМЕЛ 80 ЙЕЛОУ 7.10 ","970148","78","3.6300","3.6300"
"66425","Ж ЛОГИСТИК ООД","КАМЕЛ 100 ЙЕЛОУ 7.10 ","970149","78","3.6300","3.6300"
"66425","Ж ЛОГИСТИК ООД","СОБРАНИЕ СЛИМ ЧЕРНО 7.30 ","970150","78","3.7300","3.7300"
"66425","Ж ЛОГИСТИК ООД","СОБРАНИЕ СЛИМ ЧЕРВЕНО 7.30 ","970151","78","3.7300","3.7300"
"66425","Ж ЛОГИСТИК ООД","СОБРАНИЕ СЛИМ РОЗОВО 7.30 ","970152","78","3.7300","3.7300"
"66425","Ж ЛОГИСТИК ООД","СОБРАНИЕ СЛИМ БЯЛО 7.30 ","970153","78","3.7300","3.7300"
"66425","Ж ЛОГИСТИК ООД","СОБРАНИЕ РЕФАЙН БЛЕК 7.60 ","970154","78","3.8900","3.8900"
"66425","Ж ЛОГИСТИК ООД","СОБРАНИЕ РЕФАЙН БЛУ 7.60 ","970155","78","3.8900","3.8900"
"66425","Ж ЛОГИСТИК ООД","СОБРАНИЕ РЕФАЙН РЕД 7.60 ","970156","78","3.8900","3.8900"
"66425","Ж ЛОГИСТИК ООД","СОБРАНИЕ РЕФАЙН ХРОМ 7.60 ","970157","78","3.8900","3.8900"
"66425","Ж ЛОГИСТИК ООД","КАМЕЛ КОМПАКТ ДАРК БЛУ 6.90 ","970158","78","3.5300","3.5300"
"66425","Ж ЛОГИСТИК ООД","КАМЕЛ КОМПАКТ СКАЙ БЛУ 6.90 ","970159","78","3.5300","3.5300"
"66425","Ж ЛОГИСТИК ООД","ЕССЕ БЛУ СУПЕР СЛИМ 7.00 ","970160","78","3.5800","3.5800"
"66425","Ж ЛОГИСТИК ООД","ЕССЕ РЕД СУПЕР СЛИМ 7.00 ","970161","78","3.5800","3.5800"
"66425","Ж ЛОГИСТИК ООД","УИНСТОН 100 РЕД 6.70 ","970162","78","3.4300","3.4300"
"66425","Ж ЛОГИСТИК ООД","СОБРАНИЕ 80 БЛУ 8.10 ","970163","78","4.1400","4.1400"
"66425","Ж ЛОГИСТИК ООД","СОБРАНИЕ 80 БЛЕК 8.10 ","970164","78","4.1400","4.1400"
"66425","Ж ЛОГИСТИК ООД","СОБРАНИЕ 80 ГОЛД 8.10 ","970165","78","4.1400","4.1400"
"66425","Ж ЛОГИСТИК ООД","УИНСТОН 100 БЛУ 6.70 ","970166","78","3.4300","3.4300"
"66425","Ж ЛОГИСТИК ООД","МОРЕ РЕД 7.70 ","970167","78","3.9400","3.9400"
"66425","Ж ЛОГИСТИК ООД","УИНСТОН СЕЛЕКШЪН НАЙТ 6.70 ","970168","78","3.4300","3.4300"
"66425","Ж ЛОГИСТИК ООД","УИНСТОН СЕЛЕКШЪН СЪНСЕТ 6.70 ","970169","78","3.4300","3.4300"
