﻿"Населено място","Търговски обект","Наименование на продукта","Код на продукта","Категория","Цена на дребно","Цена в промоция"
"51500","Слънчев бряг склад - гр. Несебър, к.к. Слънчев бряг, Околовръстен път, местност Инджекьойско блато, складова база Консуматив","МОКРИ КЪРПИ С КАПАК х72 (разфасовка: 1 пакет, р-р: 5х12х20)","315500","84","1.01",""
"51500","Слънчев бряг склад - гр. Несебър, к.к. Слънчев бряг, Околовръстен път, местност Инджекьойско блато, складова база Консуматив","МОКРИ КЪРПИ С КАПАК БЕБЕЛАН х64 (разфасовка: 1 броя, р-р: 20х10х7)","315505","84","2.18",""
"51500","Слънчев бряг склад - гр. Несебър, к.к. Слънчев бряг, Околовръстен път, местност Инджекьойско блато, складова база Консуматив","ЕХО ВЕРО БАЛСАМ 400мл (разфасовка: 1 броя, р-р: 3х8х20)","511200","79","1.84",""
"51500","Слънчев бряг склад - гр. Несебър, к.к. Слънчев бряг, Околовръстен път, местност Инджекьойско блато, складова база Консуматив","ФЕЙРИ ВЕРО 400мл (разфасовка: 1 броя, р-р: 4х8х21)","511210","79","2.09",""
"51500","Слънчев бряг склад - гр. Несебър, к.к. Слънчев бряг, Околовръстен път, местност Инджекьойско блато, складова база Консуматив","ТЕО САПУН 70гр (разфасовка: 1 броя, р-р: 8х5х2)","581200","83","0.61",""
"51500","Слънчев бряг склад - гр. Несебър, к.к. Слънчев бряг, Околовръстен път, местност Инджекьойско блато, складова база Консуматив","ДАВ САПУН 90гр (разфасовка: 1 броя, р-р: 3х6х8)","581220","83","1.35",""
"51500","Слънчев бряг склад - гр. Несебър, к.к. Слънчев бряг, Околовръстен път, местност Инджекьойско блато, складова база Консуматив","ЖИВАСЕПТ АНТИБАКТ ГЕЛ 500мл (разфасовка: 1 броя, р-р: 5х14х20)","582300","92","5.52",""
"68134","София склад - гр. София, бул. Цариградско шосе 7-ми километър, №141","МОКРИ КЪРПИ С КАПАК х72 (разфасовка: 1 пакет, р-р: 5х12х20)","315500","84","0.79",""
"68134","София склад - гр. София, бул. Цариградско шосе 7-ми километър, №141","МОКРИ КЪРПИ С КАПАК БЕБЕЛАН х64 (разфасовка: 1 броя, р-р: 20х10х7)","315505","84","1.72",""
"68134","София склад - гр. София, бул. Цариградско шосе 7-ми километър, №141","ЕХО ВЕРО БАЛСАМ 400мл (разфасовка: 1 броя, р-р: 3х8х20)","511200","79","1.45",""
"68134","София склад - гр. София, бул. Цариградско шосе 7-ми километър, №141","ФЕЙРИ ВЕРО 400мл (разфасовка: 1 броя, р-р: 4х8х21)","511210","79","2.09",""
"68134","София склад - гр. София, бул. Цариградско шосе 7-ми километър, №141","ТЕО САПУН 70гр (разфасовка: 1 броя, р-р: 8х5х2)","581200","83","0.48",""
"68134","София склад - гр. София, бул. Цариградско шосе 7-ми километър, №141","ДАВ САПУН 90гр (разфасовка: 1 броя, р-р: 3х6х8)","581220","83","1.07",""
"68134","София склад - гр. София, бул. Цариградско шосе 7-ми километър, №141","ЖИВАСЕПТ АНТИБАКТ ГЕЛ 500мл (разфасовка: 1 броя, р-р: 5х14х20)","582300","92","4.31",""
"10135","Варна склад - ГР. ВАРНА, СКЛАДОВА БАЗА ВАРНА КОМЕРС","МОКРИ КЪРПИ С КАПАК х72 (разфасовка: 1 пакет, р-р: 5х12х20)","315500","84","1.01",""
"10135","Варна склад - ГР. ВАРНА, СКЛАДОВА БАЗА ВАРНА КОМЕРС","МОКРИ КЪРПИ С КАПАК БЕБЕЛАН х64 (разфасовка: 1 броя, р-р: 20х10х7)","315505","84","2.18",""
"10135","Варна склад - ГР. ВАРНА, СКЛАДОВА БАЗА ВАРНА КОМЕРС","ЕХО ВЕРО БАЛСАМ 400мл (разфасовка: 1 броя, р-р: 3х8х20)","511200","79","1.84",""
"10135","Варна склад - ГР. ВАРНА, СКЛАДОВА БАЗА ВАРНА КОМЕРС","ФЕЙРИ ВЕРО 400мл (разфасовка: 1 броя, р-р: 4х8х21)","511210","79","2.09",""
"10135","Варна склад - ГР. ВАРНА, СКЛАДОВА БАЗА ВАРНА КОМЕРС","ТЕО САПУН 70гр (разфасовка: 1 броя, р-р: 8х5х2)","581200","83","0.61",""
"10135","Варна склад - ГР. ВАРНА, СКЛАДОВА БАЗА ВАРНА КОМЕРС","ДАВ САПУН 90гр (разфасовка: 1 броя, р-р: 3х6х8)","581220","83","1.35",""
"10135","Варна склад - ГР. ВАРНА, СКЛАДОВА БАЗА ВАРНА КОМЕРС","ЖИВАСЕПТ АНТИБАКТ ГЕЛ 500мл (разфасовка: 1 броя, р-р: 5х14х20)","582300","92","5.52",""
"07079","Бургас 1 магазин - гр. Бургас, ул. Св. Св. Кирил и Методий №39","МОКРИ КЪРПИ С КАПАК х72 (разфасовка: 1 пакет, р-р: 5х12х20)","315500","84","1.04",""
"07079","Бургас 1 магазин - гр. Бургас, ул. Св. Св. Кирил и Методий №39","МОКРИ КЪРПИ С КАПАК БЕБЕЛАН х64 (разфасовка: 1 броя, р-р: 20х10х7)","315505","84","2.30",""
"07079","Бургас 1 магазин - гр. Бургас, ул. Св. Св. Кирил и Методий №39","ЕХО ВЕРО БАЛСАМ 400мл (разфасовка: 1 броя, р-р: 3х8х20)","511200","79","1.90",""
"07079","Бургас 1 магазин - гр. Бургас, ул. Св. Св. Кирил и Методий №39","ФЕЙРИ ВЕРО 400мл (разфасовка: 1 броя, р-р: 4х8х21)","511210","79","2.21",""
"07079","Бургас 1 магазин - гр. Бургас, ул. Св. Св. Кирил и Методий №39","ТЕО САПУН 70гр (разфасовка: 1 броя, р-р: 8х5х2)","581200","83","0.67",""
"07079","Бургас 1 магазин - гр. Бургас, ул. Св. Св. Кирил и Методий №39","ДАВ САПУН 90гр (разфасовка: 1 броя, р-р: 3х6х8)","581220","83","1.41",""
"07079","Бургас 1 магазин - гр. Бургас, ул. Св. Св. Кирил и Методий №39","ЖИВАСЕПТ АНТИБАКТ ГЕЛ 500мл (разфасовка: 1 броя, р-р: 5х14х20)","582300","92","5.68",""
"57491","Поморие магазин - гр. Поморие, ул. Солна 66, магазин 5","МОКРИ КЪРПИ С КАПАК х72 (разфасовка: 1 пакет, р-р: 5х12х20)","315500","84","1.04",""
"57491","Поморие магазин - гр. Поморие, ул. Солна 66, магазин 5","МОКРИ КЪРПИ С КАПАК БЕБЕЛАН х64 (разфасовка: 1 броя, р-р: 20х10х7)","315505","84","2.30",""
"57491","Поморие магазин - гр. Поморие, ул. Солна 66, магазин 5","ЕХО ВЕРО БАЛСАМ 400мл (разфасовка: 1 броя, р-р: 3х8х20)","511200","79","1.90",""
"57491","Поморие магазин - гр. Поморие, ул. Солна 66, магазин 5","ФЕЙРИ ВЕРО 400мл (разфасовка: 1 броя, р-р: 4х8х21)","511210","79","2.21",""
"57491","Поморие магазин - гр. Поморие, ул. Солна 66, магазин 5","ТЕО САПУН 70гр (разфасовка: 1 броя, р-р: 8х5х2)","581200","83","0.67",""
"57491","Поморие магазин - гр. Поморие, ул. Солна 66, магазин 5","ДАВ САПУН 90гр (разфасовка: 1 броя, р-р: 3х6х8)","581220","83","1.41",""
"57491","Поморие магазин - гр. Поморие, ул. Солна 66, магазин 5","ЖИВАСЕПТ АНТИБАКТ ГЕЛ 500мл (разфасовка: 1 броя, р-р: 5х14х20)","582300","92","5.68",""
"48619","Царево магазин - гр. Царево, ул. Хан Аспарух №43","МОКРИ КЪРПИ С КАПАК х72 (разфасовка: 1 пакет, р-р: 5х12х20)","315500","84","1.07",""
"48619","Царево магазин - гр. Царево, ул. Хан Аспарух №43","МОКРИ КЪРПИ С КАПАК БЕБЕЛАН х64 (разфасовка: 1 броя, р-р: 20х10х7)","315505","84","2.39",""
"48619","Царево магазин - гр. Царево, ул. Хан Аспарух №43","ЕХО ВЕРО БАЛСАМ 400мл (разфасовка: 1 броя, р-р: 3х8х20)","511200","79","1.90",""
"48619","Царево магазин - гр. Царево, ул. Хан Аспарух №43","ФЕЙРИ ВЕРО 400мл (разфасовка: 1 броя, р-р: 4х8х21)","511210","79","2.21",""
"48619","Царево магазин - гр. Царево, ул. Хан Аспарух №43","ТЕО САПУН 70гр (разфасовка: 1 броя, р-р: 8х5х2)","581200","83","0.74",""
"48619","Царево магазин - гр. Царево, ул. Хан Аспарух №43","ДАВ САПУН 90гр (разфасовка: 1 броя, р-р: 3х6х8)","581220","83","1.47",""
"48619","Царево магазин - гр. Царево, ул. Хан Аспарух №43","ЖИВАСЕПТ АНТИБАКТ ГЕЛ 500мл (разфасовка: 1 броя, р-р: 5х14х20)","582300","92","5.83",""
"02676","Банско магазин - гр. Банско, ул. Васил Кънчов  №8","МОКРИ КЪРПИ С КАПАК х72 (разфасовка: 1 пакет, р-р: 5х12х20)","315500","84","1.04",""
"02676","Банско магазин - гр. Банско, ул. Васил Кънчов  №8","МОКРИ КЪРПИ С КАПАК БЕБЕЛАН х64 (разфасовка: 1 броя, р-р: 20х10х7)","315505","84","2.30",""
"02676","Банско магазин - гр. Банско, ул. Васил Кънчов  №8","ЕХО ВЕРО БАЛСАМ 400мл (разфасовка: 1 броя, р-р: 3х8х20)","511200","79","1.90",""
"02676","Банско магазин - гр. Банско, ул. Васил Кънчов  №8","ФЕЙРИ ВЕРО 400мл (разфасовка: 1 броя, р-р: 4х8х21)","511210","79","2.21",""
"02676","Банско магазин - гр. Банско, ул. Васил Кънчов  №8","ТЕО САПУН 70гр (разфасовка: 1 броя, р-р: 8х5х2)","581200","83","0.67",""
"02676","Банско магазин - гр. Банско, ул. Васил Кънчов  №8","ДАВ САПУН 90гр (разфасовка: 1 броя, р-р: 3х6х8)","581220","83","1.41",""
"02676","Банско магазин - гр. Банско, ул. Васил Кънчов  №8","ЖИВАСЕПТ АНТИБАКТ ГЕЛ 500мл (разфасовка: 1 броя, р-р: 5х14х20)","582300","92","5.68",""
"51500","Разнос 1 Слънчев бряг склад","МОКРИ КЪРПИ С КАПАК х72 (разфасовка: 1 пакет, р-р: 5х12х20)","315500","84","1.04",""
"51500","Разнос 1 Слънчев бряг склад","МОКРИ КЪРПИ С КАПАК БЕБЕЛАН х64 (разфасовка: 1 броя, р-р: 20х10х7)","315505","84","1.93",""
"51500","Разнос 1 Слънчев бряг склад","ЕХО ВЕРО БАЛСАМ 400мл (разфасовка: 1 броя, р-р: 3х8х20)","511200","79","1.75",""
"51500","Разнос 1 Слънчев бряг склад","ФЕЙРИ ВЕРО 400мл (разфасовка: 1 броя, р-р: 4х8х21)","511210","79","2.21",""
"51500","Разнос 1 Слънчев бряг склад","ТЕО САПУН 70гр (разфасовка: 1 броя, р-р: 8х5х2)","581200","83","0.67",""
"51500","Разнос 1 Слънчев бряг склад","ДАВ САПУН 90гр (разфасовка: 1 броя, р-р: 3х6х8)","581220","83","1.33",""
"51500","Разнос 1 Слънчев бряг склад","ЖИВАСЕПТ АНТИБАКТ ГЕЛ 500мл (разфасовка: 1 броя, р-р: 5х14х20)","582300","92","5.68",""
"61056","Равда магазин - с. Равда, ул. Св. Св. Кирил и Методий №12","МОКРИ КЪРПИ С КАПАК х72 (разфасовка: 1 пакет, р-р: 5х12х20)","315500","84","1.07",""
"61056","Равда магазин - с. Равда, ул. Св. Св. Кирил и Методий №12","МОКРИ КЪРПИ С КАПАК БЕБЕЛАН х64 (разфасовка: 1 броя, р-р: 20х10х7)","315505","84","2.39",""
"61056","Равда магазин - с. Равда, ул. Св. Св. Кирил и Методий №12","ЕХО ВЕРО БАЛСАМ 400мл (разфасовка: 1 броя, р-р: 3х8х20)","511200","79","1.90",""
"61056","Равда магазин - с. Равда, ул. Св. Св. Кирил и Методий №12","ФЕЙРИ ВЕРО 400мл (разфасовка: 1 броя, р-р: 4х8х21)","511210","79","2.21",""
"61056","Равда магазин - с. Равда, ул. Св. Св. Кирил и Методий №12","ТЕО САПУН 70гр (разфасовка: 1 броя, р-р: 8х5х2)","581200","83","0.74",""
"61056","Равда магазин - с. Равда, ул. Св. Св. Кирил и Методий №12","ДАВ САПУН 90гр (разфасовка: 1 броя, р-р: 3х6х8)","581220","83","1.47",""
"61056","Равда магазин - с. Равда, ул. Св. Св. Кирил и Методий №12","ЖИВАСЕПТ АНТИБАКТ ГЕЛ 500мл (разфасовка: 1 броя, р-р: 5х14х20)","582300","92","5.83",""
"58356","Приморско магазин - гр. Приморско, ул. Трети март №84","МОКРИ КЪРПИ С КАПАК х72 (разфасовка: 1 пакет, р-р: 5х12х20)","315500","84","1.07",""
"58356","Приморско магазин - гр. Приморско, ул. Трети март №84","МОКРИ КЪРПИ С КАПАК БЕБЕЛАН х64 (разфасовка: 1 броя, р-р: 20х10х7)","315505","84","2.39",""
"58356","Приморско магазин - гр. Приморско, ул. Трети март №84","ЕХО ВЕРО БАЛСАМ 400мл (разфасовка: 1 броя, р-р: 3х8х20)","511200","79","1.90",""
"58356","Приморско магазин - гр. Приморско, ул. Трети март №84","ФЕЙРИ ВЕРО 400мл (разфасовка: 1 броя, р-р: 4х8х21)","511210","79","2.21",""
"58356","Приморско магазин - гр. Приморско, ул. Трети март №84","ТЕО САПУН 70гр (разфасовка: 1 броя, р-р: 8х5х2)","581200","83","0.74",""
"58356","Приморско магазин - гр. Приморско, ул. Трети март №84","ДАВ САПУН 90гр (разфасовка: 1 броя, р-р: 3х6х8)","581220","83","1.47",""
"58356","Приморско магазин - гр. Приморско, ул. Трети март №84","ЖИВАСЕПТ АНТИБАКТ ГЕЛ 500мл (разфасовка: 1 броя, р-р: 5х14х20)","582300","92","5.83",""
"11538","Св. Влас магазин - гр. Свети Влас, ул. Черноморска №60","МОКРИ КЪРПИ С КАПАК х72 (разфасовка: 1 пакет, р-р: 5х12х20)","315500","84","1.07",""
"11538","Св. Влас магазин - гр. Свети Влас, ул. Черноморска №60","МОКРИ КЪРПИ С КАПАК БЕБЕЛАН х64 (разфасовка: 1 броя, р-р: 20х10х7)","315505","84","2.39",""
"11538","Св. Влас магазин - гр. Свети Влас, ул. Черноморска №60","ЕХО ВЕРО БАЛСАМ 400мл (разфасовка: 1 броя, р-р: 3х8х20)","511200","79","1.90",""
"11538","Св. Влас магазин - гр. Свети Влас, ул. Черноморска №60","ФЕЙРИ ВЕРО 400мл (разфасовка: 1 броя, р-р: 4х8х21)","511210","79","2.21",""
"11538","Св. Влас магазин - гр. Свети Влас, ул. Черноморска №60","ТЕО САПУН 70гр (разфасовка: 1 броя, р-р: 8х5х2)","581200","83","0.74",""
"11538","Св. Влас магазин - гр. Свети Влас, ул. Черноморска №60","ДАВ САПУН 90гр (разфасовка: 1 броя, р-р: 3х6х8)","581220","83","1.47",""
"11538","Св. Влас магазин - гр. Свети Влас, ул. Черноморска №60","ЖИВАСЕПТ АНТИБАКТ ГЕЛ 500мл (разфасовка: 1 броя, р-р: 5х14х20)","582300","92","5.83",""
"51500","Слънчев бряг магазин - гр. Несебър, к.к. Слънчев бряг, СБ ""Съни Комерс"" Склад 8","МОКРИ КЪРПИ С КАПАК х72 (разфасовка: 1 пакет, р-р: 5х12х20)","315500","84","1.07",""
"51500","Слънчев бряг магазин - гр. Несебър, к.к. Слънчев бряг, СБ ""Съни Комерс"" Склад 8","МОКРИ КЪРПИ С КАПАК БЕБЕЛАН х64 (разфасовка: 1 броя, р-р: 20х10х7)","315505","84","2.39",""
"51500","Слънчев бряг магазин - гр. Несебър, к.к. Слънчев бряг, СБ ""Съни Комерс"" Склад 8","ЕХО ВЕРО БАЛСАМ 400мл (разфасовка: 1 броя, р-р: 3х8х20)","511200","79","1.90",""
"51500","Слънчев бряг магазин - гр. Несебър, к.к. Слънчев бряг, СБ ""Съни Комерс"" Склад 8","ФЕЙРИ ВЕРО 400мл (разфасовка: 1 броя, р-р: 4х8х21)","511210","79","2.21",""
"51500","Слънчев бряг магазин - гр. Несебър, к.к. Слънчев бряг, СБ ""Съни Комерс"" Склад 8","ТЕО САПУН 70гр (разфасовка: 1 броя, р-р: 8х5х2)","581200","83","0.74",""
"51500","Слънчев бряг магазин - гр. Несебър, к.к. Слънчев бряг, СБ ""Съни Комерс"" Склад 8","ДАВ САПУН 90гр (разфасовка: 1 броя, р-р: 3х6х8)","581220","83","1.47",""
"51500","Слънчев бряг магазин - гр. Несебър, к.к. Слънчев бряг, СБ ""Съни Комерс"" Склад 8","ЖИВАСЕПТ АНТИБАКТ ГЕЛ 500мл (разфасовка: 1 броя, р-р: 5х14х20)","582300","92","5.83",""
"37023","Китен магазин - гр. Китен, ул. Петрова нива №15","МОКРИ КЪРПИ С КАПАК х72 (разфасовка: 1 пакет, р-р: 5х12х20)","315500","84","1.07",""
"37023","Китен магазин - гр. Китен, ул. Петрова нива №15","МОКРИ КЪРПИ С КАПАК БЕБЕЛАН х64 (разфасовка: 1 броя, р-р: 20х10х7)","315505","84","2.39",""
"37023","Китен магазин - гр. Китен, ул. Петрова нива №15","ЕХО ВЕРО БАЛСАМ 400мл (разфасовка: 1 броя, р-р: 3х8х20)","511200","79","1.90",""
"37023","Китен магазин - гр. Китен, ул. Петрова нива №15","ФЕЙРИ ВЕРО 400мл (разфасовка: 1 броя, р-р: 4х8х21)","511210","79","2.21",""
"37023","Китен магазин - гр. Китен, ул. Петрова нива №15","ТЕО САПУН 70гр (разфасовка: 1 броя, р-р: 8х5х2)","581200","83","0.74",""
"37023","Китен магазин - гр. Китен, ул. Петрова нива №15","ДАВ САПУН 90гр (разфасовка: 1 броя, р-р: 3х6х8)","581220","83","1.47",""
"37023","Китен магазин - гр. Китен, ул. Петрова нива №15","ЖИВАСЕПТ АНТИБАКТ ГЕЛ 500мл (разфасовка: 1 броя, р-р: 5х14х20)","582300","92","5.83",""
"67800","Созопол 1 магазин - гр. Созопол, ул. Ропотамо №44","МОКРИ КЪРПИ С КАПАК х72 (разфасовка: 1 пакет, р-р: 5х12х20)","315500","84","1.04",""
"67800","Созопол 1 магазин - гр. Созопол, ул. Ропотамо №44","МОКРИ КЪРПИ С КАПАК БЕБЕЛАН х64 (разфасовка: 1 броя, р-р: 20х10х7)","315505","84","2.30",""
"67800","Созопол 1 магазин - гр. Созопол, ул. Ропотамо №44","ЕХО ВЕРО БАЛСАМ 400мл (разфасовка: 1 броя, р-р: 3х8х20)","511200","79","1.90",""
"67800","Созопол 1 магазин - гр. Созопол, ул. Ропотамо №44","ФЕЙРИ ВЕРО 400мл (разфасовка: 1 броя, р-р: 4х8х21)","511210","79","2.21",""
"67800","Созопол 1 магазин - гр. Созопол, ул. Ропотамо №44","ТЕО САПУН 70гр (разфасовка: 1 броя, р-р: 8х5х2)","581200","83","0.67",""
"67800","Созопол 1 магазин - гр. Созопол, ул. Ропотамо №44","ДАВ САПУН 90гр (разфасовка: 1 броя, р-р: 3х6х8)","581220","83","1.41",""
"67800","Созопол 1 магазин - гр. Созопол, ул. Ропотамо №44","ЖИВАСЕПТ АНТИБАКТ ГЕЛ 500мл (разфасовка: 1 броя, р-р: 5х14х20)","582300","92","5.68",""
"51500","Несебър магазин - гр. Несебър, ул. Еделвайс №6","МОКРИ КЪРПИ С КАПАК х72 (разфасовка: 1 пакет, р-р: 5х12х20)","315500","84","1.07",""
"51500","Несебър магазин - гр. Несебър, ул. Еделвайс №6","МОКРИ КЪРПИ С КАПАК БЕБЕЛАН х64 (разфасовка: 1 броя, р-р: 20х10х7)","315505","84","2.39",""
"51500","Несебър магазин - гр. Несебър, ул. Еделвайс №6","ЕХО ВЕРО БАЛСАМ 400мл (разфасовка: 1 броя, р-р: 3х8х20)","511200","79","1.90",""
"51500","Несебър магазин - гр. Несебър, ул. Еделвайс №6","ФЕЙРИ ВЕРО 400мл (разфасовка: 1 броя, р-р: 4х8х21)","511210","79","2.21",""
"51500","Несебър магазин - гр. Несебър, ул. Еделвайс №6","ТЕО САПУН 70гр (разфасовка: 1 броя, р-р: 8х5х2)","581200","83","0.74",""
"51500","Несебър магазин - гр. Несебър, ул. Еделвайс №6","ДАВ САПУН 90гр (разфасовка: 1 броя, р-р: 3х6х8)","581220","83","1.47",""
"51500","Несебър магазин - гр. Несебър, ул. Еделвайс №6","ЖИВАСЕПТ АНТИБАКТ ГЕЛ 500мл (разфасовка: 1 броя, р-р: 5х14х20)","582300","92","5.83",""
"81178","Черноморец магазин - с. Черноморец, ул. Георги Бенковски №4","МОКРИ КЪРПИ С КАПАК х72 (разфасовка: 1 пакет, р-р: 5х12х20)","315500","84","1.07",""
"81178","Черноморец магазин - с. Черноморец, ул. Георги Бенковски №4","МОКРИ КЪРПИ С КАПАК БЕБЕЛАН х64 (разфасовка: 1 броя, р-р: 20х10х7)","315505","84","2.39",""
"81178","Черноморец магазин - с. Черноморец, ул. Георги Бенковски №4","ЕХО ВЕРО БАЛСАМ 400мл (разфасовка: 1 броя, р-р: 3х8х20)","511200","79","1.90",""
"81178","Черноморец магазин - с. Черноморец, ул. Георги Бенковски №4","ФЕЙРИ ВЕРО 400мл (разфасовка: 1 броя, р-р: 4х8х21)","511210","79","2.21",""
"81178","Черноморец магазин - с. Черноморец, ул. Георги Бенковски №4","ТЕО САПУН 70гр (разфасовка: 1 броя, р-р: 8х5х2)","581200","83","0.74",""
"81178","Черноморец магазин - с. Черноморец, ул. Георги Бенковски №4","ДАВ САПУН 90гр (разфасовка: 1 броя, р-р: 3х6х8)","581220","83","1.47",""
"81178","Черноморец магазин - с. Черноморец, ул. Георги Бенковски №4","ЖИВАСЕПТ АНТИБАКТ ГЕЛ 500мл (разфасовка: 1 броя, р-р: 5х14х20)","582300","92","5.83",""
"07079","Бургас склад - гр. Бургас, ул. Одрин №62","МОКРИ КЪРПИ С КАПАК х72 (разфасовка: 1 пакет, р-р: 5х12х20)","315500","84","1.01",""
"07079","Бургас склад - гр. Бургас, ул. Одрин №62","МОКРИ КЪРПИ С КАПАК БЕБЕЛАН х64 (разфасовка: 1 броя, р-р: 20х10х7)","315505","84","2.18",""
"07079","Бургас склад - гр. Бургас, ул. Одрин №62","ЕХО ВЕРО БАЛСАМ 400мл (разфасовка: 1 броя, р-р: 3х8х20)","511200","79","1.84",""
"07079","Бургас склад - гр. Бургас, ул. Одрин №62","ФЕЙРИ ВЕРО 400мл (разфасовка: 1 броя, р-р: 4х8х21)","511210","79","2.09",""
"07079","Бургас склад - гр. Бургас, ул. Одрин №62","ТЕО САПУН 70гр (разфасовка: 1 броя, р-р: 8х5х2)","581200","83","0.61",""
"07079","Бургас склад - гр. Бургас, ул. Одрин №62","ДАВ САПУН 90гр (разфасовка: 1 броя, р-р: 3х6х8)","581220","83","1.35",""
"07079","Бургас склад - гр. Бургас, ул. Одрин №62","ЖИВАСЕПТ АНТИБАКТ ГЕЛ 500мл (разфасовка: 1 броя, р-р: 5х14х20)","582300","92","5.52",""
