"Населено място","Търговски обект","Наименование на продукта","Код на продукта","Категория","Цена на дребно","Цена в промоция"
"68134","КУИК ООД-бул. Александър Стамболийски 182","Б-ти Житен Дар обикн. Големи","07397","66","1.12",""
"68134","КУИК ООД-ул.Суходолска 2","Б-ти Житен Дар обикн. Големи","07397","66","1.12",""
"68134","КУИК ООД-ул. Суходолска 13","Б-ти Житен Дар обикн. Големи","07397","66","1.12",""
"68134","КУИК ООД-ул. Преображенско въстание до блок 145В","Б-ти Житен Дар обикн. Големи","07397","66","1.12",""
"68134","КУИК ООД-ул.Сава Михайлов","Б-ти Житен Дар обикн. Големи","07397","66","1.12",""
"68134","КУИК ООД-бул. Н.Мушанов-ул.Добротич","Б-ти Житен Дар обикн. Големи","07397","66","1.12",""
"68134","КУИК ООД-бул. Александър Стамболийски 143","Б-ти Житен Дар обикн. Големи","07397","66","1.12",""
"68134","КУИК ООД-бул. Александър Стамболийски 182","7 дейс макс  с шоколад","25559","67","0.82",""
"68134","КУИК ООД-ул.Суходолска 2","7 дейс мaкс  с шоколад","25559","67","0.82",""
"68134","КУИК ООД-ул. Суходолска 13","7 дейс макс  с шоколад","25559","67","0.82",""
"68134","КУИК ООД-ул. Преображенско въстание до блок 145В","7 дейс макс  с шоколад","25559","67","0.82",""
"68134","КУИК ООД-ул.Сава Михайлов","7 дейс макс  с шоколад","25559","67","0.82",""
"68134","КУИК ООД-бул. Н.Мушанов-ул.Добротич","7 дейс макс  с шоколад","25559","67","0.82",""
"68134","КУИК ООД-бул. Александър Стамболийски 143","7 дейс макс с шоколад","25559","67","0.82",""
"68134","КУИК ООД-бул. Александър Стамболийски 182","7 дейс супер макс с шоколад","25570","67","1.07",""
"68134","КУИК ООД-ул.Суходолска 2","7 дейс супер макс с шоколад","25570","67","1.07",""
"68134","КУИК ООД-ул. Суходолска 13","7 дейс супер макс  с шоколад","25570","67","1.07",""
"68134","КУИК ООД-ул. Преображенско въстание до блок 145В","7 дейс супер макс с шоколад","25570","67","1.07",""
"68134","КУИК ООД-ул.Сава Михайлов","7 дейс супер макс с шоколад","25570","67","1.07",""
"68134","КУИК ООД-бул. Н.Мушанов-ул.Добротич","7 дейс супер макс с шоколад","25570","67","1.07",""
"68134","КУИК ООД-бул. Александър Стамболийски 143","7 дейс супер макс с шоколад","25570","67","1.07",""
"68134","КУИК ООД-бул. Александър Стамболийски 182","7 дейс супер макс с шоколад","25570","67","1.07",""
"68134","КУИК ООД-бул. Александър Стамболийски 182","Шоколад Фин млечен","07405","69","1.22",""
"68134","КУИК ООД-ул.Суходолска 2","Шоколад Фин млечен","07405","69","1.22",""
"68134","КУИК ООД-ул. Суходолска 13","Шоколад Фин млечен","07405","69","1.22",""
"68134","КУИК ООД-ул. Преображенско въстание до блок 145В","Шоколад Фин млечен","07405","69","1.22",""
"68134","КУИК ООД-ул.Сава Михайлов","Шоколад Фин млечен","07405","69","1.22",""
"68134","КУИК ООД-бул. Н.Мушанов-ул.Добротич","Шоколад Фин млечен","07405","69","1.22",""
"68134","КУИК ООД-бул. Александър Стамболийски 143","Шоколад Фин млечен","07405","69","1.22",""
"68134","КУИК ООД-бул. Александър Стамболийски 182","ш-д Линд екселент портокал","20153","69","3.83",""
"68134","КУИК ООД-ул.Суходолска 2","ш-д Линд екселент портокал","20153","69","3.83",""
"68134","КУИК ООД-ул. Суходолска 13","ш-д Линд екселент портокал","20153","69","3.83",""
"68134","КУИК ООД-ул. Преображенско въстание до блок 145В","ш-д Линд екселент портокал","20153","69","3.83",""
"68134","КУИК ООД-ул.Сава Михайлов","ш-д Линд екселент портокал","20153","69","3.83",""
"68134","КУИК ООД-бул. Н.Мушанов-ул.Добротич","ш-д Линд екселент портокал","20153","69","3.83",""
"68134","КУИК ООД-бул. Александър Стамболийски 143","ш-д Линд екселент портокал","20153","69","3.83",""
"68134","КУИК ООД-бул. Александър Стамболийски 182","ш-д Линд Линдор млечен 100гр.","20198","69","3.32",""
"68134","КУИК ООД-ул.Суходолска 2","ш-д Линд Линдор млечен 100гр.","20198","69","3.32",""
"68134","КУИК ООД-ул. Суходолска 13","ш-д Линд Линдор млечен 100гр.","20198","69","3.32",""
"68134","КУИК ООД-ул. Преображенско въстание до блок 145В","ш-д Линд Линдор млечен 100гр.","20198","69","3.32",""
"68134","КУИК ООД-ул.Сава Михайлов","ш-д Линд Линдор млечен 100гр.","20198","69","3.32",""
"68134","КУИК ООД-бул. Н.Мушанов-ул.Добротич","ш-д Линд Линдор млечен 100гр.","20198","69","3.32",""
"68134","КУИК ООД-бул. Александър Стамболийски 143","ш-д Линд Линдор млечен 100гр.","20198","69","3.32",""
"68134","КУИК ООД-бул. Александър Стамболийски 182","Шоколад Линд Крийми 80гр.","20241","69","3.57",""
"68134","КУИК ООД-ул.Суходолска 2","Шоколад Линд Крийми 80гр.","20241","69","3.57",""
"68134","КУИК ООД-ул. Суходолска 13","Шоколад Линд Крийми 80гр.","20241","69","3.57",""
"68134","КУИК ООД-ул. Преображенско въстание до блок 145В","Шоколад Линд Крийми 80гр.","20241","69","3.57",""
"68134","КУИК ООД-ул.Сава Михайлов","Шоколад Линд Крийми 80гр.","20241","69","3.57",""
"68134","КУИК ООД-бул. Н.Мушанов-ул.Добротич","Шоколад Линд Крийми 80гр.","20241","69","3.57",""
"68134","КУИК ООД-бул. Александър Стамболийски 143","Шоколад Линд Крийми 80гр.","20241","69","3.57",""
"68134","КУИК ООД-бул. Александър Стамболийски 182","ш-д Линд Гранд лешник млечен шоколад 150гр.","20206","69","5.62",""
"68134","КУИК ООД-ул.Суходолска 2","ш-д Линд Гранд лешник млечен шоколад 150гр.","20206","69","5.62",""
"68134","КУИК ООД-ул. Суходолска 13","ш-д Линд Гранд лешник млечен шоколад 150гр.","20206","69","5.62",""
"68134","КУИК ООД-ул. Преображенско въстание до блок 145В","ш-д Линд Гранд лешник млечен шоколад 150гр.","20206","69","5.62",""
"68134","КУИК ООД-ул.Сава Михайлов","ш-д Линд Гранд лешник млечен шоколад 150гр.","20206","69","5.62",""
"68134","КУИК ООД-бул. Н.Мушанов-ул.Добротич","ш-д Линд Гранд лешник млечен шоколад 150гр.","20206","69","5.62",""
"68134","КУИК ООД-бул. Александър Стамболийски 143","ш-д Линд Гранд лешник млечен шоколад 150гр.","20206","69","5.62",""
"68134","КУИК ООД-бул. Александър Стамболийски 182","Нова Бразилия 200гр. Мляно","02002","70","3.57",""
"68134","КУИК ООД-ул.Суходолска 2","Нова Бразилия 200гр. Мляно","02002","70","3.57",""
"68134","КУИК ООД-ул. Суходолска 13","Нова Бразилия 200гр. Мляно","02002","70","3.57",""
"68134","КУИК ООД-ул. Преображенско въстание до блок 145В","Нова Бразилия 200гр. Мляно","02002","70","3.57",""
"68134","КУИК ООД-ул.Сава Михайлов","Нова Бразилия 200гр. Мляно","02002","70","3.57",""
"68134","КУИК ООД-бул. Н.Мушанов-ул.Добротич","Нова Бразилия 200гр. Мляно","02002","70","3.57",""
"68134","КУИК ООД-бул. Александър Стамболийски 143","Нова Бразилия 200гр. Мляно","02002","70","3.57",""
"68134","КУИК ООД-бул. Александър Стамболийски 182","Кафе Лаваца 250гр. Крема Густо","02122","70","5.11",""
"68134","КУИК ООД-ул.Суходолска 2","Кафе Лаваца 250гр. Крема Густо","02122","70","5.11",""
"68134","КУИК ООД-ул. Суходолска 13","Кафе Лаваца 250гр. Крема Густо","02122","70","5.11",""
"68134","КУИК ООД-ул. Преображенско въстание до блок 145В","Кафе Лаваца 250гр. Крема Густо","02122","70","5.11",""
"68134","КУИК ООД-ул.Сава Михайлов","Кафе Лаваца 250гр. Крема Густо","02122","70","5.11",""
"68134","КУИК ООД-бул. Н.Мушанов-ул.Добротич","Кафе Лаваца 250гр. Крема Густо","02122","70","5.11",""
"68134","КУИК ООД-бул. Александър Стамболийски 143","Кафе Лаваца 250гр. Крема Густо","02122","70","5.11",""
"68134","КУИК ООД-бул. Александър Стамболийски 182","Кафе Лаваца 250гр. Еспресо","02121","70","6.39",""
"68134","КУИК ООД-ул.Суходолска 2","Кафе Лаваца 250гр. Еспресо","02121","70","6.39",""
"68134","КУИК ООД-ул. Суходолска 13","Кафе Лаваца 250гр. Еспресо","02121","70","6.39",""
"68134","КУИК ООД-ул. Преображенско въстание до блок 145В","Кафе Лаваца 250гр. Еспресо","02121","70","6.39",""
"68134","КУИК ООД-ул.Сава Михайлов","Кафе Лаваца 250гр. Еспресо","02121","70","6.39",""
"68134","КУИК ООД-бул. Н.Мушанов-ул.Добротич","Кафе Лаваца 250гр. Еспресо","02121","70","6.39",""
"68134","КУИК ООД-бул. Александър Стамболийски 143","Кафе Лаваца 250гр. Еспресо","02121","70","6.39",""
"68134","КУИК ООД-бул. Александър Стамболийски 182","Кафе Лаваца 250гр. Роса","02123","70","5.62",""
"68134","КУИК ООД-ул.Суходолска 2","Кафе Лаваца 250гр. Роса","02123","70","5.62",""
"68134","КУИК ООД-ул. Суходолска 13","Кафе Лаваца 250гр. Роса","02123","70","5.62",""
"68134","КУИК ООД-ул. Преображенско въстание до блок 145В","Кафе Лаваца 250гр. Роса","02123","70","5.62",""
"68134","КУИК ООД-ул.Сава Михайлов","Кафе Лаваца 250гр. Роса","02123","70","5.62",""
"68134","КУИК ООД-бул. Н.Мушанов-ул.Добротич","Кафе Лаваца 250гр. Роса","02123","70","5.62",""
"68134","КУИК ООД-бул. Александър Стамболийски 143","Кафе Лаваца 250гр. Роса","02123","70","5.62",""
"68134","КУИК ООД-бул. Александър Стамболийски 182","кафе Лаваца 1кг. Крема Арома 1кг","02141","70","23",""
"68134","КУИК ООД-ул.Суходолска 2","кафе Лаваца 1кг. Крема Арома 1кг","02141","70","23",""
"68134","КУИК ООД-ул. Суходолска 13","кафе Лаваца 1кг. Крема Арома 1кг","02141","70","23",""
"68134","КУИК ООД-ул. Преображенско въстание до блок 145В","кафе Лаваца 1кг. Крема Арома 1кг","02141","70","23",""
"68134","КУИК ООД-ул.Сава Михайлов","кафе Лаваца 1кг. Крема Арома 1кг","02141","70","23",""
"68134","КУИК ООД-бул. Н.Мушанов-ул.Добротич","кафе Лаваца 1кг. Крема Арома 1кг","02141","70","23",""
"68134","КУИК ООД-бул. Александър Стамболийски 143","кафе Лаваца 1кг. Крема Арома 1кг","02141","70","23",""
"68134","КУИК ООД-бул. Александър Стамболийски 182","Крема Густо 1кг.","02142","70","19.42",""
"68134","КУИК ООД-ул.Суходолска 2","Крема Густо 1кг.","02142","70","19.42",""
"68134","КУИК ООД-ул. Суходолска 13","Крема Густо 1кг.","02142","70","19.42",""
"68134","КУИК ООД-ул. Преображенско въстание до блок 145В","Крема Густо 1кг.","02142","70","19.42",""
"68134","КУИК ООД-ул.Сава Михайлов","Крема Густо 1кг.","02142","70","19.42",""
"68134","КУИК ООД-бул. Н.Мушанов-ул.Добротич","Крема Густо 1кг.","02142","70","19.42",""
"68134","КУИК ООД-бул. Александър Стамболийски 143","Крема Густо 1кг.","02142","70","19.42",""
"68134","КУИК ООД-бул. Александър Стамболийски 182","бира Пиринско 2.20л.","70106","74","1.53","1.35"
"68134","КУИК ООД-ул.Суходолска 2","бира Пиринско 2.20л.","70106","74","1.53","1.35"
"68134","КУИК ООД-ул. Суходолска 13","бира Пиринско 2.20л.","70106","74","1.53","1.35"
"68134","КУИК ООД-ул. Преображенско въстание до блок 145В","бира Пиринско 2.20л.","70106","74","1.53","1.35"
"68134","КУИК ООД-ул.Сава Михайлов","бира Пиринско 2.20л.","70106","74","1.53","1.35"
"68134","КУИК ООД-бул. Н.Мушанов-ул.Добротич","бира Пиринско 2.20л.","70106","74","1.53","1.35"
"68134","КУИК ООД-бул. Александър Стамболийски 143","бира Пиринско 2.20л.","70106","74","1.53","1.35"
"68134","КУИК ООД-бул. Александър Стамболийски 182","бира Ариана 2.2л.","70020","74","1.53",""
"68134","КУИК ООД-ул.Суходолска 2","бира Ариана 2.2л.","70020","74","1.53",""
"68134","КУИК ООД-ул. Суходолска 13","бира Ариана 2.2л.","70020","74","1.53",""
"68134","КУИК ООД-ул. Преображенско въстание до блок 145В","бира Ариана 2.2л.","70020","74","1.53",""
"68134","КУИК ООД-ул.Сава Михайлов","бира Ариана 2.2л.","70020","74","1.53",""
"68134","КУИК ООД-бул. Н.Мушанов-ул.Добротич","бира Ариана 2.2л.","70020","74","1.53",""
"68134","КУИК ООД-бул. Александър Стамболийски 143","бира Ариана 2.2л.","70020","74","1.53",""
"68134","КУИК ООД-бул. Александър Стамболийски 182","бира Загорка 2л.","70036","74","1.53",""
"68134","КУИК ООД-ул.Суходолска 2","бира Загорка 2л.","70036","74","1.53",""
"68134","КУИК ООД-ул. Суходолска 13","бира Загорка 2л.","70036","74","1.53",""
"68134","КУИК ООД-ул. Преображенско въстание до блок 145В","бира Загорка 2л.","70036","74","1.53",""
"68134","КУИК ООД-ул.Сава Михайлов","бира Загорка 2л.","70036","74","1.53",""
"68134","КУИК ООД-бул. Н.Мушанов-ул.Добротич","бира Загорка 2л.","70036","74","1.53",""
"68134","КУИК ООД-бул. Александър Стамболийски 143","бира Загорка 2л.","70036","74","1.53",""
"68134","КУИК ООД-бул. Александър Стамболийски 182","бира Шуменско 2.20л.","70085","74","1.38",""
"68134","КУИК ООД-ул.Суходолска 2","бира Шуменско 2.20л.","70085","74","1.38",""
"68134","КУИК ООД-ул. Суходолска 13","бира Шуменско 2.20л.","70085","74","1.38",""
"68134","КУИК ООД-ул. Преображенско въстание до блок 145В","бира Шуменско 2.20л.","70085","74","1.38",""
"68134","КУИК ООД-ул.Сава Михайлов","бира Шуменско 2.20л.","70085","74","1.38",""
"68134","КУИК ООД-бул. Н.Мушанов-ул.Добротич","бира Шуменско 2.20л.","70085","74","1.38",""
"68134","КУИК ООД-бул. Александър Стамболийски 143","бира Шуменско 2.20л.","70085","74","1.38",""
"68134","КУИК ООД-бул. Александър Стамболийски 182","вино Черга бяла 0.750л.","49060","75","5.77","5.26"
"68134","КУИК ООД-ул.Суходолска 2","вино Черга бяла 0.750л.","49060","75","5.77","5.26"
"68134","КУИК ООД-ул. Суходолска 13","вино Черга бяла 0.750л.","49060","75","5.77","5.26"
"68134","КУИК ООД-ул. Преображенско въстание до блок 145В","вино Черга бяла 0.750л.","49060","75","5.77","5.26"
"68134","КУИК ООД-ул.Сава Михайлов","вино Черга бяла 0.750л.","49060","75","5.77","5.26"
"68134","КУИК ООД-бул. Н.Мушанов-ул.Добротич","вино Черга бяла 0.750л.","49060","75","5.77","5.26"
"68134","КУИК ООД-бул. Александър Стамболийски 143","вино Черга бяла 0.750л.","49060","75","5.77","5.26"
"68134","КУИК ООД-бул. Александър Стамболийски 182","вино Льо Фотограф Сов.бл. 0.750л.","50442","75","9.71",""
"68134","КУИК ООД-ул.Суходолска 2","вино Льо Фотограф Сов.бл. 0.750л.","50442","75","9.71",""
"68134","КУИК ООД-ул. Суходолска 13","вино Льо Фотограф Сов.бл. 0.750л.","50442","75","9.71",""
"68134","КУИК ООД-ул. Преображенско въстание до блок 145В","вино Льо Фотограф Сов.бл. 0.750л.","50442","75","9.71",""
"68134","КУИК ООД-ул.Сава Михайлов","вино Льо Фотограф Сов.бл. 0.750л.","50442","75","9.71",""
"68134","КУИК ООД-бул. Н.Мушанов-ул.Добротич","вино Льо Фотограф Сов.бл. 0.750л.","50442","75","9.71",""
"68134","КУИК ООД-бул. Александър Стамболийски 143","вино Льо Фотограф Сов.бл. 0.750л.","50442","75","9.71",""
"68134","КУИК ООД-бул. Александър Стамболийски 182","вино Мезек сов.бл.по пино гри 0.75л","51121","75","5.93",""
"68134","КУИК ООД-ул.Суходолска 2","вино Мезек сов.бл.по пино гри 0.75л","51121","75","5.93",""
"68134","КУИК ООД-ул. Суходолска 13","вино Мезек сов.бл.по пино гри 0.75л","51121","75","5.93",""
"68134","КУИК ООД-ул. Преображенско въстание до блок 145В","вино Мезек сов.бл.по пино гри 0.75л","51121","75","5.93",""
"68134","КУИК ООД-ул.Сава Михайлов","вино Мезек сов.бл.по пино гри 0.75л","51121","75","5.93",""
"68134","КУИК ООД-бул. Н.Мушанов-ул.Добротич","вино Мезек сов.бл.по пино гри 0.75л","51121","75","5.93",""
"68134","КУИК ООД-бул. Александър Стамболийски 143","вино Мезек сов.бл.по пино гри 0.75л","51121","75","5.93",""
"68134","КУИК ООД-бул. Александър Стамболийски 182","вино Солени Хълмове бяло 0.75л.","51220","75","10.48","9.97"
"68134","КУИК ООД-ул.Суходолска 2","вино Солени Хълмове бяло 0.75л.","51220","75","10.48","9.97"
"68134","КУИК ООД-ул. Суходолска 13","вино Солени Хълмове бяло 0.75л.","51220","75","10.48","9.97"
"68134","КУИК ООД-ул. Преображенско въстание до блок 145В","вино Солени Хълмове бяло 0.75л.","51220","75","10.48","9.97"
"68134","КУИК ООД-ул.Сава Михайлов","вино Солени Хълмове бяло 0.75л.","51220","75","10.48","9.97"
"68134","КУИК ООД-бул. Н.Мушанов-ул.Добротич","вино Солени Хълмове бяло 0.75л.","51220","75","10.48","9.97"
"68134","КУИК ООД-бул. Александър Стамболийски 143","вино Солени Хълмове бяло 0.75л.","51220","75","10.48","9.97"
"68134","КУИК ООД-бул. Александър Стамболийски 182","вино Раковина мускат 0.75л.","51239","75","4.34","3.83"
"68134","КУИК ООД-ул.Суходолска 2","вино Раковина мускат 0.75л.","51239","75","4.34","3.83"
"68134","КУИК ООД-ул. Суходолска 13","вино Раковина мускат 0.75л.","51239","75","4.34","3.83"
"68134","КУИК ООД-ул. Преображенско въстание до блок 145В","вино Раковина мускат 0.75л.","51239","75","4.34","3.83"
"68134","КУИК ООД-ул.Сава Михайлов","вино Раковина мускат 0.75л.","51239","75","4.34","3.83"
"68134","КУИК ООД-бул. Н.Мушанов-ул.Добротич","вино Раковина мускат 0.75л.","51239","75","4.34","3.83"
"68134","КУИК ООД-бул. Александър Стамболийски 143","вино Раковина мускат 0.75л.","51239","75","4.34","3.83"
"68134","КУИК ООД-бул. Александър Стамболийски 182","вино Черга червена 0.750л.","49070","76","5.77","5.26"
"68134","КУИК ООД-ул.Суходолска 2","вино Черга червена 0.750л.","49070","76","5.77","5.26"
"68134","КУИК ООД-ул. Суходолска 13","вино Черга червена 0.750л.","49070","76","5.77","5.26"
"68134","КУИК ООД-ул. Преображенско въстание до блок 145В","вино Черга червена 0.750л.","49070","76","5.77","5.26"
"68134","КУИК ООД-ул.Сава Михайлов","вино Черга червена 0.750л.","49070","76","5.77","5.26"
"68134","КУИК ООД-бул. Н.Мушанов-ул.Добротич","вино Черга червена 0.750л.","49070","76","5.77","5.26"
"68134","КУИК ООД-бул. Александър Стамболийски 143","вино Черга червена 0.750л.","49070","76","5.77","5.26"
"68134","КУИК ООД-бул. Александър Стамболийски 182","вино Льо Фотограф Пино Ноар 0.750л.","50448","76","9.71",""
"68134","КУИК ООД-ул.Суходолска 2","вино Льо Фотограф Пино Ноар 0.750л.","50448","76","9.71",""
"68134","КУИК ООД-ул. Суходолска 13","вино Льо Фотограф Пино Ноар 0.750л.","50448","76","9.71",""
"68134","КУИК ООД-ул. Преображенско въстание до блок 145В","вино Льо Фотограф Пино Ноар 0.750л.","50448","76","9.71",""
"68134","КУИК ООД-ул.Сава Михайлов","вино Льо Фотограф Пино Ноар 0.750л.","50448","76","9.71",""
"68134","КУИК ООД-бул. Н.Мушанов-ул.Добротич","вино Льо Фотограф Пино Ноар 0.750л.","50448","76","9.71",""
"68134","КУИК ООД-бул. Александър Стамболийски 143","вино Льо Фотограф Пино Ноар 0.750л.","50448","76","9.71",""
"68134","КУИК ООД-бул. Александър Стамболийски 182","вино Мезек Мерло 0.75л","51125","76","5.93",""
"68134","КУИК ООД-ул.Суходолска 2","вино Мезек Мерло 0.75л","51125","76","5.93",""
"68134","КУИК ООД-ул. Суходолска 13","вино Мезек Мерло 0.75л","51125","76","5.93",""
"68134","КУИК ООД-ул. Преображенско въстание до блок 145В","вино Мезек Мерло 0.75л","51125","76","5.93",""
"68134","КУИК ООД-ул.Сава Михайлов","вино Мезек Мерло 0.75л","51125","76","5.93",""
"68134","КУИК ООД-бул. Н.Мушанов-ул.Добротич","вино Мезек Мерло 0.75л","51125","76","5.93",""
"68134","КУИК ООД-бул. Александър Стамболийски 143","вино Мезек Мерло 0.75л","51125","76","5.93",""
"68134","КУИК ООД-бул. Александър Стамболийски 182","вино Солени Хълмове червено 0.75л.","51222","76","10.48","9.97"
"68134","КУИК ООД-ул.Суходолска 2","вино Солени Хълмове червено 0.75л.","51222","76","10.48","9.97"
"68134","КУИК ООД-ул. Суходолска 13","вино Солени Хълмове червено 0.75л.","51222","76","10.48","9.97"
"68134","КУИК ООД-ул. Преображенско въстание до блок 145В","вино Солени Хълмове червено 0.75л.","51222","76","10.48","9.97"
"68134","КУИК ООД-ул.Сава Михайлов","вино Солени Хълмове червено 0.75л.","51222","76","10.48","9.97"
"68134","КУИК ООД-бул. Н.Мушанов-ул.Добротич","вино Солени Хълмове червено 0.75л.","51222","76","10.48","9.97"
"68134","КУИК ООД-бул. Александър Стамболийски 143","вино Солени Хълмове червено 0.75л.","51222","76","10.48","9.97"
"68134","КУИК ООД-бул. Александър Стамболийски 182","вино Раковина мерло 0.75л.","51241","76","4.34","3.83"
"68134","КУИК ООД-ул.Суходолска 2","вино Раковина мерло 0.75л.","51241","76","4.34","3.83"
"68134","КУИК ООД-ул. Суходолска 13","вино Раковина мерло 0.75л.","51241","76","4.34","3.83"
"68134","КУИК ООД-ул. Преображенско въстание до блок 145В","вино Раковина мерло 0.75л.","51241","76","4.34","3.83"
"68134","КУИК ООД-ул.Сава Михайлов","вино Раковина мерло 0.75л.","51241","76","4.34","3.83"
"68134","КУИК ООД-бул. Н.Мушанов-ул.Добротич","вино Раковина мерло 0.75л.","51241","76","4.34","3.83"
"68134","КУИК ООД-бул. Александър Стамболийски 143","вино Раковина мерло 0.75л.","51241","76","4.34","3.83"
"68134","КУИК ООД-бул. Александър Стамболийски 182","ракия Грозден 0.7л.","57192","77","5.62","5.36"
"68134","КУИК ООД-ул.Суходолска 2","ракия Грозден 0.7л.","57192","77","5.62","5.36"
"68134","КУИК ООД-ул. Суходолска 13","ракия Грозден 0.7л.","57192","77","5.62","5.36"
"68134","КУИК ООД-ул. Преображенско въстание до блок 145В","ракия Грозден 0.7л.","57192","77","5.62","5.36"
"68134","КУИК ООД-ул.Сава Михайлов","ракия Грозден 0.7л.","57192","77","5.62","5.36"
"68134","КУИК ООД-бул. Н.Мушанов-ул.Добротич","ракия Грозден 0.7л.","57192","77","5.62","5.36"
"68134","КУИК ООД-бул. Александър Стамболийски 143","ракия Грозден 0.7л.","57192","77","5.62","5.36"
"68134","КУИК ООД-бул. Александър Стамболийски 182","ракия Карнобатска 0.7л.","57182","77","6.9",""
"68134","КУИК ООД-ул.Суходолска 2","ракия Карнобатска 0.7л.","57182","77","6.9",""
"68134","КУИК ООД-ул. Суходолска 13","ракия Карнобатска 0.7л.","57182","77","6.9",""
"68134","КУИК ООД-ул. Преображенско въстание до блок 145В","ракия Карнобатска 0.7л.","57182","77","6.9",""
"68134","КУИК ООД-ул.Сава Михайлов","ракия Карнобатска 0.7л.","57182","77","6.9",""
"68134","КУИК ООД-бул. Н.Мушанов-ул.Добротич","ракия Карнобатска 0.7л.","57182","77","6.9",""
"68134","КУИК ООД-бул. Александър Стамболийски 143","ракия Карнобатска 0.7л.","57182","77","6.9",""
"68134","КУИК ООД-бул. Александър Стамболийски 182","ракия Бургаска Мускатова Поморие 0.7л.","57165","77","8.69",""
"68134","КУИК ООД-ул.Суходолска 2","ракия Бургаска Мускатова Поморие 0.7л.","57165","77","8.69",""
"68134","КУИК ООД-ул. Суходолска 13","ракия Бургаска Мускатова Поморие 0.7л.","57165","77","8.69",""
"68134","КУИК ООД-ул. Преображенско въстание до блок 145В","ракия Бургаска Мускатова Поморие 0.7л.","57165","77","8.69",""
"68134","КУИК ООД-ул.Сава Михайлов","ракия Бургаска Мускатова Поморие 0.7л.","57165","77","8.69",""
"68134","КУИК ООД-бул. Н.Мушанов-ул.Добротич","ракия Бургаска Мускатова Поморие 0.7л.","57165","77","8.69",""
"68134","КУИК ООД-бул. Александър Стамболийски 143","ракия Бургаска Мускатова Поморие 0.7л.","57165","77","8.69",""
"68134","КУИК ООД-бул. Александър Стамболийски 182","ракия Поморийска гроздова 0.7л.","57170","77","6.8",""
"68134","КУИК ООД-ул.Суходолска 2","ракия Поморийска гроздова 0.7л.","57170","77","6.8",""
"68134","КУИК ООД-ул. Суходолска 13","ракия Поморийска гроздова 0.7л.","57170","77","6.8",""
"68134","КУИК ООД-ул. Преображенско въстание до блок 145В","ракия Поморийска гроздова 0.7л.","57170","77","6.8",""
"68134","КУИК ООД-ул.Сава Михайлов","ракия Поморийска гроздова 0.7л.","57170","77","6.8",""
"68134","КУИК ООД-бул. Н.Мушанов-ул.Добротич","ракия Поморийска гроздова 0.7л.","57170","77","6.8",""
"68134","КУИК ООД-бул. Александър Стамболийски 143","ракия Поморийска гроздова 0.7л.","57170","77","6.8",""
"68134","КУИК ООД-бул. Александър Стамболийски 182","ракия Сунуларска гроздова 0.7л.","57207","77","8.44","7.66"
"68134","КУИК ООД-ул.Суходолска 2","ракия Сунуларска гроздова 0.7л.","57207","77","8.44","7.66"
"68134","КУИК ООД-ул. Суходолска 13","ракия Сунуларска гроздова 0.7л.","57207","77","8.44","7.66"
"68134","КУИК ООД-ул. Преображенско въстание до блок 145В","ракия Сунуларска гроздова 0.7л.","57207","77","8.44","7.66"
"68134","КУИК ООД-ул.Сава Михайлов","ракия Сунуларска гроздова 0.7л.","57207","77","8.44","7.66"
"68134","КУИК ООД-бул. Н.Мушанов-ул.Добротич","ракия Сунуларска гроздова 0.7л.","57207","77","8.44","7.66"
"68134","КУИК ООД-бул. Александър Стамболийски 143","ракия Сунуларска гроздова 0.7л.","57207","77","8.44","7.66"
"68134","КУИК ООД-бул. Александър Стамболийски 182","цигари Мерилин слим розов","80130","78","3.17",""
"68134","КУИК ООД-ул.Суходолска 2","цигари Мерилин слим розов","80130","78","3.17",""
"68134","КУИК ООД-ул. Суходолска 13","цигари Мерилин слим розов","80130","78","3.17",""
"68134","КУИК ООД-ул. Преображенско въстание до блок 145В","цигари Мерилин слим розов","80130","78","3.17",""
"68134","КУИК ООД-ул.Сава Михайлов","цигари Мерилин слим розов","80130","78","3.17",""
"68134","КУИК ООД-бул. Н.Мушанов-ул.Добротич","цигари Мерилин слим розов","80130","78","3.17",""
"68134","КУИК ООД-бул. Александър Стамболийски 143","цигари Мерилин слим розов","80130","78","3.17",""
"68134","КУИК ООД-бул. Александър Стамболийски 182","цигари Мерилин Плюс розов","80125","78","3.22",""
"68134","КУИК ООД-ул.Суходолска 2","цигари Мерилин Плюс розов","80125","78","3.22",""
"68134","КУИК ООД-ул. Суходолска 13","цигари Мерилин Плюс розов","80125","78","3.22",""
"68134","КУИК ООД-ул. Преображенско въстание до блок 145В","цигари Мерилин Плюс розов","80125","78","3.22",""
"68134","КУИК ООД-ул.Сава Михайлов","цигари Мерилин Плюс розов","80125","78","3.22",""
"68134","КУИК ООД-бул. Н.Мушанов-ул.Добротич","цигари Мерилин Плюс розов","80125","78","3.22",""
"68134","КУИК ООД-бул. Александър Стамболийски 143","цигари Мерилин Плюс розов","80125","78","3.22",""
"68134","КУИК ООД-бул. Александър Стамболийски 182","цигари Кинг 100 червен","80123","78","3.07",""
"68134","КУИК ООД-ул.Суходолска 2","цигари Кинг 100 червен","80123","78","3.07",""
"68134","КУИК ООД-ул. Суходолска 13","цигари Кинг 100 червен","80123","78","3.07",""
"68134","КУИК ООД-ул. Преображенско въстание до блок 145В","цигари Кинг 100 червен","80123","78","3.07",""
"68134","КУИК ООД-ул.Сава Михайлов","цигари Кинг 100 червен","80123","78","3.07",""
"68134","КУИК ООД-бул. Н.Мушанов-ул.Добротич","цигари Кинг 100 червен","80123","78","3.07",""
"68134","КУИК ООД-бул. Александър Стамболийски 143","цигари Кинг 100 червен","80123","78","3.07",""
"68134","КУИК ООД-бул. Александър Стамболийски 182","цигари Кинг Деним Центрио","80116","78","3.17",""
"68134","КУИК ООД-ул.Суходолска 2","цигари Кинг Деним Центрио","80116","78","3.17",""
"68134","КУИК ООД-ул. Суходолска 13","цигари Кинг Деним Центрио","80116","78","3.17",""
"68134","КУИК ООД-ул. Преображенско въстание до блок 145В","цигари Кинг Деним Центрио","80116","78","3.17",""
"68134","КУИК ООД-ул.Сава Михайлов","цигари Кинг Деним Центрио","80116","78","3.17",""
"68134","КУИК ООД-бул. Н.Мушанов-ул.Добротич","цигари Кинг Деним Центрио","80116","78","3.17",""
"68134","КУИК ООД-бул. Александър Стамболийски 143","цигари Кинг Деним Центрио","80116","78","3.17",""
