"Населено място","Търговски обект","Наименование на продукта","Код на продукта","Категория","Цена на дребно","Цена в промоция"
"10135","Валенс 2 Варна ул. Карамфил №40","АЦЦ 200 ПРАХЧЕТА 200МГ Х 20 SANDOZ","95","99","6.60",""
"10135","Валенс 2 Варна ул. Карамфил №40","ВОЛТАРЕН РЕТ. ТАБЛ. 100 МГ Х 10 NOVARTIS","238","95","1.51",""
"10135","Валенс 2 Варна ул. Карамфил №40","ВОЛТАРЕН табл. 25мг х 30 NOVARTIS","241","95","1.48",""
"10135","Валенс 2 Варна ул. Карамфил №40","ВОЛТАРЕН табл. 50мг х 20 NOVARTIS","242","95","1.99",""
"10135","Валенс 2 Варна ул. Карамфил №40","ДИКЛОФЕНАК ДУО КАПС. 75 МГ Х 30","359","95","5.13",""
"10135","Валенс 2 Варна ул. Карамфил №40","НАКЛОФЕН ДУО КАПС. 75МГ Х 20","1060","95","2.30",""
"10135","Валенс 2 Варна ул. Карамфил №40","АЛЕРГОЗАН ТАБЛ 25МГ Х 20","1852","100","3.62",""
"10135","Валенс 2 Варна ул. Карамфил №40","АЛЕРГОЗАН УНГВ 18 ГР","1854","91","3.99",""
"10135","Валенс 2 Варна ул. Карамфил №40","АЛКА-ЗЕЛЦЕР ЕФ.ТАБЛ Х 10","1856","96","2.76",""
"10135","Валенс 2 Варна ул. Карамфил №40","РУВЕКСИН ТАБЛ 325МГ Х 100","1911","96","2.91",""
"10135","Валенс 2 Варна ул. Карамфил №40","АСПИРИН + ВИТАМИН Ц/БАЙЕР/ЕФ Х 10","1917","96","4.22",""
"10135","Валенс 2 Варна ул. Карамфил №40","АСПИРИН + ВИТАМИН Ц/БАЙЕР/ЕФ Х 20","1918","96","6.42",""
"10135","Валенс 2 Варна ул. Карамфил №40","БИЗАЛАКС ТАБЛ 5МГ Х 30  Д","1977","88","2.15",""
"10135","Валенс 2 Варна ул. Карамфил №40","БУСКОЛИЗИН АМП 2% 1МЛ СФ","2010","87","6.83",""
"10135","Валенс 2 Варна ул. Карамфил №40","ВОЛТАРЕН ГЕЛ 1% 50 ГР NOVARTIS","2073","95","6.01",""
"10135","Валенс 2 Варна ул. Карамфил №40","ЙОДАСЕПТ УНГВ 90ГР ТФ","2299","92","4.27",""
"10135","Валенс 2 Варна ул. Карамфил №40","НИЗОРАЛ КРЕМ 15ГР JANSEN","2562","90","1.89",""
"10135","Валенс 2 Варна ул. Карамфил №40","ОТИПАКС СОЛ 15 МЛ БЕСТАМЕД","2626","101","3.69",""
"10135","Валенс 2 Варна ул. Карамфил №40","ФАСТУМ ГЕЛ 2,5 %  50ГР","2973","94","4.29",""
"10135","Валенс 2 Варна ул. Карамфил №40","АЛМАГЕЛ 170МЛ ТФ","3163","86","2.33",""
"10135","Валенс 2 Варна ул. Карамфил №40","ТАЛЦИД ТАБЛ 500МГ Х 20","3211","86","3.94",""
"10135","Валенс 2 Варна ул. Карамфил №40","ДИКЛАК ГЕЛ 5% 50 g SANDOZ","8035","95","6.83",""
"10135","Валенс 2 Варна ул. Карамфил №40","БИЗАКОДИЛ СУП 10МГ Х 6","8051","88","2.86",""
"10135","Валенс 2 Варна ул. Карамфил №40","ЛОПЕДИУМ КАПС 2МГ Х 10 SANDOZ","8295","89","3.43",""
"10135","Валенс 2 Варна ул. Карамфил №40","ЛАКАЛУТ ПЗ АКТИВ 75мл ","13718","81","3.59",""
"10135","Валенс 2 Варна ул. Карамфил №40","ЧАЙ ЛАЙКА ФИЛТЪР БП","13818","72","0.84",""
"10135","Валенс 2 Варна ул. Карамфил №40","ПСИЛО-БАЛСАМ 20 ГР","22557","91","5.83",""
"10135","Валенс 2 Варна ул. Карамфил №40","МУКОНАЗАЛ ПЛЮС СПРЕЙ 10МЛ","25166","97","6.26",""
"10135","Валенс 2 Варна ул. Карамфил №40","НУРОФЕН ЗА ДЕЦА СИРОП ПОРТОКАЛ 100мг/5мл","25589","94","4.32",""
"10135","Валенс 2 Варна ул. Карамфил №40","КСИЗАЛ КАПКИ 5 МГ Х 20 МЛ","26402","100","4.96",""
"10135","Валенс 2 Варна ул. Карамфил №40","ДУЛКОЛАКС ПИКО КАПКИ 7,5МГ 15МЛ","30551","88","5.45",""
"10135","Валенс 2 Варна ул. Карамфил №40","ФЛЕКСИСТАД ТАБЛ. 400МГ Х 20 ","31480","94","3.86",""
"10135","Валенс 2 Варна ул. Карамфил №40","БОЧКО САПУН ПРОТИВОВЪЗП. СЪС СМРАДЛИКА 75 ГР.","36424","83","0.92",""
"10135","Валенс 2 Варна ул. Карамфил №40","ДЕРМОДРИН маз 30гр","37828","91","4.35",""
"10135","Валенс 2 Варна ул. Карамфил №40","НАЗИК НАЗ. СПРЕЙ 0.1/5% 10МЛ","42045","97","6.29",""
"10135","Валенс 2 Варна ул. Карамфил №40","КЕТОНАЛ КАПС. 50МГ Х 20","43445","94","6.45",""
"10135","Валенс 2 Варна ул. Карамфил №40","ДИКЛОФЕНАК ТАБЛ. 50МГ Х 30 ЧФ","43446","95","1.43",""
"10135","Валенс 2 Варна ул. Карамфил №40","ДЕКСОФЕН АМП. Х 5 ","43456","94","3.99",""
"10135","Валенс 2 Варна ул. Карамфил №40","ДЕКСОФЕН ТАБЛ. 25МГ Х 10 ","43457","94","2.85",""
"10135","Валенс 2 Варна ул. Карамфил №40","СТОПЕРАН КАПС.2МГ Х 8","46387","89","3.04",""
"10135","Валенс 2 Варна ул. Карамфил №40","АГИВА МОКРИ КЪРПИ АНТИБАКТЕРИАЛНИ","50437","84","0.56",""
"10135","Валенс 2 Варна ул. Карамфил №40","ОТИРЕЛАКС СОЛ. 15МЛ","57951","101","3.78",""
"10135","Валенс 2 Варна ул. Карамфил №40","НО-ШПА ТБ.40МГ. Х 24","60492","87","4.47",""
"10135","Валенс 2 Варна ул. Карамфил №40","ЕФЕКОЛ/ ЕВАКОЛ САШЕ 3350 X12","63927","87","9.89",""
"10135","Валенс 2 Варна ул. Карамфил №40","АНГАЛ ЛИМОН ТБ ЗА СМУЧЕНЕ x 24","66430","98","6.75",""
"10135","Валенс 2 Варна ул. Карамфил №40","ALMIRAL SOL.FOR INJ 75 MG/3 ML X5","71057","95","1.84",""
"10135","Валенс 2 Варна ул. Карамфил №40","СТРЕПСИЛС ИНТЕНЗИВ ПОРТОКАЛ таблетки*16","72961","98","5.32",""
"10135","Валенс 2 Варна ул. Карамфил №40","ОТРИВИН ПЛЮС 1мг/мл+50мг/млспрей нос10мл","74089","97","6.29",""
"10135","Валенс 2 Варна ул. Карамфил №40","РЕВАЛИД ПРОТИВОПЪРХУТЕН ШАМП. КОСА 250мл","74431","82","15.24",""
"10135","Валенс 2 Варна ул. Карамфил №40","ЕНТЕРОЛ прахчета 250мг.*20","75045","89","12.37",""
"10135","Валенс 2 Варна ул. Карамфил №40","ГЪМ ПЗ ПАРОЕКС ГЕЛООБРАЗНА 0.12% 75мл","76968","81","3.94",""
"10135","Валенс 2 Варна ул. Карамфил №40","МК РОЯЛ / ДЕЛТА 120БР С КАПАК","77052","84","1.28",""
"10135","Валенс 3 ж.к. Младост микропазар Панелчето","АЦЦ 200 ПРАХЧЕТА 200МГ Х 20 SANDOZ","95","99","6.60",""
"10135","Валенс 3 ж.к. Младост микропазар Панелчето","ВОЛТАРЕН супоз. 50мг х 10 NOVARTIS","240","95","1.87",""
"10135","Валенс 3 ж.к. Младост микропазар Панелчето","ВОЛТАРЕН табл. 50мг х 20 NOVARTIS","242","95","2.11",""
"10135","Валенс 3 ж.к. Младост микропазар Панелчето","ДИКЛОФЕНАК ДУО КАПС. 75 МГ Х 30","359","95","5.13",""
"10135","Валенс 3 ж.к. Младост микропазар Панелчето","ЗИРТЕК 10МГ X 10","597","100","4.32",""
"10135","Валенс 3 ж.к. Младост микропазар Панелчето","НАКЛОФЕН ДУО КАПС. 75МГ Х 20","1060","95","2.30",""
"10135","Валенс 3 ж.к. Младост микропазар Панелчето","АЛЕРГОЗАН ТАБЛ 25МГ Х 20","1852","91","3.30",""
"10135","Валенс 3 ж.к. Младост микропазар Панелчето","АЛЕРГОЗАН КРЕМ 18ГР","1853","100","3.96",""
"10135","Валенс 3 ж.к. Младост микропазар Панелчето","АЛЕРГОЗАН УНГВ 18 ГР","1854","100","3.96",""
"10135","Валенс 3 ж.к. Младост микропазар Панелчето","АЛКА-ЗЕЛЦЕР ЕФ.ТАБЛ Х 10","1856","96","2.76",""
"10135","Валенс 3 ж.к. Младост микропазар Панелчето","РУВЕКСИН ТАБЛ 325МГ Х 100","1911","96","2.92",""
"10135","Валенс 3 ж.к. Младост микропазар Панелчето","АСПИРИН + ВИТАМИН Ц/БАЙЕР/ЕФ Х 10","1917","96","4.24",""
"10135","Валенс 3 ж.к. Младост микропазар Панелчето","АСПИРИН + ВИТАМИН Ц/БАЙЕР/ЕФ Х 20","1918","99","6.42",""
"10135","Валенс 3 ж.к. Младост микропазар Панелчето","БЕНАЛГИН ТАБЛ Х 20 ТАБ","1956","96","2.66",""
"10135","Валенс 3 ж.к. Младост микропазар Панелчето","БЕТАДИН ПЕСАРИИ 200МГ Х 14","1965","92","10.93",""
"10135","Валенс 3 ж.к. Младост микропазар Панелчето","БИЗАЛАКС ТАБЛ 5МГ Х 30  Д","1977","88","2.15",""
"10135","Валенс 3 ж.к. Младост микропазар Панелчето","БУСКОЛИЗИН АМП 2% 1МЛ СФ","2010","87","6.55",""
"10135","Валенс 3 ж.к. Младост микропазар Панелчето","ВОЛТАРЕН ГЕЛ 1% 50 ГР NOVARTIS","2073","95","6.01",""
"10135","Валенс 3 ж.к. Младост микропазар Панелчето","ЕКЗОДЕРИЛ КРЕМ 15ГР SANDOZ","2228","90","5.80",""
"10135","Валенс 3 ж.к. Младост микропазар Панелчето","ЙОДАСЕПТ УНГВ 90ГР ТФ","2299","92","4.09",""
"10135","Валенс 3 ж.к. Младост микропазар Панелчето","КАНЕСТЕН КРЕМ 1% 20ГР","2320","90","5.52",""
"10135","Валенс 3 ж.к. Младост микропазар Панелчето","КЛАРИНАЗЕ ТАБЛ Х 10 SHERING","2339","100","5.60",""
"10135","Валенс 3 ж.к. Младост микропазар Панелчето","ОЛИНТ ШПРЕЙ 0.05% 10МЛ","2598","97","4.24",""
"10135","Валенс 3 ж.к. Младост микропазар Панелчето","ОРОФАР СПРЕЙ 30МЛ NOVARTIS","2608","98","8.28",""
"10135","Валенс 3 ж.к. Младост микропазар Панелчето","ОТИПАКС СОЛ 15 МЛ","2626","101","3.69",""
"10135","Валенс 3 ж.к. Младост микропазар Панелчето","ПРОФЕНИД СУПП 100МГ Х 12 SANOFI","2734","94","2.55",""
"10135","Валенс 3 ж.к. Младост микропазар Панелчето","СТРЕПСИЛС МЕД И ЛИМОН Х 24","2850","98","4.86",""
"10135","Валенс 3 ж.к. Младост микропазар Панелчето","СТРЕПСИЛС МЕНТОЛ И ЕВКАЛИПТ Х 24","2851","98","4.86",""
"10135","Валенс 3 ж.к. Младост микропазар Панелчето","ТЕМПАЛГИН ТАБЛ Х 20 СФ","2889","87","2.33",""
"10135","Валенс 3 ж.к. Младост микропазар Панелчето","ТРАХИЗАН ТАБЛ Х 20","2923","98","6.08",""
"10135","Валенс 3 ж.к. Младост микропазар Панелчето","ФАСТУМ ГЕЛ 2,5 %  50ГР","2973","94","4.29",""
"10135","Валенс 3 ж.к. Младост микропазар Панелчето","ФЕНОЛАКС ТАБЛ 5МГ Х 30","2984","88","1.79",""
"10135","Валенс 3 ж.к. Младост микропазар Панелчето","НЕО-АНГИН N ТАБЛ Х 24","3125","98","5.42",""
"10135","Валенс 3 ж.к. Младост микропазар Панелчето","ТАЛЦИД ТАБЛ 500МГ Х 20","3211","86","3.94",""
"10135","Валенс 3 ж.к. Младост микропазар Панелчето","КСИЛОМЕТАЗОЛИН 0.1% 10 МЛ","5254","97","2.22",""
"10135","Валенс 3 ж.к. Младост микропазар Панелчето","ТАНТУМ ВЕРДЕ СПРЕЙ 0.15% 30МЛ","5549","98","9.00",""
"10135","Валенс 3 ж.к. Младост микропазар Панелчето","ДИКЛАК МАКС ГЕЛ 5% Х 50ГР","8035","95","6.85",""
"10135","Валенс 3 ж.к. Младост микропазар Панелчето","БИЗАКОДИЛ СУП 10МГ Х 6","8051","88","2.79",""
"10135","Валенс 3 ж.к. Младост микропазар Панелчето","СТОПАЦИД ПЛЮС ТАБЛ. Х 20 /ОБИКНОВЕН/","8055","86","0.97",""
"10135","Валенс 3 ж.к. Младост микропазар Панелчето","ЛОПЕДИУМ КАПС 2МГ Х 10 SANDOZ","8295","89","3.42",""
"10135","Валенс 3 ж.к. Младост микропазар Панелчето","БИЗАКОДИЛ СУП 5МГ Х 6","8493","88","2.12",""
"10135","Валенс 3 ж.к. Младост микропазар Панелчето","ИМОДИУМ ИНСТАНТ ТАБЛ 2МГ X 6","20115","89","3.86",""
"10135","Валенс 3 ж.к. Младост микропазар Панелчето","УПСАРИН ЕФФ ТАБЛ. Х 20 ","20258","96","3.94",""
"10135","Валенс 3 ж.к. Младост микропазар Панелчето","СПИРТ ЕТИЛОВ 95% 800 ГР. ХИМАКС","21668","92","4.45",""
"10135","Валенс 3 ж.к. Младост микропазар Панелчето","СПИРТ ЕТИЛОВ 70% 100 МЛ  ХИМАКС","21671","92","0.61",""
"10135","Валенс 3 ж.к. Младост микропазар Панелчето","КОМФОРТ ШОКОЛАД ЗА РАЗХЛАБВАНЕ","22602","88","9.20",""
"10135","Валенс 3 ж.к. Младост микропазар Панелчето","НУРОФЕН СТОПКОЛД Х 12","23169","94","4.45",""
"10135","Валенс 3 ж.к. Младост микропазар Панелчето","МУКОНАЗАЛ ПЛЮС СПРЕЙ 10МЛ","25166","97","6.26",""
"10135","Валенс 3 ж.к. Младост микропазар Панелчето","НУРОФЕН ЗА ДЕЦА 100МГ/5МЛ ПОРТОКАЛ","25589","94","4.32",""
"10135","Валенс 3 ж.к. Младост микропазар Панелчето","ТАЙЛОЛ ХОТ ДЕЦА NOBEL PH х 12","26323","99","4.35",""
"10135","Валенс 3 ж.к. Младост микропазар Панелчето","ФЛЕКСИСТАД ТАБЛ. 400МГ Х 20 ","31480","94","3.86",""
"10135","Валенс 3 ж.к. Младост микропазар Панелчето","БРАУНОЛ 2000 сол. 100мл","36562","92","119.00",""
"10135","Валенс 3 ж.к. Младост микропазар Панелчето","АНАЛГИН ТАБЛ. 500 МГ. Х 20 ","36623","96","1.79",""
"10135","Валенс 3 ж.к. Младост микропазар Панелчето","АЦЕТИЗАЛ ТАБЛ. 500 МГ Х 20","36625","96","1.30",""
"10135","Валенс 3 ж.к. Младост микропазар Панелчето","НАЗИК НАЗ. СПРЕЙ 0.1/5% 10МЛ","42045","97","6.65",""
"10135","Валенс 3 ж.к. Младост микропазар Панелчето","ОМЕПРАЗИД КАПС 20 МГ Х 14","43075","86","3.23",""
"10135","Валенс 3 ж.к. Младост микропазар Панелчето","ДЕКСОФЕН АМП. Х 5 ","43456","94","3.87",""
"10135","Валенс 3 ж.к. Младост микропазар Панелчето","СТОПЕРАН КАПС.2МГ Х 8","46387","89","3.07",""
"10135","Валенс 3 ж.к. Младост микропазар Панелчето","ПРОАЛГИН ТАБЛ. 500МГ Х 20","46525","96","1.10",""
"10135","Валенс 3 ж.к. Младост микропазар Панелчето","ХЮМЕКС ГРИП ТАБЛ. Х 12/КАПС. Х 4","46747","99","5.42",""
"10135","Валенс 3 ж.к. Младост микропазар Панелчето","ОТРИВИН СПРЕЙ 0,1% 10МЛ","46790","97","5.08",""
"10135","Валенс 3 ж.к. Младост микропазар Панелчето","ИМОМЕД ТАБЛ. 2МГ Х 10","47779","89","2.40",""
"10135","Валенс 3 ж.к. Младост микропазар Панелчето","ИЗИЛАКС ДЕЦА СУПОЗ. 1500МГ. Х 18","51317","88","3.58",""
"10135","Валенс 3 ж.к. Младост микропазар Панелчето","ГАВИСКОН ТБЛ. ЗА ДЪВЧЕНЕ X 16","53583","86","3.94",""
"10135","Валенс 3 ж.к. Младост микропазар Панелчето","ФОРТЕКС ОТИРЕЛАКС СОЛ. 15МЛ","57951","101","3.92",""
"10135","Валенс 3 ж.к. Младост микропазар Панелчето","НО-ШПА ТБ.40МГ. Х 24","60492","87","4.47",""
"10135","Валенс 3 ж.к. Младост микропазар Панелчето","ФОРТЕКС ЕЛАКСА капс x20","65951","88","5.86",""
"10135","Валенс 3 ж.к. Младост микропазар Панелчето","АНГАЛ ЛИМОН ТБ ЗА СМУЧЕНЕ x 24","66381","98","6.75",""
"10135","Валенс 3 ж.к. Младост микропазар Панелчето","ТИНКТУРА ЙОДИ 5% 50мл.КУПРО","71540","92","1.59",""
"10135","Валенс 3 ж.к. Младост микропазар Панелчето","АФРИН НД МЕНТОЛ спрей 0.5мг/мл 15мл","71550","97","5.42",""
"10135","Валенс 3 ж.к. Младост микропазар Панелчето","КАЛМАБЕН тб. 50мг x 10","71668","91","3.13",""
"10135","Валенс 3 ж.к. Младост микропазар Панелчето","СОДА ЗА ПИЕНЕ табл х30 - Никсен","71673","86","1.02",""
"10135","Валенс 3 ж.к. Младост микропазар Панелчето","ДИАРОСТАД КАПС.2МГ Х 10","71860","89","3.27",""
"10135","Валенс 3 ж.к. Младост микропазар Панелчето","КЕТОНАЛ капс 50мг х 20","72736","94","6.39",""
"10135","Валенс 3 ж.к. Младост микропазар Панелчето","ЛАКСАТИНИЛ ФРУКТ МАРМАЛАД СЛАБИТЕЛЕН 200г.","74650","88","5.27",""
"10135","Валенс 3 ж.к. Младост микропазар Панелчето","НО-ШПА МАКС ТАБЛ. 80МГ Х 24","76298","87","6.50",""
"10135","Валенс 3 ж.к. Младост микропазар Панелчето","ОКЛИС 400МГХ20САШЕТА","77243","94","8.74",""
"10135","Валенс 3 ж.к. Младост микропазар Панелчето","ПАРАБОЛ МАКС меки капс. 400мг х 10","81588","94","4.66",""
"10135","ПОЛИ- ВАЛЕНС - Виница кв. Виница ул. Черно Море 2","АЦЦ 200 ПРАХЧЕТА 200МГ Х 20 SANDOZ","95","99","6.60",""
"10135","ПОЛИ- ВАЛЕНС - Виница кв. Виница ул. Черно Море 2","ВОЛТАРЕН РЕТ. ТАБЛ. 100 МГ Х 10 NOVARTIS","238","95","1.48",""
"10135","ПОЛИ- ВАЛЕНС - Виница кв. Виница ул. Черно Море 2","ВОЛТАРЕН супоз. 50мг х 10 NOVARTIS","240","95","1.89",""
"10135","ПОЛИ- ВАЛЕНС - Виница кв. Виница ул. Черно Море 2","ВОЛТАРЕН табл. 25мг х 30 NOVARTIS","241","95","1.48",""
"10135","ПОЛИ- ВАЛЕНС - Виница кв. Виница ул. Черно Море 2","ВОЛТАРЕН табл. 50мг х 20 NOVARTIS","242","95","2.05",""
"10135","ПОЛИ- ВАЛЕНС - Виница кв. Виница ул. Черно Море 2","ДИКЛОФЕНАК ДУО КАПС. 75 МГ Х 30","359","95","5.14",""
"10135","ПОЛИ- ВАЛЕНС - Виница кв. Виница ул. Черно Море 2","АЛЕРГОЗАН ТАБЛ 25МГ Х 20","1852","91","3.62",""
"10135","ПОЛИ- ВАЛЕНС - Виница кв. Виница ул. Черно Море 2","АЛЕРГОЗАН КРЕМ 18ГР","1853","91","3.96",""
"10135","ПОЛИ- ВАЛЕНС - Виница кв. Виница ул. Черно Море 2","АЛЕРГОЗАН УНГВ 18 ГР","1854","91","3.96",""
"10135","ПОЛИ- ВАЛЕНС - Виница кв. Виница ул. Черно Море 2","АЛКА-ЗЕЛЦЕР ЕФ.ТАБЛ Х 10","1856","96","2.76",""
"10135","ПОЛИ- ВАЛЕНС - Виница кв. Виница ул. Черно Море 2","АНАЛГИН АМП 50% 2МЛ х 10 (кутия) СФ","1879","87","6.29",""
"10135","ПОЛИ- ВАЛЕНС - Виница кв. Виница ул. Черно Море 2","РУВЕКСИН ТАБЛ 325МГ Х 100","1911","96","2.92",""
"10135","ПОЛИ- ВАЛЕНС - Виница кв. Виница ул. Черно Море 2","АСПИРИН + ВИТАМИН Ц/БАЙЕР/ЕФ Х 10","1917","96","4.24",""
"10135","ПОЛИ- ВАЛЕНС - Виница кв. Виница ул. Черно Море 2","АСПИРИН + ВИТАМИН Ц/БАЙЕР/ЕФ Х 20","1918","96","6.65",""
"10135","ПОЛИ- ВАЛЕНС - Виница кв. Виница ул. Черно Море 2","БИЗАЛАКС ТАБЛ 5МГ Х 30  Д","1977","88","2.20",""
"10135","ПОЛИ- ВАЛЕНС - Виница кв. Виница ул. Черно Море 2","БРОНХОЛИТИН СИРОП 125МЛ  СФ","2009","99","4.19",""
"10135","ПОЛИ- ВАЛЕНС - Виница кв. Виница ул. Черно Море 2","ВАКСИГРИП  0.5МЛ Х 1","2019","93","14.12",""
"10135","ПОЛИ- ВАЛЕНС - Виница кв. Виница ул. Черно Море 2","ВОЛТАРЕН ГЕЛ 1% 50 ГР NOVARTIS","2073","95","6.01",""
"10135","ПОЛИ- ВАЛЕНС - Виница кв. Виница ул. Черно Море 2","ДИМЕКС СИРОП 125ГР СФ","2194","99","4.54",""
"10135","ПОЛИ- ВАЛЕНС - Виница кв. Виница ул. Черно Море 2","ЙОДАСЕПТ УНГВ 90ГР ТФ","2299","92","4.09",""
"10135","ПОЛИ- ВАЛЕНС - Виница кв. Виница ул. Черно Море 2","МУКОСОЛВАН ТАБЛ 30МГ Х 20","2518","99","4.73",""
"10135","ПОЛИ- ВАЛЕНС - Виница кв. Виница ул. Черно Море 2","НИЗОРАЛ КРЕМ 15ГР JANSEN","2562","90","1.79",""
"10135","ПОЛИ- ВАЛЕНС - Виница кв. Виница ул. Черно Море 2","НИЗОРАЛ ШАМПОАН JANSEN 100 МЛ","2564","90","13.04",""
"10135","ПОЛИ- ВАЛЕНС - Виница кв. Виница ул. Черно Море 2","ОТИПАКС СОЛ 15 МЛ","2626","101","3.69",""
"10135","ПОЛИ- ВАЛЕНС - Виница кв. Виница ул. Черно Море 2","ФАСТУМ ГЕЛ 2,5 %  50ГР","2973","94","4.29",""
"10135","ПОЛИ- ВАЛЕНС - Виница кв. Виница ул. Черно Море 2","ФУРОТАЛГИН 5МЛ","3008","101","5.16",""
"10135","ПОЛИ- ВАЛЕНС - Виница кв. Виница ул. Черно Море 2","АЛМАГЕЛ 170МЛ ТФ","3163","86","2.35",""
"10135","ПОЛИ- ВАЛЕНС - Виница кв. Виница ул. Черно Море 2","ТАЛЦИД ТАБЛ 500МГ Х 20","3211","86","3.94",""
"10135","ПОЛИ- ВАЛЕНС - Виница кв. Виница ул. Черно Море 2","ФЕЛОРАН ГЕЛ 60ГР СФ","3340","95","4.07",""
"10135","ПОЛИ- ВАЛЕНС - Виница кв. Виница ул. Черно Море 2","ДИКЛАК ГЕЛ 5%  МАКС 50 g SANDOZ","8035","95","6.85",""
"10135","ПОЛИ- ВАЛЕНС - Виница кв. Виница ул. Черно Море 2","БИЗАКОДИЛ СУП 10МГ Х 6","8051","88","2.86",""
"10135","ПОЛИ- ВАЛЕНС - Виница кв. Виница ул. Черно Море 2","ЛОПЕДИУМ КАПС 2МГ Х 10 SANDOZ","8295","89","3.42",""
"10135","ПОЛИ- ВАЛЕНС - Виница кв. Виница ул. Черно Море 2","БИЗАКОДИЛ СУП 5МГ Х 6","8493","88","2.14",""
"10135","ПОЛИ- ВАЛЕНС - Виница кв. Виница ул. Черно Море 2","НУРОФЕН ТАБЛ 200МГ Х 12","8504","94","3.40",""
"10135","ПОЛИ- ВАЛЕНС - Виница кв. Виница ул. Черно Море 2","БУСКОЛИЗИН ДРАЖ 10 МГ Х 20","23828","87","3.02",""
"10135","ПОЛИ- ВАЛЕНС - Виница кв. Виница ул. Черно Море 2","КСИЗАЛ ТАБЛ 5МГ Х 7","23890","100","3.97",""
"10135","ПОЛИ- ВАЛЕНС - Виница кв. Виница ул. Черно Море 2","МУКОНАЗАЛ ПЛЮС СПРЕЙ 10МЛ","25166","97","6.26",""
"10135","ПОЛИ- ВАЛЕНС - Виница кв. Виница ул. Черно Море 2","СТРЕПСИЛС ИНТЕНЗИВ Х 16","25311","98","5.31",""
"10135","ПОЛИ- ВАЛЕНС - Виница кв. Виница ул. Черно Море 2","НУРОФЕН ЗА ДЕЦА СИРОП ПОРТОКАЛ 100МЛ","25589","94","4.50",""
"10135","ПОЛИ- ВАЛЕНС - Виница кв. Виница ул. Черно Море 2","НУРОФЕН ФОРТЕ ТАБЛ 400МГ Х12","26307","94","4.35",""
"10135","ПОЛИ- ВАЛЕНС - Виница кв. Виница ул. Черно Море 2","ДУЛКОЛАКС ПИКО КАПКИ 7,5МГ 15МЛ","30551","88","5.44",""
"10135","ПОЛИ- ВАЛЕНС - Виница кв. Виница ул. Черно Море 2","ФЛЕКСИСТАД ТАБЛ. 600МГ Х 20 ","31479","94","5.88",""
"10135","ПОЛИ- ВАЛЕНС - Виница кв. Виница ул. Черно Море 2","ФЛЕКСИСТАД ТАБЛ. 400МГ Х 20 ","31480","94","3.86",""
"10135","ПОЛИ- ВАЛЕНС - Виница кв. Виница ул. Черно Море 2","ТЕТАНИЧЕН ТОКСОИД амп. 0,5/1","36770","92","7.93",""
"10135","ПОЛИ- ВАЛЕНС - Виница кв. Виница ул. Черно Море 2","НАЗИК НАЗ. СПРЕЙ 0.1/5% 10МЛ","42045","97","6.29",""
"10135","ПОЛИ- ВАЛЕНС - Виница кв. Виница ул. Черно Море 2","НАКЛОФЕН АМП. 75МГ/3МЛ Х 5  ","43444","95","1.80",""
"10135","ПОЛИ- ВАЛЕНС - Виница кв. Виница ул. Черно Море 2","ДЕКСОФЕН АМП. Х 5 ","43456","94","3.91",""
"10135","ПОЛИ- ВАЛЕНС - Виница кв. Виница ул. Черно Море 2","ДЕКСОФЕН ТАБЛ. 25МГ Х 10 ","43457","94","2.90",""
"10135","ПОЛИ- ВАЛЕНС - Виница кв. Виница ул. Черно Море 2","ОМЕПРАЗОЛ КАПС.20 28 genericon","44534","86","6.12",""
"10135","ПОЛИ- ВАЛЕНС - Виница кв. Виница ул. Черно Море 2","БЕНАЛГИН ТАБЛ. Х 10","44571","96","1.64",""
"10135","ПОЛИ- ВАЛЕНС - Виница кв. Виница ул. Черно Море 2","ЕФИЗОЛ ТБЛ. 0,25/30МГ Х 40","48023","98","4.35",""
"10135","ПОЛИ- ВАЛЕНС - Виница кв. Виница ул. Черно Море 2","ИБУПРОМ СИНУС тб. х 12","48156","94","4.24",""
"10135","ПОЛИ- ВАЛЕНС - Виница кв. Виница ул. Черно Море 2","ОЛИНТ 0,1% СПРЕЙ С ХИАЛУРОНОВА К-НА","49748","97","5.70",""
"10135","ПОЛИ- ВАЛЕНС - Виница кв. Виница ул. Черно Море 2","ОТИРЕЛАКС СОЛ. 15МЛ","57951","101","3.77",""
"10135","ПОЛИ- ВАЛЕНС - Виница кв. Виница ул. Черно Море 2","НУРОФЕН ЕКСПРЕС ФОРТЕ 400МГ Х 10","61065","94","5.17",""
"10135","ПОЛИ- ВАЛЕНС - Виница кв. Виница ул. Черно Море 2","АЛМИРАЛ SOL.FOR INJ 75 MG/3 ML X5","62421","95","2.17",""
"10135","ПОЛИ- ВАЛЕНС - Виница кв. Виница ул. Черно Море 2","ЕФЕКОЛ САШЕ Х 12","63927","87","9.92",""
"10135","ПОЛИ- ВАЛЕНС - Виница кв. Виница ул. Черно Море 2","ЕЛАКСА капс x20","65561","88","5.86",""
"10135","ПОЛИ- ВАЛЕНС - Виница кв. Виница ул. Черно Море 2","АНАЛГИН МАКС 1000мг еф. саше х 20","69301","96","7.67",""
"10135","ПОЛИ- ВАЛЕНС - Виница кв. Виница ул. Черно Море 2","АНАЛГИН тб. 500мг х 30 - Софарма","74804","96","2.44",""
"10135","Поли-Валенс 7 Образцов дом Варна, бул. Вл. Варненчик 48","АМАРИЛ ТАБЛ. 3 МГ Х30","60","86","2.70",""
"10135","Поли-Валенс 7 Образцов дом Варна, бул. Вл. Варненчик 48","АЦЦ 200 ПРАХЧЕТА 200МГ Х 20 SANDOZ","95","99","6.60",""
"10135","Поли-Валенс 7 Образцов дом Варна, бул. Вл. Варненчик 48","ВОЛТАРЕН РЕТ. ТАБЛ. 100 МГ Х 10 NOVARTIS","238","95","1.34",""
"10135","Поли-Валенс 7 Образцов дом Варна, бул. Вл. Варненчик 48","ВОЛТАРЕН табл. 25мг х 30 NOVARTIS","241","95","1.48",""
"10135","Поли-Валенс 7 Образцов дом Варна, бул. Вл. Варненчик 48","ВОЛТАРЕН табл. 50мг х 20 NOVARTIS","242","95","1.79",""
"10135","Поли-Валенс 7 Образцов дом Варна, бул. Вл. Варненчик 48","ДИКЛОФЕНАК ДУО КАПС. 75 МГ Х 30","359","95","5.13",""
"10135","Поли-Валенс 7 Образцов дом Варна, бул. Вл. Варненчик 48","НАКЛОФЕН ДУО КАПС. 75МГ Х 20","1060","95","2.30",""
"10135","Поли-Валенс 7 Образцов дом Варна, бул. Вл. Варненчик 48","АЛЕРГОЗАН ТАБЛ 25МГ Х 20","1852","91","3.30",""
"10135","Поли-Валенс 7 Образцов дом Варна, бул. Вл. Варненчик 48","АЛЕРГОЗАН КРЕМ 18ГР","1853","91","3.96",""
"10135","Поли-Валенс 7 Образцов дом Варна, бул. Вл. Варненчик 48","АЛЕРГОЗАН УНГВ 18 ГР","1854","91","3.96",""
"10135","Поли-Валенс 7 Образцов дом Варна, бул. Вл. Варненчик 48","АЛКА-ЗЕЛЦЕР ЕФ.ТАБЛ Х 10","1856","96","2.74",""
"10135","Поли-Валенс 7 Образцов дом Варна, бул. Вл. Варненчик 48","РУВЕКСИН ТАБЛ 325МГ Х 100","1911","96","2.91",""
"10135","Поли-Валенс 7 Образцов дом Варна, бул. Вл. Варненчик 48","АСПИРИН + ВИТАМИН Ц/БАЙЕР/ЕФ Х 10","1917","96","4.19",""
"10135","Поли-Валенс 7 Образцов дом Варна, бул. Вл. Варненчик 48","АСПИРИН + ВИТАМИН Ц/БАЙЕР/ЕФ Х 20","1918","96","6.42",""
"10135","Поли-Валенс 7 Образцов дом Варна, бул. Вл. Варненчик 48","БЕНАЛГИН ТАБЛ Х 20 Д","1956","87","2.75",""
"10135","Поли-Валенс 7 Образцов дом Варна, бул. Вл. Варненчик 48","БИЗАЛАКС ТАБЛ 5МГ Х 30  Д","1977","88","2.15",""
"10135","Поли-Валенс 7 Образцов дом Варна, бул. Вл. Варненчик 48","БУСКОЛИЗИН АМП 2% 1МЛ СФ","2010","87","6.75",""
"10135","Поли-Валенс 7 Образцов дом Варна, бул. Вл. Варненчик 48","ВОЛТАРЕН ГЕЛ 1% 50 ГР NOVARTIS","2073","95","6.01",""
"10135","Поли-Валенс 7 Образцов дом Варна, бул. Вл. Варненчик 48","ЙОДАСЕПТ УНГВ 90ГР ТФ","2299","92","4.30",""
"10135","Поли-Валенс 7 Образцов дом Варна, бул. Вл. Варненчик 48","МОБИЛАТ ГЕЛ 50ГР","2502","95","8.00",""
"10135","Поли-Валенс 7 Образцов дом Варна, бул. Вл. Варненчик 48","НИЗОРАЛ КРЕМ 15ГР JANSEN","2562","90","1.88",""
"10135","Поли-Валенс 7 Образцов дом Варна, бул. Вл. Варненчик 48","ОТИПАКС СОЛ 15 МЛ","2626","101","3.68",""
"10135","Поли-Валенс 7 Образцов дом Варна, бул. Вл. Варненчик 48","ТЕМПАЛГИН ТАБЛ Х 20 СФ","2889","87","2.40",""
"10135","Поли-Валенс 7 Образцов дом Варна, бул. Вл. Варненчик 48","ТРАХИЗАН ТАБЛ Х 20","2923","98","6.37",""
"10135","Поли-Валенс 7 Образцов дом Варна, бул. Вл. Варненчик 48","ФАСТУМ ГЕЛ 2,5 %  50ГР","2973","94","4.29",""
"10135","Поли-Валенс 7 Образцов дом Варна, бул. Вл. Варненчик 48","ФЕНИСТИЛ  ГЕЛ 0,1% 50 ГР","2977","91","8.28",""
"10135","Поли-Валенс 7 Образцов дом Варна, бул. Вл. Варненчик 48","ФЕНОЛАКС ТАБЛ 5МГ Х 30","2984","88","1.59",""
"10135","Поли-Валенс 7 Образцов дом Варна, бул. Вл. Варненчик 48","ТАЛЦИД ТАБЛ 500МГ Х 20","3211","86","3.94",""
"10135","Поли-Валенс 7 Образцов дом Варна, бул. Вл. Варненчик 48","КСИЛОМЕТАЗОЛИН 0.1% 10 МЛ","5254","97","2.21",""
"10135","Поли-Валенс 7 Образцов дом Варна, бул. Вл. Варненчик 48","ДИКЛАК ГЕЛ 5% 50 g SANDOZ","8035","95","6.82",""
"10135","Поли-Валенс 7 Образцов дом Варна, бул. Вл. Варненчик 48","БИЗАКОДИЛ СУП 10МГ Х 6","8051","88","2.84",""
"10135","Поли-Валенс 7 Образцов дом Варна, бул. Вл. Варненчик 48","ЛОПЕДИУМ КАПС 2МГ Х 10 SANDOZ","8295","89","3.43",""
"10135","Поли-Валенс 7 Образцов дом Варна, бул. Вл. Варненчик 48","БИЗАКОДИЛ СУП 5МГ Х 6","8493","88","2.15",""
"10135","Поли-Валенс 7 Образцов дом Варна, бул. Вл. Варненчик 48","НУРОФЕН ТАБЛ 200МГ Х 12","8504","94","3.39",""
"10135","Поли-Валенс 7 Образцов дом Варна, бул. Вл. Варненчик 48","ЛАМИЗИЛ КРЕМ 1% 15 ГР. NOVARTIS","13376","90","9.05",""
"10135","Поли-Валенс 7 Образцов дом Варна, бул. Вл. Варненчик 48","ИМОДИУМ ПЛЮС ДЪВЧ. ТАБЛ 125МГ X 6 JANSEN","20115","89","4.02",""
"10135","Поли-Валенс 7 Образцов дом Варна, бул. Вл. Варненчик 48","КСИЗАЛ ТАБЛ 5МГ Х 7","23890","100","3.93",""
"10135","Поли-Валенс 7 Образцов дом Варна, бул. Вл. Варненчик 48","МУКОНАЗАЛ ПЛЮС СПРЕЙ 10МЛ","25166","97","6.26",""
"10135","Поли-Валенс 7 Образцов дом Варна, бул. Вл. Варненчик 48","НУРОФЕН ЗА ДЕЦА СИРОП ПОРТОКАЛ 100МЛ","25589","94","4.32",""
"10135","Поли-Валенс 7 Образцов дом Варна, бул. Вл. Варненчик 48","ФЛЕКСИСТАД ТАБЛ. 600МГ Х 20 ","31479","94","5.71",""
"10135","Поли-Валенс 7 Образцов дом Варна, бул. Вл. Варненчик 48","АНАЛГИН ТАБЛ. 500 МГ. Х 20 ","36623","96","1.77",""
"10135","Поли-Валенс 7 Образцов дом Варна, бул. Вл. Варненчик 48","ТЕТАНИЧЕН ТОКСОИД амп. 0,5/1","36770","93","7.72",""
"10135","Поли-Валенс 7 Образцов дом Варна, бул. Вл. Варненчик 48","ЖИВАСЕПТ ГЕЛ 85 МЛ БЯЛ ИЛИ СИН","41789","92","1.23",""
"10135","Поли-Валенс 7 Образцов дом Варна, бул. Вл. Варненчик 48","ОМЕПРАЗИД КАПС 20 МГ Х 14","43075","86","3.23",""
"10135","Поли-Валенс 7 Образцов дом Варна, бул. Вл. Варненчик 48","ДЕКСОФЕН АМП. Х 5 ","43456","94","3.99",""
"10135","Поли-Валенс 7 Образцов дом Варна, бул. Вл. Варненчик 48","ДЕКСОФЕН ТАБЛ. 25МГ Х 10 ","43457","94","2.85",""
"10135","Поли-Валенс 7 Образцов дом Варна, бул. Вл. Варненчик 48","ХЮМЕКС ГРИП ТАБЛ. Х 12/КАПС. Х 4","46747","99","5.38",""
"10135","Поли-Валенс 7 Образцов дом Варна, бул. Вл. Варненчик 48","ИБУПРОМ СИНУС тб. х 12","48156","99","4.14",""
"10135","Поли-Валенс 7 Образцов дом Варна, бул. Вл. Варненчик 48","ОЛИНТ 0,1% СПРЕЙ С ХИАЛУРОНОВА К-НА","49748","97","5.70",""
"10135","Поли-Валенс 7 Образцов дом Варна, бул. Вл. Варненчик 48","ЕРИУС ТАБЛ. 5МГ Х 30 ТАБЛ","52019","100","4.86",""
"10135","Поли-Валенс 7 Образцов дом Варна, бул. Вл. Варненчик 48","АНАЛГИН амп. 1гр 2мл x 10","64019","96","6.49",""
"10135","Поли-Валенс 7 Образцов дом Варна, бул. Вл. Варненчик 48","ГАСТРОЦИД ЕЗО 20 МГ Х 14 ТБ","64561","86","3.98",""
"10135","Поли-Валенс 7 Образцов дом Варна, бул. Вл. Варненчик 48","АНГАЛ МЕНТ СПРЕЙ ЗА УСТА 30МЛ","66172","98","9.08",""
"10135","Поли-Валенс 7 Образцов дом Варна, бул. Вл. Варненчик 48","АЛМИРАЛ  SOL.FOR INJ 75 MG/3 ML X5","69226","95","2.12",""
"10135","Поли-Валенс 7 Образцов дом Варна, бул. Вл. Варненчик 48","БЕСТАРЕН ТБ. 25 МГ. Х10","73042","94","3.14",""
"10135","Поли-Валенс 7 Образцов дом Варна, бул. Вл. Варненчик 48","ДИАРИД ПРО тб. 2мг x10","76565","89","2.79",""
"10135","Поли-Валенс 7 Образцов дом Варна, бул. Вл. Варненчик 48","СИМФОНИЯ РОЙТЕРИ тбл.за дъвчене х10","78937","87","7.36",""
"10135","Поли-Валенс 7 Образцов дом Варна, бул. Вл. Варненчик 48","ОКТЕАНГИН 2,6МГ ТАБЛ. ЗА СМУЧЕНЕ Х 20","79091","98","7.31",""
"10135","Поли-Валенс 7 Образцов дом Варна, бул. Вл. Варненчик 48","ПАРАБОЛ МАКС меки капс. 400мг х 10","79237","94","4.65",""
"10135","Поли-Валенс 7 Образцов дом Варна, бул. Вл. Варненчик 48","ДЕЗОТИС КАПКИ ЗА УШИ 7 Г. С ЛИДОКАИН","80263","101","5.44",""
