"Населено място","Търговски обект","Наименование на продукта","Код на продукта","Категория","Цена на дребно","Цена в промоция"
"10447","КЛАСИКО КАРТАЛА - СТОЯН МИХАЙЛОВСКИ 7","MERILYN SLIMS PINK","000032","78","3.17",""
"10447","КЛАСИКО КАРТАЛА - СТОЯН МИХАЙЛОВСКИ 7","MERILYN SLIMS BLUE","000071","78","3.17",""
"10447","КЛАСИКО КАРТАЛА - СТОЯН МИХАЙЛОВСКИ 7","ОЦЕТ КУЛИНАР 0.7 Л","000173","44","1.25",""
"10447","КЛАСИКО КАРТАЛА - СТОЯН МИХАЙЛОВСКИ 7","Р-Я ПЕЩЕРА ГРОЗДОВА 0.7 Л","000175","77","7.34",""
"10447","КЛАСИКО КАРТАЛА - СТОЯН МИХАЙЛОВСКИ 7","Р-Я ПЕЩЕРА ОТЛЕЖАЛА 0.7 Л","000181","77","8.29",""
"10447","КЛАСИКО КАРТАЛА - СТОЯН МИХАЙЛОВСКИ 7","ВИНО ШАТО КОПСА ЗЕЙЛА 750МЛ КАБАРНЕ СОВИНЬОН","000270","76","8.07",""
"10447","КЛАСИКО КАРТАЛА - СТОЯН МИХАЙЛОВСКИ 7","МВ ГОРНА БАНЯ 1.5 Л","000344","73","0.62","0.52"
"10447","КЛАСИКО КАРТАЛА - СТОЯН МИХАЙЛОВСКИ 7","Ш-Н ЕЛСЕВ 250МЛ ПОДСИЛВАЩ ЧЕРЕН","000371","82","5.16","3.69"
"10447","КЛАСИКО КАРТАЛА - СТОЯН МИХАЙЛОВСКИ 7","ОЦЕТ КУЛИНАР ЯБЪЛКОВ 0.7","000419","45","1.25",""
"10447","КЛАСИКО КАРТАЛА - СТОЯН МИХАЙЛОВСКИ 7","П/З ОРАЛ БИ ДЕТСКА 50МЛ ПРО","000450","81","3.37","2.10"
"10447","КЛАСИКО КАРТАЛА - СТОЯН МИХАЙЛОВСКИ 7","П/З ОРАЛ БИ ДЕТСКА 75МЛ 6+Г","000451","81","3.37","2.10"
"10447","КЛАСИКО КАРТАЛА - СТОЯН МИХАЙЛОВСКИ 7","ВИНО ЛОГОДАЖ КЕРАЦУДА 0.75","000460","75","3.29",""
"10447","КЛАСИКО КАРТАЛА - СТОЯН МИХАЙЛОВСКИ 7","П/З КОЛГЕЙТ МАКС УАЙТ 75МЛ","000510","81","2.86","1.95"
"10447","КЛАСИКО КАРТАЛА - СТОЯН МИХАЙЛОВСКИ 7","ЯМБОЛСКА ГРОЗДОВА 0.7  +","000623","77","6.59",""
"10447","КЛАСИКО КАРТАЛА - СТОЯН МИХАЙЛОВСКИ 7","П/З БИЛКА ДЕНТ  ХОМЕОПАТИЧНА ГРЕЙПФРУТ 75МЛ","000653","81","2.61",""
"10447","КЛАСИКО КАРТАЛА - СТОЯН МИХАЙЛОВСКИ 7","КОРИ ТОЧЕНИ БЕЛЛА 400Г","000808","5","1.78",""
"10447","КЛАСИКО КАРТАЛА - СТОЯН МИХАЙЛОВСКИ 7","КОРИ ТОЧЕНИ ФАМИЛИЯ 500Г","000809","5","2.04","1.68"
"10447","КЛАСИКО КАРТАЛА - СТОЯН МИХАЙЛОВСКИ 7","ОЦЕТ ЯБЪЛКОВ ВТ 0.7Л","000889","45","1.40",""
"10447","КЛАСИКО КАРТАЛА - СТОЯН МИХАЙЛОВСКИ 7","ОЦЕТ ЯБЪЛКОВ ВТ 0.7 С МЕД","000890","45","1.63",""
"10447","КЛАСИКО КАРТАЛА - СТОЯН МИХАЙЛОВСКИ 7","ВЕРЕЯ ПРЯСНО МЛЯКО 3% 1Л","001065","6","1.66",""
"10447","КЛАСИКО КАРТАЛА - СТОЯН МИХАЙЛОВСКИ 7","ВИНО САЙКЪЛ КАБЕРНЕ&МЕРЛО 0.75","001115","76","5.85",""
"10447","КЛАСИКО КАРТАЛА - СТОЯН МИХАЙЛОВСКИ 7","ВИНО САЙКЪЛ МЕРЛО&ПИНО НОАР 0.75","001116","76","5.85",""
"10447","КЛАСИКО КАРТАЛА - СТОЯН МИХАЙЛОВСКИ 7","С-М СЕРВИЛАТ ЕМ","001125","28","8.94",""
"10447","КЛАСИКО КАРТАЛА - СТОЯН МИХАЙЛОВСКИ 7","КЕН КРЕНВИРШ","001133","26","6.03","4.69"
"10447","КЛАСИКО КАРТАЛА - СТОЯН МИХАЙЛОВСКИ 7","Б-ТИ ОБИКНОВЕНИ РОДЕН КРАЙ 190ГР *15","001149","66","1.07",""
"10447","КЛАСИКО КАРТАЛА - СТОЯН МИХАЙЛОВСКИ 7","ХЛЯБ СТРАЖИЦА СТАРА ЗАГОРА 650Г","001298","1","0.84",""
"10447","КЛАСИКО КАРТАЛА - СТОЯН МИХАЙЛОВСКИ 7","ЛИМОН","001355","50","2.88",""
"10447","КЛАСИКО КАРТАЛА - СТОЯН МИХАЙЛОВСКИ 7","БАНАН","001356","52","1.98","1.74"
"10447","КЛАСИКО КАРТАЛА - СТОЯН МИХАЙЛОВСКИ 7","ЛУК ЗРЯЛ","001359","55","0.82",""
"10447","КЛАСИКО КАРТАЛА - СТОЯН МИХАЙЛОВСКИ 7","ЯБЪЛКА ЗЛАТНА ПРЕВЪЗХОДНА ИТАЛИЯ","001363","53","2.20","1.84"
"10447","КЛАСИКО КАРТАЛА - СТОЯН МИХАЙЛОВСКИ 7","ДОМАТ ЧЕРВЕН","001364","54","3.14",""
"10447","КЛАСИКО КАРТАЛА - СТОЯН МИХАЙЛОВСКИ 7","ЧЕСЪН ЕДЪР","001370","59","4.86",""
"10447","КЛАСИКО КАРТАЛА - СТОЯН МИХАЙЛОВСКИ 7","МОРКОВИ","001373","56","0.95","0.75"
"10447","КЛАСИКО КАРТАЛА - СТОЯН МИХАЙЛОВСКИ 7","ЗЕЛЕ","001376","57","0.85",""
"10447","КЛАСИКО КАРТАЛА - СТОЯН МИХАЙЛОВСКИ 7","ГРОЗДЕН 0.7","001459","77","6.44","5.75"
"10447","КЛАСИКО КАРТАЛА - СТОЯН МИХАЙЛОВСКИ 7","ХЛЯБ МИО БЪЛГАРИЯ 650Г УС","001492","1","0.83",""
"10447","КЛАСИКО КАРТАЛА - СТОЯН МИХАЙЛОВСКИ 7","СВ ПЪРЖОЛА ОТ БУТ","001573","19","6.64",""
"10447","КЛАСИКО КАРТАЛА - СТОЯН МИХАЙЛОВСКИ 7","ВИНО КОНТЕНПЛЕЙШЪНС ЧЕРВЕНО 0.75","001761","76","8.58",""
"10447","КЛАСИКО КАРТАЛА - СТОЯН МИХАЙЛОВСКИ 7","ВИНО БРАТЯ МИНКОВИ МЕРЛО 0,75","001790","76","10.79","8.99"
"10447","КЛАСИКО КАРТАЛА - СТОЯН МИХАЙЛОВСКИ 7","Ш-Н ФРУКТИС 250МЛ КОЛОР РЕЗИСТ","001816","82","4.09",""
"10447","КЛАСИКО КАРТАЛА - СТОЯН МИХАЙЛОВСКИ 7","Ш-Н ФРУКТИС 250МЛ ГРОУ СТРОНГ","001817","82","4.09",""
"10447","КЛАСИКО КАРТАЛА - СТОЯН МИХАЙЛОВСКИ 7","П/З СЕНЗОДИН 75МЛ КАМПЛИЙТ ПРОТЕКШЪН","001819","81","8.23",""
"10447","КЛАСИКО КАРТАЛА - СТОЯН МИХАЙЛОВСКИ 7","ВИНО МЕХАНДЖИЙСКО 0.75 КАРНОБАТ ЧЕРВЕНО","001856","76","1.58",""
"10447","КЛАСИКО КАРТАЛА - СТОЯН МИХАЙЛОВСКИ 7","ТЕЛЕШКИ ШОЛ","001904","23","13.29",""
"10447","КЛАСИКО КАРТАЛА - СТОЯН МИХАЙЛОВСКИ 7","САПУН ПАЛМОЛИВ 90Г МАСЛИНА","001972","83","1.15","0.66"
"10447","КЛАСИКО КАРТАЛА - СТОЯН МИХАЙЛОВСКИ 7","П/З БИЛКАДЕНТ ДЕТСКА СИНЯ 6+","002017","81","2.20",""
"10447","КЛАСИКО КАРТАЛА - СТОЯН МИХАЙЛОВСКИ 7","САПУН ПАЛМОЛИВ 90Г МЛЯКО И РОЗА","002097","83","1.15","0.66"
"10447","КЛАСИКО КАРТАЛА - СТОЯН МИХАЙЛОВСКИ 7","П/З КОЛГЕЙТ ПРОПОЛИС 75МЛ","002333","81","1.66",""
"10447","КЛАСИКО КАРТАЛА - СТОЯН МИХАЙЛОВСКИ 7","ОЦЕТ ВИНЕН ВТ 0.7Л *12","002447","44","1.40",""
"10447","КЛАСИКО КАРТАЛА - СТОЯН МИХАЙЛОВСКИ 7","СКУМРИЯ 4-6  ПАКЕТ","002451","29","7.11",""
"10447","КЛАСИКО КАРТАЛА - СТОЯН МИХАЙЛОВСКИ 7","Ш-Н АРОМА НАТУРАЛ 400МЛ АЛОЕ ВЕРА","002569","82","1.94",""
"10447","КЛАСИКО КАРТАЛА - СТОЯН МИХАЙЛОВСКИ 7","ЯБЪЛКА ЧЕРВЕНА ПРЕВЪЗХОДНА","002638","53","2.25","2.19"
"10447","КЛАСИКО КАРТАЛА - СТОЯН МИХАЙЛОВСКИ 7","П/З СЕНЗОДИН 75МЛ ЕКСТРА ИЗБЕЛВАЩА","002837","81","5.82","4.14"
"10447","КЛАСИКО КАРТАЛА - СТОЯН МИХАЙЛОВСКИ 7","САПУН ДАФ 90Г ШИЙ","002935","83","1.94","1.02"
"10447","КЛАСИКО КАРТАЛА - СТОЯН МИХАЙЛОВСКИ 7","ХЛЯБ МИО ТИПОВ ЛУКС 500ГР","003004","4","0.79",""
"10447","КЛАСИКО КАРТАЛА - СТОЯН МИХАЙЛОВСКИ 7","ХЛЯБ МИО ДОБРУДЖА ЛУКС 650Г","003005","2","0.83",""
"10447","КЛАСИКО КАРТАЛА - СТОЯН МИХАЙЛОВСКИ 7","МИЛТЕКС МАСЛО ВАРНА ЕКСТРА  0.125","003102","12","1.53",""
"10447","КЛАСИКО КАРТАЛА - СТОЯН МИХАЙЛОВСКИ 7","КРЪСТЕВ БОБ ЕКСТРА 1КГ *10","003137","33","3.14",""
"10447","КЛАСИКО КАРТАЛА - СТОЯН МИХАЙЛОВСКИ 7","БЛЕЙЗИ ЗА СЪДОВЕ 400МЛ БОРОВИНКА","003208","79","1.43","1.15"
"10447","КЛАСИКО КАРТАЛА - СТОЯН МИХАЙЛОВСКИ 7","ЯБЪЛКА ГРЕЙСМИТ","003441","53","2.24",""
"10447","КЛАСИКО КАРТАЛА - СТОЯН МИХАЙЛОВСКИ 7","ВИНО ЕТНО КАБЕРНЕ И МАВРУД 0.75","003638","76","4.67",""
"10447","КЛАСИКО КАРТАЛА - СТОЯН МИХАЙЛОВСКИ 7","П/З БИЛКА ПАРОДОНТ ПРОТЕКТ 75МЛ","003695","81","2.61",""
"10447","КЛАСИКО КАРТАЛА - СТОЯН МИХАЙЛОВСКИ 7","Ш-Н ХИШ 330МЛ ОКЕАН","003817","82","6.52","4.44"
"10447","КЛАСИКО КАРТАЛА - СТОЯН МИХАЙЛОВСКИ 7","Ш-Н ХИШ 330МЛ УСПОКОЯВАЩ","004070","82","6.52","4.44"
"10447","КЛАСИКО КАРТАЛА - СТОЯН МИХАЙЛОВСКИ 7","П/З АСТЕРА ХОМЕОПАТИКА СЕНЗИТИВ 75МЛ","004073","81","3.88",""
"10447","КЛАСИКО КАРТАЛА - СТОЯН МИХАЙЛОВСКИ 7","П/З АСТЕРА ХОМЕОПАТИКА КИДС 50МЛ ЯГОДА","004074","81","3.20",""
"10447","КЛАСИКО КАРТАЛА - СТОЯН МИХАЙЛОВСКИ 7","БАРИЛА СПАГЕТИ  №3 500ГР","004105","37","1.68","1.47"
"10447","КЛАСИКО КАРТАЛА - СТОЯН МИХАЙЛОВСКИ 7","БАРИЛА СПАГЕТИ №5 500ГР","004106","37","1.68","1.47"
"10447","КЛАСИКО КАРТАЛА - СТОЯН МИХАЙЛОВСКИ 7","Б-ТИ ОБИКНОВЕНИ ИЗГРЕВ 182 Г  *36","004355","66","0.92",""
"10447","КЛАСИКО КАРТАЛА - СТОЯН МИХАЙЛОВСКИ 7","Б-ТИ ОБ. 120Г ПОБЕДА Б-С *48","004356","66","0.65",""
"10447","КЛАСИКО КАРТАЛА - СТОЯН МИХАЙЛОВСКИ 7","Ш-Н ШАУМА 250МЛ ВЪЗСТАНОВЯВАНЕ И ГРИЖА","004510","82","3.22","2.14"
"10447","КЛАСИКО КАРТАЛА - СТОЯН МИХАЙЛОВСКИ 7","ВИНО МЕНАДА ШАРДОНЕ 0.75","004572","75","4.55","3.83"
"10447","КЛАСИКО КАРТАЛА - СТОЯН МИХАЙЛОВСКИ 7","Ш-Н САЯЗ 440МЛ КЕРАТИН","004634","82","6.70","3.49"
"10447","КЛАСИКО КАРТАЛА - СТОЯН МИХАЙЛОВСКИ 7","Ш-Н ШАУМА 400МЛ ОСВЕЖАВАЩ","004658","82","4.60","2.69"
"10447","КЛАСИКО КАРТАЛА - СТОЯН МИХАЙЛОВСКИ 7","Ш-Н ШАУМА 400МЛ МЪЖКИ СПОРТ","004665","82","4.60","2.69"
"10447","КЛАСИКО КАРТАЛА - СТОЯН МИХАЙЛОВСКИ 7","ОХЛАДЕНО ПИЛЕ ПИМЕНС ТАР.","004671","15","4.44","3.80"
"10447","КЛАСИКО КАРТАЛА - СТОЯН МИХАЙЛОВСКИ 7","ОХЛАДЕНО ПИЛ.ФИЛЕ ПИМЕНС МАЛКА ТАР.","004673","16","7.82",""
"10447","КЛАСИКО КАРТАЛА - СТОЯН МИХАЙЛОВСКИ 7","ОХЛАДЕН0 ПИЛ.БУТ ПИМЕНС ТАР.","004674","17","4.34",""
"10447","КЛАСИКО КАРТАЛА - СТОЯН МИХАЙЛОВСКИ 7","ВИНО ШАТО 0.75 КАРНОБАТ ТРАМИНЕР","004717","75","4.09",""
"10447","КЛАСИКО КАРТАЛА - СТОЯН МИХАЙЛОВСКИ 7","Ш-Н ЕЛСЕВ 250МЛ БОЯД.КОСА","004725","82","5.16","3.69"
"10447","КЛАСИКО КАРТАЛА - СТОЯН МИХАЙЛОВСКИ 7","Ч/З ТРИЗА ФОКУС МЕДИУМ ДУО","004727","80","1.38","1.17"
"10447","КЛАСИКО КАРТАЛА - СТОЯН МИХАЙЛОВСКИ 7","Б-ТИ ОБИКНОВЕНИ РОДЕН КРАЙ 120ГР *15","004767","66","0.74",""
"10447","КЛАСИКО КАРТАЛА - СТОЯН МИХАЙЛОВСКИ 7","ВИНО ВИЛА ЯМБОЛ ШАРДОНЕ 0.75","004791","75","4.44","3.59"
"10447","КЛАСИКО КАРТАЛА - СТОЯН МИХАЙЛОВСКИ 7","Ш-Н ПАЛМОЛИВ 350МЛ 2 В 1 +","004869","82","2.63","1.53"
"10447","КЛАСИКО КАРТАЛА - СТОЯН МИХАЙЛОВСКИ 7","П/З КОЛГЕЙТ УАЙТЪНИНГ 75МЛ","005399","81","1.66",""
"10447","КЛАСИКО КАРТАЛА - СТОЯН МИХАЙЛОВСКИ 7","П/З СЕНЗОДИН 75МЛ ВЪЗСТАНОВЯВАНЕ И ЗАЩИТА-","005431","81","8.23",""
"10447","КЛАСИКО КАРТАЛА - СТОЯН МИХАЙЛОВСКИ 7","СВА ЧАЙ 20Г ЛАЙКА","005443","72","0.51",""
"10447","КЛАСИКО КАРТАЛА - СТОЯН МИХАЙЛОВСКИ 7","ВИНО ЛЬО ФОТОГРАФ КАБ. ФРАН 0.75","005481","76","11.09","9.29"
"10447","КЛАСИКО КАРТАЛА - СТОЯН МИХАЙЛОВСКИ 7","БИРА КАМЕНИЦА 2Л СВЕТЛО","005549","74","1.63","1.33"
"10447","КЛАСИКО КАРТАЛА - СТОЯН МИХАЙЛОВСКИ 7","Р-Я КАЙЛЪШКА 0.7","005655","77","7.99","6.59"
"10447","КЛАСИКО КАРТАЛА - СТОЯН МИХАЙЛОВСКИ 7","ЧАЙ БИОПРОГРАМА ЛАЙКА","005663","72","1.15","0.95"
"10447","КЛАСИКО КАРТАЛА - СТОЯН МИХАЙЛОВСКИ 7","КРОАСАН 7 ДЕЙС МАКС КРЕМ БРЮЛЕ 92Г *20","005780","67","0.82","0.73"
"10447","КЛАСИКО КАРТАЛА - СТОЯН МИХАЙЛОВСКИ 7","ВИНО МЕНАДА ЧЕРГА БЯЛО 0.75","006013","75","6.85","5.19"
"10447","КЛАСИКО КАРТАЛА - СТОЯН МИХАЙЛОВСКИ 7","Ш-Д ЛИНДТ ЛИНДОР 100Г МЛЕЧЕН","006150","69","3.45",""
"10447","КЛАСИКО КАРТАЛА - СТОЯН МИХАЙЛОВСКИ 7","ВИНО КУАНТУМ СИРА И КАБЕРНЕ 0.75","006237","76","5.93","4.97"
"10447","КЛАСИКО КАРТАЛА - СТОЯН МИХАЙЛОВСКИ 7","Ш-Н ШАУМА 400МЛ ВЪЗСТАНОВЯВАНЕ И ГРИЖА","006377","82","4.60","2.69"
"10447","КЛАСИКО КАРТАЛА - СТОЯН МИХАЙЛОВСКИ 7","С-М ХАМБУРГСКИ НАРОДЕН 300ГР","006460","27","1.78","1.58"
"10447","КЛАСИКО КАРТАЛА - СТОЯН МИХАЙЛОВСКИ 7","ЧАЙ БИОПРОГРАМА ПРИ ГРИП И ПРОСТУДА","006576","72","1.22","1.00"
"10447","КЛАСИКО КАРТАЛА - СТОЯН МИХАЙЛОВСКИ 7","ВИНО ПЕНТАГРАМ СИРА 0.75","006609","76","6.35",""
"10447","КЛАСИКО КАРТАЛА - СТОЯН МИХАЙЛОВСКИ 7","ВИНО ПЕНТАГРАМ ПИНО НОАР 0.75","006610","76","6.35",""
"10447","КЛАСИКО КАРТАЛА - СТОЯН МИХАЙЛОВСКИ 7","ВИНО МЕНАДА ЧЕРГА ЧЕРВЕНО 0.75","006619","76","6.85","5.19"
"10447","КЛАСИКО КАРТАЛА - СТОЯН МИХАЙЛОВСКИ 7","Ш-Н ШАУМА 250МЛ МЪЖКИ","006718","82","3.22","2.14"
"10447","КЛАСИКО КАРТАЛА - СТОЯН МИХАЙЛОВСКИ 7","С-М КАМЧИЯ НАРОДЕН 300ГР","006806","27","1.78","1.58"
"10447","КЛАСИКО КАРТАЛА - СТОЯН МИХАЙЛОВСКИ 7","С-М ТЕЛЕШКИ НАРОДЕН 300ГР","006807","27","1.78","1.58"
"10447","КЛАСИКО КАРТАЛА - СТОЯН МИХАЙЛОВСКИ 7","КРОАСАН 7 ДЕЙС МАКС КАКАО 92Г *20","006841","67","0.82","0.73"
"10447","КЛАСИКО КАРТАЛА - СТОЯН МИХАЙЛОВСКИ 7","Б-ТИ ДЕТСТВО МОЕ 130Г ОБИКНОВЕНИ","006864","66","0.63",""
"10447","КЛАСИКО КАРТАЛА - СТОЯН МИХАЙЛОВСКИ 7","Б-ТИ ДЕТСТВО МОЕ 200Г ОБИКНОВЕНИ","006865","66","0.92",""
"10447","КЛАСИКО КАРТАЛА - СТОЯН МИХАЙЛОВСКИ 7","ЕЛЕНА КИСЕЛО МЛЯКО 2%","006869","7","0.74",""
"10447","КЛАСИКО КАРТАЛА - СТОЯН МИХАЙЛОВСКИ 7","П/З ПАРАДОНТАКС 75МЛ КЛАСИК","006891","81","5.82","4.14"
"10447","КЛАСИКО КАРТАЛА - СТОЯН МИХАЙЛОВСКИ 7","П/З СЕНЗОДИН 75МЛ ВЪЗСТАНОВЯВАНЕ И ЗАЩИТА ИЗБЕЛВАЩА","006897","81","8.23",""
"10447","КЛАСИКО КАРТАЛА - СТОЯН МИХАЙЛОВСКИ 7","Ш-Н ПАЛМОЛИВ 350МЛ АРГАН 2В1","006952","82","2.63","1.53"
"10447","КЛАСИКО КАРТАЛА - СТОЯН МИХАЙЛОВСКИ 7","Ш-Н УОШИГОУ 360МЛ ХЕРБАЛ","007022","82","3.76",""
"10447","КЛАСИКО КАРТАЛА - СТОЯН МИХАЙЛОВСКИ 7","КРЪСТЕВ МАКАРОНИ ПРАВИ 400Г *25","007033","36","0.63",""
"10447","КЛАСИКО КАРТАЛА - СТОЯН МИХАЙЛОВСКИ 7","Ш-Н САЯЗ 440МЛ ФУЛ ХЕЪР","007075","82","6.70","3.49"
"10447","КЛАСИКО КАРТАЛА - СТОЯН МИХАЙЛОВСКИ 7","Ч/З КОЛГЕЙТ МЕДИУМ 360 1+1","007100","80","4.42","3.32"
"10447","КЛАСИКО КАРТАЛА - СТОЯН МИХАЙЛОВСКИ 7","ЖИТНИЦА ХАМБУРГСКИ САЛАМ","007262","27","5.36",""
"10447","КЛАСИКО КАРТАЛА - СТОЯН МИХАЙЛОВСКИ 7","П/З КОЛГЕЙТ МАКС УАЙТ ONE  75МЛ","007297","81","3.78","2.66"
"10447","КЛАСИКО КАРТАЛА - СТОЯН МИХАЙЛОВСКИ 7","КРАСТАВИЦА ГОЛА","007609","58","4.60",""
"10447","КЛАСИКО КАРТАЛА - СТОЯН МИХАЙЛОВСКИ 7","П/З БИЛКА ДЕНТ 75МЛ ГИНГИВАЛ","007943","81","2.61",""
"10447","КЛАСИКО КАРТАЛА - СТОЯН МИХАЙЛОВСКИ 7","ХЛЯБ ВИТА ТОСТЕР РЪЖЕН ПЪЛНОЗЪРНЕСТ 550Г","007950","3","1.11",""
"10447","КЛАСИКО КАРТАЛА - СТОЯН МИХАЙЛОВСКИ 7","БРАШНО ЕКСТРА СОФИЯ МЕЛ 1КГ *10","008040","41","1.17",""
"10447","КЛАСИКО КАРТАЛА - СТОЯН МИХАЙЛОВСКИ 7","КАРТОФ","008144","61","0.81","0.50"
"10447","КЛАСИКО КАРТАЛА - СТОЯН МИХАЙЛОВСКИ 7","ЯБЪЛКА ШАРЕНА","008145","53","1.28",""
"10447","КЛАСИКО КАРТАЛА - СТОЯН МИХАЙЛОВСКИ 7","Ш-Н САЯЗ 440МЛ ВЪЗСТАНОВЯВАНЕ","008289","82","6.70","3.49"
"10447","КЛАСИКО КАРТАЛА - СТОЯН МИХАЙЛОВСКИ 7","КРОАСАН БЕЛИНО КАКАОВ КРЕМ","008330","67","0.61",""
"10447","КЛАСИКО КАРТАЛА - СТОЯН МИХАЙЛОВСКИ 7","П/З АКВАФРЕШ 50МЛ ДЕТСКА 6+","008472","81","3.76",""
"10447","КЛАСИКО КАРТАЛА - СТОЯН МИХАЙЛОВСКИ 7","Ш-Н УОШИГОУ 360МЛ ЛАВАНДУЛА","008586","82","3.76",""
"10447","КЛАСИКО КАРТАЛА - СТОЯН МИХАЙЛОВСКИ 7","ВИНО ПОМОРИЕ МУСКАТ РАКОВИНА 0.75","008608","75","4.59","3.79"
"10447","КЛАСИКО КАРТАЛА - СТОЯН МИХАЙЛОВСКИ 7","ВИНО ПОМОРИЕ ШАРДОНЕ РАКОВИНА 0.75","008612","75","4.59","3.79"
"10447","КЛАСИКО КАРТАЛА - СТОЯН МИХАЙЛОВСКИ 7","ВИНО ПОМОРИЕ КАБЕРНЕ РАКОВИНА 0.75","008614","76","4.59","3.79"
"10447","КЛАСИКО КАРТАЛА - СТОЯН МИХАЙЛОВСКИ 7","ВИНО ПОМОРИЕ РАКОВИНА МЕРЛО РАКОВИНА 0.75","008615","76","4.59","3.79"
"10447","КЛАСИКО КАРТАЛА - СТОЯН МИХАЙЛОВСКИ 7","ВИНО МЕНАДА ТРАМИНЕР 0.75","008639","75","4.55","3.83"
"10447","КЛАСИКО КАРТАЛА - СТОЯН МИХАЙЛОВСКИ 7","КРЪСТЕВ ЛЕЩА 1КГ","008724","34","2.73",""
"10447","КЛАСИКО КАРТАЛА - СТОЯН МИХАЙЛОВСКИ 7","Ш-Н ГЛИС КЮР 250МЛ ПОДХРАНВАЩИ МАСЛА","008970","82","4.44","3.14"
"10447","КЛАСИКО КАРТАЛА - СТОЯН МИХАЙЛОВСКИ 7","Ш-Н ХИШ 330МЛ МЪЖКИ","009048","82","6.52","4.44"
"10447","КЛАСИКО КАРТАЛА - СТОЯН МИХАЙЛОВСКИ 7","П/З КОЛГЕЙТ ДЕТСКА СМАЙЛ 0-5Г 50МЛ","009124","81","2.70","2.17"
"10447","КЛАСИКО КАРТАЛА - СТОЯН МИХАЙЛОВСКИ 7","П/З КОЛГЕЙТ ДЕТСКА СМАЙЛ 6-9Г 50МЛ","009125","81","2.70","2.17"
"10447","КЛАСИКО КАРТАЛА - СТОЯН МИХАЙЛОВСКИ 7","СИРЕНЕ КРАВЕ МАНОЯ","009629","8","6.77",""
"10447","КЛАСИКО КАРТАЛА - СТОЯН МИХАЙЛОВСКИ 7","П/З КОЛГЕЙТ ТРИПЪЛ ЕКШЪН 125 МЛ.","009644","81","2.30",""
"10447","КЛАСИКО КАРТАЛА - СТОЯН МИХАЙЛОВСКИ 7","Ш-Н ПАЛМОЛИВ 350МЛ МАСЛИНА +","009712","82","2.63","1.53"
"10447","КЛАСИКО КАРТАЛА - СТОЯН МИХАЙЛОВСКИ 7","П/З АСТЕРА ПАРАДОНТ АКТИВ 75МЛ","009894","81","3.57",""
"10447","КЛАСИКО КАРТАЛА - СТОЯН МИХАЙЛОВСКИ 7","БЕЛЛА ГОТОВИ БАНИЧКИ ОТ ТОЧЕНИ КОРИ СЪС СИРЕНЕ 8Х60Г","010067","68","2.10",""
"10447","КЛАСИКО КАРТАЛА - СТОЯН МИХАЙЛОВСКИ 7","БЕЛЛА ГОТОВИ БАНИЧКИ ОТ ТОЧЕНИ КОРИ СЪС СИРЕНЕ И СПАНАК","010070","68","2.10",""
"10447","КЛАСИКО КАРТАЛА - СТОЯН МИХАЙЛОВСКИ 7","БИРА БОЛЯРКА СВЕТЛО 2Л","010154","74","1.42","1.17"
"10447","КЛАСИКО КАРТАЛА - СТОЯН МИХАЙЛОВСКИ 7","MERILYN PLUS PINK","010190","78","3.22",""
"10447","КЛАСИКО КАРТАЛА - СТОЯН МИХАЙЛОВСКИ 7","МОРТАДЕЛА С ЧУШКА И КИС КРАСТАВИЧКИ","010342","27","6.13",""
"10447","КЛАСИКО КАРТАЛА - СТОЯН МИХАЙЛОВСКИ 7","ВИНО МИДАЛИДАРЕ МЕРЛО И КАБЕРНЕ ФРАН 0,75","010410","76","9.10",""
"10447","КЛАСИКО КАРТАЛА - СТОЯН МИХАЙЛОВСКИ 7","ВИНО ДБ ФРУТИНО ШАРДОНЕ 0.75","010687","75","4.44",""
"10447","КЛАСИКО КАРТАЛА - СТОЯН МИХАЙЛОВСКИ 7","КАФЕ ТЧИБО 250Г ГОЛД СЕЛЕКШЪН","010878","70","5.41","4.19"
"10447","КЛАСИКО КАРТАЛА - СТОЯН МИХАЙЛОВСКИ 7","ВИНО КУАНТУМ ПИНО НОАР И МЕРЛО 0.75","010971","76","5.93","4.97"
"10447","КЛАСИКО КАРТАЛА - СТОЯН МИХАЙЛОВСКИ 7","МАСЛИНИ КОНФИТ СУПЕР СУПЕР МАМУТ","010992","62","6.29","4.90"
"10447","КЛАСИКО КАРТАЛА - СТОЯН МИХАЙЛОВСКИ 7","ХЛЯБ СВА 650Г","011050","1","0.71",""
"10447","КЛАСИКО КАРТАЛА - СТОЯН МИХАЙЛОВСКИ 7","ВИНО КУАНТУМ СОВИНЬОН БЛАН 0.75","011084","75","5.93","4.97"
"10447","КЛАСИКО КАРТАЛА - СТОЯН МИХАЙЛОВСКИ 7","БЕБ.КЪРПИ ПУФИС 64БР","011427","84","1.76","1.35"
"10447","КЛАСИКО КАРТАЛА - СТОЯН МИХАЙЛОВСКИ 7","Ш-Н ХИШ 330МЛ ОЛД СПАЙС","011503","82","6.52","4.44"
"10447","КЛАСИКО КАРТАЛА - СТОЯН МИХАЙЛОВСКИ 7","Ш-Н ШАУМА 250МЛ ДЕТСКИ ЗА МОМИЧЕ","011568","82","3.22","2.14"
"10447","КЛАСИКО КАРТАЛА - СТОЯН МИХАЙЛОВСКИ 7","Т.Х. МИЛДЕ 8-ЦА РЕЛАКС","011661","85","4.32","3.24"
"10447","КЛАСИКО КАРТАЛА - СТОЯН МИХАЙЛОВСКИ 7","П/З ПОМОРИН 100МЛ АНТИ-ПАРАДОНТ","012319","81","1.32",""
"10447","КЛАСИКО КАРТАЛА - СТОЯН МИХАЙЛОВСКИ 7","ОХЛАДЕНО НАСИПНО ПИЛ. БУТЧЕ ПИМЕНС","012342","17","4.24",""
"10447","КЛАСИКО КАРТАЛА - СТОЯН МИХАЙЛОВСКИ 7","П/З КОЛГЕЙТ МАКС УАЙТ ИЗБЕЛВАЩА ЕКСПЕРТ 75МЛ","012747","81","5.52","3.64"
"10447","КЛАСИКО КАРТАЛА - СТОЯН МИХАЙЛОВСКИ 7","ИЗВАРА ОЛИМПУС 400Г","012982","14","2.10",""
"10447","КЛАСИКО КАРТАЛА - СТОЯН МИХАЙЛОВСКИ 7","Ш-Н НИВЕА 400МЛ МЪЖКИ АКТИВ КЛИЙН","013088","82","6.80","4.55"
"10447","КЛАСИКО КАРТАЛА - СТОЯН МИХАЙЛОВСКИ 7","П/З АКВАФРЕШ 75МЛ ИНТЕНЗ КЛИЙН ДИЙП ЕКШЪН","013122","81","3.75","2.65"
"10447","КЛАСИКО КАРТАЛА - СТОЯН МИХАЙЛОВСКИ 7","П/З АКВАФРЕШ 75МЛ ИНТЕНЗ КЛИЙН УАЙТЪНИНГ","013123","81","3.75","2.65"
"10447","КЛАСИКО КАРТАЛА - СТОЯН МИХАЙЛОВСКИ 7","Ш-Н ЗДРАВЕ АКТИВ 390МЛ МЕНТОЛ *12","013541","82","5.24","3.89"
"10447","КЛАСИКО КАРТАЛА - СТОЯН МИХАЙЛОВСКИ 7","Ш-Н ЗДРАВЕ АКТИВ 390МЛ ХИНИН *12","013545","82","5.24","3.89"
"10447","КЛАСИКО КАРТАЛА - СТОЯН МИХАЙЛОВСКИ 7","Ш-Н ЕЛСЕВ 400МЛ КОЛОР","013666","82","6.80","4.98"
"10447","КЛАСИКО КАРТАЛА - СТОЯН МИХАЙЛОВСКИ 7","Ш-Н ЕЛСЕВ 400МЛ ТОТАЛ РИПЕЪР 5","013667","82","6.80","4.98"
"10447","КЛАСИКО КАРТАЛА - СТОЯН МИХАЙЛОВСКИ 7","Ш-Н ЕЛСЕВ 400МЛ АРГАН РЕЗИСТ","013668","82","6.80","4.98"
"10447","КЛАСИКО КАРТАЛА - СТОЯН МИХАЙЛОВСКИ 7","ВИНО МЕНАДА СОВИНЬОН БЛАН 0.75","013847","75","4.55","3.83"
"10447","КЛАСИКО КАРТАЛА - СТОЯН МИХАЙЛОВСКИ 7","ВИНО ФРУТС ЧЕРВЕНО МАЛИНА 0.75","013854","76","4.70","3.79"
"10447","КЛАСИКО КАРТАЛА - СТОЯН МИХАЙЛОВСКИ 7","ВИНО КУАНТУМ МАВРУД И МЕРЛО 0.75","014007","76","5.93","4.97"
"10447","КЛАСИКО КАРТАЛА - СТОЯН МИХАЙЛОВСКИ 7","ВИНО КУАНТУМ МЕРЛО 0.75","014008","76","5.93","4.97"
"10447","КЛАСИКО КАРТАЛА - СТОЯН МИХАЙЛОВСКИ 7","ВИНО СОЛЕНИТЕ ХЪЛМОВЕ КАБЕРНЕ СОВ.,МЕРЛО И СИРА 0.75","014131","76","12.29",""
"10447","КЛАСИКО КАРТАЛА - СТОЯН МИХАЙЛОВСКИ 7","СОЛ ЗЕЛЕНА ФАМИЛЕКС 1КГ","014481","39","0.58",""
"10447","КЛАСИКО КАРТАЛА - СТОЯН МИХАЙЛОВСКИ 7","ГРАХ ФАМИЛЕКС 400ГР","014506","47","0.92",""
"10447","КЛАСИКО КАРТАЛА - СТОЯН МИХАЙЛОВСКИ 7","ВИНО ПЕНТАГРАМ МЕРЛО 0.75","014783","76","6.35",""
"10447","КЛАСИКО КАРТАЛА - СТОЯН МИХАЙЛОВСКИ 7","ВИНО МИДАЛИДАРЕ НОТА БЕНЕ МЕРЛО,МАЛБЕК И СИРА 0.75","014900","76","10.22",""
"10447","КЛАСИКО КАРТАЛА - СТОЯН МИХАЙЛОВСКИ 7","ВИНО МЕРЛО И МАЛБЕК БУТИК КАЛЕКШЪН 2019Г 0,75Л КОРТЕН БГ","015003","76","10.10",""
"10447","КЛАСИКО КАРТАЛА - СТОЯН МИХАЙЛОВСКИ 7","САЯНА КИСЕЛО МЛЯКО 2%","015044","7","0.74","0.62"
"10447","КЛАСИКО КАРТАЛА - СТОЯН МИХАЙЛОВСКИ 7","САЯНА КАШКАВАЛ 400ГР ВАКУМ","015053","11","5.45",""
"10447","КЛАСИКО КАРТАЛА - СТОЯН МИХАЙЛОВСКИ 7","МАСЛИНОВО МАСЛО ЕЛИА ПОМАС 1Л","015565","43","10.68","7.19"
"10447","КЛАСИКО КАРТАЛА - СТОЯН МИХАЙЛОВСКИ 7","КАЙМА НАСИПНА ЕМ 70/30 СМЕС","015622","25","5.93","4.84"
"10447","КЛАСИКО КАРТАЛА - СТОЯН МИХАЙЛОВСКИ 7","ЗЕЛЕН БОБ КРЪСТЕВ 680 ГР","016444","46","1.66",""
"10447","КЛАСИКО КАРТАЛА - СТОЯН МИХАЙЛОВСКИ 7","П/З СЕНЗОДИН 75МЛ АДВАНС КЛИЙН","016592","81","5.82","4.14"
"10447","КЛАСИКО КАРТАЛА - СТОЯН МИХАЙЛОВСКИ 7","БОБ БЯЛ ФАМИЛЕКС 570Г БУРКАН","017015","46","1.53",""
"10447","КЛАСИКО КАРТАЛА - СТОЯН МИХАЙЛОВСКИ 7","ДОМАТИ БЕЛЕНИ НА КУБЧЕТА ФИЛИКОН 400Г МЕТ.КУТ.","017302","48","1.15","0.92"
"10447","КЛАСИКО КАРТАЛА - СТОЯН МИХАЙЛОВСКИ 7","Б-ТИ ОБИКНОВЕНИ С КРАВЕ МАСЛО СИНИ ПД *30","017387","66","0.89",""
"10447","КЛАСИКО КАРТАЛА - СТОЯН МИХАЙЛОВСКИ 7","Ш-Н ХИШ 330МЛ ЛАВАНДУЛА","017406","82","6.52","4.44"
"10447","КЛАСИКО КАРТАЛА - СТОЯН МИХАЙЛОВСКИ 7","Ч/З ОРАЛ БИ ПРО ЕКСПЕРТ 2БР","017409","80","3.57","2.40"
"10447","КЛАСИКО КАРТАЛА - СТОЯН МИХАЙЛОВСКИ 7","ВИНО ШЕВАЛ КАТАРЗИНА МЕРЛО 0,75","017477","76","6.49",""
"10447","КЛАСИКО КАРТАЛА - СТОЯН МИХАЙЛОВСКИ 7","ВИНО ШЕВАЛ КАТАРЗИНА КАБЕРНЕ 0,75","017478","76","6.49",""
"10447","КЛАСИКО КАРТАЛА - СТОЯН МИХАЙЛОВСКИ 7","ВИНО ШЕВАЛ КАТАРЗИНА МАВРУД 0,75","017479","76","6.49",""
"10447","КЛАСИКО КАРТАЛА - СТОЯН МИХАЙЛОВСКИ 7","БРАШНО КРЪСТЕВ ТИП 500 1КГ","017532","40","0.97","0.86"
"10447","КЛАСИКО КАРТАЛА - СТОЯН МИХАЙЛОВСКИ 7","СВИНСКО МЕСО ЗА ГОТВЕНЕ","017654","22","5.87","4.86"
"10447","КЛАСИКО КАРТАЛА - СТОЯН МИХАЙЛОВСКИ 7","ИЗВАРА МАНОЯ","017750","13","2.70",""
"10447","КЛАСИКО КАРТАЛА - СТОЯН МИХАЙЛОВСКИ 7","САЯНА КРАВЕ СИРЕНЕ 400ГР ВАКУМ","017751","9","3.88","3.16"
"10447","КЛАСИКО КАРТАЛА - СТОЯН МИХАЙЛОВСКИ 7","Ш-Н ФРУКТИС 400МЛ РИПЕЪР","017764","82","5.18",""
"10447","КЛАСИКО КАРТАЛА - СТОЯН МИХАЙЛОВСКИ 7","Ш-Н ФРУКТИС 400МЛ КОЛОР РЕЗИСТ","017765","82","5.18",""
"10447","КЛАСИКО КАРТАЛА - СТОЯН МИХАЙЛОВСКИ 7","Ш-Н ФРУКТИС 400МЛ ГРОУ СТРОНГ","017766","82","5.18",""
"10447","КЛАСИКО КАРТАЛА - СТОЯН МИХАЙЛОВСКИ 7","ХЛЯБ РЕСЕН С ПОКЪЛНАЛИ РЪЖЕНИ ЗЪРНА 550Г","017942","3","1.38",""
"10447","КЛАСИКО КАРТАЛА - СТОЯН МИХАЙЛОВСКИ 7","П/З АКВАФРЕШ ДЕТСКА 50МЛ  ЛИТЪЛ ТИЙТ 3-5","017963","81","3.76",""
"10447","КЛАСИКО КАРТАЛА - СТОЯН МИХАЙЛОВСКИ 7","БИРА БУРГАСКО 2Л СВЕТЛО","018125","74","1.63",""
"10447","КЛАСИКО КАРТАЛА - СТОЯН МИХАЙЛОВСКИ 7","П/З АСТЕРА АКТИВ 3 50МЛ","018471","81","0.92",""
"10447","КЛАСИКО КАРТАЛА - СТОЯН МИХАЙЛОВСКИ 7","КАФЕ ЕДУШО ФЕМИЛИ 1КГ","018650","71","24.41",""
"10447","КЛАСИКО КАРТАЛА - СТОЯН МИХАЙЛОВСКИ 7","П/З СЕНЗОДИН 75МЛ РАПИД РЕЛИЙФ","018659","81","8.23",""
"10447","КЛАСИКО КАРТАЛА - СТОЯН МИХАЙЛОВСКИ 7","П/З АСТЕРА АКТИВ 3 110МЛ","018698","81","1.07","0.76"
"10447","КЛАСИКО КАРТАЛА - СТОЯН МИХАЙЛОВСКИ 7","П/З АСТЕРА АКТИВ АНТИ КАРИЕС 110МЛ","018700","81","1.07","0.76"
"10447","КЛАСИКО КАРТАЛА - СТОЯН МИХАЙЛОВСКИ 7","САПУН ЧИСТО 90Г ФРЕШ","018939","83","1.12",""
"10447","КЛАСИКО КАРТАЛА - СТОЯН МИХАЙЛОВСКИ 7","ВИНО БОЛГАРЕ 0.75 МАВРУД","019173","76","3.93",""
"10447","КЛАСИКО КАРТАЛА - СТОЯН МИХАЙЛОВСКИ 7","ВИНО БОЛГАРЕ 0.75 МЕРЛО","019174","76","3.93",""
"10447","КЛАСИКО КАРТАЛА - СТОЯН МИХАЙЛОВСКИ 7","ВИНО МИДАЛИДАРЕ СИРА ЕЙНДЖЪЛ ШЕЪР 0,75","019191","76","8.30",""
"10447","КЛАСИКО КАРТАЛА - СТОЯН МИХАЙЛОВСКИ 7","ГРАХ КРЪСТЕВ 680 ГР БУРКАН","019195","47","1.53",""
"10447","КЛАСИКО КАРТАЛА - СТОЯН МИХАЙЛОВСКИ 7","КАШКАВАЛ НАБОРЪ","019480","10","9.35","7.39"
"10447","КЛАСИКО КАРТАЛА - СТОЯН МИХАЙЛОВСКИ 7","КРЪСТЕВ ЗРЯЛ БОБ ВАРЕН 540Г","019504","46","1.48",""
"10447","КЛАСИКО КАРТАЛА - СТОЯН МИХАЙЛОВСКИ 7","Ш-Н НИВЕА 400МЛ ЗА ОБЕМ","019595","82","6.80","4.55"
"10447","КЛАСИКО КАРТАЛА - СТОЯН МИХАЙЛОВСКИ 7","ПЮРЕ ГЕРБЕР 190Г ПРОЛЕТНА СУПА С ПУЕШКО И КОПЪР","019611","64","2.10",""
"10447","КЛАСИКО КАРТАЛА - СТОЯН МИХАЙЛОВСКИ 7","ВИНО ИНОВИНО 750МЛ МЕРЛО,КАБЕРНЕ И МАВРУД","019675","76","5.62",""
"10447","КЛАСИКО КАРТАЛА - СТОЯН МИХАЙЛОВСКИ 7","Ш-Н ФРУКТИС 250МЛ АЛОЕ","019745","82","4.09",""
"10447","КЛАСИКО КАРТАЛА - СТОЯН МИХАЙЛОВСКИ 7","Ш-Н ГАРНИЕ БОТАНИК ТЕРАПИ 250МЛ РИЦИНОВО МАСЛО И БАДЕМ","019856","82","3.93","2.99"
"10447","КЛАСИКО КАРТАЛА - СТОЯН МИХАЙЛОВСКИ 7","Ш-Н ГАРНИЕ БОТАНИК ТЕРАПИ 250МЛ МЕД И ПРОПОЛИС","019865","82","3.93","2.99"
"10447","КЛАСИКО КАРТАЛА - СТОЯН МИХАЙЛОВСКИ 7","П/З АКВАФРЕШ 125МЛ АКТИВ УАЙТ","019972","81","2.84",""
"10447","КЛАСИКО КАРТАЛА - СТОЯН МИХАЙЛОВСКИ 7","П/З ПАРАДОНТАКС 75МЛ КАМПЛИЙТ ПРОТЕКШЪН ЕКСТРА ФРЕШ","019973","81","6.95",""
"10447","КЛАСИКО КАРТАЛА - СТОЯН МИХАЙЛОВСКИ 7","Ш-Н ГЛИС КЮР 400МЛ ПОДХРАНВАЩИ МАСЛА","020126","82","6.70","3.49"
"10447","КЛАСИКО КАРТАЛА - СТОЯН МИХАЙЛОВСКИ 7","Ш-Н ГЛИС КЮР 400МЛ УЛТИМЕЙТ","020127","82","6.70","3.49"
"10447","КЛАСИКО КАРТАЛА - СТОЯН МИХАЙЛОВСКИ 7","Ш-Н ГЛИС КЮР 400МЛ УЛТИМЕЙТ КОЛОР","020128","82","6.70","3.49"
"10447","КЛАСИКО КАРТАЛА - СТОЯН МИХАЙЛОВСКИ 7","Ш-Н ГЛИС КЮР 400МЛ СЮПРИЙМ","020130","82","6.70","3.49"
"10447","КЛАСИКО КАРТАЛА - СТОЯН МИХАЙЛОВСКИ 7","Ш-Н НИВЕА 250МЛ МЕН ДИЙП","020350","82","4.95","3.42"
"10447","КЛАСИКО КАРТАЛА - СТОЯН МИХАЙЛОВСКИ 7","Ш-Н НИВЕА 400МЛ МЕН ДИЙП","020353","82","6.80","4.55"
"10447","КЛАСИКО КАРТАЛА - СТОЯН МИХАЙЛОВСКИ 7","Ш-Н ЗДРАВЕ АКТИВ 390МЛ УСПОКОЯВАЩ*12","020460","82","5.24","3.89"
"10447","КЛАСИКО КАРТАЛА - СТОЯН МИХАЙЛОВСКИ 7","Ш-Н ЗДРАВЕ АКТИВ 390МЛ ДЕТОКСИКИРАЩ*12","020461","82","5.24","3.89"
"10447","КЛАСИКО КАРТАЛА - СТОЯН МИХАЙЛОВСКИ 7","Ш-Н ЗДРАВЕ АКТИВ 390МЛ ПОЧИСТВАЩ","020492","82","5.24","3.89"
"10447","КЛАСИКО КАРТАЛА - СТОЯН МИХАЙЛОВСКИ 7","Ш-Н АРОМА НАТУРАЛ 400МЛ НЕВЕН","020553","82","1.94",""
"10447","КЛАСИКО КАРТАЛА - СТОЯН МИХАЙЛОВСКИ 7","КИСЕЛО МЛЯКО БОЖЕНЦИ 2% ЗНП","020647","7","0.81",""
"10447","КЛАСИКО КАРТАЛА - СТОЯН МИХАЙЛОВСКИ 7","Ш-Д РОШЕН 80Г АЕРО БАБЪЛ МЛЕЧЕН*20","020718","69","1.66",""
"10447","КЛАСИКО КАРТАЛА - СТОЯН МИХАЙЛОВСКИ 7","ВИНО ФРУТС ЧЕРВЕНО КЪПИНА 0.75","020763","76","4.70","3.79"
"10447","КЛАСИКО КАРТАЛА - СТОЯН МИХАЙЛОВСКИ 7","Ш-Н НИВЕА 250МЛ НАТУРАЛ БЛЯСЪК","021022","82","4.95","3.42"
"10447","КЛАСИКО КАРТАЛА - СТОЯН МИХАЙЛОВСКИ 7","Ш-Н НИВЕА 400МЛ НАТУРАЛ БЛЯСЪК","021024","82","6.80","4.55"
"10447","КЛАСИКО КАРТАЛА - СТОЯН МИХАЙЛОВСКИ 7","ЛЮТЕНИЦА О-ЗА СЕЛЦЕ 570Г ЕДРО СМЛЯНА","021062","49","2.76",""
"10447","КЛАСИКО КАРТАЛА - СТОЯН МИХАЙЛОВСКИ 7","ВИНО КАБИЛЕ 0.75 СИРА","021142","76","6.79",""
"10447","КЛАСИКО КАРТАЛА - СТОЯН МИХАЙЛОВСКИ 7","П/З КОЛГЕЙТ НАТУРАЛ ЕКСТРАКТ 75МЛ ЧАРКОЛ УАЙТ","021621","81","3.78","2.66"
"10447","КЛАСИКО КАРТАЛА - СТОЯН МИХАЙЛОВСКИ 7","П/З АСТЕРА ПАРАДОНТ С АКТИВЕН ВЪГЛЕН 75МЛ","021742","81","3.57",""
"10447","КЛАСИКО КАРТАЛА - СТОЯН МИХАЙЛОВСКИ 7","П/З КОЛГЕЙТ ТОТАЛ ОРИГИНАЛ 100МЛ","022130","81","3.78","2.66"
"10447","КЛАСИКО КАРТАЛА - СТОЯН МИХАЙЛОВСКИ 7","П/З КОЛГЕЙТ ТОТАЛ АКТИВ ФРЕШ 100МЛ","022131","81","3.78","2.66"
"10447","КЛАСИКО КАРТАЛА - СТОЯН МИХАЙЛОВСКИ 7","Ш-Н САЯЗ 440МЛ ВЪЛНИ И КЪДРИЦИ","022423","82","6.70","3.49"
"10447","КЛАСИКО КАРТАЛА - СТОЯН МИХАЙЛОВСКИ 7","ВИНО МЕНАДА ЧЕРГА ФРАГМЕНТ СОВИНЬОН БЛАН 0.75","022498","75","6.85","5.19"
"10447","КЛАСИКО КАРТАЛА - СТОЯН МИХАЙЛОВСКИ 7","ВИНО МЕНАДА ЧЕРГА ФРАГМЕНТ СИРА 0.75","022499","76","6.85","5.19"
"10447","КЛАСИКО КАРТАЛА - СТОЯН МИХАЙЛОВСКИ 7","МАСЛИНИ СЪС ЗЕХТИН ОЛИВУС 321/360       3,5КГ","022738","62","4.50",""
"10447","КЛАСИКО КАРТАЛА - СТОЯН МИХАЙЛОВСКИ 7","П/З ПАРАДОНТАКС 75МЛ ХЕРБАЛ","023080","81","5.82","4.14"
"10447","КЛАСИКО КАРТАЛА - СТОЯН МИХАЙЛОВСКИ 7","П/З ПАРАДОНТАКС 75МЛ КАМПЛИЙТ ПРОТЕКШЪН УАЙТ","023081","81","6.95",""
"10447","КЛАСИКО КАРТАЛА - СТОЯН МИХАЙЛОВСКИ 7","МАСЛИНИ КАЛИНА КАЛАМАТА СЕЛЕКТ*2КГ","023163","62","9.20",""
"10447","КЛАСИКО КАРТАЛА - СТОЯН МИХАЙЛОВСКИ 7","ВИНО ДБ ФРУТИНО СИРА СИНЯ СЛИВА И СМОКИНЯ 0.75","023216","76","4.44",""
"10447","КЛАСИКО КАРТАЛА - СТОЯН МИХАЙЛОВСКИ 7","КРОАСАН АЙКЮ 110Г ЛЕШНИК И КАКАО","023240","67","0.89",""
"10447","КЛАСИКО КАРТАЛА - СТОЯН МИХАЙЛОВСКИ 7","БИРА БРИТОС 2Л РЕТ","023247","74","1.30",""
"10447","КЛАСИКО КАРТАЛА - СТОЯН МИХАЙЛОВСКИ 7","Ш-Н ЕЛСЕВ 250МЛ ДРИЙМ ЛОНГ ЗА ДЪЛГА КОСА","023287","82","5.16","3.69"
"10447","КЛАСИКО КАРТАЛА - СТОЯН МИХАЙЛОВСКИ 7","Ш-Н ЕЛСЕВ 400МЛ ДРИЙМ ЛОНГ ЗА ДЪЛГА КОСА","023288","82","6.80","4.98"
"10447","КЛАСИКО КАРТАЛА - СТОЯН МИХАЙЛОВСКИ 7","ИЗВАРА МЕРОНЕ 400Г","023545","14","1.61",""
"10447","КЛАСИКО КАРТАЛА - СТОЯН МИХАЙЛОВСКИ 7","П/З КОЛГЕЙТ АДВАНС УАЙТ ЧАРКОЛ 75МЛ +","023549","81","2.86","1.95"
"10447","КЛАСИКО КАРТАЛА - СТОЯН МИХАЙЛОВСКИ 7","КЪРПИ ИВЕНТ БЕБЕ 72БР АЛОЕ/ЛАЙКА","023568","84","1.30","1.05"
"10447","КЛАСИКО КАРТАЛА - СТОЯН МИХАЙЛОВСКИ 7","П/З КОЛГЕЙТ МАКС УАЙТ ONE ЧАРКОЛ 75МЛ","023911","81","3.78","2.66"
"10447","КЛАСИКО КАРТАЛА - СТОЯН МИХАЙЛОВСКИ 7","П/З ПОМОРИН 100МЛ АКТИВ ЧАРКОЛ","023997","81","1.78",""
"10447","КЛАСИКО КАРТАЛА - СТОЯН МИХАЙЛОВСКИ 7","КРЪСТЕВ ЗРЯЛ БОБ СЪС ЗЕЛЕНЧУЦИ 540Г","024022","46","1.89","1.63"
"10447","КЛАСИКО КАРТАЛА - СТОЯН МИХАЙЛОВСКИ 7","П/З АСТЕРА АКТИВ ТОТАЛ 110МЛ ЧАРКОЛ","024128","81","1.32","0.94"
"10447","КЛАСИКО КАРТАЛА - СТОЯН МИХАЙЛОВСКИ 7","ЕЛИА МАСЛИНОВО МАСЛО ЕКСТРА ВЪРЖИН 1Л ДЕЛИКАТОС","024460","43","19.78","12.59"
"10447","КЛАСИКО КАРТАЛА - СТОЯН МИХАЙЛОВСКИ 7","Ч/З АСТЕРА ПАРАДОНТ АКТИВ МЕДИУМ 2В1 С ПОСТАВКА","024538","80","4.29",""
"10447","КЛАСИКО КАРТАЛА - СТОЯН МИХАЙЛОВСКИ 7","ВИНО ЛИЦЕ В ЛИЦЕ 0.75Л КАБЕРНЕ СОВИНЬОН СИРА И РЕГЕНТ","024628","76","13.70",""
"10447","КЛАСИКО КАРТАЛА - СТОЯН МИХАЙЛОВСКИ 7","Ш-Н ТРЕСЕМЕ 400МЛ БИОТИН ВЪЗСТАНОВЯВАЩ","024816","82","5.93","5.11"
"10447","КЛАСИКО КАРТАЛА - СТОЯН МИХАЙЛОВСКИ 7","П/З АКВАФРЕШ АДВАНС 75МЛ ДЕТСКА 9-12Г","024911","81","3.76",""
"10447","КЛАСИКО КАРТАЛА - СТОЯН МИХАЙЛОВСКИ 7","П/З СЕНЗОДИН 75МЛ СЕНЗИТИВ ГУМ","024912","81","8.23",""
"10447","КЛАСИКО КАРТАЛА - СТОЯН МИХАЙЛОВСКИ 7","СИРЕНЕ КРАВЕ САЯНА","025385","8","7.72","6.05"
"10447","КЛАСИКО КАРТАЛА - СТОЯН МИХАЙЛОВСКИ 7","ЯЙЦА АКВИЛОН М 8БР СЪС СЕЛЕН *18","025395","31","2.56",""
"10447","КЛАСИКО КАРТАЛА - СТОЯН МИХАЙЛОВСКИ 7","КРАВЕ МАСЛО ДОЙЧЕ МАРКЕНБУТЕР 250ГР МИЛКИ ГРУП","025451","12","3.01","2.19"
"10447","КЛАСИКО КАРТАЛА - СТОЯН МИХАЙЛОВСКИ 7","Ш-Д РОШЕН ЛАКМИ 90Г МЛЕЧЕН *24","025530","69","1.89",""
"10447","КЛАСИКО КАРТАЛА - СТОЯН МИХАЙЛОВСКИ 7","П/З АКВАФРЕШ 75МЛ СЕНС ГРЕЙПФРУТ","025582","81","3.75",""
"10447","КЛАСИКО КАРТАЛА - СТОЯН МИХАЙЛОВСКИ 7","П/З АКВАФРЕШ 75МЛ СЕНС ДИНЯ","025583","81","3.75",""
"10447","КЛАСИКО КАРТАЛА - СТОЯН МИХАЙЛОВСКИ 7","П/З АКВАФРЕШ 50МЛ 3-8Г ЯГОДА","025600","81","3.76",""
"10447","КЛАСИКО КАРТАЛА - СТОЯН МИХАЙЛОВСКИ 7","МЛЯКО СУХО АПТАМИЛ 1 ПРОНУТРА 400Г","025662","65","11.55",""
"10447","КЛАСИКО КАРТАЛА - СТОЯН МИХАЙЛОВСКИ 7","МЛЯКО СУХО АПТАМИЛ 2 ПРОНУТРА 400Г","025663","65","11.55",""
"10447","КЛАСИКО КАРТАЛА - СТОЯН МИХАЙЛОВСКИ 7","П/З КОЛГЕЙТ ДЕТСКА 3+ 50МЛ ТУБА","026169","81","2.70","2.17"
"10447","КЛАСИКО КАРТАЛА - СТОЯН МИХАЙЛОВСКИ 7","ОЛИО ПЕРЛА ОЙЛ 1Л","026484","42","1.87",""
"10447","КЛАСИКО КАРТАЛА - СТОЯН МИХАЙЛОВСКИ 7","ВИНО САЙКЪЛ КАБЕРНЕ СОВИНЬОН 0.75","026559","76","5.85",""
"10447","КЛАСИКО КАРТАЛА - СТОЯН МИХАЙЛОВСКИ 7","ВИНО МИДАЛИДАРЕ ЕСТЕЙТ 0.75Л МЕРЛО","026593","76","6.56",""
"10447","КЛАСИКО КАРТАЛА - СТОЯН МИХАЙЛОВСКИ 7","БЕЛЛА МИНИ БУТЕР БАНИЧКИ СЪС СИРЕНЕ 480Г","026603","68","2.81",""
"10447","КЛАСИКО КАРТАЛА - СТОЯН МИХАЙЛОВСКИ 7","БЕЛЛА МИНИ БУТЕР БАНИЧКИ С КРЕНВИРШ 480Г","026604","68","2.81",""
"10447","КЛАСИКО КАРТАЛА - СТОЯН МИХАЙЛОВСКИ 7","ВИНО КАБИЛЕ РЕЗЕРВА 0.75 КАБЕРНЕ СОВИНЬОН","026605","76","8.79",""
"10447","КЛАСИКО КАРТАЛА - СТОЯН МИХАЙЛОВСКИ 7","ВИНО КАБИЛЕ РЕЗЕРВА 0.75 МЕРЛО","026606","76","8.79",""
"10447","КЛАСИКО КАРТАЛА - СТОЯН МИХАЙЛОВСКИ 7","ВИНО КАБИЛЕ РЕЗЕРВА 0.75 СИРА","026607","76","8.79",""
"10447","КЛАСИКО КАРТАЛА - СТОЯН МИХАЙЛОВСКИ 7","ВИНО КАТАРЖИНА ЛЕ РУЖ 0.75 МЕРЛО И КАБЕРНЕ","027207","76","11.60",""
"10447","КЛАСИКО КАРТАЛА - СТОЯН МИХАЙЛОВСКИ 7","ВИНО МЕДИ ВЕЛИ 0.75Л КЮВЕ ДОБРА ГОДИНА","027309","76","5.36",""
"10447","КЛАСИКО КАРТАЛА - СТОЯН МИХАЙЛОВСКИ 7","ВИНО СТАРОСЕЛ КАБЕРНЕ 0.75Л","027314","76","8.23",""
"10447","КЛАСИКО КАРТАЛА - СТОЯН МИХАЙЛОВСКИ 7","ВИНО СТАРОСЕЛ МАВРУД 0.75Л","027315","76","8.23",""
"10447","КЛАСИКО КАРТАЛА - СТОЯН МИХАЙЛОВСКИ 7","ВИНО СТАРОСЕЛ МЕРЛО 0.75Л","027316","76","8.23",""
"10447","КЛАСИКО КАРТАЛА - СТОЯН МИХАЙЛОВСКИ 7","ВИНО СТАРОСЕЛ МЕРЛО БАРЕЛ 0.75Л","027317","76","12.52",""
"10447","КЛАСИКО КАРТАЛА - СТОЯН МИХАЙЛОВСКИ 7","ВИНО СТАРОСЕЛ МИЛЕЗИМ 0.75Л СИРА Х МЕРЛО","027318","76","11.60",""
"10447","КЛАСИКО КАРТАЛА - СТОЯН МИХАЙЛОВСКИ 7","ВИНО СТАРОСЕЛ СИРА 0.75Л 14%","027322","76","8.23",""
"10447","КЛАСИКО КАРТАЛА - СТОЯН МИХАЙЛОВСКИ 7","ВИНО СТАРОСЕЛ ТЕРОАР 0.75Л 14%","027323","76","9.45",""
"10447","КЛАСИКО КАРТАЛА - СТОЯН МИХАЙЛОВСКИ 7","Ш-Н ГЛИС КЮР 250МЛ СПЛИТ МИРАКЪЛ","027404","82","4.44","3.14"
"10447","КЛАСИКО КАРТАЛА - СТОЯН МИХАЙЛОВСКИ 7","Ш-Н САЯЗ 440МЛ ЗА МЪЖЕ ЧИСТОТА И СВЕЖЕСТ","027417","82","6.70","3.49"
"10447","КЛАСИКО КАРТАЛА - СТОЯН МИХАЙЛОВСКИ 7","ВИНО ТРАСТЕНА МЕРЛО И МАЛИНИ 0.75Л БЪЛГАРИЯ","027478","76","12.78",""
"10447","КЛАСИКО КАРТАЛА - СТОЯН МИХАЙЛОВСКИ 7","ВИНО ТРАСТЕНА МАЛИНИ 0.75Л БЪЛГАРИЯ","027480","76","14.98",""
"10447","КЛАСИКО КАРТАЛА - СТОЯН МИХАЙЛОВСКИ 7","П/З БИЛКА ПАРАДОНТ ПРОТЕКТ С ИЗБЕЛВАЩО ДЕЙСТВИЕ","027586","81","2.61",""
"10447","КЛАСИКО КАРТАЛА - СТОЯН МИХАЙЛОВСКИ 7","П/З БИЛКА ХОМЕОПАТИЧНА С МАСТИХА 75МЛ","027587","81","2.61",""
"10447","КЛАСИКО КАРТАЛА - СТОЯН МИХАЙЛОВСКИ 7","ТРАЕН ШПЕКОВ САЛАМ МОСКОВСКИ ЕЛКО","027638","28","10.17",""
"10447","КЛАСИКО КАРТАЛА - СТОЯН МИХАЙЛОВСКИ 7","ВЕРО ЕХО 400МЛ ХИДРОБАЛСАМ ЛАЙКА","027699","79","1.43","1.15"
"10447","КЛАСИКО КАРТАЛА - СТОЯН МИХАЙЛОВСКИ 7","ВЕРО ЕХО 400МЛ ЕКСПЕРТ ГЕЛ ЯБЪЛКА И МЕНТА","027701","79","1.43","1.15"
"10447","КЛАСИКО КАРТАЛА - СТОЯН МИХАЙЛОВСКИ 7","Р-Я БОЛГАРЕ ГРОЗДОВА ОТЛЕЖАЛА 0.7Л","027771","77","7.46","6.39"
"10447","КЛАСИКО КАРТАЛА - СТОЯН МИХАЙЛОВСКИ 7","Ш-Н ТРЕСЕМЕ 400МЛ ПЮРИФАЙ ЗА МАЗНА КОСА","027847","82","5.93","5.11"
"10447","КЛАСИКО КАРТАЛА - СТОЯН МИХАЙЛОВСКИ 7","Ш-Н ХИШ 330МЛ КЛАСИК 2В1","027980","82","6.52","4.44"
"10447","КЛАСИКО КАРТАЛА - СТОЯН МИХАЙЛОВСКИ 7","Ш-Н ХИШ 330МЛ ЗА СУХА КОЖА","027982","82","6.52","4.44"
"10447","КЛАСИКО КАРТАЛА - СТОЯН МИХАЙЛОВСКИ 7","Ш-Н ТЕО НЕЙЧЪР 350МЛ 2В1 АЛОЕ ВЕРА СИН ЗА ВСЕКИ ТИП КОСА","027989","82","2.04","1.58"
"10447","КЛАСИКО КАРТАЛА - СТОЯН МИХАЙЛОВСКИ 7","Ш-Н ТЕО НЕЙЧЪР 350МЛ 2В1 ЛАВАНДУЛА ЛИЛАВ ЗА НОРМАЛНА КОСА","027990","82","2.04","1.58"
"10447","КЛАСИКО КАРТАЛА - СТОЯН МИХАЙЛОВСКИ 7","Ш-Н ТЕО НЕЙЧЪР 350МЛ 2В1 КОПРИВА ЗЕЛЕН ЗА МАЗНА КОСА","027991","82","2.04","1.58"
"10447","КЛАСИКО КАРТАЛА - СТОЯН МИХАЙЛОВСКИ 7","Ш-Н ТЕО НЕЙЧЪР 350МЛ 2В1 ЯЙЦЕ ЗА СУХА И УВРЕДЕНА КОСА","027992","82","2.04","1.58"
"10447","КЛАСИКО КАРТАЛА - СТОЯН МИХАЙЛОВСКИ 7","Ш-Н ТЕО НЕЙЧЪР 350МЛ АРГАНОВО МАСЛО РОЗОВ ЗА ВСЕКИ ТИП КОСА","027994","82","2.04","1.58"
"10447","КЛАСИКО КАРТАЛА - СТОЯН МИХАЙЛОВСКИ 7","Ш-Н ТЕО БЮТИ 350МЛ 3В1 МЕНТОЛ НОРМАЛНА КОСА","027995","82","2.04","1.58"
"10447","КЛАСИКО КАРТАЛА - СТОЯН МИХАЙЛОВСКИ 7","Ш-Н ТЕО БЮТИ 350МЛ 3В1 АКТИВЕН ВЪГЛЕН ЗА МЪЖЕ","027996","82","2.04","1.58"
"10447","КЛАСИКО КАРТАЛА - СТОЯН МИХАЙЛОВСКИ 7","П/З АКВАФРЕШ 125МЛ АКТИВ ФРЕШ","028230","81","2.84",""
"10447","КЛАСИКО КАРТАЛА - СТОЯН МИХАЙЛОВСКИ 7","Ш-Н ФРУКТИС 250МЛ КОКОСОВА ВОДА","028342","82","4.09",""
"10447","КЛАСИКО КАРТАЛА - СТОЯН МИХАЙЛОВСКИ 7","Ш-Н ФРУКТИС 400МЛ КОКОСОВА ВОДА","028343","82","5.18",""
"10447","КЛАСИКО КАРТАЛА - СТОЯН МИХАЙЛОВСКИ 7","Ш-Н ФРУКТИС 400МЛ АЛОЕ","028344","82","5.18",""
"10447","КЛАСИКО КАРТАЛА - СТОЯН МИХАЙЛОВСКИ 7","П/З КОЛГЕЙТ ТОТАЛ ОРИГИНАЛ ЧАРКОЛ 100МЛ","028779","81","3.78","2.66"
"10447","КЛАСИКО КАРТАЛА - СТОЯН МИХАЙЛОВСКИ 7","Б-ТИ ОБИКН. ЖИТЕН ДАР 210ГР. КАКАО","029120","66","1.38",""
"10447","КЛАСИКО КАРТАЛА - СТОЯН МИХАЙЛОВСКИ 7","ВИНО САЙКЪЛ МЕРЛО 0.75","029328","76","5.85",""
"10447","КЛАСИКО КАРТАЛА - СТОЯН МИХАЙЛОВСКИ 7","Ш-Н ДЕВА ЛАЙКА И МЕД 500МЛ ЗА УВРЕДЕНА КОСА","029380","82","2.42","1.99"
"10447","КЛАСИКО КАРТАЛА - СТОЯН МИХАЙЛОВСКИ 7","Ш-Н ДЕВА ЯБЪЛКА И АЛОЕ 500МЛ ЗА НОРМАЛНА КОСА","029381","82","2.42","1.99"
"10447","КЛАСИКО КАРТАЛА - СТОЯН МИХАЙЛОВСКИ 7","Ш-Н ГЛИС КЮР 400МЛ АКВА ВЪЗСТАНОВЯВАНЕ","029397","82","6.70","3.49"
"10447","КЛАСИКО КАРТАЛА - СТОЯН МИХАЙЛОВСКИ 7","Ш-Н ШАУМА 400МЛ 2В1 РОЗОВО МАСЛО","029398","82","4.60","2.69"
"10447","КЛАСИКО КАРТАЛА - СТОЯН МИХАЙЛОВСКИ 7","Ш-Н ШАУМА 400МЛ АРГАН","029399","82","4.60","2.69"
"10447","КЛАСИКО КАРТАЛА - СТОЯН МИХАЙЛОВСКИ 7","Ш-Н ШАУМА 400МЛ БИЛКИ И ОБЕМ","029400","82","4.60","2.69"
"10447","КЛАСИКО КАРТАЛА - СТОЯН МИХАЙЛОВСКИ 7","Ш-Н ДЕВА ОРЕХ И АЛОЕ 500МЛ ЗА МАЗНА КОСА","029444","82","2.42","1.99"
"10447","КЛАСИКО КАРТАЛА - СТОЯН МИХАЙЛОВСКИ 7","Ш-Н ДЕВА НЕВЕН И АРГАН 500МЛ ЗА СУХА КОСА","029445","82","2.42","1.99"
"10447","КЛАСИКО КАРТАЛА - СТОЯН МИХАЙЛОВСКИ 7","КРАВЕ МАСЛО ДОЙЧЕ МАРКЕНБУТЕР 82% 125ГР МИЛКИ ГРУП","029465","12","1.53","1.22"
"10447","КЛАСИКО КАРТАЛА - СТОЯН МИХАЙЛОВСКИ 7","КРАВЕ МАСЛО САЯНА 250Г","029466","12","3.00",""
"10447","КЛАСИКО КАРТАЛА - СТОЯН МИХАЙЛОВСКИ 7","КАШКАВАЛ МИЛКИ ДРИЙМ 250Г КРЪГЪЛ +","029468","11","2.99",""
"10447","КЛАСИКО КАРТАЛА - СТОЯН МИХАЙЛОВСКИ 7","Ш-Н ЕЛСЕВ 250МЛ ХИАЛУРОН","029610","82","5.16","3.69"
"10447","КЛАСИКО КАРТАЛА - СТОЯН МИХАЙЛОВСКИ 7","Ш-Н ЕЛСЕВ 400МЛ ХИАЛУРОН","029611","82","6.80","4.98"
"10447","КЛАСИКО КАРТАЛА - СТОЯН МИХАЙЛОВСКИ 7","П/З АСТЕРА ПАРАДОНТ АКТИВ ПРЕБИОТИК 75МЛ","029616","81","3.57",""
"10447","КЛАСИКО КАРТАЛА - СТОЯН МИХАЙЛОВСКИ 7","П/З АСТЕРА МИКРОГРАНУЛИ КАРБОН 75МЛ","029617","81","1.86",""
"10447","КЛАСИКО КАРТАЛА - СТОЯН МИХАЙЛОВСКИ 7","П/З АСТЕРА АКТИВ+ ТОТАЛ СЕНСИТИВ 110Г","029618","81","1.32","0.94"
"10447","КЛАСИКО КАРТАЛА - СТОЯН МИХАЙЛОВСКИ 7","Ш-Н ЗДРАВЕ АКТИВ 390МЛ КОФЕИН И АКТИВЕН ВЪГЛЕН","029622","82","5.24","3.89"
"10447","КЛАСИКО КАРТАЛА - СТОЯН МИХАЙЛОВСКИ 7","Ш-Н НИВЕА 400МЛ ПРОТИВ ОМАЗНЯВАНЕ","029830","82","6.80","4.55"
"10447","КЛАСИКО КАРТАЛА - СТОЯН МИХАЙЛОВСКИ 7","П/З АКВАФРЕШ 75МЛ НАТУРАЛ МИНТ КЛИЙН","029883","81","3.75",""
"10447","КЛАСИКО КАРТАЛА - СТОЯН МИХАЙЛОВСКИ 7","П/З КОЛГЕЙТ 100МЛ ТОТАЛ ВИЗИБЪЛ ЕКШЪН","030233","81","3.78","2.66"
"10447","КЛАСИКО КАРТАЛА - СТОЯН МИХАЙЛОВСКИ 7","П/З КОЛГЕЙТ 75МЛ МАКС ПРОТЕКТ УАЙТ","030235","81","2.86",""
"10447","КЛАСИКО КАРТАЛА - СТОЯН МИХАЙЛОВСКИ 7","П/З КОЛГЕЙТ 50МЛ МАКС УАЙТ УЛТРА ФРЕШНЕС ПЪРЛ","030236","81","5.52","3.64"
"10447","КЛАСИКО КАРТАЛА - СТОЯН МИХАЙЛОВСКИ 7","П/З КОЛГЕЙТ 50МЛ МАКС УАЙТ УЛТРА АКТИВ ФОАМ","030237","81","5.52","3.64"
"10447","КЛАСИКО КАРТАЛА - СТОЯН МИХАЙЛОВСКИ 7","П/З КОЛГЕЙТ 75МЛ МАКС УАЙТ ЕКСПЕРТ МИЦЕЛАР","030239","81","5.52","3.64"
"10447","КЛАСИКО КАРТАЛА - СТОЯН МИХАЙЛОВСКИ 7","Ш-Н ХИШ 330МЛ МЕНТОЛ 2В1","030260","82","6.52","4.44"
"10447","КЛАСИКО КАРТАЛА - СТОЯН МИХАЙЛОВСКИ 7","КРОАСАН ЛОТТО 110Г КАКАО И ЛЕШНИК*18","030267","67","0.66",""
"10447","КЛАСИКО КАРТАЛА - СТОЯН МИХАЙЛОВСКИ 7","САПУН ТЕО ГЛИЦЕРИН 70Г МИСТИК","050028","83","0.54","0.40"
"10447","КЛАСИКО КАРТАЛА - СТОЯН МИХАЙЛОВСКИ 7","САПУН ТЕО ГЛИЦЕРИН 70Г РОМАНТИК","050031","83","0.54","0.40"
"10447","КЛАСИКО КАРТАЛА - СТОЯН МИХАЙЛОВСКИ 7","Ш-Н ПАЛМОЛИВ БЮТИ ГЛОС 350МЛ +","050033","82","2.63","1.53"
"10447","КЛАСИКО КАРТАЛА - СТОЯН МИХАЙЛОВСКИ 7","ВЕРО ФЕЯ 400МЛ С БАЛСАМ МАГНОЛИЯ","050050","79","1.02","0.89"
"10447","КЛАСИКО КАРТАЛА - СТОЯН МИХАЙЛОВСКИ 7","ВЕРО ФЕЯ 400МЛ ЯБЪЛКА И МЕНТА","050056","79","1.02","0.89"
"10447","КЛАСИКО КАРТАЛА - СТОЯН МИХАЙЛОВСКИ 7","БОНДУЕЛ ГРАХ 425МЛ 1/2","050095","47","2.45","1.72"
"10447","КЛАСИКО КАРТАЛА - СТОЯН МИХАЙЛОВСКИ 7","Б-ТИ ОБИКНОВЕНИ СИНИ ПД *30","050231","66","0.66","0.55"
"10447","КЛАСИКО КАРТАЛА - СТОЯН МИХАЙЛОВСКИ 7","ОЛИО КЕХЛИБАР 1Л.","050449","42","2.12",""
"10447","КЛАСИКО КАРТАЛА - СТОЯН МИХАЙЛОВСКИ 7","ЗАХАР СЛАДЕЯ 1КГ. ПАКЕТ ГО","050528","38","0.99",""
"10447","КЛАСИКО КАРТАЛА - СТОЯН МИХАЙЛОВСКИ 7","Ш-Д МЛЕЧЕН 80ГР.","050559","69","1.43","1.12"
"10447","КЛАСИКО КАРТАЛА - СТОЯН МИХАЙЛОВСКИ 7","Ш-Д МИЛКА 90ГР. МЛЕЧЕН","050598","69","2.48","1.53"
"10447","КЛАСИКО КАРТАЛА - СТОЯН МИХАЙЛОВСКИ 7","КАФЕ Н.БРАЗИЛИЯ 200ГР. МЛЯНО","050612","70","4.88","3.57"
"10447","КЛАСИКО КАРТАЛА - СТОЯН МИХАЙЛОВСКИ 7","МИНИКРОАСАН 7 ДЕЙС 60ГР. КАКАО *15","050627","67","0.82","0.66"
"10447","КЛАСИКО КАРТАЛА - СТОЯН МИХАЙЛОВСКИ 7","Б-ТИ ОБИКН. ЖИТЕН ДАР 120ГР. *24","050709","66","0.76",""
"10447","КЛАСИКО КАРТАЛА - СТОЯН МИХАЙЛОВСКИ 7","Б-ТИ ОБИКН. ЖИТЕН ДАР 220ГР. *16","050722","66","1.25",""
"10447","КЛАСИКО КАРТАЛА - СТОЯН МИХАЙЛОВСКИ 7","КРЕНВИРШ ФЕРМАТА ПИЛЕШКИ","050813","26","3.27","3.06"
"10447","КЛАСИКО КАРТАЛА - СТОЯН МИХАЙЛОВСКИ 7","СПАГЕТИ СТЕЛА 10","050865","37","1.41",""
"10447","КЛАСИКО КАРТАЛА - СТОЯН МИХАЙЛОВСКИ 7","П/З АКВАФРЕШ 50МЛ ТОТАЛ СИНЯ","050917","81","1.91","1.35"
"10447","КЛАСИКО КАРТАЛА - СТОЯН МИХАЙЛОВСКИ 7","П/З АКВАФРЕШ 125МЛ ТОТАЛ СИНЯ","050919","81","2.84",""
"10447","КЛАСИКО КАРТАЛА - СТОЯН МИХАЙЛОВСКИ 7","П/З АКВАФРЕШ 125МЛ ТОТАЛ ЗЕЛЕНА","050920","81","2.84",""
"10447","КЛАСИКО КАРТАЛА - СТОЯН МИХАЙЛОВСКИ 7","П/З АКВАФРЕШ ТОТАЛ СИНЯ 100МЛ","050921","81","2.50","1.75"
"10447","КЛАСИКО КАРТАЛА - СТОЯН МИХАЙЛОВСКИ 7","П/З АКВАФРЕШ ТОТАЛ ЗЕЛЕНА 100МЛ","050922","81","2.50","1.75"
"10447","КЛАСИКО КАРТАЛА - СТОЯН МИХАЙЛОВСКИ 7","П/З СЕНЗОДИН 75МЛ ФЛУОР","050936","81","5.82","4.14"
"10447","КЛАСИКО КАРТАЛА - СТОЯН МИХАЙЛОВСКИ 7","П/З ПАРАДОНТАКС 75МЛ ФЛУОР","050937","81","5.82","4.14"
"10447","КЛАСИКО КАРТАЛА - СТОЯН МИХАЙЛОВСКИ 7","Ш-Н ХИШ 330МЛ ЦИТРУС","050987","82","6.52","4.44"
"10447","КЛАСИКО КАРТАЛА - СТОЯН МИХАЙЛОВСКИ 7","ВИТА ХЛЯБ БАЛАНС РЪЖЕН С ЦЕЛИ ЗЪРНА 450Г","051056","3","1.76",""
"10447","КЛАСИКО КАРТАЛА - СТОЯН МИХАЙЛОВСКИ 7","Ш-Н ШАУМА 400МЛ ОБЕМ","051057","82","4.60","2.69"
"10447","КЛАСИКО КАРТАЛА - СТОЯН МИХАЙЛОВСКИ 7","Ш-Н ХИШ 330МЛ ОБЕМ","051100","82","6.52","4.44"
"10447","КЛАСИКО КАРТАЛА - СТОЯН МИХАЙЛОВСКИ 7","ВИНО ТРАМИНЕР Т-ЩЕ 0.75","051118","75","5.36",""
"10447","КЛАСИКО КАРТАЛА - СТОЯН МИХАЙЛОВСКИ 7","ВИНО ВИЛА ЯМБОЛ МЕРЛО 0.75Л","051259","76","4.44","3.59"
"10447","КЛАСИКО КАРТАЛА - СТОЯН МИХАЙЛОВСКИ 7","Р-Я ПОМОРИЙСКА ГРОЗДОВА 0.7","051367","77","7.99",""
"10447","КЛАСИКО КАРТАЛА - СТОЯН МИХАЙЛОВСКИ 7","Ш-Н САЯЗ 440МЛ П/В ПЪРХУТ","051368","82","6.70","3.49"
"10447","КЛАСИКО КАРТАЛА - СТОЯН МИХАЙЛОВСКИ 7","ВИНО МАВРУД ОБ. А-Д 0.75","051397","76","4.37",""
"10447","КЛАСИКО КАРТАЛА - СТОЯН МИХАЙЛОВСКИ 7","Р-Я КЕХЛИБАР 0.7 Л","051538","77","9.10","7.45"
"10447","КЛАСИКО КАРТАЛА - СТОЯН МИХАЙЛОВСКИ 7","Р-Я КАРНОБАТ 0.7 Л","051544","77","7.15","6.09"
"10447","КЛАСИКО КАРТАЛА - СТОЯН МИХАЙЛОВСКИ 7","ВИНО СОФИЯ МЕРЛО 0.75 КАРНОБАТ","051565","76","2.35",""
"10447","КЛАСИКО КАРТАЛА - СТОЯН МИХАЙЛОВСКИ 7","ВИНО СОФИЯ 0.75 КАРНОБАТ КАБЕРНЕ","051566","76","2.35",""
"10447","КЛАСИКО КАРТАЛА - СТОЯН МИХАЙЛОВСКИ 7","ВИНО ШАТО 0.75 КАРНОБАТ КАБЕРНЕ","051571","76","4.09",""
"10447","КЛАСИКО КАРТАЛА - СТОЯН МИХАЙЛОВСКИ 7","ВИНО ШАТО 0.75 КАРНОБАТ МЕРЛО","051572","76","4.09",""
"10447","КЛАСИКО КАРТАЛА - СТОЯН МИХАЙЛОВСКИ 7","МАСЛИНОВО МАСЛО ЕЛИА ЕКСТРА ВЪРДЖИН 1Л","051696","43","19.78","12.59"
"10447","КЛАСИКО КАРТАЛА - СТОЯН МИХАЙЛОВСКИ 7","Ш-Н ПАЛМОЛИВ 350МЛ СИЛКИ ШАЙН ЕФЕКТ АЛОЕ","051870","82","2.63","1.53"
"10447","КЛАСИКО КАРТАЛА - СТОЯН МИХАЙЛОВСКИ 7","Ш-Н ПАЛМОЛИВ 350МЛ П/В ПЪРХУТ +","051871","82","2.63","1.53"
"10447","КЛАСИКО КАРТАЛА - СТОЯН МИХАЙЛОВСКИ 7","П/З КОЛГЕЙТ ТРИПЪЛ ЕКШЪН 50МЛ.","051874","81","1.20",""
"10447","КЛАСИКО КАРТАЛА - СТОЯН МИХАЙЛОВСКИ 7","П/З КОЛГЕЙТ ТРИПЪЛ ЕКШЪН 75МЛ","051881","81","1.66",""
"10447","КЛАСИКО КАРТАЛА - СТОЯН МИХАЙЛОВСКИ 7","П/З КОЛГЕЙТ 75МЛ. КАВИТИ ПРОТЕКШЪН","051882","81","1.66",""
"10447","КЛАСИКО КАРТАЛА - СТОЯН МИХАЙЛОВСКИ 7","ВИНО МЕНАДА МУСКАТ 0.75","051902","75","4.55","3.83"
"10447","КЛАСИКО КАРТАЛА - СТОЯН МИХАЙЛОВСКИ 7","Ш-Н НИВЕА 250МЛ БОЯД. КОСА","051955","82","4.95","3.42"
"10447","КЛАСИКО КАРТАЛА - СТОЯН МИХАЙЛОВСКИ 7","Ш-Н НИВЕА 250МЛ П/В ПЪРХУТ ПАУЪР","051956","82","4.95","3.42"
"10447","КЛАСИКО КАРТАЛА - СТОЯН МИХАЙЛОВСКИ 7","Ш-Н НИВЕА 250МЛ ОБЕМ","051959","82","4.95","3.42"
"10447","КЛАСИКО КАРТАЛА - СТОЯН МИХАЙЛОВСКИ 7","Ш-Н НИВЕА 250МЛ МЪЖКИ СТРОНГ ПАУЪР","051961","82","4.95","3.42"
"10447","КЛАСИКО КАРТАЛА - СТОЯН МИХАЙЛОВСКИ 7","Ш-Н НИВЕА 400МЛ ДИАМАНТЕН БЛЯСЪК","051962","82","6.80","4.55"
"10447","КЛАСИКО КАРТАЛА - СТОЯН МИХАЙЛОВСКИ 7","ВИНО ВИЛА ЯМБОЛ КАБЕРНЕ 0.75","052098","76","4.44","3.59"
"10447","КЛАСИКО КАРТАЛА - СТОЯН МИХАЙЛОВСКИ 7","ЛЮТЕНИЦА О-ЗА 515Г ДОМАШНА","052220","49","3.78","3.29"
"10447","КЛАСИКО КАРТАЛА - СТОЯН МИХАЙЛОВСКИ 7","ОЛИО КРИСТАЛ 1Л","052221","42","1.87",""
"10447","КЛАСИКО КАРТАЛА - СТОЯН МИХАЙЛОВСКИ 7","КРЪСТЕВ БОБ НАРОДЕН 1КГ","052267","33","3.14",""
"10447","КЛАСИКО КАРТАЛА - СТОЯН МИХАЙЛОВСКИ 7","П/З ДЕНТАЛ ДРИЙМ ДЕТСКА ЯГОДА","052374","81","0.92",""
"10447","КЛАСИКО КАРТАЛА - СТОЯН МИХАЙЛОВСКИ 7","П/З ЛАКАЛУТ 75МЛ АКТИВ *24","052714","81","4.85","3.99"
"10447","КЛАСИКО КАРТАЛА - СТОЯН МИХАЙЛОВСКИ 7","СИРЕНЕ КРАВЕ ВЕРЕЯ 400ГР ВАК.","052721","9","4.90",""
"10447","КЛАСИКО КАРТАЛА - СТОЯН МИХАЙЛОВСКИ 7","П/З АСТЕРА ЕКСТРИЙМ 75МЛ МИКРОГРАНУЛИ","052732","81","1.86",""
"10447","КЛАСИКО КАРТАЛА - СТОЯН МИХАЙЛОВСКИ 7","П/З АСТЕРА АКТИВ УАЙТЪНИНГ 110МЛ","052737","81","1.07","0.76"
"10447","КЛАСИКО КАРТАЛА - СТОЯН МИХАЙЛОВСКИ 7","П/З АСТЕРА АКТИВ ПАРОДОНТ 110МЛ","052740","81","1.07","0.76"
"10447","КЛАСИКО КАРТАЛА - СТОЯН МИХАЙЛОВСКИ 7","П/З АСТЕРА АКТИВ ВИТАМИНИ 3 110МЛ","052742","81","1.32","0.94"
"10447","КЛАСИКО КАРТАЛА - СТОЯН МИХАЙЛОВСКИ 7","П/З АСТЕРА АКТИВ ТОТАЛ 110МЛ","052743","81","1.32","0.94"
"10447","КЛАСИКО КАРТАЛА - СТОЯН МИХАЙЛОВСКИ 7","П/З АСТЕРА КИДС 50МЛ ЯГОДА 0+","052744","81","1.99",""
"10447","КЛАСИКО КАРТАЛА - СТОЯН МИХАЙЛОВСКИ 7","П/З АСТЕРА КИДС 50МЛ АЙС КРИЙМ 2-6Г","052745","81","1.99",""
"10447","КЛАСИКО КАРТАЛА - СТОЯН МИХАЙЛОВСКИ 7","Ш-Н ШАУМА 400МЛ  Q 10","052750","82","4.60","2.69"
"10447","КЛАСИКО КАРТАЛА - СТОЯН МИХАЙЛОВСКИ 7","КАША СЛЪНЧО 200Г БАНАНОВА","052982","63","2.81",""
"10447","КЛАСИКО КАРТАЛА - СТОЯН МИХАЙЛОВСКИ 7","ЛЮТЕНИЦА ДЕРОНИ 520Г. ЕДРОСМЛЯНА ДОМАШНА","052998","49","4.09",""
"10447","КЛАСИКО КАРТАЛА - СТОЯН МИХАЙЛОВСКИ 7","Ш-Н ГЛИС КЮР 250МЛ УЛТИ МЕЙТ","053318","82","4.44","3.14"
"10447","КЛАСИКО КАРТАЛА - СТОЯН МИХАЙЛОВСКИ 7","САПУН ДАФ 90Г КРЕМ ОРИДЖИНАЛ","053350","83","1.94","1.02"
"10447","КЛАСИКО КАРТАЛА - СТОЯН МИХАЙЛОВСКИ 7","П/З ЛАКАЛУТ 75МЛ ИЗБЕЛВАЩА","053371","81","4.85","3.99"
"10447","КЛАСИКО КАРТАЛА - СТОЯН МИХАЙЛОВСКИ 7","СВИНСКИ ШОЛ","053487","20","6.39",""
"10447","КЛАСИКО КАРТАЛА - СТОЯН МИХАЙЛОВСКИ 7","СВ ВРАТ С КОСТ","053490","21","7.15",""
"10447","КЛАСИКО КАРТАЛА - СТОЯН МИХАЙЛОВСКИ 7","СВ. ВРАТ БЕЗ КОСТ ЦЯЛ","053494","21","8.43",""
"10447","КЛАСИКО КАРТАЛА - СТОЯН МИХАЙЛОВСКИ 7","МВ ДЕВИН 1.5Л","054094","73","0.57","0.52"
"10447","КЛАСИКО КАРТАЛА - СТОЯН МИХАЙЛОВСКИ 7","Ш-Н ЗДРАВЕ АКТИВ 390МЛ ПАНТЕНОЛ И ХИНИН","060053","82","5.24","3.89"
"10447","КЛАСИКО КАРТАЛА - СТОЯН МИХАЙЛОВСКИ 7","Ш-Н ГАРНИЕ БОТАНИК ТЕРАПИ 250МЛ ОВЕСЕНО МЛЯКО","060461","82","3.93","2.99"
"10447","КЛАСИКО КАРТАЛА - СТОЯН МИХАЙЛОВСКИ 7","Ш-Н ГАРНИЕ БОТАНИК ТЕРАПИ 400МЛ ОВЕСЕНО МЛЯКО","060462","82","4.95","3.78"
"10447","КЛАСИКО КАРТАЛА - СТОЯН МИХАЙЛОВСКИ 7","Ш-Н ГАРНИЕ БОТАНИК ТЕРАПИ КИДС 2В1 250МЛ КАЙСИЯ","060730","82","4.65","3.26"
"10447","КЛАСИКО КАРТАЛА - СТОЯН МИХАЙЛОВСКИ 7","Ш-Н ГАРНИЕ БОТАНИК ТЕРАПИ КИДС 2В1 250МЛ ДЕЛИКАТ","060732","82","4.65","3.26"
"10447","КЛАСИКО КАРТАЛА - СТОЯН МИХАЙЛОВСКИ 7","ВИНО ПОМОРИЕ ФАЙНД МИ 0.75Л СИРА И МЕРЛО","060764","76","9.44","7.99"
"10447","КЛАСИКО КАРТАЛА - СТОЯН МИХАЙЛОВСКИ 7","ВИНО ИНОВИНО 750МЛ СИРА","060770","76","5.62",""
"10447","КЛАСИКО КАРТАЛА - СТОЯН МИХАЙЛОВСКИ 7","Ш-Н ФРУКТИС 400МЛ ГРОУ СТРОНГ СРЕЩУ КОСОПАД","060901","82","5.18",""
"10447","КЛАСИКО КАРТАЛА - СТОЯН МИХАЙЛОВСКИ 7","КАШКАВАЛ БОЖЕНЦИ ВИТОША 220Г","061200","11","3.46",""
"10447","КЛАСИКО КАРТАЛА - СТОЯН МИХАЙЛОВСКИ 7","СИРЕНЕ БОЖЕНЦИ 400Г","061202","9","4.09","3.57"
"10447","КЛАСИКО КАРТАЛА - СТОЯН МИХАЙЛОВСКИ 7","П/З АСТЕРА МИКРОГРАНУЛИ +УАЙТ 75МЛ","061553","81","1.86",""
"10447","КЛАСИКО КАРТАЛА - СТОЯН МИХАЙЛОВСКИ 7","Ш-Н АРОМА НАТУРАЛ 400МЛ АРГАН И КОКОСОВО МЛЯКО","061554","82","1.94",""
"10447","КЛАСИКО КАРТАЛА - СТОЯН МИХАЙЛОВСКИ 7","Ш-Н ГАРНИЕ БОТАНИК ТЕРАПИ 250МЛ МАГНЕТИК ЧАРКОЛ","061637","82","3.93","2.99"
"10447","КЛАСИКО КАРТАЛА - СТОЯН МИХАЙЛОВСКИ 7","Ш-Н ГАРНИЕ БОТАНИК ТЕРАПИ 400МЛ МАГНЕТИК ЧАРКОЛ","061638","82","4.95","3.78"
"10447","КЛАСИКО КАРТАЛА - СТОЯН МИХАЙЛОВСКИ 7","П/З СЕНЗОДИН 75МЛ СЕНЗИТИВ ГУМ УАЙТАНИНГ","061705","81","8.23",""
"10447","КЛАСИКО КАРТАЛА - СТОЯН МИХАЙЛОВСКИ 7","П/З ПЪРЛ ДРОПС 50МЛ ХОЛИВУДСКА УСМИВКА","061718","81","4.05",""
"10447","КЛАСИКО КАРТАЛА - СТОЯН МИХАЙЛОВСКИ 7","П/З ПЪРЛ ДРОПС 75МЛ С АКТИВЕН ВЪГЛЕН","061719","81","5.44","4.14"
"10447","КЛАСИКО КАРТАЛА - СТОЯН МИХАЙЛОВСКИ 7","ВИНО ЕЙНДЖЪЛ ЕСТЕЙТ 0.75Л СОВИНЬОН БЛАН","062048","75","7.10",""
"10447","КЛАСИКО КАРТАЛА - СТОЯН МИХАЙЛОВСКИ 7","П/З БИЛКА  ДЕТСКА 5+ С НАТРИЕВ ФЛУОРИД","062207","81","2.20",""
"10447","КЛАСИКО КАРТАЛА - СТОЯН МИХАЙЛОВСКИ 7","ХЛЯБ ТОСТ 500 ГР КЛАСИК","062210","1","1.76",""
"10447","КЛАСИКО КАРТАЛА - СТОЯН МИХАЙЛОВСКИ 7","Ш-Н БИЛКА 400МЛ ЛАВАНДУЛА И ХИАЛУРОН","062225","82","3.52",""
"10447","КЛАСИКО КАРТАЛА - СТОЯН МИХАЙЛОВСКИ 7","Ш-Н САЯЗ 440МЛ ОЛЕО ИНТЕНС","062248","82","6.70","3.49"
"10447","КЛАСИКО КАРТАЛА - СТОЯН МИХАЙЛОВСКИ 7","П/З КОЛГЕЙТ АДВАНС УАЙТ СОДА 75МЛ","062336","81","2.86","1.95"
"10447","КЛАСИКО КАРТАЛА - СТОЯН МИХАЙЛОВСКИ 7","П/З КОЛГЕЙТ ТРОЙНО ДЕЙСТВИЕ ИЗБЕЛВАЩА 75МЛ","062337","81","1.66",""
"10447","КЛАСИКО КАРТАЛА - СТОЯН МИХАЙЛОВСКИ 7","П/З КОЛГЕЙТ МАКС УАЙТ ПЪРПЪЛ 75МЛ","062338","81","3.78","2.66"
"10447","КЛАСИКО КАРТАЛА - СТОЯН МИХАЙЛОВСКИ 7","П/З КОЛГЕЙТ ТОТАЛ 50МЛ ЗА ДЕЦА 7-12Г","062339","81","2.70","2.17"
"10447","КЛАСИКО КАРТАЛА - СТОЯН МИХАЙЛОВСКИ 7","П/З ПАРАДОНТАКС 75МЛ АКТИВ РИПЕЪР","062489","81","6.95",""
"10447","КЛАСИКО КАРТАЛА - СТОЯН МИХАЙЛОВСКИ 7","П/З ПАРАДОНТАКС 75МЛ АКТИВ РИПЕЪР УАЙТ","062490","81","6.95",""
"10447","КЛАСИКО КАРТАЛА - СТОЯН МИХАЙЛОВСКИ 7","ВИНО ШЕВАЛ КАТАРЗИНА СОВИНЬОН БЛАН 0,75","062559","75","6.49",""
"10447","КЛАСИКО КАРТАЛА - СТОЯН МИХАЙЛОВСКИ 7","КАЙМА РОДОПА ТРОЯН 60/40","062616","25","6.95",""
"10447","КЛАСИКО КАРТАЛА - СТОЯН МИХАЙЛОВСКИ 7","ШПЕК РОДОПА ТРОЯН ГАСТРО С","062625","28","9.25",""
"10447","КЛАСИКО КАРТАЛА - СТОЯН МИХАЙЛОВСКИ 7","Ш-Н ДЕВА ХИНИН И АРГАН 500МЛ","062631","82","2.42","1.99"
"10447","КЛАСИКО КАРТАЛА - СТОЯН МИХАЙЛОВСКИ 7","Ш-Н ДЕВА НАР И АРГАН 500МЛ","062632","82","2.42","1.99"
"10447","КЛАСИКО КАРТАЛА - СТОЯН МИХАЙЛОВСКИ 7","ВИНО ЗААРА ЕСТЕЙТ 750МЛ ДОГМА МЕРЛО СИРА И КАБЕРНЕ","062666","76","12.78","10.99"
"10447","КЛАСИКО КАРТАЛА - СТОЯН МИХАЙЛОВСКИ 7","ВИНО ЗААРА ЕСТЕЙТ 750МЛ КАБЕРНЕ","062669","76","8.85","7.59"
"10447","КЛАСИКО КАРТАЛА - СТОЯН МИХАЙЛОВСКИ 7","ВИНО ДЕАНДЖЕЛИ 750МЛ КАБЕРНЕ","062672","76","5.21","4.49"
"10447","КЛАСИКО КАРТАЛА - СТОЯН МИХАЙЛОВСКИ 7","П/З ДЕНТАЛ ДРИЙМ 75МЛ УАЙТАНИНГ","062690","81","2.17",""
"10447","КЛАСИКО КАРТАЛА - СТОЯН МИХАЙЛОВСКИ 7","КАФЕ БИАНЧИ ФАМИЛИЯ Д ОРО ИНТЕНС 1КГ ЗЪРНА","062856","71","15.39","13.86"
"10447","КЛАСИКО КАРТАЛА - СТОЯН МИХАЙЛОВСКИ 7","П/З АКВАФРЕШ ALL IN ONE 75МЛ ПЮР БРЕТ","062964","81","3.76","2.65"
"10447","КЛАСИКО КАРТАЛА - СТОЯН МИХАЙЛОВСКИ 7","П/З ЕЛМЕКС 75МЛ АНТИКАРИЕС","063076","81","4.37",""
"10447","КЛАСИКО КАРТАЛА - СТОЯН МИХАЙЛОВСКИ 7","П/З ЕЛМЕКС 75МЛ СЕНСИТИВ УАЙТАНИНГ","063077","81","4.37",""
"10447","КЛАСИКО КАРТАЛА - СТОЯН МИХАЙЛОВСКИ 7","П/З ЕЛМЕКС 75МЛ СЕНСИТИВ КАМПЛИЙТ ПРОТЕКШЪН","063079","81","5.36",""
"10447","КЛАСИКО КАРТАЛА - СТОЯН МИХАЙЛОВСКИ 7","ОЦЕТ СТАРОПРЕСТОЛЕН БЯЛ ВИНЕН 700МЛ 6%","063165","44","1.40",""
"10447","КЛАСИКО КАРТАЛА - СТОЯН МИХАЙЛОВСКИ 7","Ш-Н КАРО 400МЛ КОФЕИН","063341","82","3.12",""
"10447","КЛАСИКО КАРТАЛА - СТОЯН МИХАЙЛОВСКИ 7","П/З АСТЕРА НАТУРАЛ КАНАБИДИОЛ И МЕНТА 75МЛ","063576","81","2.61",""
"10447","КЛАСИКО КАРТАЛА - СТОЯН МИХАЙЛОВСКИ 7","П/З АСТЕРА НАТУРАЛ ЧАРКОЛ И МЕНТА 75МЛ","063577","81","2.61",""
"10447","КЛАСИКО КАРТАЛА - СТОЯН МИХАЙЛОВСКИ 7","Ш-Н ХИШ 250МЛ КЛАСИК","063656","82","4.65","3.19"
"10447","КЛАСИКО КАРТАЛА - СТОЯН МИХАЙЛОВСКИ 7","Ш-Н ХИШ 250МЛ МЕНТОЛ","063657","82","4.65","3.19"
"10447","КЛАСИКО КАРТАЛА - СТОЯН МИХАЙЛОВСКИ 7","Ш-Н ХИШ 250МЛ ЦИТРУС","063658","82","4.65","3.19"
"10447","КЛАСИКО КАРТАЛА - СТОЯН МИХАЙЛОВСКИ 7","КАФЕ ВИНЕР ЕКСТРА 250Г ГАЛА","063807","70","4.73","3.50"
"10447","КЛАСИКО КАРТАЛА - СТОЯН МИХАЙЛОВСКИ 7","Ш-Н ГЛИС КЮР 400МЛ ТЕЧНА КОПРИНА","063809","82","6.70","3.49"
"10447","КЛАСИКО КАРТАЛА - СТОЯН МИХАЙЛОВСКИ 7","Ш-Н ХИШ 330МЛ МЕНТОЛ","063821","82","6.52","4.44"
"10447","КЛАСИКО КАРТАЛА - СТОЯН МИХАЙЛОВСКИ 7","ВИНО ВЕРАНО АЗУР ФЮЖЪН 750МЛ БЯЛО ПРАСКОВА И МАРАКУЯ","063985","75","4.47","3.59"
"10447","КЛАСИКО КАРТАЛА - СТОЯН МИХАЙЛОВСКИ 7","П/З ОРАЛ БИ КАМПЛИЙТ УЛТИМЕЙТ ФРЕШ 75МЛ","064076","81","2.55","1.48"
"10447","КЛАСИКО КАРТАЛА - СТОЯН МИХАЙЛОВСКИ 7","П/З ОРАЛ БИ КАМПЛИЙТ ПРОТЕКТ КЛИЙН 75МЛ","064077","81","2.55","1.48"
"10447","КЛАСИКО КАРТАЛА - СТОЯН МИХАЙЛОВСКИ 7","П/З ОРАЛ БИ ЗД УАЙТ АДВАНС ЛУКС 75МЛ","064078","81","3.63","2.39"
"10447","КЛАСИКО КАРТАЛА - СТОЯН МИХАЙЛОВСКИ 7","П/З ОРАЛ БИ ДЕНСИФИ ДЖЕНТЪЛ УАЙТАНИНГ 65МЛ","064079","81","5.68","4.01"
"10447","КЛАСИКО КАРТАЛА - СТОЯН МИХАЙЛОВСКИ 7","КАФЕ ЛОР 1КГ ФОРЦА ЗЪРНА","064108","71","37.32","28.99"
"10447","КЛАСИКО КАРТАЛА - СТОЯН МИХАЙЛОВСКИ 7","Ш-Н ЕЛСЕВ 400МЛ ХИАЛУРОН ПЮР","064158","82","6.80","4.98"
"10447","КЛАСИКО КАРТАЛА - СТОЯН МИХАЙЛОВСКИ 7","Ш-Н ЕЛСЕВ 250МЛ ХИАЛУРОН ПЮР","064159","82","5.16","3.69"
"10447","КЛАСИКО КАРТАЛА - СТОЯН МИХАЙЛОВСКИ 7","Ш-Н КЛИАР 360МЛ ЗА БОЯДИСАНА КОСА","064166","82","6.90","4.39"
"10447","КЛАСИКО КАРТАЛА - СТОЯН МИХАЙЛОВСКИ 7","Ш-Н КЛИАР 360МЛ ПРОТИВ КОСОПАД","064167","82","6.90","4.39"
"10447","КЛАСИКО КАРТАЛА - СТОЯН МИХАЙЛОВСКИ 7","Ш-Н КЛИАР 360МЛ ХИДРАТИРАЩ","064168","82","6.90","4.39"
"10447","КЛАСИКО КАРТАЛА - СТОЯН МИХАЙЛОВСКИ 7","Ш-Н КЛИАР 360МЛ МЪЖКИ ДИЙП КЛИЙН","064170","82","6.90","4.39"
"10447","КЛАСИКО КАРТАЛА - СТОЯН МИХАЙЛОВСКИ 7","П/З СЕНЗОДИН 75МЛ КЛИНИКАЛ РИПЕЪР","064239","81","8.23",""
"10447","КЛАСИКО КАРТАЛА - СТОЯН МИХАЙЛОВСКИ 7","Ш-Н ХИШ 330МЛ ЦИТРУС ФРЕШ 2В1","064296","82","6.52","4.44"
"10447","КЛАСИКО КАРТАЛА - СТОЯН МИХАЙЛОВСКИ 7","Ш-Н ХИШ 330МЛ ЦЯЛОСТНА ГРИЖА 2В1","064297","82","6.52","4.44"
"10447","КЛАСИКО КАРТАЛА - СТОЯН МИХАЙЛОВСКИ 7","Ш-Н ПАНТЕН 250МЛ ЛИФТ ВОЛЮМ","064483","82","6.74","5.01"
"10447","КЛАСИКО КАРТАЛА - СТОЯН МИХАЙЛОВСКИ 7","Ш-Н ПАНТЕН 250МЛ МИРАКЪЛ ХИДРА","064493","82","6.74","5.01"
"10447","КЛАСИКО КАРТАЛА - СТОЯН МИХАЙЛОВСКИ 7","Ш-Н ПАНТЕН 400МЛ КЪРЛС ЗА КЪДРАВА КОСА","064494","82","6.74","5.01"
"10447","КЛАСИКО КАРТАЛА - СТОЯН МИХАЙЛОВСКИ 7","П/З ЕЛМЕКС 75МЛ ДЖУНИЪР 6-12Г","064495","81","4.52",""
"10447","КЛАСИКО КАРТАЛА - СТОЯН МИХАЙЛОВСКИ 7","П/З ЕЛМЕКС 75МЛ СЕНЗИТИВ","064496","81","4.37",""
"10447","КЛАСИКО КАРТАЛА - СТОЯН МИХАЙЛОВСКИ 7","ВИНО ВЕРАНО АЗУР ФЮЖЪН 750МЛ ЧЕРВЕНО МАЛИНА И НАР","064758","76","4.47","3.59"
"10447","КЛАСИКО КАРТАЛА - СТОЯН МИХАЙЛОВСКИ 7","Ш-Н ШАУМА 400МЛ ПРОТИВ КОСОПАД ЗА МЪЖЕ","064843","82","4.60","2.69"
"10447","КЛАСИКО КАРТАЛА - СТОЯН МИХАЙЛОВСКИ 7","КРОАСАН МИЛКА 50Г ШОКОЛАД","064960","67","1.15","0.92"
"10447","КЛАСИКО КАРТАЛА - СТОЯН МИХАЙЛОВСКИ 7","БЕЛЛА БУТЕР БАНИЧКИ С КРЕМ КИТ КАТ 480Г","065026","68","2.81",""
"10447","КЛАСИКО КАРТАЛА - СТОЯН МИХАЙЛОВСКИ 7","П/З АКВАФРЕШ ALL IN ONE 75МЛ КРИСТАЛ УАЙТ","065047","81","3.76","2.65"
"10447","КЛАСИКО КАРТАЛА - СТОЯН МИХАЙЛОВСКИ 7","П/З КОЛГЕЙТ 75МЛ МАКС УАЙТ  БАЙ БАЙ СТЕНС","065120","81","3.78","2.66"
"10447","КЛАСИКО КАРТАЛА - СТОЯН МИХАЙЛОВСКИ 7","П/З КОЛГЕЙТ 75МЛ АДВАНС УАЙТ","065121","81","2.86","1.95"
"10447","КЛАСИКО КАРТАЛА - СТОЯН МИХАЙЛОВСКИ 7","П/З КОЛГЕЙТ 75МЛ МАКС УАЙТ ШАЙН","065122","81","2.86","1.95"
"10447","КЛАСИКО КАРТАЛА - СТОЯН МИХАЙЛОВСКИ 7","П/З ЕЛМЕКС 75МЛ СЕНЗИТИВ ПРОФЕСИОНАЛ","065125","81","5.36",""
"10447","КЛАСИКО КАРТАЛА - СТОЯН МИХАЙЛОВСКИ 7","П/З ЕЛМЕКС 75МЛ КАВИТИ ПРОТЕКШЪН ПРОФЕСИОНАЛ","065126","81","5.36",""
"10447","КЛАСИКО КАРТАЛА - СТОЯН МИХАЙЛОВСКИ 7","ВИНО ЕЙНДЖЪЛ ЕСТЕЙТ 0.75Л МЕРЛО","065141","76","7.10",""
"10447","КЛАСИКО КАРТАЛА - СТОЯН МИХАЙЛОВСКИ 7","ВИНО ЕЙНДЖЪЛ ЕСТЕЙТ 0.75Л СИРА","065142","76","7.10",""
"10447","КЛАСИКО КАРТАЛА - СТОЯН МИХАЙЛОВСКИ 7","ВИНО СТЕЛИЪН СЕЛЕКШЪН КАБАРНЕ ФРАН 0.75Л","065146","76","10.00",""
"10447","КЛАСИКО КАРТАЛА - СТОЯН МИХАЙЛОВСКИ 7","Ш-Н БИЛКА НЕВЕН 400МЛ С КЕРАТИН","065186","82","3.52",""
"10447","КЛАСИКО КАРТАЛА - СТОЯН МИХАЙЛОВСКИ 7","Ш-Н ГЛИС КЮР 400МЛ ПЛЪТНОСТ","065336","82","6.70","3.49"
"10447","КЛАСИКО КАРТАЛА - СТОЯН МИХАЙЛОВСКИ 7","П/З АКВАФРЕШ ALL IN ONE 75МЛ БАКТЕРИАЛНА ЗАЩИТА","065393","81","3.76","2.65"
"10447","КЛАСИКО КАРТАЛА - СТОЯН МИХАЙЛОВСКИ 7","П/З АКВАФРЕШ 75МЛ ЛОНГ ЛЕЙСТИНГ УАЙТ РЕНЮ","065394","81","3.76","2.65"
"10447","КЛАСИКО КАРТАЛА - СТОЯН МИХАЙЛОВСКИ 7","П/З АКВАФРЕШ 75МЛ ДИЙП КЛИЙН УАЙТ РЕНЮ","065395","81","3.76","2.65"
"10447","КЛАСИКО КАРТАЛА - СТОЯН МИХАЙЛОВСКИ 7","П/З СЕНЗОДИН 75МЛ КАМПЛИЙТ ПРОТЕКШЪН УАЙТ","065397","81","8.23",""
"10447","КЛАСИКО КАРТАЛА - СТОЯН МИХАЙЛОВСКИ 7","П/З СЕНЗОДИН 75МЛ КЛИНИКАЛ УАЙТ","065398","81","8.23",""
"10447","КЛАСИКО КАРТАЛА - СТОЯН МИХАЙЛОВСКИ 7","П/З СЕНЗОДИН 50МЛ ДЕТСКА ПРОНАМЕЛ 2-6Г","065399","81","4.75","3.37"
"10447","КЛАСИКО КАРТАЛА - СТОЯН МИХАЙЛОВСКИ 7","П/З СЕНЗОДИН 50МЛ ДЕТСКА ПРОНАМЕЛ 6Г+","065400","81","4.75","3.37"
"10447","КЛАСИКО КАРТАЛА - СТОЯН МИХАЙЛОВСКИ 7","П/З ПАРАДОНТАКС 75МЛ СТРЕНДЖХЕН ЕНД ПРОТЕКТ","065401","81","6.95",""
"10447","КЛАСИКО КАРТАЛА - СТОЯН МИХАЙЛОВСКИ 7","П/З ПАРАДОНТАКС 75МЛ СТРЕНДЖХЕН ЕНД ПРОТЕКТ УАЙТ","065402","81","6.95",""
"10447","КЛАСИКО КАРТАЛА - СТОЯН МИХАЙЛОВСКИ 7","П/З АСТЕРА ПАРАДОНТ 75МЛ ХАЛИТОСИС КОНТРОЛ","065485","81","3.57",""
"10447","КЛАСИКО КАРТАЛА - СТОЯН МИХАЙЛОВСКИ 7","П/З АСТЕРА ПАРАДОНТ 75МЛ СЕНЗИТИВ УАЙТ","065486","81","3.57",""
"10447","КЛАСИКО КАРТАЛА - СТОЯН МИХАЙЛОВСКИ 7","П/З АСТЕРА ХОМЕОПАТИКА НАТУРАЛ 75МЛ","065492","81","3.88",""
"10447","КЛАСИКО КАРТАЛА - СТОЯН МИХАЙЛОВСКИ 7","П/З АСТЕРА НАТУРАЛ 75МЛ ЧАЕНО ДЪРВО И МЕНТА","065493","81","2.61",""
"10447","КЛАСИКО КАРТАЛА - СТОЯН МИХАЙЛОВСКИ 7","П/З АСТЕРА 110Г ВИТАМИН 3 УАЙТ","065494","81","1.32","0.94"
"10447","КЛАСИКО КАРТАЛА - СТОЯН МИХАЙЛОВСКИ 7","П/З АСТЕРА 110Г УАЙТАНИНГ ЧАРКОАЛ","065495","81","1.32","0.94"
"10447","КЛАСИКО КАРТАЛА - СТОЯН МИХАЙЛОВСКИ 7","Ш-Н ШАУМА 400МЛ ЗА ДЪЛГА КОСА","065655","82","4.60","2.69"
"10447","КЛАСИКО КАРТАЛА - СТОЯН МИХАЙЛОВСКИ 7","ТЕРТЕР ПРЯСНО МЛЯКО 3,6% 1Л","065669","6","1.82",""
"10447","КЛАСИКО КАРТАЛА - СТОЯН МИХАЙЛОВСКИ 7","ЕЛЛА СЛИМС","065838","78","3.17",""
"10447","КЛАСИКО КАРТАЛА - СТОЯН МИХАЙЛОВСКИ 7","Ш-Н ХИШ 330МЛ КОФЕИН","065844","82","6.52","4.44"
"10447","КЛАСИКО КАРТАЛА - СТОЯН МИХАЙЛОВСКИ 7","Ш-Н ХИШ 330МЛ КЛАРИФАЙ","065845","82","6.52","4.44"
"10447","КЛАСИКО КАРТАЛА - СТОЯН МИХАЙЛОВСКИ 7","Ш-Н ХИШ 330МЛ ДЪЛБОКА ХИДРАТАЦИЯ","065846","82","6.52","4.44"
"10447","КЛАСИКО КАРТАЛА - СТОЯН МИХАЙЛОВСКИ 7","Ш-Н ТРЕСЕМЕ 400МЛ ШАЙН","065858","82","5.93","5.11"
"10447","КЛАСИКО КАРТАЛА - СТОЯН МИХАЙЛОВСКИ 7","Б-ТИ ОБИКНОВЕНИ БЕЗ ЗАХАР 130ГР. КРИСТАЛ","065861","66","0.89",""
"10447","КЛАСИКО КАРТАЛА - СТОЯН МИХАЙЛОВСКИ 7","ОБЕРОН БОБ ДОБРУДЖАНКА 1КГ *10","065872","33","2.65",""
"10447","КЛАСИКО КАРТАЛА - СТОЯН МИХАЙЛОВСКИ 7","СИРЕНЕ КРАВЕ КОЗЛОВЕЦ","065937","8","6.54",""
"10447","КЛАСИКО КАРТАЛА - СТОЯН МИХАЙЛОВСКИ 7","СИРЕНЕ КОЗЛОВЕЦ 400Г ВАКУУМ","065938","9","2.99",""
"10447","КЛАСИКО КАРТАЛА - СТОЯН МИХАЙЛОВСКИ 7","КИСЕЛО МЛЯКО КОЗЛОВЕЦ 3,6% 400Г","065941","7","0.76","0.69"
"10447","КЛАСИКО КАРТАЛА - СТОЯН МИХАЙЛОВСКИ 7","Ш-Н ПАНТЕН 400МЛ ЗА БОЯДИСАНА КОСА","066242","82","6.74","5.01"
"10447","КЛАСИКО КАРТАЛА - СТОЯН МИХАЙЛОВСКИ 7","Ш-Н ПАНТЕН 400МЛ РИПЕЪР ПРО ВЪЗСТАНОВЯВАЩ","066243","82","6.74","5.01"
"10447","КЛАСИКО КАРТАЛА - СТОЯН МИХАЙЛОВСКИ 7","Ш-Н ПАНТЕН 400МЛ СМУУТ СЛЕЙК ЗА ГЛАДКА И ЛЪСКАВА КОСА","066252","82","6.74","5.01"
"10447","КЛАСИКО КАРТАЛА - СТОЯН МИХАЙЛОВСКИ 7","МВ БАНКЯ 1.5Л","070143","73","0.61","0.51"
"10447","КЛАСИКО КАРТАЛА - СТОЯН МИХАЙЛОВСКИ 7","ГЪБИ НАСИПНИ","070169","60","4.39",""
"10447","КЛАСИКО КАРТАЛА - СТОЯН МИХАЙЛОВСКИ 7","ВИНО МЕНАДА КАБ.СОВИНЬОН 0.75","080162","76","4.55","3.83"
"10447","КЛАСИКО КАРТАЛА - СТОЯН МИХАЙЛОВСКИ 7","ВИНО МЕНАДА МЕРЛО 0.75","080163","76","4.55","3.83"
"10447","КЛАСИКО КАРТАЛА - СТОЯН МИХАЙЛОВСКИ 7","ВИНО МЕНАДА МАВРУД 0.75","080223","76","4.55","3.83"
"10447","КЛАСИКО КАРТАЛА - СТОЯН МИХАЙЛОВСКИ 7","Ш-Н АРОМА НАТУРАЛ 400МЛ КОПРИВА","080266","82","1.94",""
"10447","КЛАСИКО КАРТАЛА - СТОЯН МИХАЙЛОВСКИ 7","САПУН ПАЛМОЛИВ 90Г СПА МАСАЖИРАЩ","080417","83","1.15","0.66"
"10447","КЛАСИКО КАРТАЛА - СТОЯН МИХАЙЛОВСКИ 7","П/З АСТЕРА КИДС 50МЛ ЯБЪЛКА 6-8Г","080446","81","1.99",""
"10447","КЛАСИКО КАРТАЛА - СТОЯН МИХАЙЛОВСКИ 7","П/З КОЛГЕЙТ МАКС ФРЕШ СИН 75МЛ","080544","81","2.86","1.95"
"10447","КЛАСИКО КАРТАЛА - СТОЯН МИХАЙЛОВСКИ 7","ПОРТОКАЛ","080649","51","1.92","1.49"
"10447","КЛАСИКО КАРТАЛА - СТОЯН МИХАЙЛОВСКИ 7","КИСЕЛО МЛЯКО БОЖЕНЦИ 2,2%","080650","7","0.81",""
"10447","КЛАСИКО КАРТАЛА - СТОЯН МИХАЙЛОВСКИ 7","КАРТОФ МИТ","080666","61","1.23",""
"10447","КЛАСИКО КАРТАЛА - СТОЯН МИХАЙЛОВСКИ 7","Ш-Н ШАУМА 400МЛ МЪЖКИ","080680","82","4.60","2.69"
"10447","КЛАСИКО КАРТАЛА - СТОЯН МИХАЙЛОВСКИ 7","Ш-Н ШАУМА 400МЛ КОЛОР","080681","82","4.60","2.69"
"10447","КЛАСИКО КАРТАЛА - СТОЯН МИХАЙЛОВСКИ 7","Ш-Н ШАУМА 400МЛ ИНТЕНЗ","080682","82","4.60","2.69"
"10447","КЛАСИКО КАРТАЛА - СТОЯН МИХАЙЛОВСКИ 7","МЕЛИСА СПАГЕТИ 10 500ГР","081081","37","1.71","1.24"
"10447","КЛАСИКО КАРТАЛА - СТОЯН МИХАЙЛОВСКИ 7","ВИНО ЛОГОДАЖ МЕЛНИК 55 0.75","081121","76","7.66",""
"10447","КЛАСИКО КАРТАЛА - СТОЯН МИХАЙЛОВСКИ 7","ВИНО МЕЗЕК КАБЕРНЕ СОВИНЬОН 0.75","081134","76","6.49",""
"10447","КЛАСИКО КАРТАЛА - СТОЯН МИХАЙЛОВСКИ 7","KING RED 100","081288","78","3.07",""
"10447","КЛАСИКО КАРТАЛА - СТОЯН МИХАЙЛОВСКИ 7","Ш-Н АРОМА НАТУРАЛ 400МЛ ЯЙЧЕН","089356","82","1.94",""
"10447","КЛАСИКО КАРТАЛА - СТОЯН МИХАЙЛОВСКИ 7","ЧАЙ АХМАД МИКС Г.ПЛОДОВЕ 20*2Г","089629","72","2.73",""
"10447","КЛАСИКО КАРТАЛА - СТОЯН МИХАЙЛОВСКИ 7","Т.Х. ЕМЕКА 8-ЦА МАУНТИЙН ФРЕШ","089769","85","2.71","2.22"
"10447","КЛАСИКО КАРТАЛА - СТОЯН МИХАЙЛОВСКИ 7","КРЪСТЕВ ОРИЗ БИСЕРЕН 1КГ *10","089849","35","1.99","1.77"
"10447","КЛАСИКО КАРТАЛА - СТОЯН МИХАЙЛОВСКИ 7","Ш-Н ПАЛМОЛИВ 350МЛ БОЯД.КОСА +","090058","82","2.63","1.53"
"10447","КЛАСИКО КАРТАЛА - СТОЯН МИХАЙЛОВСКИ 7","ПЮРЕ ГЕРБЕР 190Г ПИЛЕШКО МЕСО СЪС З-ЦИ","090385","64","2.10",""
"10447","КЛАСИКО КАРТАЛА - СТОЯН МИХАЙЛОВСКИ 7","ПЮРЕ ГЕРБЕР 190Г СУПА ОТ ТЕЛ. МЕСО И З-ЦИ","090389","64","2.10",""
"10447","КЛАСИКО КАРТАЛА - СТОЯН МИХАЙЛОВСКИ 7","ВИНО МЕЧА КРЪВ К-Т 0.75Л","090464","76","1.78",""
"10447","КЛАСИКО КАРТАЛА - СТОЯН МИХАЙЛОВСКИ 7","Ш-Н ЕЛСЕВ 250МЛ ТОТАЛ 5","090473","82","5.16","3.69"
"10447","КЛАСИКО КАРТАЛА - СТОЯН МИХАЙЛОВСКИ 7","ВИНО МЕЗЕК МАВРУД 0.75","090499","76","6.49",""
"10447","КЛАСИКО КАРТАЛА - СТОЯН МИХАЙЛОВСКИ 7","ВИНО МЕЗЕК МЕРЛО 0.75Л","090500","76","6.49",""
"10447","КЛАСИКО КАРТАЛА - СТОЯН МИХАЙЛОВСКИ 7","ВИНО САЙКЪЛ СОВ.БЛАН 0.75Л","090536","75","5.85",""
"10447","КЛАСИКО КАРТАЛА - СТОЯН МИХАЙЛОВСКИ 7","ВИНО ШАТО 0.75 КАРНОБАТ МАВРУД","090551","76","4.09",""
"10447","КЛАСИКО КАРТАЛА - СТОЯН МИХАЙЛОВСКИ 7","ВИНО БРАТЯ МИНКОВИ КАБЕРНЕ 0.75","090564","76","10.79","8.99"
"10447","КЛАСИКО КАРТАЛА - СТОЯН МИХАЙЛОВСКИ 7","ВИНО САНТА САРА КАБЕРНЕ 0.75","090928","76","20.50",""
"10447","КЛАСИКО КАРТАЛА - СТОЯН МИХАЙЛОВСКИ 7","ВИНО КАРПЕ ДИЕМ КАБЕРНЕ,МЕРЛО,МАЛБЕК И СИРА 0,75","091170","76","6.28",""
"10447","КЛАСИКО КАРТАЛА - СТОЯН МИХАЙЛОВСКИ 7","Ш-Н САЯЗ 440МЛ ОБЕМ","091333","82","6.70","3.49"
"10447","КЛАСИКО КАРТАЛА - СТОЯН МИХАЙЛОВСКИ 7","СОЛ ЕКСТРА 'БЯНИКА' 1КГ ЗЕЛЕНА *10","091908","39","0.56",""
"10447","КЛАСИКО КАРТАЛА - СТОЯН МИХАЙЛОВСКИ 7","СВА ЯЙЦА L 6БР*36","091977","32","1.65",""
"10447","КЛАСИКО КАРТАЛА - СТОЯН МИХАЙЛОВСКИ 7","ОХЛАДЕНО НАСИПНО ПИЛ. ФИЛЕ ПИМЕНС","092020","16","7.77",""
"10447","КЛАСИКО КАРТАЛА - СТОЯН МИХАЙЛОВСКИ 7","ВИТА ХЛЯБ СИЛУЕТ РЪЖЕН С ЦЕЛИ ЗЪРНА 400Г","092094","3","1.76",""
"10447","КЛАСИКО КАРТАЛА - СТОЯН МИХАЙЛОВСКИ 7","КЕН ШУНКА 300Г","092108","27","2.91",""
"10447","КЛАСИКО КАРТАЛА - СТОЯН МИХАЙЛОВСКИ 7","ЖИТНИЦА РОДОПСКА НАДЕНИЦА","092127","27","6.70",""
"10447","КЛАСИКО КАРТАЛА - СТОЯН МИХАЙЛОВСКИ 7","СВА ЯЙЦА L 10БР*21","092133","32","2.76",""
"10447","КЛАСИКО КАРТАЛА - СТОЯН МИХАЙЛОВСКИ 7","СВА ЯЙЦА М 10БР*21","092134","31","2.63",""
"10447","КЛАСИКО КАРТАЛА - СТОЯН МИХАЙЛОВСКИ 7","ЖИТНИЦА КРЕНВИРШ","092281","26","5.91",""
"10447","КЛАСИКО КАРТАЛА - СТОЯН МИХАЙЛОВСКИ 7","КАШКАВАЛ ВЕСИ ПИТА","092547","10","9.91","9.35"
"10447","КЛАСИКО КАРТАЛА - СТОЯН МИХАЙЛОВСКИ 7","КОРСЕТ ПИНК СЛИМ","092609","78","3.22",""
"10447","КЛАСИКО КАРТАЛА - СТОЯН МИХАЙЛОВСКИ 7","Ш-Н НИВЕА 250МЛ МЪЖКИ КУУЛ","092950","82","4.95","3.42"
"10447","КЛАСИКО КАРТАЛА - СТОЯН МИХАЙЛОВСКИ 7","ПОДКИСИЛИТЕЛ ЛЯСКОВЕЦ 0.7Л ЯБЪЛКОВ *12","093004","45","0.56",""
"10447","КЛАСИКО КАРТАЛА - СТОЯН МИХАЙЛОВСКИ 7","ПОДКИСИЛИТЕЛ ЛЯСКОВЕЦ 0.7Л ВИНЕН *12","093005","44","0.62",""
"10447","КЛАСИКО КАРТАЛА - СТОЯН МИХАЙЛОВСКИ 7","П/З КОЛГЕЙТ МАКС ФРЕШ КЛИЙН 75МЛ","093144","81","2.86","1.95"
"10447","КЛАСИКО КАРТАЛА - СТОЯН МИХАЙЛОВСКИ 7","П/З КОЛГЕЙТ МАКС УАЙТ ONE ОПТИК 75МЛ","093146","81","3.78","2.66"
"10447","КЛАСИКО КАРТАЛА - СТОЯН МИХАЙЛОВСКИ 7","П/З ПАРАДОНТАКС 75МЛ ИЗБЕЛВАЩА","093460","81","5.82","4.14"
"10447","КЛАСИКО КАРТАЛА - СТОЯН МИХАЙЛОВСКИ 7","КРЪСТЕВ МАКАРОНИ МИДИ 400Г","093498","36","0.63",""
"10447","КЛАСИКО КАРТАЛА - СТОЯН МИХАЙЛОВСКИ 7","КРЪСТЕВ МАКАРОНИ СПИРАЛИ 400Г *25","093499","36","0.63",""
"10447","КЛАСИКО КАРТАЛА - СТОЯН МИХАЙЛОВСКИ 7","КАША СЛЪНЧО 200Г АСОРТИ","093771","63","2.81",""
"10447","КЛАСИКО КАРТАЛА - СТОЯН МИХАЙЛОВСКИ 7","Ш-Н НИВЕА 250МЛ АКТИВ КЛИЙН","093881","82","4.95","3.42"
"10447","КЛАСИКО КАРТАЛА - СТОЯН МИХАЙЛОВСКИ 7","БИРА ЗАГОРКА 2Л","094172","74","1.61","1.17"
"10447","КЛАСИКО КАРТАЛА - СТОЯН МИХАЙЛОВСКИ 7","ВИНО МЕЗЕК КАБЕРНЕ И МАВРУД 0.75","094942","76","6.49",""
"10447","КЛАСИКО КАРТАЛА - СТОЯН МИХАЙЛОВСКИ 7","ДОМАТИ БЕЛЕНИ КУБЧЕТА 260Г СТ.Б.*8","095060","48","1.27","1.10"
"10447","КЛАСИКО КАРТАЛА - СТОЯН МИХАЙЛОВСКИ 7","Ш-Н ФРУКТИС 250МЛ РИПЕЪР","095168","82","4.09",""
"10447","КЛАСИКО КАРТАЛА - СТОЯН МИХАЙЛОВСКИ 7","БРАШНО ТОПАЗ ТИП 500 1КГ КЛАСИК","095208","40","0.99","0.85"
"10447","КЛАСИКО КАРТАЛА - СТОЯН МИХАЙЛОВСКИ 7","БРАШНО ТОПАЗ ТИП 500 ЕКСТРА 1КГ","095209","41","1.02","0.89"
"10447","КЛАСИКО КАРТАЛА - СТОЯН МИХАЙЛОВСКИ 7","ВИНО ВИЛА ЯМБОЛ МАВРУД 0.75","095449","76","4.44","3.59"
"10447","КЛАСИКО КАРТАЛА - СТОЯН МИХАЙЛОВСКИ 7","БЕБ.КЪРПИ ЛАРА С КАПАК 120БР ЛАЙКА","095832","84","1.53",""
