"Населено място","Търговски обект","Наименование на продукта","Код на продукта","Категория","Цена на дребно","Цена в промоция"
"04279","Супермаркет ""Стоми"" №001 Благоевград","ш-д Млечен 80гр.","10732026","69","0.86",""
"04279","Супермаркет ""Стоми"" №001 Благоевград","б-ти Обикновени 130гр. Кристал","9937050","66","0.51",""
"04279","Супермаркет ""Стоми"" №001 Благоевград","Кайма смес Стара планина 500гр. България ЕВРО МИЙТ ЕНД МИЛК","9932170","25","3.95",""
"04279","Супермаркет ""Стоми"" №001 Благоевград","ц-ри Ротманс 84мм Черно Премиум","11620666","78","3.63",""
"04279","Супермаркет ""Стоми"" №001 Благоевград","ц-ри Виктори /Ротманс голд 84мм","11620667","78","3.63",""
"04279","Супермаркет ""Стоми"" №001 Благоевград","ц-ри Ротманс силвър премиум","11620669","78","3.63",""
"04279","Супермаркет ""Стоми"" №001 Благоевград","ц-ри Ротманс уайт","11620649","78","3.27",""
"04279","Супермаркет ""Стоми"" №001 Благоевград","ц-ри Мерлин 20бр. оне слим","11620658","78","3.17",""
"04279","Супермаркет ""Стоми"" №001 Благоевград","ПЗЗ Дентал 50мл детска ягода/кола","10729879","81","0.84",""
"04279","Супермаркет ""Стоми"" №001 Благоевград","млечна каша  Ганчев 190гр.  с плодове","53532523","63","0.97",""
"04279","Супермаркет ""Стоми"" №001 Благоевград","р-я Пещерска 0.7л. обикновена","10730711","77","6.93",""
"04279","Супермаркет ""Стоми"" №001 Благоевград","вино София Мускат 0.75л. Карнобат","10730482","75","2.17",""
"04279","Супермаркет ""Стоми"" №001 Благоевград","вино София Кабарне 0.75л. Карнобат","10730483","76","2.17",""
"04279","Супермаркет ""Стоми"" №001 Благоевград","с-н Тео 70гр.","427771538","83","0.40",""
"04279","Супермаркет ""Стоми"" №001 Благоевград","хляб Рилски 650гр. бял","427773059","1","0.92",""
"04279","Супермаркет ""Стоми"" №001 Благоевград","хл. Еталон 66 бял 700гр.","29","1","0.97",""
"04279","Супермаркет ""Стоми"" №001 Благоевград","хл. Н. Гръчки 700гр. бял","43","1","0.97",""
"04279","Супермаркет ""Стоми"" №001 Благоевград","хл. Н. Гръчки 900гр. бял","65130","1","1.02",""
"04279","Супермаркет ""Стоми"" №001 Благоевград","Прясно мляко Млековита 3.2% 1л","10731073","6","1.20",""
"04279","Супермаркет ""Стоми"" №001 Благоевград","веро Медикс 500мл. обик микс","893045","79","0.69",""
"04279","Супермаркет ""Стоми"" №001 Благоевград","веро Елви 500мл. микс","893037","79","0.50",""
"04279","Супермаркет ""Стоми"" №001 Благоевград","Моркови БГ произход кл.1 ОПС","54","56","0.77",""
"04279","Супермаркет ""Стоми"" №001 Благоевград","Кромид стар БГ произход кл.1","60","55","0.61",""
"04279","Супермаркет ""Стоми"" №001 Благоевград","Чесън стар БГ произход кл.1","61","59","3.83",""
"04279","Супермаркет ""Стоми"" №001 Благоевград","Ябълка Айдаре пр-д Македония кл.1","102","53","1.20",""
"04279","Супермаркет ""Стоми"" №001 Благоевград","Лимон Гърция произход кл.1","106","50","2.60",""
"04279","Супермаркет ""Стоми"" №001 Благоевград","БАНАН Еквадор кл 1","107","52","1.64",""
"04279","Супермаркет ""Стоми"" №001 Благоевград","Оцет Ябълков 100% 0.7л. Дупница","335361221","45","1.22",""
"04279","Супермаркет ""Стоми"" №001 Благоевград","Кренвирш Меско кг.","340","26","3.63",""
"04279","Супермаркет ""Стоми"" №001 Благоевград","захар Митекс 1кг.","427772513","38","0.75",""
"04279","Супермаркет ""Стоми"" №001 Благоевград","лют. Първомай 525гр.","321152779","49","2.14",""
"04279","Супермаркет ""Стоми"" №001 Благоевград","Ябълка червена превъзходна БГ произход кл.1","104","53","1.48",""
"04279","Супермаркет ""Стоми"" №001 Благоевград","кафе Наполи 200гр. Класик мляно","9933027","70","1.99",""
"04279","Супермаркет ""Стоми"" №001 Благоевград","хл. Валентино 500гр. бял","335360748","1","0.51",""
"04279","Супермаркет ""Стоми"" №001 Благоевград","Гъба  Печурка кг. БГ произход кл.1 ОПС","69","60","3.68",""
"04279","Супермаркет ""Стоми"" №001 Благоевград","Фризолак 2  6-12м. 400гр.","427771293","65","10.17",""
"04279","Супермаркет ""Стоми"" №001 Благоевград","ВК Слийпи 15бр.","9933249","84","0.21",""
"04279","Супермаркет ""Стоми"" №001 Благоевград","Сирене краве Медковец вак. 200гр.","9933028","9","2.45",""
"04279","Супермаркет ""Стоми"" №001 Благоевград","пюре Ганчев 190гр. праскови","53593000","64","0.99",""
"04279","Супермаркет ""Стоми"" №001 Благоевград","Кренвирш Чая кг.","9192","26","3.06",""
"04279","Супермаркет ""Стоми"" №001 Благоевград","ц-ри Кинг 100 Син","11620674","78","3.07",""
"04279","Супермаркет ""Стоми"" №001 Благоевград","ВК Кеър софт 15бр.","72505012","84","0.18",""
"04279","Супермаркет ""Стоми"" №001 Благоевград","мин. вода 1.5л. Хисар","10731577","73","0.57",""
"04279","Супермаркет ""Стоми"" №001 Благоевград","кафе НБ 200гр. класик","10731957","70","3.22",""
"04279","Супермаркет ""Стоми"" №001 Благоевград","Фризо 3 400гр.","427771288","65","9.31",""
"04279","Супермаркет ""Стоми"" №001 Благоевград","Домат розов пр. България","96","54","2.25",""
"04279","Супермаркет ""Стоми"" №001 Благоевград","масло Хранинвест смес 125гр.","65810","12","0.79",""
"04279","Супермаркет ""Стоми"" №001 Благоевград","р-я Грозден 0.7","10730717","77","4.83",""
"04279","Супермаркет ""Стоми"" №001 Благоевград","ц-ри Малборо червено","10731724","78","3.73",""
"04279","Супермаркет ""Стоми"" №001 Благоевград","ц-ри Малборо бяло","10731742","78","3.73",""
"04279","Супермаркет ""Стоми"" №001 Благоевград","ц-ри Парламент аква блу","10731622","78","4.09",""
"04279","Супермаркет ""Стоми"" №001 Благоевград","веро Елви 500мл. балсам микс !!!","893039","79","0.59",""
"04279","Супермаркет ""Стоми"" №001 Благоевград","ц-ри Дънхил бял","11620654","78","3.99",""
"04279","Супермаркет ""Стоми"" №001 Благоевград","Извара Мургаш кг. Кашкавалена.","9919","13","2.35",""
"04279","Супермаркет ""Стоми"" №001 Благоевград","ПЗЗ Дентал 100мл. фемили микс","10729865","81","0.77",""
"04279","Супермаркет ""Стоми"" №001 Благоевград","ц-ри Давидов класик черно","10731691","78","3.88",""
"04279","Супермаркет ""Стоми"" №001 Благоевград","ц-ри ЕССЕ Червено супер слим","10731713","78","3.58",""
"04279","Супермаркет ""Стоми"" №001 Благоевград","ц-ри Ротманс 100мм дарк блу","10731705","78","3.27",""
"04279","Супермаркет ""Стоми"" №001 Благоевград","ц-ри Лъки страйк дарк блу","10731697","78","3.63",""
"04279","Супермаркет ""Стоми"" №001 Благоевград","ц-ри Собрание слим Златно 99мм","10731627","78","3.73",""
"04279","Супермаркет ""Стоми"" №001 Благоевград","ц-ри Собрание слим Черно 99мм","10731629","78","3.73",""
"04279","Супермаркет ""Стоми"" №001 Благоевград","ц-ри Давидов голд","10731719","78","3.88",""
"04279","Супермаркет ""Стоми"" №001 Благоевград","ц-ри Карелия слим цветна","10731693","78","3.40",""
"04279","Супермаркет ""Стоми"" №001 Благоевград","мин. вода 1.5л. Предел","11619871","73","0.43",""
"04279","Супермаркет ""Стоми"" №001 Благоевград","ц-ри Карелия слим крем","10731748","78","3.40",""
"04279","Супермаркет ""Стоми"" №001 Благоевград","ц-ри Собрание рефайн червено","10731709","78","3.88",""
"04279","Супермаркет ""Стоми"" №001 Благоевград","ц-ри Собрание слим Бяло 99мм","10731698","78","3.73",""
"04279","Супермаркет ""Стоми"" №001 Благоевград","ц-ри Давидов слим голд","10731702","78","3.43",""
"04279","Супермаркет ""Стоми"" №001 Благоевград","ц-ри Карелия слим блу","10731733","78","3.40",""
"04279","Супермаркет ""Стоми"" №001 Благоевград","ц-ри Уинстън Селекшън черно","10731717","78","3.42",""
"04279","Супермаркет ""Стоми"" №001 Благоевград","ц-ри Вог слим жълта","11620655","78","3.58",""
"04279","Супермаркет ""Стоми"" №001 Благоевград","ц-ри Вог слим лилава","11620646","78","3.58",""
"04279","Супермаркет ""Стоми"" №001 Благоевград","вино София Мерло 0.75л. Карнобат","10730469","76","2.28",""
"04279","Супермаркет ""Стоми"" №001 Благоевград","ц-ри Собрание рефайн сиви/черно","10731645","78","3.88",""
"04279","Супермаркет ""Стоми"" №001 Благоевград","ц-ри Собрание рефайн черно","10731646","78","3.88",""
"04279","Супермаркет ""Стоми"" №001 Благоевград","Портокал Гърция произход кл.1","9105","51","1.70",""
"04279","Супермаркет ""Стоми"" №001 Благоевград","ВК Евент 15бр.","10732102","84","0.24",""
"04279","Супермаркет ""Стоми"" №001 Благоевград","Масло Дойче Маркенбутер 100гр. Краварката","9930001","12","1.24",""
"04279","Супермаркет ""Стоми"" №001 Благоевград","Ябълка зелена Гърция произход кл.1","148","53","1.43",""
"04279","Супермаркет ""Стоми"" №001 Благоевград","Краставица пр. Гърция кл1","952","58","2.95",""
"04279","Супермаркет ""Стоми"" №001 Благоевград","пюре Ганчев 190гр. круши","53593002","64","0.99",""
"04279","Супермаркет ""Стоми"" №001 Благоевград","ц-ри Карелия 100ммл синя","10731720","78","3.30",""
"04279","Супермаркет ""Стоми"" №001 Благоевград","ц-ри Мурати слим синьо","10731721","78","3.42",""
"04279","Супермаркет ""Стоми"" №001 Благоевград","ц-ри Камел леджънт 100мм жълт","10731650","78","3.17",""
"04279","Супермаркет ""Стоми"" №001 Благоевград","ЧЗЗ Дентал софт/медум","10729973","80","0.82",""
"04279","Супермаркет ""Стоми"" №001 Благоевград","ц-ри Ротманс св. син","10731723","78","3.27",""
"04279","Супермаркет ""Стоми"" №001 Благоевград","ц-ри Ротманс тъмно син","10731651","78","3.27",""
"04279","Супермаркет ""Стоми"" №001 Благоевград","ц-ри Ротманс 100мм. лайт блу","10731731","78","3.27",""
"04279","Супермаркет ""Стоми"" №001 Благоевград","ц-ри Мурати слим сиво","10731699","78","3.42",""
"04279","Супермаркет ""Стоми"" №001 Благоевград","Чай Ассо 20бр./кут. микс","9932021","72","0.51",""
"04279","Супермаркет ""Стоми"" №001 Благоевград","ЧЗЗ Капитано 1бр. Фемили микс","11692169","80","0.80",""
"04279","Супермаркет ""Стоми"" №001 Благоевград","ц-ри Мерлин 20бр. розова слим","10731747","78","3.17",""
"04279","Супермаркет ""Стоми"" №001 Благоевград","ц-ри Кинг 80мм. червен","10731740","78","3.07",""
"04279","Супермаркет ""Стоми"" №001 Благоевград","ц-ри Мерлин 20бр. синя слим","10731750","78","3.17",""
"04279","Супермаркет ""Стоми"" №001 Благоевград","б-ти Роден край 115/120гр.","11620179","66","0.64",""
"04279","Супермаркет ""Стоми"" №001 Благоевград","ц-ри Кинг 100мм оникс червен","10731738","78","3.17",""
"04279","Супермаркет ""Стоми"" №001 Благоевград","ц-ри Корсет Черна перла Табакера 20бр.","10731714","78","3.22",""
"04279","Супермаркет ""Стоми"" №001 Благоевград","ш-н Стилена 400мл.","23624013","82","1.61",""
"04279","Супермаркет ""Стоми"" №001 Благоевград","ц-ри Малборо 100мм. ЧЕРВЕНО Крафтед","10731656","78","3.07",""
"04279","Супермаркет ""Стоми"" №001 Благоевград","ц-ри Давидов слим роуз","10731727","78","3.78",""
"04279","Супермаркет ""Стоми"" №001 Благоевград","маслини Делфи 111/120 без костилка","208","62","5.22",""
"04279","Супермаркет ""Стоми"" №001 Благоевград","Фризолак 1 400гр.","427771292","65","10.07",""
"04279","Супермаркет ""Стоми"" №001 Благоевград","КМ Рила 2.2 %","10731787","7","0.56",""
"04279","Супермаркет ""Стоми"" №001 Благоевград","ц-ри Кинг 100мм. червен","10731725","78","3.07",""
"04279","Супермаркет ""Стоми"" №001 Благоевград","пюре Ганчев 190гр. сини сливи","53593005","64","0.99",""
"04279","Супермаркет ""Стоми"" №001 Благоевград","ц-ри Ротманс роуз 102мм","10731695","78","3.80",""
"04279","Супермаркет ""Стоми"" №001 Благоевград","кренв. Фермата кг.","9342","26","3.35",""
"04279","Супермаркет ""Стоми"" №001 Благоевград","Вино Керацуда 750мл. Логодаж","9933332","75","3.17",""
"04279","Супермаркет ""Стоми"" №001 Благоевград","хляб Симид 830гр. бял","388889408","1","0.95",""
"04279","Супермаркет ""Стоми"" №001 Благоевград","хляб Симид 600гр. Селски Бял","427772823","1","0.88",""
"04279","Супермаркет ""Стоми"" №001 Благоевград","конс. Грах 400гр. Весу","10730273","47","0.69",""
"04279","Супермаркет ""Стоми"" №001 Благоевград","Извара Нискомаслена 400гр. Мероне","427771055","14","1.53",""
"04279","Супермаркет ""Стоми"" №001 Благоевград","ц-ри Корсет слим пинк","11620631","78","3.22",""
"04279","Супермаркет ""Стоми"" №001 Благоевград","ц-ри Кинг 100 Карбон неон","10731743","78","3.07",""
"04279","Супермаркет ""Стоми"" №001 Благоевград","пюре Ганчев 190гр. банани","53593006","64","0.99",""
"04279","Супермаркет ""Стоми"" №001 Благоевград","ц-ри Малборо файн тъч 80мм","11620650","78","3.42",""
"04279","Супермаркет ""Стоми"" №001 Благоевград","ц-ри Малборо тъч 80мм.","11620657","78","3.42",""
"04279","Супермаркет ""Стоми"" №001 Благоевград","ц-ри Карелия 100мм. бяла/жълта","10731700","78","3.07",""
"04279","Супермаркет ""Стоми"" №001 Благоевград","пюре Ганчев 190гр. кайсия","53535525","64","0.99",""
"04279","Супермаркет ""Стоми"" №001 Благоевград","ц-ри Корсет слим лилав","11620660","78","3.42",""
"04279","Супермаркет ""Стоми"" №001 Благоевград","ц-ри Кинг 100мм. Центрио Скай блу","10731751","78","3.17",""
"04279","Супермаркет ""Стоми"" №001 Благоевград","КМ Саяна 2% 400гр.","321150940","7","0.51",""
"04279","Супермаркет ""Стоми"" №001 Благоевград","пюре Ганчев 190гр. плодова смес","53535606","64","0.99",""
"04279","Супермаркет ""Стоми"" №001 Благоевград","ц-ри Дънхил син","10731726","78","3.99",""
"04279","Супермаркет ""Стоми"" №001 Благоевград","ц-ри Малборо 100мм. ГОЛД Крафтед","10731734","78","3.07",""
"04279","Супермаркет ""Стоми"" №001 Благоевград","ц-ри Дънхил Есенс Шампанско","10731710","78","3.73",""
"04279","Супермаркет ""Стоми"" №001 Благоевград","ц-ри Камел 100мм. жълт","88171","78","3.63",""
"04279","Супермаркет ""Стоми"" №001 Благоевград","ц-ри Камел Компакт т.син","88174","78","3.53",""
"04279","Супермаркет ""Стоми"" №001 Благоевград","ц-ри Собрание синьо","88175","78","4.14",""
"04279","Супермаркет ""Стоми"" №001 Благоевград","ц-ри Собрание голд","88185","78","4.14",""
"04279","Супермаркет ""Стоми"" №001 Благоевград","ц-ри Уинстън 80мм. син","88186","78","3.42",""
"04279","Супермаркет ""Стоми"" №001 Благоевград","б-ти Изненада 130гр.","427772678","66","0.56",""
"04279","Супермаркет ""Стоми"" №001 Благоевград","ц-ри Уинстън 100мм. ред","88189","78","3.42",""
"04279","Супермаркет ""Стоми"" №001 Благоевград","ц-ри Камел компакт св. син","88190","78","3.53",""
"04279","Супермаркет ""Стоми"" №001 Благоевград","ц-ри ЕССЕ Синьо супер слим","88191","78","3.58",""
"04279","Супермаркет ""Стоми"" №001 Благоевград","ц-ри Уинстън слим син","88192","78","3.42",""
"04279","Супермаркет ""Стоми"" №001 Благоевград","ц-ри Ротманс 100 голд Премиум","11620665","78","3.63",""
"04279","Супермаркет ""Стоми"" №001 Благоевград","ц-ри Ротманс лилав слим S сериес 102мм","10731696","78","3.80",""
"04279","Супермаркет ""Стоми"" №001 Благоевград","ц-ри Давидов слим оне","10731707","78","3.42",""
"04279","Супермаркет ""Стоми"" №001 Благоевград","Свински шол Охладен произ. България","268","20","6.80",""
"04279","Супермаркет ""Стоми"" №001 Благоевград","Врат свински Охладен произ. България ЕВРО МИЙТ ЕНД МИЛК","274","21","9.25",""
"04279","Супермаркет ""Стоми"" №001 Благоевград","Кренвирш Милица кг.","292","26","2.25",""
"04279","Супермаркет ""Стоми"" №001 Благоевград","ц-ри Давидов бял оне","10731711","78","3.88",""
"04279","Супермаркет ""Стоми"" №001 Благоевград","ц-ри Давидов слим виолет","10731712","78","3.78",""
"04279","Супермаркет ""Стоми"" №001 Благоевград","хл. Бял 830гр. Неврокоп","68116","1","1.02",""
"04279","Супермаркет ""Стоми"" №001 Благоевград","хл. Валентино 600гр. бял ръчен","67883","1","0.72",""
"04279","Супермаркет ""Стоми"" №001 Благоевград","р-я Ямболска 0.7л. гроздова","10730731","77","6.24",""
"04279","Супермаркет ""Стоми"" №001 Благоевград","лют. Петел 575гр. традицион","10732677","49","1.57",""
"04279","Супермаркет ""Стоми"" №001 Благоевград","Краве Кашкавал 200гр. Мероне без Лактоза","67964","11","3.12",""
"04279","Супермаркет ""Стоми"" №001 Благоевград","ориз Кръстев 1кг. бисерен","889427","35","1.94",""
"04279","Супермаркет ""Стоми"" №001 Благоевград","макарони Кръстев 400гр. охлюви","889440","36","0.55",""
"04279","Супермаркет ""Стоми"" №001 Благоевград","ц-ри Дънхил шампанско","10731735","78","3.99",""
"04279","Супермаркет ""Стоми"" №001 Благоевград","ц-ри Кинг 100мм. Центрио Деним Блу","10731728","78","3.17",""
"04279","Супермаркет ""Стоми"" №001 Благоевград","ц-ри Камел 80мм. жълт","427770568","78","3.63",""
"04279","Супермаркет ""Стоми"" №001 Благоевград","ц-ри Собрание супер слим розов","427770659","78","4.14",""
"04279","Супермаркет ""Стоми"" №001 Благоевград","ц-ри Уинстън слим силвър","427772511","78","3.42",""
"04279","Супермаркет ""Стоми"" №001 Благоевград","Сирене краве Саяна кг","194","8","6.06",""
"04279","Супермаркет ""Стоми"" №001 Благоевград","Кашкавал Моцарела кг. АРЛА","239","10","5.73",""
"04279","Супермаркет ""Стоми"" №001 Благоевград","Сирене Верея 200гр. краве","10731856","9","2.85",""
"04279","Супермаркет ""Стоми"" №001 Благоевград","ПМ Лариса 3.5% 1л","47194393","6","1.22",""
"04279","Супермаркет ""Стоми"" №001 Благоевград","брашно София 1кг. екстра","427770878","41","1.01",""
"04279","Супермаркет ""Стоми"" №001 Благоевград","ц-ри Ротманс 100 силвър премиум","11620663","78","3.63",""
"04279","Супермаркет ""Стоми"" №001 Благоевград","масло Варна 125гр. краве","890487","12","1.71",""
"04279","Супермаркет ""Стоми"" №001 Благоевград","ц-ри Дънхил черен","10731703","78","3.99",""
"04279","Супермаркет ""Стоми"" №001 Благоевград","ц-ри Уинстън 100мм. син","427770667","78","3.42",""
"04279","Супермаркет ""Стоми"" №001 Благоевград","ТХ Санитекс 8бр. микс","74158440","85","1.54",""
"04279","Супермаркет ""Стоми"" №001 Благоевград","спагети Кръстев 400гр.","891205","37","0.55",""
"04279","Супермаркет ""Стоми"" №001 Благоевград","мин. вода Бачково 1.5л.","891300","73","0.46",""
"04279","Супермаркет ""Стоми"" №001 Благоевград","Кашкавал краве эа деца Мероне 200гр.","427773032","11","2.57",""
"04279","Супермаркет ""Стоми"" №001 Благоевград","кори Тракийски 400гр.","68128","5","1.00",""
"04279","Супермаркет ""Стоми"" №001 Благоевград","ТХ Сиси 8бр.","74159027","85","1.20",""
"04279","Супермаркет ""Стоми"" №001 Благоевград","пюре Ганчев 190гр. Ябълки с овес без захар","63460317","64","0.99",""
"04279","Супермаркет ""Стоми"" №001 Благоевград","сол Митекс 1кг.","892040","39","0.30",""
"04279","Супермаркет ""Стоми"" №001 Благоевград","Краве Сирене Киселово кг.","9702","8","7.62",""
"04279","Супермаркет ""Стоми"" №001 Благоевград","с-н Медикер 85гр.","893109","83","0.46",""
"04279","Супермаркет ""Стоми"" №001 Благоевград","кроасан Белино 80гр милфей","10729746","67","0.54",""
"04279","Супермаркет ""Стоми"" №001 Благоевград","оцет Винен Фамилекс 700мл.","11619825","44","0.97",""
"04279","Супермаркет ""Стоми"" №001 Благоевград","пюре Ганчев 190гр. ябълка /праскова и манго","53536174","64","0.99",""
"04279","Супермаркет ""Стоми"" №001 Благоевград","пюре Ганчев 190гр. ябълка и шипка","53536175","64","0.99",""
"04279","Супермаркет ""Стоми"" №001 Благоевград","пюре Ганчев 190гр. плодова смес с банани","53536185","64","0.99",""
"04279","Супермаркет ""Стоми"" №001 Благоевград","млечна каша Ганчев 190гр. ябълки и круши","53536190","63","0.97",""
"04279","Супермаркет ""Стоми"" №001 Благоевград","млечна каша Ганчев 190гр. с бисквита","53536191","63","0.97",""
"04279","Супермаркет ""Стоми"" №001 Благоевград","млечна каша Ганчев 190гр. нишесте и ванилия","53536192","63","0.97",""
"04279","Супермаркет ""Стоми"" №001 Благоевград","млечна каша Ганчев 190гр. банан и бисквита","53536194","63","0.97",""
"04279","Супермаркет ""Стоми"" №001 Благоевград","млечна каша Ганчев 190гр. кайсия и ванилия","53536195","63","0.97",""
"04279","Супермаркет ""Стоми"" №001 Благоевград","млечна каша Ганчев 190гр. зърнин 8","53536196","63","0.97",""
"04279","Супермаркет ""Стоми"" №001 Благоевград","пюре Ганчев 190гр. ябълк. и кайсии с ов. ядки","53536198","64","0.99",""
"04279","Супермаркет ""Стоми"" №001 Благоевград","зехтин Салатен 1л. М Шеф","10730166","43","4.29",""
"04279","Супермаркет ""Стоми"" №001 Благоевград","конс. Домати 400гр. кубче Весу","10730325","48","0.84",""
"04279","Супермаркет ""Стоми"" №001 Благоевград","леща Арте 1кг. Селект","10733105","34","2.02",""
"04279","Супермаркет ""Стоми"" №001 Благоевград","ц-ри Корсет Пърл Сива слим табакера","10731715","78","3.22",""
"04279","Супермаркет ""Стоми"" №001 Благоевград","ц-ри Кинг 100мм Оникс син","10731729","78","3.17",""
"04279","Супермаркет ""Стоми"" №001 Благоевград","ц-ри Корсет Марине слим","10731692","78","3.42",""
"04279","Супермаркет ""Стоми"" №001 Благоевград","Кашкавал Наборъ кг.","9024","10","7.00",""
"04279","Супермаркет ""Стоми"" №001 Благоевград","ц-ри Оме жълто","427772512","78","3.40",""
"04279","Супермаркет ""Стоми"" №001 Благоевград","Олио Калиакра 1л. първа преса","312992527","42","1.69",""
"04279","Супермаркет ""Стоми"" №001 Благоевград","Пъстърва изчистена  кг.","9338","30","5.65",""
"04279","Супермаркет ""Стоми"" №001 Благоевград","маслина Оливиа черна 291/330 кг.","9444","62","3.57",""
"04279","Супермаркет ""Стоми"" №001 Благоевград","кашкавал Мероне 250гр.","47191859","11","3.48",""
"04279","Супермаркет ""Стоми"" №001 Благоевград","Кафе Молини 1кг. Торино зърна","11620072","71","14.06",""
"04279","Супермаркет ""Стоми"" №001 Благоевград","ц-ри Ротманс Блек Л-Сериес","11620644","78","3.80",""
"04279","Супермаркет ""Стоми"" №001 Благоевград","риба Скумрия с глави 300/500 Норвегия","9403","29","6.35",""
"04279","Супермаркет ""Стоми"" №001 Благоевград","пиле бут Охладен СВС","9884","17","2.45",""
"04279","Супермаркет ""Стоми"" №001 Благоевград","Кафе Молини 1кг. Наполи зърна","11620060","71","14.06",""
"04279","Супермаркет ""Стоми"" №001 Благоевград","Кашкавал Краве Дянково кг. Тост","226","10","7.26",""
"04279","Супермаркет ""Стоми"" №001 Благоевград","яйца Костинброд L -10бр.","201","32","2.15",""
"04279","Супермаркет ""Стоми"" №001 Благоевград","пюре Ганчев 190гр. ябълка и морков 100%плод","54420644","64","0.99",""
"04279","Супермаркет ""Стоми"" №001 Благоевград","пюре Ганчев 190гр. ябълка/круша 100%","54420656","64","0.99",""
"04279","Супермаркет ""Стоми"" №001 Благоевград","ц-ри Оме бяло","88206","78","3.40",""
"04279","Супермаркет ""Стоми"" №001 Благоевград","ц-ри Уинстън XS Блу плюс 100","427771839","78","3.17",""
"04279","Супермаркет ""Стоми"" №001 Благоевград","ц-ри Уинстън XS плюс силвър 100мм","427772940","78","3.17",""
"04279","Супермаркет ""Стоми"" №001 Благоевград","яйца  Костинброд/Аквилон  M -10бр.","224","31","1.95",""
"04279","Супермаркет ""Стоми"" №001 Благоевград","ц-ри Вог пинк слим","11621069","78","3.58",""
"04279","Супермаркет ""Стоми"" №001 Благоевград","масло Милтекс 125гр. пергамент","9936949","12","1.71",""
"04279","Супермаркет ""Стоми"" №001 Благоевград","ц-ри Мерлин плюс розова  20бр.","10732301","78","3.22",""
"04279","Супермаркет ""Стоми"" №001 Благоевград","ц-ри Мерлин Кристал пинк","10732302","78","3.17",""
"04279","Супермаркет ""Стоми"" №001 Благоевград","ц-ри Мерлин плюс блу 20бр.","10732303","78","3.22",""
"04279","Супермаркет ""Стоми"" №001 Благоевград","ц-ри Мерилин Кристал  блу","10732304","78","3.17",""
"04279","Супермаркет ""Стоми"" №001 Благоевград","масло Пиринеа 125гр.","11621164","12","1.66",""
"04279","Супермаркет ""Стоми"" №001 Благоевград","Картоф  кл.1 пр-д БГ ОПС","983","61","0.51",""
"04279","Супермаркет ""Стоми"" №001 Благоевград","Бял боб Фамилекс 400гр. консерва","11621180","46","0.69",""
"04279","Супермаркет ""Стоми"" №001 Благоевград","Прясно мляко Белииса 3.2% 1л.","335360717","6","1.20",""
"04279","Супермаркет ""Стоми"" №001 Благоевград","Краве сирене Булгарче кг.","756","8","5.88",""
"04279","Супермаркет ""Стоми"" №001 Благоевград","Масло Булгарче 125гр.","335360724","12","0.81",""
"04279","Супермаркет ""Стоми"" №001 Благоевград","Краве сирене Белииса шайба кг","759","8","6.08",""
"04279","Супермаркет ""Стоми"" №001 Благоевград","ц-ри Ротманс 100мм. силвър","10732328","78","3.27",""
"04279","Супермаркет ""Стоми"" №001 Благоевград","оцет Винен 100% 0.7л Дупница","335360745","44","0.96",""
"04279","Супермаркет ""Стоми"" №001 Благоевград","Краве Сирене Дядовата ферма кг.","599","8","4.81",""
"04279","Супермаркет ""Стоми"" №001 Благоевград","хл. Възход 830гр. бял","335360872","1","1.07",""
"04279","Супермаркет ""Стоми"" №001 Благоевград","Краве Сирене Садово кг.","385","8","6.03",""
"04279","Супермаркет ""Стоми"" №001 Благоевград","Масло краве Саяна 125гр.","335360930","12","1.70",""
"04279","Супермаркет ""Стоми"" №001 Благоевград","ц-ри Собрание слим червено 99мм","10733206","78","3.73",""
"04279","Супермаркет ""Стоми"" №001 Благоевград","Сирене краве Ситово кг.","339","8","6.03",""
"04279","Супермаркет ""Стоми"" №001 Благоевград","Сирене краве Лариса кг.","221","8","4.83",""
"04279","Супермаркет ""Стоми"" №001 Благоевград","Маслина Турска омазана в Зехтин кг. натурална","353","62","4.73",""
"04279","Супермаркет ""Стоми"" №001 Благоевград","пюре Ганчев 190гр. Ябълка 100%","388889276","64","0.99",""
"04279","Супермаркет ""Стоми"" №001 Благоевград","ц-ри Уинстън селекшън оранж","10733239","78","3.42",""
"04279","Супермаркет ""Стоми"" №001 Благоевград","Свинска плешка кг. охладена без кост","9889","18","5.52",""
"04279","Супермаркет ""Стоми"" №001 Благоевград","хл. Милена 700гр. бял","388889470","1","1.00",""
"04279","Супермаркет ""Стоми"" №001 Благоевград","Олио Зора\Брама 1л.","427772880","42","1.51",""
"04279","Супермаркет ""Стоми"" №001 Благоевград","макарони Кръстев 400гр.  къси  прави","427770478","36","0.55",""
"04279","Супермаркет ""Стоми"" №001 Благоевград","макарони Кръстев 400гр. спирали","427770479","36","0.55",""
"04279","Супермаркет ""Стоми"" №001 Благоевград","макарони Кръстев 400гр. раковина","427770480","36","0.49",""
"04279","Супермаркет ""Стоми"" №001 Благоевград","макарони Кръстев 400гр. юфка","427770481","36","0.55",""
"04279","Супермаркет ""Стоми"" №001 Благоевград","макарони Кръстев 400гр. пене ригате","427770482","36","0.55",""
"04279","Супермаркет ""Стоми"" №001 Благоевград","ц-ри Ротманс Ред Класик 20бр. 102мм","10732976","78","3.17",""
"04279","Супермаркет ""Стоми"" №001 Благоевград","ц-ри Ротманс Блу Класик 20бр. 102мм","10733274","78","3.07",""
"04279","Супермаркет ""Стоми"" №001 Благоевград","ц-ри Камел леджънт 100мм. син","10733291","78","3.17",""
"04279","Супермаркет ""Стоми"" №001 Благоевград","ц-ри Дънхил слим зелен 20ц.","10733293","78","3.99",""
"04279","Супермаркет ""Стоми"" №001 Благоевград","Кренвирш  Средец кг.","5366","26","3.17",""
"04279","Супермаркет ""Стоми"" №001 Благоевград","ц-ри Малборо файн тъч 100","10733328","78","3.42",""
"04279","Супермаркет ""Стоми"" №001 Благоевград","ц-ри Малборо тъч 100мм","10733329","78","3.42",""
"04279","Супермаркет ""Стоми"" №001 Благоевград","Ц-ри Тереа  бездимни 20бр. Тюркоаз","10733331","78","3.32",""
"04279","Супермаркет ""Стоми"" №001 Благоевград","Ц-ри Тереа  бездимни 20бр. Тик","10733333","78","3.32",""
"04279","Супермаркет ""Стоми"" №001 Благоевград","Ц-ри Тереа  бездимни 20бр. Сиена","10733336","78","3.32",""
"04279","Супермаркет ""Стоми"" №001 Благоевград","Ц-ри Тереа бездимни 20бр. Силвър","10733338","78","3.32",""
"04279","Супермаркет ""Стоми"" №001 Благоевград","ц-ри ОМЕ слим червена","427771027","78","3.40",""
"04279","Супермаркет ""Стоми"" №001 Благоевград","Прясно мляко 3.2% 1л. Медоу стар","335361335","6","1.19",""
"04279","Супермаркет ""Стоми"" №001 Благоевград","Пилешко Филе с Бон филе Охл. кг. СВС","9893","16","6.44",""
"04279","Супермаркет ""Стоми"" №001 Благоевград","Брашно Кръстев 1кг. тип 500","427771268","40","0.79",""
"04279","Супермаркет ""Стоми"" №001 Благоевград","макарони Кръстев 400гр. Дребен извит","427771466","36","0.55",""
"04279","Супермаркет ""Стоми"" №001 Благоевград","пюре Ганчев 190гр. манго/банан","427771764","64","0.99",""
"04279","Супермаркет ""Стоми"" №001 Благоевград","хл. Пирина Бял 700гр.","427772728","1","0.95",""
"04279","Супермаркет ""Стоми"" №001 Благоевград","хл. Пирина Бял 500гр.","427772729","1","0.77",""
"04279","Супермаркет ""Стоми"" №001 Благоевград","Краве Сирене Родопско 400гр. кутия","427772785","9","3.12",""
