"Населено място","Търговски обект","Наименование на продукта","Код на продукта","Категория","Цена на дребно","Цена в промоция"
"68789","Хелиос гр. Дупница ул. Христо Ботев 15","АЦЦ 200 ПРАХЧЕТА 200МГ Х 20","95","99","6.90",""
"68789","Хелиос гр. Дупница ул. Христо Ботев 15","ВОЛТАРЕН Рет. табл. 100мг х 10","238","95","1.34",""
"68789","Хелиос гр. Дупница ул. Христо Ботев 15","ВОЛТАРЕН супоз. 50мг х 10","240","95","1.85",""
"68789","Хелиос гр. Дупница ул. Христо Ботев 15","ВОЛТАРЕН табл. 25мг х 30","241","95","1.47",""
"68789","Хелиос гр. Дупница ул. Христо Ботев 15","ВОЛТАРЕН табл. 50мг х 20","242","95","1.77",""
"68789","Хелиос гр. Дупница ул. Христо Ботев 15","ДИКЛОФЕНАК ДУО капс. 75мг х 30","359","95","5.39",""
"68789","Хелиос гр. Дупница ул. Христо Ботев 15","НАКЛОФЕН ДУО капс. 75мг х 20","1060","95","2.45",""
"68789","Хелиос гр. Дупница ул. Христо Ботев 15","АЛЕРГОЗАН ТАБЛ 25МГ Х 20","1852","100","3.62",""
"68789","Хелиос гр. Дупница ул. Христо Ботев 15","АЛЕРГОЗАН КРЕМ 18ГР","1853","91","4.14",""
"68789","Хелиос гр. Дупница ул. Христо Ботев 15","АЛЕРГОЗАН УНГВ 18 ГР","1854","91","4.17",""
"68789","Хелиос гр. Дупница ул. Христо Ботев 15","АЛКА-ЗЕЛЦЕР ЕФ.ТАБЛ Х 10","1856","96","2.71",""
"68789","Хелиос гр. Дупница ул. Христо Ботев 15","БЕТАДИН СУПП 200МГ Х 14","1965","92","11.48",""
"68789","Хелиос гр. Дупница ул. Христо Ботев 15","БИЗАЛАКС ТАБЛ 5МГ Х 30  Д","1977","88","2.25",""
"68789","Хелиос гр. Дупница ул. Христо Ботев 15","БУСКОЛИЗИН АМП 2% 1МЛ СФ","2010","87","6.90",""
"68789","Хелиос гр. Дупница ул. Христо Ботев 15","ЙОДАСЕПТ УНГВ 90ГР ","2299","92","4.29",""
"68789","Хелиос гр. Дупница ул. Христо Ботев 15","НИЗОРАЛ КРЕМ 15ГР","2562","90","2.05",""
"68789","Хелиос гр. Дупница ул. Христо Ботев 15","ОТИПАКС СОЛ 15 МЛ","2626","101","3.73",""
"68789","Хелиос гр. Дупница ул. Христо Ботев 15","ТЕМПАЛГИН ТАБЛ Х 20 СФ","2889","87","2.43",""
"68789","Хелиос гр. Дупница ул. Христо Ботев 15","ФАСТУМ ГЕЛ 50ГР","2973","94","4.55",""
"68789","Хелиос гр. Дупница ул. Христо Ботев 15","ФЕНОЛАКС ТАБЛ 5МГ Х 30","2984","88","1.59",""
"68789","Хелиос гр. Дупница ул. Христо Ботев 15","ТАЛЦИД ТАБЛ 500МГ Х 20","3211","86","4.04",""
"68789","Хелиос гр. Дупница ул. Христо Ботев 15","ФЕЛОРАН ГЕЛ 1% 60ГР СФ","3340","95","4.24",""
"68789","Хелиос гр. Дупница ул. Христо Ботев 15","КСИЛОМЕТАЗОЛИН 0.1%","5254","97","2.25",""
"68789","Хелиос гр. Дупница ул. Христо Ботев 15","АЦЕТИЗАЛ ТАБЛ 500МГ 2 Х 10","7538","96","1.33",""
"68789","Хелиос гр. Дупница ул. Христо Ботев 15","АНАЛГИН ТАБЛ 500МГ 2 Х 10 СФ","7633","96","1.12",""
"68789","Хелиос гр. Дупница ул. Христо Ботев 15","ДИКЛАК ГЕЛ 5%","8035","95","6.90",""
"68789","Хелиос гр. Дупница ул. Христо Ботев 15","БИЗАКОДИЛ СУП 10МГ Х 6","8051","88","2.85",""
"68789","Хелиос гр. Дупница ул. Христо Ботев 15","ПРОАЛГИН ТАБЛ 500МГ Х 20 АКТАВИС","8074","87","1.00",""
"68789","Хелиос гр. Дупница ул. Христо Ботев 15","ЛОПЕДИУМ КАПС 2МГ Х 10","8295","89","3.35",""
"68789","Хелиос гр. Дупница ул. Христо Ботев 15","БИЗАКОДИЛ СУП 5МГ Х 6","8493","88","2.15",""
"68789","Хелиос гр. Дупница ул. Христо Ботев 15","НУРОФЕН ТАБЛ 200МГ Х 12","8504","94","3.22",""
"68789","Хелиос гр. Дупница ул. Христо Ботев 15","НУРОФЕН СИР. 100 МЛ. ПОРТОКАЛ","25589","94","4.19",""
"68789","Хелиос гр. Дупница ул. Христо Ботев 15","БИ-ПРОФЕНИД табл. 150мг х 20","25633","94","7.43",""
"68789","Хелиос гр. Дупница ул. Христо Ботев 15","ДИКЛОФЕНАК табл. 50мг х 30 ЧФ","25692","95","1.43",""
"68789","Хелиос гр. Дупница ул. Христо Ботев 15","ALMIRAL SOL.FOR INJ 75 MG/3 ML X5","45484","95","2.15",""
"68789","Хелиос - фарм гр. Дупница ул. "Свобода" 1 ","АЦЦ 200 ПРАХЧЕТА 200МГ Х 20","95","99","6.90",""
"68789","Хелиос - фарм гр. Дупница ул. "Свобода" 1 ","ВОЛТАРЕН Рет. табл. 100мг х 10","238","95","1.34",""
"68789","Хелиос - фарм гр. Дупница ул. "Свобода" 1 ","ВОЛТАРЕН супоз. 100мг х 5","239","95","3.37",""
"68789","Хелиос - фарм гр. Дупница ул. "Свобода" 1 ","ВОЛТАРЕН супоз. 50мг х 10","240","95","1.85",""
"68789","Хелиос - фарм гр. Дупница ул. "Свобода" 1 ","ВОЛТАРЕН табл. 50мг х 20","242","95","2.15",""
"68789","Хелиос - фарм гр. Дупница ул. "Свобода" 1 ","ДИКЛОФЕНАК ДУО капс. 75мг х 30","359","95","5.39",""
"68789","Хелиос - фарм гр. Дупница ул. "Свобода" 1 ","НАКЛОФЕН амп. 75мг/3мл х 5/кутия/","1001","95","1.91",""
"68789","Хелиос - фарм гр. Дупница ул. "Свобода" 1 ","НАКЛОФЕН ДУО капс. 75мг х 20","1060","95","2.45",""
"68789","Хелиос - фарм гр. Дупница ул. "Свобода" 1 ","АЛЕРГОЗАН ТАБЛ 25МГ Х 20","1852","100","3.80",""
"68789","Хелиос - фарм гр. Дупница ул. "Свобода" 1 ","АЛЕРГОЗАН КРЕМ 18ГР","1853","91","4.14",""
"68789","Хелиос - фарм гр. Дупница ул. "Свобода" 1 ","АЛЕРГОЗАН УНГВ 18 ГР","1854","91","4.17",""
"68789","Хелиос - фарм гр. Дупница ул. "Свобода" 1 ","АЛКА-ЗЕЛЦЕР ЕФ.ТАБЛ Х 10","1856","96","2.80",""
"68789","Хелиос - фарм гр. Дупница ул. "Свобода" 1 ","РУВЕКСИН ТАБЛ 325МГ Х 100","1911","96","3.07",""
"68789","Хелиос - фарм гр. Дупница ул. "Свобода" 1 ","АСПИРИН + ВИТАМИН Ц/БАЙЕР/ЕФ Х 20","1917","96","6.49",""
"68789","Хелиос - фарм гр. Дупница ул. "Свобода" 1 ","БЕТАДИН СУПП 200МГ Х 14","1965","92","11.48",""
"68789","Хелиос - фарм гр. Дупница ул. "Свобода" 1 ","БИЗАЛАКС ТАБЛ 5МГ Х 30  Д","1977","88","2.25",""
"68789","Хелиос - фарм гр. Дупница ул. "Свобода" 1 ","БУСКОЛИЗИН АМП 2% 1МЛ СФ","2010","87","6.90",""
"68789","Хелиос - фарм гр. Дупница ул. "Свобода" 1 ","ВАКСИГРИП  0.5МЛ","2019","93","14.13",""
"68789","Хелиос - фарм гр. Дупница ул. "Свобода" 1 ","ВОЛТАРЕН ЕМУЛГЕЛ 1.16 %  50 ГР.","2073","95","6.14",""
"68789","Хелиос - фарм гр. Дупница ул. "Свобода" 1 ","ЙОДАСЕПТ УНГВ 90ГР ТФ","2299","92","4.49",""
"68789","Хелиос - фарм гр. Дупница ул. "Свобода" 1 ","НИЗОРАЛ КРЕМ 15ГР","2562","90","2.05",""
"68789","Хелиос - фарм гр. Дупница ул. "Свобода" 1 ","ОТИПАКС СОЛ 16МЛ","2626","101","3.73",""
"68789","Хелиос - фарм гр. Дупница ул. "Свобода" 1 ","ТЕМПАЛГИН ТАБЛ Х 20 СФ","2889","96","2.43",""
"68789","Хелиос - фарм гр. Дупница ул. "Свобода" 1 ","ФАСТУМ ГЕЛ 50ГР","2973","95","4.55",""
"68789","Хелиос - фарм гр. Дупница ул. "Свобода" 1 ","ФЕНОЛАКС ТАБЛ 5МГ Х 30","2984","88","1.59",""
"68789","Хелиос - фарм гр. Дупница ул. "Свобода" 1 ","ТАЛЦИД ТАБЛ 500МГ Х 20","3211","86","4.04",""
"68789","Хелиос - фарм гр. Дупница ул. "Свобода" 1 ","ФЕЛОРАН ГЕЛ 60ГР СФ","3340","95","4.24",""
"68789","Хелиос - фарм гр. Дупница ул. "Свобода" 1 ","КСИЛОМЕТАЗОЛИН 0.1%","5254","97","2.25",""
"68789","Хелиос - фарм гр. Дупница ул. "Свобода" 1 ","АЦЕТИЗАЛ ТАБЛ 500МГ 2 Х 10","7538","96","1.33",""
"68789","Хелиос - фарм гр. Дупница ул. "Свобода" 1 ","DICLAC MAX GEL 5%","8035","95","6.90",""
"68789","Хелиос - фарм гр. Дупница ул. "Свобода" 1 ","БИЗАКОДИЛ СУП 10МГ Х 6","8051","88","2.85",""
"68789","Хелиос - фарм гр. Дупница ул. "Свобода" 1 ","ПРОАЛГИН ТАБЛ 500МГ Х 20 АКТАВИС","8074","87","1.00",""
"68789","Хелиос - фарм гр. Дупница ул. "Свобода" 1 ","ЛОПЕДИУМ КАПС 2МГ Х 10","8295","89","3.35",""
"68789","Хелиос - фарм гр. Дупница ул. "Свобода" 1 ","БИЗАКОДИЛ СУП 5МГ Х 6","8493","88","2.20",""
"68789","Хелиос - фарм гр. Дупница ул. "Свобода" 1 ","НУРОФЕН ТАБЛ 200МГ Х 12","8504","94","3.22",""
"68789","Хелиос - фарм гр. Дупница ул. "Свобода" 1 ","НУРОФЕН СИР. 100 МЛ. ПОРТОКАЛ","25589","94","4.50",""
"68789","Хелиос - фарм гр. Дупница ул. "Свобода" 1 ","ДИКЛОФЕНАК табл. 50мг х 30 ЧФ","25692","95","1.43",""
"68789","Хелиос - фарм гр. Дупница ул. "Свобода" 1 ","АЛМИРАЛ табл. 50мг х 20","25693","95","2.05",""
"68789","Хелиос - фарм гр. Дупница ул. "Свобода" 1 ","ALMIRAL SOL.FOR INJ 75 MG/3 ML X5","46231","95","2.15",""
"68789","Хелиос - фарм гр. Дупница ул. "Свобода" 1 ","СТРЕПСИЛС ИНТ. ПОРТОКАЛ Х16 ","54880","98","5.57",""
